rank,team,situation_order,situation_name,team_play_count,team_sample_quality,coach_dna_score_adjusted,coach_dna_score_raw,tendency_signal_score,efficiency_signal_score,explosiveness_signal_score,stability_signal_score,sample_reliability_score,dropback_rate_delta,rush_rate_delta,shotgun_rate_delta,no_huddle_rate_delta,avg_epa_delta,success_rate_delta,explosive_play_rate_delta,tendency_profile_label,formation_profile_label,tempo_profile_label,efficiency_profile_label
1,WAS,12,tied,136,strong,86.953125,86.953125,95.3125,78.125,86.45833333333333,65.625,100.0,-0.1184,0.11840000000000006,0.14870000000000005,0.4505,0.0755,0.07140000000000002,0.03109999999999999,more_run_heavy_than_baseline,more_shotgun_than_baseline,faster_than_baseline,more_efficient_than_baseline
2,BUF,1,all_offense,1056,strong,84.296875,84.296875,82.03125,94.53125,91.66666666666667,50.0,100.0,-0.06799999999999995,0.068,-0.19479999999999997,-0.042300000000000004,0.14639999999999997,0.053200000000000025,0.02629999999999999,more_run_heavy_than_baseline,less_shotgun_than_baseline,slower_than_baseline,more_efficient_than_baseline
3,LA,11,neutral_early_down,448,strong,83.984375,83.984375,74.21875,97.65625,92.70833333333333,72.65625,100.0,0.07669999999999999,-0.07669999999999999,-0.30229999999999996,-0.007400000000000004,0.1795,0.09880000000000005,0.06549999999999997,more_dropback_heavy_than_baseline,less_shotgun_than_baseline,close_to_baseline_tempo,more_efficient_than_baseline
4,GB,3,third_down,206,strong,83.2421875,83.2421875,72.65625,92.1875,95.83333333333333,81.25,100.0,-0.06489999999999996,0.06490000000000001,-0.07489999999999997,0.03870000000000001,0.2914,0.08550000000000002,0.0683,more_run_heavy_than_baseline,less_shotgun_than_baseline,faster_than_baseline,more_efficient_than_baseline
5,LA,10,one_score,739,strong,82.734375,82.734375,71.875,100.0,85.41666666666667,75.78125,100.0,0.05750000000000011,-0.057499999999999996,-0.27179999999999993,-0.014600000000000002,0.1505,0.08949999999999997,0.031899999999999984,more_dropback_heavy_than_baseline,less_shotgun_than_baseline,close_to_baseline_tempo,more_efficient_than_baseline
6,WAS,19,tied_early_down,104,strong,82.36328125,82.36328125,95.3125,66.015625,86.45833333333333,50.0,100.0,-0.12330000000000002,0.12329999999999997,0.18259999999999998,0.4378000000000001,0.0257,0.04859999999999998,0.02529999999999999,more_run_heavy_than_baseline,more_shotgun_than_baseline,faster_than_baseline,close_to_baseline_efficiency
7,CIN,6,red_zone,146,strong,82.0703125,82.0703125,82.03125,90.625,73.4375,64.84375,100.0,0.0998,-0.0998,0.16989999999999994,-0.0603,0.0759,0.043399999999999994,0.0104,more_dropback_heavy_than_baseline,more_shotgun_than_baseline,slower_than_baseline,more_efficient_than_baseline
8,BUF,2,early_down,819,strong,82.03125,82.03125,80.46875,89.84375,84.89583333333333,56.25,100.0,-0.06789999999999996,0.06790000000000002,-0.21379999999999993,-0.0451,0.1182,0.05209999999999998,0.023999999999999994,more_run_heavy_than_baseline,less_shotgun_than_baseline,slower_than_baseline,more_efficient_than_baseline
9,BUF,18,trailing_two_plus_scores,234,strong,81.9140625,81.9140625,81.25,86.71875,77.08333333333333,71.09375,100.0,-0.0958,0.0958,-0.19079999999999997,-0.07549999999999998,0.2178,0.0676,0.0252,more_run_heavy_than_baseline,less_shotgun_than_baseline,slower_than_baseline,more_efficient_than_baseline
10,LA,5,short_yardage,129,strong,81.875,81.875,73.4375,89.0625,84.375,89.0625,100.0,0.07100000000000001,-0.07099999999999995,-0.2066,-0.06340000000000001,0.2021,0.0706,0.0334,more_dropback_heavy_than_baseline,less_shotgun_than_baseline,slower_than_baseline,more_efficient_than_baseline
11,CIN,13,leading,289,strong,80.859375,80.859375,82.8125,89.0625,69.27083333333333,59.375,100.0,0.056599999999999984,-0.056599999999999984,0.11159999999999992,-0.061799999999999994,0.07999999999999999,0.06790000000000002,0.009600000000000025,more_dropback_heavy_than_baseline,more_shotgun_than_baseline,slower_than_baseline,more_efficient_than_baseline
12,WAS,6,red_zone,151,strong,80.68359375,80.68359375,88.28125,80.078125,67.70833333333333,57.8125,100.0,-0.10550000000000004,0.10550000000000004,0.13579999999999992,0.48829999999999996,0.076,0.04780000000000001,0.014999999999999993,more_run_heavy_than_baseline,more_shotgun_than_baseline,faster_than_baseline,more_efficient_than_baseline
13,NE,8,two_minute_half,130,strong,79.9609375,79.9609375,80.46875,81.25,88.54166666666667,51.5625,100.0,-0.08109999999999995,0.0811,-0.1624,-0.0711,0.1772,0.10770000000000007,0.04980000000000001,more_run_heavy_than_baseline,less_shotgun_than_baseline,slower_than_baseline,more_efficient_than_baseline
14,BUF,12,tied,174,strong,79.921875,79.921875,78.125,95.3125,88.54166666666667,26.5625,100.0,-0.09820000000000001,0.09820000000000007,-0.17319999999999997,-0.037099999999999994,0.1124,0.06819999999999993,0.0532,more_run_heavy_than_baseline,less_shotgun_than_baseline,slower_than_baseline,more_efficient_than_baseline
15,LA,21,trailing_early_down,295,strong,79.6484375,79.6484375,63.28125,98.4375,92.70833333333333,76.5625,100.0,0.027000000000000024,-0.027000000000000024,-0.3271,-0.0619,0.2298,0.11789999999999995,0.06589999999999999,close_to_baseline_run_pass_split,less_shotgun_than_baseline,slower_than_baseline,more_efficient_than_baseline
16,BUF,3,third_down,205,strong,79.5703125,79.5703125,78.125,94.53125,82.29166666666667,34.375,100.0,-0.07619999999999993,0.07619999999999999,-0.11970000000000003,-0.02899999999999999,0.1919,0.05379999999999996,0.030299999999999994,more_run_heavy_than_baseline,less_shotgun_than_baseline,slower_than_baseline,more_efficient_than_baseline
17,NE,1,all_offense,1014,strong,79.39453125,79.39453125,74.21875,93.359375,89.58333333333333,42.1875,100.0,-0.031299999999999994,0.031299999999999994,-0.14639999999999997,-0.08020000000000001,0.16199999999999998,0.04870000000000002,0.02990000000000001,close_to_baseline_run_pass_split,less_shotgun_than_baseline,slower_than_baseline,more_efficient_than_baseline
18,DET,8,two_minute_half,113,strong,78.9453125,78.9453125,75.0,91.40625,54.166666666666664,92.1875,100.0,0.09699999999999998,-0.097,-0.08130000000000004,-0.048399999999999985,0.27740000000000004,0.054800000000000015,0.014500000000000013,more_dropback_heavy_than_baseline,less_shotgun_than_baseline,slower_than_baseline,more_efficient_than_baseline
19,BUF,10,one_score,649,strong,78.75,78.75,76.5625,89.0625,94.79166666666667,28.125,100.0,-0.056499999999999995,0.056499999999999995,-0.17279999999999995,-0.037000000000000005,0.1083,0.045399999999999996,0.0348,more_run_heavy_than_baseline,less_shotgun_than_baseline,slower_than_baseline,more_efficient_than_baseline
20,CHI,14,trailing,517,strong,78.75,78.75,70.3125,85.9375,80.20833333333333,85.9375,100.0,-0.03710000000000002,0.03710000000000002,-0.16470000000000007,-0.0679,0.1898,0.05879999999999996,0.02310000000000001,close_to_baseline_run_pass_split,less_shotgun_than_baseline,slower_than_baseline,more_efficient_than_baseline
21,BUF,13,leading,384,strong,78.671875,78.671875,76.5625,84.375,71.875,73.4375,100.0,-0.0665,0.0665,-0.24780000000000002,-0.024399999999999998,0.12890000000000001,0.04970000000000002,0.015300000000000008,more_run_heavy_than_baseline,less_shotgun_than_baseline,slower_than_baseline,more_efficient_than_baseline
22,NE,2,early_down,794,strong,78.5546875,78.5546875,71.875,96.09375,85.41666666666667,43.75,100.0,-0.03469999999999995,0.03470000000000001,-0.16629999999999995,-0.0796,0.13069999999999998,0.04470000000000002,0.02510000000000001,close_to_baseline_run_pass_split,less_shotgun_than_baseline,slower_than_baseline,more_efficient_than_baseline
23,CHI,3,third_down,228,strong,78.3203125,78.3203125,85.9375,80.46875,40.625,84.375,100.0,-0.07399999999999995,0.07400000000000001,-0.08389999999999997,-0.06559999999999999,0.1333,0.0363,-0.01319999999999999,more_run_heavy_than_baseline,less_shotgun_than_baseline,slower_than_baseline,more_efficient_than_baseline
24,LA,15,leading_one_score,218,strong,78.2421875,78.2421875,71.875,86.71875,86.45833333333333,62.5,100.0,0.0806,-0.0806,-0.3092,-0.024499999999999994,0.077,0.07680000000000003,0.039600000000000024,more_dropback_heavy_than_baseline,less_shotgun_than_baseline,slower_than_baseline,more_efficient_than_baseline
25,BUF,20,leading_early_down,293,strong,78.0078125,78.0078125,73.4375,83.59375,79.16666666666667,71.875,100.0,-0.07139999999999996,0.07140000000000002,-0.26830000000000004,-0.033400000000000006,0.16399999999999998,0.06109999999999999,0.027199999999999974,more_run_heavy_than_baseline,less_shotgun_than_baseline,slower_than_baseline,more_efficient_than_baseline
26,LA,2,early_down,838,strong,77.578125,77.578125,57.8125,100.0,84.375,89.0625,100.0,0.02070000000000005,-0.020699999999999996,-0.32259999999999994,-0.037000000000000005,0.1659,0.09710000000000002,0.028799999999999992,close_to_baseline_run_pass_split,less_shotgun_than_baseline,slower_than_baseline,more_efficient_than_baseline
27,BUF,19,tied_early_down,141,strong,77.3046875,77.3046875,73.4375,82.03125,95.83333333333333,43.75,100.0,-0.07990000000000003,0.07989999999999997,-0.1804,-0.036300000000000006,0.023,0.047599999999999976,0.063,more_run_heavy_than_baseline,less_shotgun_than_baseline,slower_than_baseline,close_to_baseline_efficiency
28,SEA,17,trailing_one_score,219,strong,76.953125,76.953125,71.09375,83.59375,90.625,54.6875,100.0,-0.05800000000000005,0.057999999999999996,-0.23230000000000006,0.004799999999999999,0.148,0.09949999999999992,0.044300000000000006,more_run_heavy_than_baseline,less_shotgun_than_baseline,close_to_baseline_tempo,more_efficient_than_baseline
29,LA,6,red_zone,198,strong,76.6796875,76.6796875,77.34375,90.625,44.791666666666664,75.0,100.0,0.06279999999999997,-0.06279999999999997,-0.36600000000000005,-0.0692,0.0625,0.0928,-0.005700000000000004,more_dropback_heavy_than_baseline,less_shotgun_than_baseline,slower_than_baseline,more_efficient_than_baseline
30,SEA,21,trailing_early_down,227,strong,76.484375,76.484375,61.71875,92.96875,87.5,73.4375,100.0,-0.04799999999999993,0.04799999999999999,-0.24419999999999997,0.004200000000000009,0.2163,0.10390000000000005,0.0411,close_to_baseline_run_pass_split,less_shotgun_than_baseline,close_to_baseline_tempo,more_efficient_than_baseline
31,CIN,15,leading_one_score,207,strong,76.0546875,76.0546875,78.90625,87.5,60.416666666666664,46.09375,100.0,0.06489999999999996,-0.06489999999999996,0.10089999999999999,-0.0702,0.06,0.09879999999999994,0.010200000000000015,more_dropback_heavy_than_baseline,more_shotgun_than_baseline,slower_than_baseline,more_efficient_than_baseline
32,BUF,14,trailing,498,strong,76.015625,76.015625,74.21875,83.59375,81.25,45.3125,100.0,-0.05459999999999998,0.05460000000000004,-0.15839999999999999,-0.0571,0.17029999999999998,0.05159999999999998,0.024999999999999994,more_run_heavy_than_baseline,less_shotgun_than_baseline,slower_than_baseline,more_efficient_than_baseline
33,LA,19,tied_early_down,164,strong,75.91796875,75.91796875,75.0,88.671875,52.083333333333336,71.875,100.0,0.1054,-0.10540000000000005,-0.2827,0.019699999999999995,0.0762,0.058199999999999974,-0.006500000000000006,more_dropback_heavy_than_baseline,less_shotgun_than_baseline,close_to_baseline_tempo,more_efficient_than_baseline
34,BUF,11,neutral_early_down,399,strong,75.4296875,75.4296875,77.34375,68.75,90.625,48.4375,100.0,-0.050299999999999956,0.05030000000000007,-0.1996,-0.07550000000000001,0.078,0.02460000000000001,0.038699999999999984,more_run_heavy_than_baseline,less_shotgun_than_baseline,slower_than_baseline,more_efficient_than_baseline
35,BUF,6,red_zone,190,strong,75.3125,75.3125,77.34375,91.40625,43.229166666666664,61.71875,100.0,-0.08710000000000001,0.08710000000000007,-0.24840000000000007,0.0529,0.1341,0.07229999999999998,-0.009100000000000004,more_run_heavy_than_baseline,less_shotgun_than_baseline,faster_than_baseline,more_efficient_than_baseline
36,CIN,20,leading_early_down,231,strong,74.765625,74.765625,85.15625,74.21875,51.041666666666664,52.34375,100.0,0.08130000000000004,-0.08130000000000004,0.13449999999999995,-0.062200000000000005,-0.0299,0.056999999999999995,0.0010000000000000009,more_dropback_heavy_than_baseline,more_shotgun_than_baseline,slower_than_baseline,close_to_baseline_efficiency
37,IND,16,leading_two_plus_scores,182,strong,74.55645161290322,74.55645161290322,54.838709677419345,97.58064516129032,79.56989247311829,85.48387096774192,100.0,0.07670000000000005,-0.07669999999999993,0.06010000000000004,-0.0201,0.26539999999999997,0.06340000000000001,0.032799999999999996,more_dropback_heavy_than_baseline,more_shotgun_than_baseline,slower_than_baseline,more_efficient_than_baseline
38,WAS,10,one_score,551,strong,74.4140625,74.4140625,87.5,50.78125,81.25,51.5625,100.0,-0.053199999999999914,0.053200000000000025,0.1744,0.5288999999999999,0.029099999999999997,0.015000000000000013,0.019299999999999984,more_run_heavy_than_baseline,more_shotgun_than_baseline,faster_than_baseline,close_to_baseline_efficiency
39,IND,13,leading,399,strong,74.296875,74.296875,61.71875,86.71875,75.0,85.9375,100.0,0.04490000000000005,-0.044899999999999995,0.07350000000000001,-0.0436,0.1681,0.031700000000000006,0.019700000000000023,close_to_baseline_run_pass_split,more_shotgun_than_baseline,slower_than_baseline,more_efficient_than_baseline
40,DET,18,trailing_two_plus_scores,225,strong,74.2578125,74.2578125,67.1875,80.46875,80.20833333333333,68.75,100.0,0.0474,-0.0474,-0.13539999999999996,-0.07979999999999998,0.1803,0.03870000000000001,0.04920000000000002,close_to_baseline_run_pass_split,less_shotgun_than_baseline,slower_than_baseline,more_efficient_than_baseline
41,BUF,16,leading_two_plus_scores,173,strong,74.23387096774194,74.23387096774194,66.93548387096774,91.93548387096774,52.68817204301075,82.25806451612902,100.0,-0.06319999999999998,0.06320000000000003,-0.2758,-0.023899999999999998,0.195,0.06570000000000004,-0.004600000000000021,more_run_heavy_than_baseline,less_shotgun_than_baseline,slower_than_baseline,more_efficient_than_baseline
42,WAS,2,early_down,759,strong,74.0625,74.0625,93.75,56.25,66.14583333333333,28.90625,100.0,-0.06869999999999993,0.06870000000000004,0.22460000000000002,0.4948,0.0316,0.02589999999999998,0.009899999999999992,more_run_heavy_than_baseline,more_shotgun_than_baseline,faster_than_baseline,more_efficient_than_baseline
43,CHI,1,all_offense,1090,strong,73.75,73.75,66.40625,71.09375,81.25,89.0625,100.0,-0.026900000000000035,0.02689999999999998,-0.17559999999999998,-0.054400000000000004,0.085,0.023299999999999987,0.018600000000000005,close_to_baseline_run_pass_split,less_shotgun_than_baseline,slower_than_baseline,more_efficient_than_baseline
44,SEA,1,all_offense,994,strong,73.7109375,73.7109375,77.34375,71.875,75.0,46.875,100.0,-0.06669999999999998,0.06669999999999998,-0.2329,-0.029500000000000012,0.0351,0.02729999999999999,0.014100000000000001,more_run_heavy_than_baseline,less_shotgun_than_baseline,slower_than_baseline,more_efficient_than_baseline
45,SEA,3,third_down,202,strong,73.4765625,73.4765625,88.28125,71.875,41.666666666666664,45.3125,100.0,-0.08599999999999997,0.08600000000000002,-0.09329999999999994,-0.05779999999999999,0.023100000000000002,0.036199999999999954,-0.016600000000000004,more_run_heavy_than_baseline,less_shotgun_than_baseline,slower_than_baseline,close_to_baseline_efficiency
46,KC,15,leading_one_score,143,strong,73.4375,73.4375,78.125,90.625,43.75,40.625,100.0,0.10929999999999995,-0.10930000000000001,0.07889999999999997,-0.061,0.1476,0.07569999999999993,-0.001799999999999996,more_dropback_heavy_than_baseline,more_shotgun_than_baseline,slower_than_baseline,more_efficient_than_baseline
47,GB,14,trailing,383,strong,73.37890625,73.37890625,59.375,84.765625,82.29166666666667,81.25,100.0,-0.06169999999999998,0.06170000000000003,-0.0615,-0.016100000000000003,0.1656,0.057099999999999984,0.02510000000000001,more_run_heavy_than_baseline,less_shotgun_than_baseline,close_to_baseline_tempo,more_efficient_than_baseline
48,DEN,3,third_down,232,strong,73.14453125,73.14453125,74.21875,66.796875,70.3125,75.0,100.0,0.04800000000000004,-0.04799999999999999,-0.03320000000000001,0.0892,0.0983,0.024099999999999955,0.019100000000000006,close_to_baseline_run_pass_split,close_to_baseline_shotgun_usage,faster_than_baseline,more_efficient_than_baseline
49,KC,20,leading_early_down,214,strong,73.06640625,73.06640625,82.03125,77.734375,57.291666666666664,31.25,100.0,0.0766,-0.0766,0.14880000000000004,-0.056900000000000006,0.0742,0.043800000000000006,0.0022999999999999965,more_dropback_heavy_than_baseline,more_shotgun_than_baseline,slower_than_baseline,more_efficient_than_baseline
50,WAS,1,all_offense,972,strong,73.0078125,73.0078125,89.84375,56.25,68.75,32.03125,100.0,-0.05930000000000002,0.059299999999999964,0.18810000000000004,0.5165,0.0126,0.022299999999999986,0.008099999999999996,more_run_heavy_than_baseline,more_shotgun_than_baseline,faster_than_baseline,close_to_baseline_efficiency
51,SEA,2,early_down,780,strong,72.98828125,72.98828125,74.21875,74.609375,79.16666666666667,40.625,100.0,-0.059199999999999975,0.059199999999999975,-0.26799999999999996,-0.024000000000000007,0.0434,0.02639999999999998,0.02150000000000002,more_run_heavy_than_baseline,less_shotgun_than_baseline,slower_than_baseline,more_efficient_than_baseline
52,NYG,5,short_yardage,100,strong,72.8125,72.8125,63.28125,91.40625,65.10416666666667,67.1875,100.0,-0.08760000000000001,0.08760000000000001,0.07779999999999998,0.05579999999999999,0.26940000000000003,0.08390000000000009,0.009400000000000006,more_run_heavy_than_baseline,more_shotgun_than_baseline,faster_than_baseline,more_efficient_than_baseline
53,PHI,18,trailing_two_plus_scores,64,good,72.71718750000001,80.796875,85.9375,90.625,67.70833333333333,53.125,80.0,0.0885999999999999,-0.08860000000000001,0.13990000000000002,0.231,0.1684,0.08319999999999994,0.05890000000000001,more_dropback_heavy_than_baseline,more_shotgun_than_baseline,faster_than_baseline,more_efficient_than_baseline
54,GB,21,trailing_early_down,295,strong,72.6171875,72.6171875,66.40625,79.6875,70.83333333333333,71.875,100.0,-0.0645,0.0645,-0.08309999999999995,-0.048299999999999996,0.1023,0.05009999999999998,0.01849999999999999,more_run_heavy_than_baseline,less_shotgun_than_baseline,slower_than_baseline,more_efficient_than_baseline
55,LA,14,trailing,367,strong,72.578125,72.578125,50.0,98.4375,90.625,68.75,100.0,0.009399999999999964,-0.009399999999999964,-0.2821,-0.05689999999999999,0.2473,0.11670000000000003,0.06190000000000001,close_to_baseline_run_pass_split,less_shotgun_than_baseline,slower_than_baseline,more_efficient_than_baseline
56,MIA,11,neutral_early_down,334,strong,72.4609375,72.4609375,60.15625,79.6875,91.66666666666667,67.1875,100.0,-0.051399999999999946,0.05140000000000006,0.02749999999999997,-0.05260000000000001,0.0837,0.013000000000000012,0.04429999999999998,more_run_heavy_than_baseline,close_to_baseline_shotgun_usage,slower_than_baseline,more_efficient_than_baseline
57,WAS,20,leading_early_down,167,strong,72.4609375,72.4609375,78.125,67.96875,87.5,21.875,100.0,-0.03959999999999997,0.03959999999999997,0.3227,0.5099,0.0743,0.04960000000000003,0.052399999999999974,close_to_baseline_run_pass_split,more_shotgun_than_baseline,faster_than_baseline,more_efficient_than_baseline
58,LA,1,all_offense,1056,strong,72.0703125,72.0703125,45.3125,99.21875,83.33333333333333,93.75,100.0,0.010600000000000054,-0.010599999999999998,-0.2867,-0.03760000000000001,0.1502,0.08350000000000002,0.023499999999999993,close_to_baseline_run_pass_split,less_shotgun_than_baseline,slower_than_baseline,more_efficient_than_baseline
59,CIN,10,one_score,704,strong,71.9921875,71.9921875,86.71875,70.3125,24.479166666666668,67.1875,100.0,0.07420000000000004,-0.07419999999999999,0.11950000000000005,-0.0749,0.0071,0.030399999999999983,-0.016700000000000007,more_dropback_heavy_than_baseline,more_shotgun_than_baseline,slower_than_baseline,close_to_baseline_efficiency
60,SEA,14,trailing,282,strong,71.953125,71.953125,66.40625,82.03125,71.875,57.8125,100.0,-0.06000000000000005,0.06,-0.22950000000000004,-0.0030999999999999917,0.1431,0.10260000000000002,0.020900000000000002,more_run_heavy_than_baseline,less_shotgun_than_baseline,close_to_baseline_tempo,more_efficient_than_baseline
61,ATL,8,two_minute_half,131,strong,71.9140625,71.9140625,66.40625,65.625,76.04166666666667,92.1875,100.0,-0.08599999999999997,0.08600000000000002,0.01529999999999998,-0.07179999999999999,0.046599999999999996,0.01200000000000001,0.02560000000000001,more_run_heavy_than_baseline,close_to_baseline_shotgun_usage,slower_than_baseline,more_efficient_than_baseline
62,IND,20,leading_early_down,307,strong,71.875,71.875,67.96875,74.21875,76.04166666666667,63.28125,100.0,0.07440000000000002,-0.07440000000000002,0.10529999999999995,-0.041600000000000005,0.1013,0.022799999999999987,0.029699999999999976,more_dropback_heavy_than_baseline,more_shotgun_than_baseline,slower_than_baseline,more_efficient_than_baseline
63,CHI,17,trailing_one_score,355,strong,71.796875,71.796875,61.71875,89.84375,65.625,67.1875,100.0,-0.025000000000000022,0.025000000000000022,-0.15570000000000006,-0.056900000000000006,0.2212,0.08179999999999998,0.012699999999999989,close_to_baseline_run_pass_split,less_shotgun_than_baseline,slower_than_baseline,more_efficient_than_baseline
64,KC,13,leading,272,strong,71.796875,71.796875,76.5625,87.5,41.666666666666664,42.1875,100.0,0.04749999999999999,-0.04749999999999999,0.12159999999999993,-0.0577,0.1179,0.05099999999999999,-0.0069999999999999785,close_to_baseline_run_pass_split,more_shotgun_than_baseline,slower_than_baseline,more_efficient_than_baseline
65,BAL,12,tied,183,strong,71.62109375,71.62109375,78.90625,67.578125,52.083333333333336,64.0625,100.0,-0.09860000000000002,0.09860000000000002,-0.0937,-0.06609999999999999,0.0633,0.04849999999999999,-0.0050000000000000044,more_run_heavy_than_baseline,less_shotgun_than_baseline,slower_than_baseline,more_efficient_than_baseline
66,BAL,2,early_down,728,strong,71.6015625,71.6015625,79.6875,66.40625,80.20833333333333,21.09375,100.0,-0.10149999999999998,0.10149999999999998,-0.05159999999999998,-0.0811,0.037200000000000004,0.012500000000000011,0.026900000000000007,more_run_heavy_than_baseline,less_shotgun_than_baseline,slower_than_baseline,more_efficient_than_baseline
67,BAL,1,all_offense,954,strong,71.38671875,71.38671875,79.6875,68.359375,76.04166666666667,20.3125,100.0,-0.08729999999999999,0.08729999999999993,-0.04679999999999995,-0.07450000000000001,0.0393,0.01100000000000001,0.020199999999999996,more_run_heavy_than_baseline,close_to_baseline_shotgun_usage,slower_than_baseline,more_efficient_than_baseline
68,WAS,13,leading,205,strong,71.328125,71.328125,82.8125,53.125,87.5,26.5625,100.0,-0.03570000000000001,0.035699999999999954,0.2813,0.4972,-0.002999999999999999,0.02679999999999999,0.03990000000000002,close_to_baseline_run_pass_split,more_shotgun_than_baseline,faster_than_baseline,close_to_baseline_efficiency
69,BUF,21,trailing_early_down,385,strong,71.2890625,71.2890625,75.78125,75.0,55.208333333333336,51.5625,100.0,-0.05740000000000001,0.05740000000000001,-0.18209999999999993,-0.056499999999999995,0.1175,0.04770000000000002,0.0069999999999999785,more_run_heavy_than_baseline,less_shotgun_than_baseline,slower_than_baseline,more_efficient_than_baseline
70,DAL,5,short_yardage,115,strong,71.09375,71.09375,59.375,90.625,64.58333333333333,70.3125,100.0,0.07849999999999996,-0.07850000000000001,-0.06259999999999999,-0.05990000000000001,0.2796,0.03870000000000007,0.022400000000000003,more_dropback_heavy_than_baseline,less_shotgun_than_baseline,slower_than_baseline,more_efficient_than_baseline
71,LA,17,trailing_one_score,310,strong,71.015625,71.015625,48.4375,96.875,91.66666666666667,62.5,100.0,0.022599999999999953,-0.02260000000000001,-0.26150000000000007,-0.0242,0.2336,0.11880000000000002,0.0597,close_to_baseline_run_pass_split,less_shotgun_than_baseline,slower_than_baseline,more_efficient_than_baseline
72,HOU,18,trailing_two_plus_scores,107,strong,70.9375,70.9375,75.78125,49.21875,72.91666666666667,85.9375,100.0,0.0986999999999999,-0.09870000000000001,-0.07799999999999996,-0.09739999999999999,0.0429,0.016199999999999992,0.020900000000000002,more_dropback_heavy_than_baseline,less_shotgun_than_baseline,slower_than_baseline,more_efficient_than_baseline
73,NYG,12,tied,150,strong,70.9375,70.9375,76.5625,53.125,81.25,60.15625,100.0,0.041100000000000025,-0.04109999999999997,0.11919999999999997,0.20840000000000003,0.036899999999999995,-0.023300000000000043,0.02259999999999998,close_to_baseline_run_pass_split,more_shotgun_than_baseline,faster_than_baseline,more_efficient_than_baseline
74,BAL,20,leading_early_down,275,strong,70.859375,70.859375,67.1875,81.25,87.5,21.875,100.0,-0.07949999999999996,0.07950000000000002,-0.0046000000000000485,-0.056400000000000006,0.1404,0.005599999999999994,0.05589999999999998,more_run_heavy_than_baseline,close_to_baseline_shotgun_usage,slower_than_baseline,more_efficient_than_baseline
75,WAS,11,neutral_early_down,352,strong,70.83984375,70.83984375,82.03125,51.953125,80.20833333333333,39.0625,100.0,-0.047099999999999975,0.047099999999999975,0.24680000000000002,0.5253,0.0322,0.006900000000000017,0.028999999999999998,close_to_baseline_run_pass_split,more_shotgun_than_baseline,faster_than_baseline,more_efficient_than_baseline
76,LA,12,tied,211,strong,70.64453125,70.64453125,69.53125,88.671875,32.291666666666664,73.4375,100.0,0.08289999999999997,-0.08289999999999997,-0.25039999999999996,0.009000000000000008,0.105,0.05909999999999993,-0.017000000000000015,more_dropback_heavy_than_baseline,less_shotgun_than_baseline,close_to_baseline_tempo,more_efficient_than_baseline
77,PHI,6,red_zone,151,strong,70.64453125,70.64453125,68.75,81.640625,58.854166666666664,54.6875,100.0,-0.0923,0.09230000000000005,0.029799999999999938,0.09090000000000001,0.11249999999999999,0.04780000000000001,0.001799999999999996,more_run_heavy_than_baseline,close_to_baseline_shotgun_usage,faster_than_baseline,more_efficient_than_baseline
78,CIN,1,all_offense,1044,strong,70.5078125,70.5078125,85.15625,65.625,38.541666666666664,50.0,100.0,0.07089999999999996,-0.07090000000000002,0.1271,-0.0771,-0.0023999999999999994,0.020500000000000018,-0.0092,more_dropback_heavy_than_baseline,more_shotgun_than_baseline,slower_than_baseline,close_to_baseline_efficiency
79,BUF,15,leading_one_score,211,strong,70.3125,70.3125,64.0625,70.3125,83.33333333333333,64.0625,100.0,-0.06020000000000003,0.06020000000000003,-0.21689999999999998,-0.022899999999999997,0.0738,0.03670000000000001,0.031200000000000006,more_run_heavy_than_baseline,less_shotgun_than_baseline,slower_than_baseline,more_efficient_than_baseline
80,DAL,8,two_minute_half,118,strong,70.15625,70.15625,46.875,100.0,98.95833333333333,42.1875,100.0,-0.040000000000000036,0.03999999999999998,-0.07269999999999999,0.04000000000000001,0.3652,0.11930000000000002,0.08480000000000001,close_to_baseline_run_pass_split,less_shotgun_than_baseline,faster_than_baseline,more_efficient_than_baseline
81,BUF,7,goal_to_go,76,good,70.04531250000001,77.828125,93.75,82.8125,39.0625,50.78125,80.0,-0.14679999999999999,0.14680000000000004,-0.3347,0.1376,0.18530000000000002,0.10149999999999998,-0.0074,more_run_heavy_than_baseline,less_shotgun_than_baseline,faster_than_baseline,more_efficient_than_baseline
82,WAS,15,leading_one_score,123,strong,69.9609375,69.9609375,82.03125,48.4375,84.375,32.8125,100.0,-0.04630000000000001,0.04630000000000001,0.24819999999999998,0.5266000000000001,-0.014199999999999999,0.0030999999999999917,0.04420000000000002,close_to_baseline_run_pass_split,more_shotgun_than_baseline,faster_than_baseline,close_to_baseline_efficiency
83,DET,12,tied,204,strong,69.84375,69.84375,60.15625,96.09375,60.416666666666664,46.875,100.0,-0.027700000000000058,0.027700000000000002,-0.2606,-0.0324,0.1681,0.06159999999999999,0.0016999999999999793,close_to_baseline_run_pass_split,less_shotgun_than_baseline,slower_than_baseline,more_efficient_than_baseline
84,DET,15,leading_one_score,181,strong,69.8046875,69.8046875,52.34375,93.75,77.08333333333333,62.5,100.0,0.04599999999999993,-0.045999999999999985,-0.1652,-0.0031999999999999945,0.20299999999999999,0.07500000000000001,0.025500000000000023,close_to_baseline_run_pass_split,less_shotgun_than_baseline,close_to_baseline_tempo,more_efficient_than_baseline
85,CHI,2,early_down,833,strong,69.7265625,69.7265625,57.03125,65.625,91.66666666666667,89.0625,100.0,-0.019199999999999995,0.019199999999999995,-0.20899999999999996,-0.051000000000000004,0.08600000000000001,0.022299999999999986,0.029799999999999993,close_to_baseline_run_pass_split,less_shotgun_than_baseline,slower_than_baseline,more_efficient_than_baseline
86,WAS,14,trailing,631,strong,69.70703125,69.70703125,92.96875,46.484375,44.270833333333336,46.09375,100.0,-0.08410000000000006,0.08410000000000001,0.13829999999999998,0.5179,0.012599999999999998,0.008899999999999963,-0.006399999999999989,more_run_heavy_than_baseline,more_shotgun_than_baseline,faster_than_baseline,close_to_baseline_efficiency
87,CHI,10,one_score,779,strong,69.6875,69.6875,60.15625,74.21875,76.04166666666667,76.5625,100.0,-0.02069999999999994,0.020699999999999996,-0.18009999999999993,-0.0504,0.09609999999999999,0.032899999999999985,0.014399999999999996,close_to_baseline_run_pass_split,less_shotgun_than_baseline,slower_than_baseline,more_efficient_than_baseline
88,DET,19,tied_early_down,163,strong,69.609375,69.609375,57.03125,99.21875,58.854166666666664,53.125,100.0,-0.01980000000000004,0.01979999999999993,-0.2869,-0.035,0.1647,0.06739999999999996,0.0002999999999999947,close_to_baseline_run_pass_split,less_shotgun_than_baseline,slower_than_baseline,more_efficient_than_baseline
89,LA,8,two_minute_half,104,strong,69.609375,69.609375,55.46875,86.71875,69.79166666666667,75.0,100.0,-0.03300000000000003,0.032999999999999974,-0.1663,0.05780000000000002,0.1766,0.08650000000000008,0.036400000000000016,close_to_baseline_run_pass_split,less_shotgun_than_baseline,faster_than_baseline,more_efficient_than_baseline
90,GB,1,all_offense,991,strong,69.5703125,69.5703125,55.46875,79.6875,88.54166666666667,64.0625,100.0,-0.051999999999999935,0.05199999999999999,-0.06599999999999995,-0.016100000000000003,0.1184,0.041800000000000004,0.02260000000000001,more_run_heavy_than_baseline,less_shotgun_than_baseline,close_to_baseline_tempo,more_efficient_than_baseline
91,NE,14,trailing,288,strong,69.51171875,69.51171875,59.375,91.796875,83.33333333333333,23.4375,100.0,0.011499999999999955,-0.01150000000000001,-0.1744,-0.1032,0.1793,0.06009999999999999,0.03160000000000002,close_to_baseline_run_pass_split,less_shotgun_than_baseline,slower_than_baseline,more_efficient_than_baseline
92,LA,18,trailing_two_plus_scores,57,good,69.48281250000001,77.203125,80.46875,89.84375,70.83333333333333,39.0625,80.0,0.07739999999999991,-0.0774,-0.2536999999999999,-0.08559999999999998,0.233,0.09389999999999998,0.06440000000000001,more_dropback_heavy_than_baseline,less_shotgun_than_baseline,slower_than_baseline,more_efficient_than_baseline
93,JAX,8,two_minute_half,112,strong,69.453125,69.453125,69.53125,74.21875,67.1875,45.3125,100.0,-0.05630000000000002,0.05630000000000002,-0.12780000000000002,-0.0652,-0.016399999999999998,0.07690000000000002,0.01580000000000001,more_run_heavy_than_baseline,less_shotgun_than_baseline,slower_than_baseline,close_to_baseline_efficiency
94,WAS,21,trailing_early_down,488,strong,69.4140625,69.4140625,91.40625,53.125,42.708333333333336,35.9375,100.0,-0.10009999999999997,0.10009999999999997,0.16820000000000002,0.48109999999999997,0.0219,0.010799999999999976,-0.007700000000000012,more_run_heavy_than_baseline,more_shotgun_than_baseline,faster_than_baseline,close_to_baseline_efficiency
95,BAL,11,neutral_early_down,425,strong,69.23828125,69.23828125,69.53125,73.046875,83.33333333333333,21.875,100.0,-0.07909999999999995,0.0791,-0.007000000000000006,-0.0737,0.046200000000000005,0.019699999999999995,0.034499999999999975,more_run_heavy_than_baseline,close_to_baseline_shotgun_usage,slower_than_baseline,more_efficient_than_baseline
96,ATL,17,trailing_one_score,255,strong,69.1796875,69.1796875,64.0625,78.90625,55.208333333333336,73.4375,100.0,0.04239999999999999,-0.04239999999999999,0.17389999999999994,-0.010700000000000001,0.1234,0.05479999999999996,0.011300000000000004,close_to_baseline_run_pass_split,more_shotgun_than_baseline,close_to_baseline_tempo,more_efficient_than_baseline
97,CIN,3,third_down,218,strong,69.1796875,69.1796875,66.40625,82.8125,56.25,51.5625,100.0,0.03500000000000003,-0.034999999999999976,0.05879999999999996,-0.06459999999999999,0.11,0.04369999999999996,0.006400000000000017,close_to_baseline_run_pass_split,more_shotgun_than_baseline,slower_than_baseline,more_efficient_than_baseline
98,BAL,16,leading_two_plus_scores,102,strong,69.03225806451613,69.03225806451613,78.2258064516129,54.03225806451613,75.26881720430107,40.32258064516129,100.0,-0.08379999999999999,0.08379999999999999,-0.11330000000000001,-0.0586,0.0788,-0.05309999999999998,0.058599999999999985,more_run_heavy_than_baseline,less_shotgun_than_baseline,slower_than_baseline,more_efficient_than_baseline
99,CHI,19,tied_early_down,139,strong,68.96484375,68.96484375,64.0625,62.109375,72.91666666666667,86.71875,100.0,-0.030700000000000005,0.03069999999999995,-0.2534,-0.043000000000000003,0.0309,0.032999999999999974,0.015399999999999997,close_to_baseline_run_pass_split,less_shotgun_than_baseline,slower_than_baseline,more_efficient_than_baseline
100,WAS,18,trailing_two_plus_scores,339,strong,68.96484375,68.96484375,93.359375,51.5625,37.5,34.375,100.0,-0.1401,0.1401,0.1169,0.4640000000000001,0.0104,0.02479999999999999,-0.013599999999999987,more_run_heavy_than_baseline,more_shotgun_than_baseline,faster_than_baseline,close_to_baseline_efficiency
101,DEN,17,trailing_one_score,306,strong,68.8671875,68.8671875,50.78125,82.8125,70.83333333333333,96.875,100.0,0.04369999999999996,-0.04370000000000002,-0.007099999999999995,0.042300000000000004,0.2333,0.018199999999999994,0.029599999999999987,close_to_baseline_run_pass_split,close_to_baseline_shotgun_usage,faster_than_baseline,more_efficient_than_baseline
102,SF,18,trailing_two_plus_scores,154,strong,68.7890625,68.7890625,56.25,82.03125,72.91666666666667,70.3125,100.0,0.03079999999999994,-0.030799999999999994,-0.10929999999999995,-0.11299999999999999,0.1434,0.048099999999999976,0.03370000000000001,close_to_baseline_run_pass_split,less_shotgun_than_baseline,slower_than_baseline,more_efficient_than_baseline
103,BAL,10,one_score,692,strong,68.6328125,68.6328125,72.65625,65.625,81.25,23.4375,100.0,-0.08089999999999997,0.08090000000000003,-0.031299999999999994,-0.0661,0.041699999999999994,0.01539999999999997,0.021399999999999975,more_run_heavy_than_baseline,close_to_baseline_shotgun_usage,slower_than_baseline,more_efficient_than_baseline
104,BAL,13,leading,351,strong,68.515625,68.515625,68.75,73.4375,81.25,20.3125,100.0,-0.07950000000000002,0.07950000000000002,-0.014700000000000046,-0.05449999999999999,0.09640000000000001,0.0005000000000000004,0.03810000000000002,more_run_heavy_than_baseline,close_to_baseline_shotgun_usage,slower_than_baseline,more_efficient_than_baseline
105,SEA,13,leading,499,strong,68.4375,68.4375,73.4375,57.8125,82.29166666666667,35.9375,100.0,-0.05309999999999998,0.053100000000000036,-0.23100000000000004,-0.0266,-0.015799999999999998,0.0,0.020600000000000007,more_run_heavy_than_baseline,less_shotgun_than_baseline,slower_than_baseline,close_to_baseline_efficiency
106,NO,9,two_minute_game,59,good,68.42812500000001,76.03125,89.0625,81.25,57.8125,29.6875,80.0,0.21650000000000003,-0.21649999999999997,0.14879999999999993,0.1494,0.0987,0.13119999999999998,0.0257,more_dropback_heavy_than_baseline,more_shotgun_than_baseline,faster_than_baseline,more_efficient_than_baseline
107,BAL,19,tied_early_down,140,strong,68.28125,68.28125,78.125,59.375,46.875,62.5,100.0,-0.11260000000000003,0.11259999999999992,-0.08450000000000002,-0.06470000000000001,0.0317,0.058199999999999974,-0.014200000000000004,more_run_heavy_than_baseline,less_shotgun_than_baseline,slower_than_baseline,more_efficient_than_baseline
108,MIA,19,tied_early_down,126,strong,68.22265625,68.22265625,67.578125,59.375,72.91666666666667,70.3125,100.0,-0.08560000000000001,0.08560000000000001,0.029000000000000026,-0.0718,0.07440000000000001,0.002599999999999991,0.05399999999999999,more_run_heavy_than_baseline,close_to_baseline_shotgun_usage,slower_than_baseline,more_efficient_than_baseline
109,WAS,8,two_minute_half,105,strong,68.203125,68.203125,75.0,67.1875,42.708333333333336,62.5,100.0,-0.058699999999999974,0.058699999999999974,0.08409999999999995,0.3318,0.0431,0.053100000000000036,-0.012799999999999992,more_run_heavy_than_baseline,more_shotgun_than_baseline,faster_than_baseline,more_efficient_than_baseline
110,DAL,19,tied_early_down,162,strong,67.890625,67.890625,62.5,79.6875,64.58333333333333,51.5625,100.0,-0.0539,0.05389999999999995,-0.1306,-0.040900000000000006,0.059199999999999996,0.05199999999999999,0.0010999999999999899,more_run_heavy_than_baseline,less_shotgun_than_baseline,slower_than_baseline,more_efficient_than_baseline
111,NE,10,one_score,749,strong,67.8125,67.8125,52.34375,91.40625,86.45833333333333,34.375,100.0,-0.009599999999999942,0.009599999999999997,-0.12109999999999999,-0.0689,0.1478,0.057099999999999984,0.029699999999999976,close_to_baseline_run_pass_split,less_shotgun_than_baseline,slower_than_baseline,more_efficient_than_baseline
112,BAL,15,leading_one_score,249,strong,67.6953125,67.6953125,64.84375,76.5625,78.125,26.5625,100.0,-0.08830000000000005,0.08830000000000005,0.01629999999999998,-0.0549,0.1046,0.021999999999999964,0.030000000000000027,more_run_heavy_than_baseline,close_to_baseline_shotgun_usage,slower_than_baseline,more_efficient_than_baseline
113,CIN,8,two_minute_half,137,strong,67.34375,67.34375,53.125,84.375,72.91666666666667,64.0625,100.0,0.03880000000000006,-0.0388,0.06379999999999997,-0.06849999999999999,0.0628,0.066,0.0408,close_to_baseline_run_pass_split,more_shotgun_than_baseline,slower_than_baseline,more_efficient_than_baseline
114,CHI,18,trailing_two_plus_scores,162,strong,67.0703125,67.0703125,56.25,58.59375,88.02083333333333,89.0625,100.0,-0.03500000000000003,0.034999999999999976,-0.15559999999999996,-0.06129999999999999,0.1027,0.005900000000000016,0.04420000000000002,close_to_baseline_run_pass_split,less_shotgun_than_baseline,slower_than_baseline,more_efficient_than_baseline
115,SF,3,third_down,209,strong,66.89453125,66.89453125,41.015625,100.0,60.416666666666664,93.75,100.0,-0.0030000000000000027,0.0030000000000000027,-0.04359999999999997,-0.0731,0.3352,0.10209999999999997,0.00789999999999999,close_to_baseline_run_pass_split,close_to_baseline_shotgun_usage,slower_than_baseline,more_efficient_than_baseline
116,MIA,12,tied,162,strong,66.8359375,66.8359375,70.703125,55.078125,78.125,45.3125,100.0,-0.1078,0.1078,0.011500000000000066,-0.0716,0.043399999999999994,0.0010999999999999899,0.0421,more_run_heavy_than_baseline,close_to_baseline_shotgun_usage,slower_than_baseline,more_efficient_than_baseline
117,MIA,20,leading_early_down,265,strong,66.8359375,66.8359375,64.0625,61.71875,75.52083333333333,62.5,100.0,-0.04679999999999995,0.04679999999999995,0.07730000000000004,-0.0558,0.05460000000000001,0.0029000000000000137,0.02149999999999999,close_to_baseline_run_pass_split,more_shotgun_than_baseline,slower_than_baseline,more_efficient_than_baseline
118,NO,8,two_minute_half,138,strong,66.71875,66.71875,82.8125,53.125,48.958333333333336,38.28125,100.0,0.09119999999999995,-0.0912,0.08599999999999997,0.0685,-0.0517,0.05520000000000003,0.010599999999999998,more_dropback_heavy_than_baseline,more_shotgun_than_baseline,faster_than_baseline,less_efficient_than_baseline
119,GB,2,early_down,760,strong,66.484375,66.484375,63.28125,69.53125,66.66666666666667,56.25,100.0,-0.05219999999999997,0.05219999999999997,-0.06729999999999992,-0.037500000000000006,0.0738,0.030600000000000016,0.009700000000000014,more_run_heavy_than_baseline,less_shotgun_than_baseline,slower_than_baseline,more_efficient_than_baseline
120,BUF,8,two_minute_half,91,good,66.42421875000001,73.8046875,89.0625,74.21875,57.8125,25.0,80.0,-0.14149999999999996,0.14150000000000001,-0.24040000000000006,-0.05349999999999999,0.11879999999999999,0.038400000000000045,0.01580000000000001,more_run_heavy_than_baseline,less_shotgun_than_baseline,slower_than_baseline,more_efficient_than_baseline
121,WAS,3,third_down,187,strong,66.3671875,66.3671875,78.90625,45.3125,67.70833333333333,43.75,100.0,-0.04349999999999998,0.04349999999999998,0.061900000000000066,0.5809,-0.1179,-0.0017000000000000348,0.009300000000000003,close_to_baseline_run_pass_split,more_shotgun_than_baseline,faster_than_baseline,less_efficient_than_baseline
122,GB,10,one_score,784,strong,66.328125,66.328125,43.75,90.625,87.5,58.59375,100.0,-0.034399999999999986,0.034399999999999986,-0.05709999999999993,-0.009800000000000003,0.148,0.04909999999999998,0.028799999999999992,close_to_baseline_run_pass_split,less_shotgun_than_baseline,close_to_baseline_tempo,more_efficient_than_baseline
123,ATL,7,goal_to_go,60,good,66.24843750000001,73.609375,65.625,81.25,73.95833333333333,86.71875,80.0,-0.07569999999999999,0.07569999999999999,0.239,0.047200000000000006,0.3654,0.028700000000000003,0.0093,more_run_heavy_than_baseline,more_shotgun_than_baseline,faster_than_baseline,more_efficient_than_baseline
124,SF,21,trailing_early_down,285,strong,66.2109375,66.2109375,64.84375,75.0,62.5,39.0625,100.0,0.031200000000000006,-0.031200000000000006,-0.14539999999999997,-0.0904,0.0713,0.053200000000000025,0.016699999999999993,close_to_baseline_run_pass_split,less_shotgun_than_baseline,slower_than_baseline,more_efficient_than_baseline
125,CHI,12,tied,183,strong,65.95703125,65.95703125,69.53125,41.796875,76.04166666666667,78.125,100.0,-0.03310000000000002,0.03310000000000002,-0.20849999999999996,-0.049699999999999994,-0.0584,-0.00610000000000005,0.011399999999999993,close_to_baseline_run_pass_split,less_shotgun_than_baseline,slower_than_baseline,less_efficient_than_baseline
126,PHI,1,all_offense,992,strong,65.7421875,65.7421875,71.09375,48.4375,59.375,77.34375,100.0,-0.03939999999999999,0.03939999999999999,0.08050000000000002,0.0896,0.0322,-0.0030000000000000027,0.0022999999999999965,close_to_baseline_run_pass_split,more_shotgun_than_baseline,faster_than_baseline,more_efficient_than_baseline
127,NE,15,leading_one_score,322,strong,65.703125,65.703125,47.65625,86.71875,75.0,63.28125,100.0,-0.01550000000000007,0.015500000000000014,-0.08789999999999998,-0.0564,0.1862,0.08769999999999994,0.02990000000000001,close_to_baseline_run_pass_split,less_shotgun_than_baseline,slower_than_baseline,more_efficient_than_baseline
128,IND,17,trailing_one_score,304,strong,65.546875,65.546875,63.28125,72.65625,67.70833333333333,37.5,100.0,-0.04749999999999999,0.04749999999999999,0.030399999999999983,-0.0522,0.0741,0.037699999999999956,0.01419999999999999,close_to_baseline_run_pass_split,close_to_baseline_shotgun_usage,slower_than_baseline,more_efficient_than_baseline
129,PHI,16,leading_two_plus_scores,190,strong,65.44354838709677,65.44354838709677,66.93548387096774,61.29032258064517,62.365591397849464,56.45161290322581,100.0,-0.05629999999999996,0.05630000000000002,0.08519999999999994,0.0677,0.020999999999999998,0.02180000000000004,0.004599999999999993,more_run_heavy_than_baseline,more_shotgun_than_baseline,faster_than_baseline,close_to_baseline_efficiency
130,CIN,2,early_down,806,strong,65.2734375,65.2734375,85.9375,52.34375,31.770833333333332,37.5,100.0,0.08090000000000008,-0.08089999999999997,0.14550000000000007,-0.0801,-0.0533,0.01150000000000001,-0.014499999999999999,more_dropback_heavy_than_baseline,more_shotgun_than_baseline,slower_than_baseline,less_efficient_than_baseline
131,DET,13,leading,376,strong,65.1171875,65.1171875,43.75,89.84375,72.91666666666667,70.3125,100.0,0.027900000000000036,-0.02789999999999998,-0.17300000000000004,-0.0208,0.1486,0.046499999999999986,0.013200000000000017,close_to_baseline_run_pass_split,less_shotgun_than_baseline,slower_than_baseline,more_efficient_than_baseline
132,SF,14,trailing,363,strong,65.09765625,65.09765625,60.9375,70.703125,63.541666666666664,54.6875,100.0,0.024699999999999944,-0.0247,-0.13370000000000004,-0.08629999999999999,0.0922,0.05119999999999997,0.017199999999999993,close_to_baseline_run_pass_split,less_shotgun_than_baseline,slower_than_baseline,more_efficient_than_baseline
133,NYG,19,tied_early_down,119,strong,64.9609375,64.9609375,69.53125,64.0625,57.291666666666664,40.625,100.0,0.039499999999999924,-0.039500000000000035,0.15039999999999998,0.24749999999999997,0.0263,-0.021600000000000008,-0.0024000000000000132,close_to_baseline_run_pass_split,more_shotgun_than_baseline,faster_than_baseline,close_to_baseline_efficiency
134,BAL,5,short_yardage,90,good,64.93007812500001,72.14453125,83.203125,70.3125,64.0625,35.15625,80.0,-0.1254,0.12540000000000007,-0.10999999999999999,-0.10860000000000002,0.16300000000000003,0.026100000000000012,0.009400000000000006,more_run_heavy_than_baseline,less_shotgun_than_baseline,slower_than_baseline,more_efficient_than_baseline
135,DET,2,early_down,806,strong,64.90234375,64.90234375,45.3125,83.984375,72.91666666666667,75.78125,100.0,0.008900000000000019,-0.008899999999999963,-0.22419999999999995,-0.040400000000000005,0.1015,0.02639999999999998,0.020300000000000012,close_to_baseline_run_pass_split,less_shotgun_than_baseline,slower_than_baseline,more_efficient_than_baseline
136,SF,5,short_yardage,108,strong,64.90234375,64.90234375,46.484375,78.125,65.625,96.09375,100.0,-0.014300000000000035,0.01429999999999998,-0.1618,-0.10860000000000002,0.15550000000000003,0.04280000000000006,0.011300000000000004,close_to_baseline_run_pass_split,less_shotgun_than_baseline,slower_than_baseline,more_efficient_than_baseline
137,KC,11,neutral_early_down,492,strong,64.8828125,64.8828125,77.34375,51.5625,47.916666666666664,50.0,100.0,0.059800000000000075,-0.059799999999999964,0.134,-0.05910000000000001,0.036500000000000005,0.022299999999999986,-0.008100000000000024,more_dropback_heavy_than_baseline,more_shotgun_than_baseline,slower_than_baseline,more_efficient_than_baseline
138,LA,13,leading,478,strong,64.765625,64.765625,41.40625,88.28125,68.75,87.5,100.0,0.014800000000000035,-0.01479999999999998,-0.27390000000000003,-0.022699999999999998,0.0852,0.07100000000000001,0.010700000000000015,close_to_baseline_run_pass_split,less_shotgun_than_baseline,slower_than_baseline,more_efficient_than_baseline
139,BAL,14,trailing,420,strong,64.7265625,64.7265625,78.125,47.65625,68.75,23.4375,100.0,-0.07850000000000001,0.07850000000000001,-0.04370000000000007,-0.089,-0.022,0.0040999999999999925,0.016000000000000014,more_run_heavy_than_baseline,close_to_baseline_shotgun_usage,slower_than_baseline,close_to_baseline_efficiency
140,CIN,11,neutral_early_down,444,strong,64.6875,64.6875,82.8125,54.6875,25.0,50.0,100.0,0.06410000000000005,-0.06409999999999999,0.12180000000000002,-0.081,-0.0732,0.013600000000000001,-0.027200000000000016,more_dropback_heavy_than_baseline,more_shotgun_than_baseline,slower_than_baseline,less_efficient_than_baseline
141,CHI,5,short_yardage,100,strong,64.609375,64.609375,65.625,56.25,80.72916666666667,39.0625,100.0,0.062399999999999956,-0.06240000000000001,-0.1622,-0.06420000000000001,-0.0024999999999999953,0.013900000000000023,0.059399999999999994,more_dropback_heavy_than_baseline,less_shotgun_than_baseline,slower_than_baseline,close_to_baseline_efficiency
142,CHI,21,trailing_early_down,395,strong,64.453125,64.453125,50.78125,67.96875,82.29166666666667,72.65625,100.0,-0.010199999999999987,0.010199999999999987,-0.18020000000000003,-0.06649999999999999,0.11,0.03539999999999999,0.0237,close_to_baseline_run_pass_split,less_shotgun_than_baseline,slower_than_baseline,more_efficient_than_baseline
143,DET,20,leading_early_down,296,strong,64.4140625,64.4140625,32.8125,96.09375,89.58333333333333,71.875,100.0,0.016000000000000014,-0.016000000000000014,-0.20729999999999998,-0.013500000000000005,0.2077,0.06640000000000001,0.03569999999999998,close_to_baseline_run_pass_split,less_shotgun_than_baseline,close_to_baseline_tempo,more_efficient_than_baseline
144,JAX,6,red_zone,203,strong,64.375,64.375,64.0625,68.75,46.875,63.28125,100.0,-0.059599999999999986,0.059599999999999986,-0.07269999999999999,-0.0699,-0.0179,0.040700000000000014,-0.006900000000000003,more_run_heavy_than_baseline,less_shotgun_than_baseline,slower_than_baseline,close_to_baseline_efficiency
145,NE,21,trailing_early_down,219,strong,64.3359375,64.3359375,50.78125,89.0625,78.125,25.0,100.0,0.008299999999999974,-0.00830000000000003,-0.2091,-0.0998,0.1388,0.05059999999999998,0.024599999999999983,close_to_baseline_run_pass_split,less_shotgun_than_baseline,slower_than_baseline,more_efficient_than_baseline
146,DET,1,all_offense,1050,strong,64.31640625,64.31640625,50.0,78.515625,67.70833333333333,70.3125,100.0,0.015800000000000036,-0.015800000000000036,-0.1815,-0.04290000000000001,0.0867,0.017900000000000027,0.014800000000000008,close_to_baseline_run_pass_split,less_shotgun_than_baseline,slower_than_baseline,more_efficient_than_baseline
147,NE,19,tied_early_down,144,strong,64.1796875,64.1796875,50.0,82.03125,88.02083333333333,29.6875,100.0,-0.012200000000000044,0.012199999999999989,-0.11980000000000002,-0.05790000000000001,0.10010000000000001,0.01649999999999996,0.038199999999999984,close_to_baseline_run_pass_split,less_shotgun_than_baseline,slower_than_baseline,more_efficient_than_baseline
148,GB,15,leading_one_score,274,strong,64.140625,64.140625,39.84375,89.84375,92.70833333333333,48.4375,100.0,-0.04139999999999999,0.04139999999999999,-0.07120000000000004,-0.0203,0.2354,0.0686,0.0587,close_to_baseline_run_pass_split,less_shotgun_than_baseline,slower_than_baseline,more_efficient_than_baseline
149,GB,18,trailing_two_plus_scores,92,good,64.13906250000001,71.265625,68.75,82.8125,67.70833333333333,54.6875,80.0,-0.12270000000000003,0.12269999999999998,-0.13459999999999994,0.0048000000000000265,0.1999,0.10019999999999996,0.02360000000000001,more_run_heavy_than_baseline,less_shotgun_than_baseline,close_to_baseline_tempo,more_efficient_than_baseline
150,SEA,11,neutral_early_down,396,strong,63.984375,63.984375,51.5625,78.125,79.16666666666667,43.75,100.0,-0.034099999999999964,0.034099999999999964,-0.24939999999999996,-0.0097,0.0587,0.030600000000000016,0.0325,close_to_baseline_run_pass_split,less_shotgun_than_baseline,close_to_baseline_tempo,more_efficient_than_baseline
151,NE,12,tied,178,strong,63.8671875,63.8671875,52.34375,75.0,88.54166666666667,32.8125,100.0,-0.018500000000000072,0.018500000000000016,-0.12259999999999993,-0.0547,0.1146,0.022999999999999965,0.026599999999999985,close_to_baseline_run_pass_split,less_shotgun_than_baseline,slower_than_baseline,more_efficient_than_baseline
152,WAS,17,trailing_one_score,292,strong,63.80859375,63.80859375,74.21875,44.140625,53.125,64.0625,100.0,-0.03859999999999997,0.03860000000000002,0.14329999999999998,0.5596,0.0276,-0.007800000000000029,0.0032000000000000084,close_to_baseline_run_pass_split,more_shotgun_than_baseline,faster_than_baseline,close_to_baseline_efficiency
153,NE,17,trailing_one_score,249,strong,63.59375,63.59375,58.59375,75.78125,75.0,20.3125,100.0,0.021700000000000053,-0.021699999999999997,-0.15000000000000002,-0.0887,0.1167,0.046599999999999975,0.03090000000000001,close_to_baseline_run_pass_split,less_shotgun_than_baseline,slower_than_baseline,more_efficient_than_baseline
154,NYG,15,leading_one_score,246,strong,63.5546875,63.5546875,67.1875,53.90625,72.91666666666667,39.0625,100.0,-0.04630000000000001,0.04630000000000001,0.07740000000000002,0.1486,0.017100000000000004,-0.01319999999999999,0.023800000000000016,close_to_baseline_run_pass_split,more_shotgun_than_baseline,faster_than_baseline,close_to_baseline_efficiency
155,ATL,2,early_down,799,strong,63.4765625,63.4765625,46.875,66.40625,82.29166666666667,84.375,100.0,-0.03269999999999995,0.03270000000000001,0.14490000000000003,-0.004699999999999996,0.0666,0.021699999999999997,0.021600000000000008,close_to_baseline_run_pass_split,more_shotgun_than_baseline,close_to_baseline_tempo,more_efficient_than_baseline
156,GB,6,red_zone,169,strong,63.45703125,63.45703125,46.875,66.015625,95.83333333333333,64.84375,100.0,-0.05910000000000004,0.05910000000000004,-0.043500000000000094,0.029799999999999993,0.075,0.039100000000000024,0.043500000000000004,more_run_heavy_than_baseline,close_to_baseline_shotgun_usage,faster_than_baseline,more_efficient_than_baseline
157,NE,13,leading,548,strong,63.3203125,63.3203125,42.96875,92.1875,78.125,42.1875,100.0,-0.011299999999999977,0.011299999999999977,-0.09750000000000003,-0.050499999999999996,0.15430000000000002,0.054900000000000004,0.028500000000000025,close_to_baseline_run_pass_split,less_shotgun_than_baseline,slower_than_baseline,more_efficient_than_baseline
158,SEA,6,red_zone,166,strong,63.3203125,63.3203125,71.875,44.53125,48.958333333333336,75.0,100.0,-0.07519999999999999,0.07520000000000004,-0.29140000000000005,-0.0403,-0.0078,-0.018799999999999983,-0.0030000000000000027,more_run_heavy_than_baseline,less_shotgun_than_baseline,slower_than_baseline,close_to_baseline_efficiency
159,NE,11,neutral_early_down,471,strong,63.28125,63.28125,41.40625,96.09375,82.29166666666667,32.8125,100.0,0.009300000000000086,-0.009299999999999975,-0.12290000000000001,-0.06430000000000001,0.1344,0.07050000000000006,0.029799999999999993,close_to_baseline_run_pass_split,less_shotgun_than_baseline,slower_than_baseline,more_efficient_than_baseline
160,PHI,2,early_down,765,strong,63.26171875,63.26171875,68.359375,48.4375,54.166666666666664,72.65625,100.0,-0.03309999999999996,0.03309999999999996,0.10670000000000002,0.1254,0.0033999999999999994,0.00269999999999998,-0.0003999999999999837,close_to_baseline_run_pass_split,more_shotgun_than_baseline,faster_than_baseline,close_to_baseline_efficiency
161,CHI,11,neutral_early_down,484,strong,63.06640625,63.06640625,36.71875,87.109375,78.125,80.46875,100.0,-0.0029000000000000137,0.0029000000000000137,-0.20879999999999999,-0.0442,0.097,0.03610000000000002,0.025099999999999983,close_to_baseline_run_pass_split,less_shotgun_than_baseline,slower_than_baseline,more_efficient_than_baseline
162,LA,20,leading_early_down,379,strong,62.8125,62.8125,39.0625,96.875,65.10416666666667,62.5,100.0,0.017600000000000005,-0.01760000000000006,-0.30110000000000003,-0.020800000000000006,0.1503,0.10160000000000002,0.014599999999999974,close_to_baseline_run_pass_split,less_shotgun_than_baseline,slower_than_baseline,more_efficient_than_baseline
163,NYG,1,all_offense,1075,strong,62.8125,62.8125,73.4375,39.0625,61.458333333333336,57.8125,100.0,-0.04069999999999996,0.040700000000000014,0.07350000000000001,0.111,0.0157,-0.015000000000000013,0.0030000000000000027,close_to_baseline_run_pass_split,more_shotgun_than_baseline,faster_than_baseline,close_to_baseline_efficiency
164,BAL,18,trailing_two_plus_scores,160,strong,62.7734375,62.7734375,75.78125,54.6875,39.583333333333336,40.625,100.0,-0.10820000000000007,0.10830000000000001,-0.06009999999999993,-0.10339999999999999,-0.005499999999999998,0.030100000000000016,-0.00979999999999999,more_run_heavy_than_baseline,less_shotgun_than_baseline,slower_than_baseline,close_to_baseline_efficiency
165,JAX,21,trailing_early_down,242,strong,62.65625,62.65625,43.75,84.375,88.54166666666667,35.9375,100.0,0.029900000000000038,-0.029900000000000038,-0.06630000000000003,0.011200000000000015,0.0902,0.04959999999999998,0.03459999999999999,close_to_baseline_run_pass_split,less_shotgun_than_baseline,close_to_baseline_tempo,more_efficient_than_baseline
166,KC,2,early_down,797,strong,62.65625,62.65625,73.4375,46.875,50.520833333333336,53.125,100.0,0.04630000000000001,-0.04630000000000001,0.1381,-0.0772,0.0229,0.007799999999999974,-0.004399999999999987,close_to_baseline_run_pass_split,more_shotgun_than_baseline,slower_than_baseline,close_to_baseline_efficiency
167,IND,7,goal_to_go,69,good,62.62734375,69.5859375,49.21875,98.4375,67.70833333333333,86.71875,80.0,-0.09889999999999999,0.09889999999999999,0.041200000000000014,0.015300000000000008,0.3844,0.11269999999999997,0.0071,more_run_heavy_than_baseline,close_to_baseline_shotgun_usage,close_to_baseline_tempo,more_efficient_than_baseline
168,WAS,7,goal_to_go,63,good,62.4515625,69.390625,74.21875,63.28125,73.4375,51.5625,80.0,-0.0947,0.0947,0.10330000000000006,0.3742,0.1037,0.03820000000000001,0.0085,more_run_heavy_than_baseline,more_shotgun_than_baseline,faster_than_baseline,more_efficient_than_baseline
169,CIN,17,trailing_one_score,338,strong,62.421875,62.421875,87.5,35.9375,25.0,53.125,100.0,0.09850000000000003,-0.09849999999999998,0.118,-0.08410000000000001,-0.062,-0.02210000000000001,-0.0155,more_dropback_heavy_than_baseline,more_shotgun_than_baseline,slower_than_baseline,less_efficient_than_baseline
170,ARI,8,two_minute_half,128,strong,62.40234375,62.40234375,57.8125,57.421875,79.16666666666667,51.5625,100.0,0.08540000000000003,-0.0854,0.051899999999999946,0.008500000000000008,0.0206,0.00660000000000005,0.044800000000000006,more_dropback_heavy_than_baseline,more_shotgun_than_baseline,close_to_baseline_tempo,close_to_baseline_efficiency
171,BAL,21,trailing_early_down,313,strong,62.3828125,62.3828125,80.46875,32.8125,71.875,21.875,100.0,-0.10109999999999997,0.10109999999999997,-0.06459999999999999,-0.1021,-0.053,-0.00030000000000002247,0.01949999999999999,more_run_heavy_than_baseline,less_shotgun_than_baseline,slower_than_baseline,less_efficient_than_baseline
172,PHI,7,goal_to_go,55,good,62.3109375,69.234375,51.5625,93.75,76.04166666666667,71.875,80.0,-0.11210000000000003,0.11209999999999998,0.007199999999999984,0.023000000000000007,0.315,0.0711,0.0108,more_run_heavy_than_baseline,close_to_baseline_shotgun_usage,faster_than_baseline,more_efficient_than_baseline
173,DAL,17,trailing_one_score,327,strong,62.2265625,62.2265625,48.4375,74.21875,53.125,89.0625,100.0,0.0393,-0.0393,-0.05570000000000008,-0.010000000000000009,0.1568,0.022499999999999964,0.0068999999999999895,close_to_baseline_run_pass_split,less_shotgun_than_baseline,close_to_baseline_tempo,more_efficient_than_baseline
174,BAL,3,third_down,201,strong,62.01171875,62.01171875,72.265625,53.90625,52.604166666666664,31.25,100.0,-0.06779999999999997,0.06780000000000003,-0.04459999999999997,-0.0527,-0.014400000000000003,-0.0013000000000000234,-0.006099999999999994,more_run_heavy_than_baseline,close_to_baseline_shotgun_usage,slower_than_baseline,close_to_baseline_efficiency
175,SF,12,tied,255,strong,61.9921875,61.9921875,33.59375,96.875,64.58333333333333,79.6875,100.0,-0.0031999999999999806,0.003200000000000036,-0.12629999999999997,-0.0402,0.1396,0.07829999999999993,0.002599999999999991,close_to_baseline_run_pass_split,less_shotgun_than_baseline,slower_than_baseline,more_efficient_than_baseline
176,IND,15,leading_one_score,217,strong,61.9140625,61.9140625,59.375,60.15625,56.25,67.1875,100.0,0.028100000000000014,-0.02809999999999996,0.09340000000000004,-0.0612,0.0856,0.00539999999999996,0.008200000000000013,close_to_baseline_run_pass_split,more_shotgun_than_baseline,slower_than_baseline,more_efficient_than_baseline
177,NYG,10,one_score,712,strong,61.7578125,61.7578125,70.3125,44.53125,58.854166666666664,51.5625,100.0,-0.04249999999999998,0.04249999999999998,0.054300000000000015,0.1286,0.015200000000000002,-0.018400000000000027,0.0015999999999999903,close_to_baseline_run_pass_split,more_shotgun_than_baseline,faster_than_baseline,close_to_baseline_efficiency
178,CHI,20,leading_early_down,299,strong,61.71875,61.71875,48.4375,56.25,84.375,82.03125,100.0,-0.022099999999999953,0.02210000000000001,-0.2243,-0.034100000000000005,0.0791,0.0012000000000000344,0.0441,close_to_baseline_run_pass_split,less_shotgun_than_baseline,slower_than_baseline,more_efficient_than_baseline
179,KC,19,tied_early_down,171,strong,61.6796875,61.6796875,75.0,36.71875,61.458333333333336,45.3125,100.0,0.06309999999999999,-0.06310000000000004,0.18359999999999999,-0.0543,-0.0677,0.008499999999999952,0.00020000000000000573,more_dropback_heavy_than_baseline,more_shotgun_than_baseline,slower_than_baseline,less_efficient_than_baseline
180,BAL,17,trailing_one_score,260,strong,61.5625,61.5625,68.75,43.75,85.41666666666667,18.75,100.0,-0.05449999999999999,0.05449999999999999,-0.027800000000000047,-0.07400000000000001,-0.035699999999999996,-0.012400000000000022,0.03159999999999999,more_run_heavy_than_baseline,close_to_baseline_shotgun_usage,slower_than_baseline,less_efficient_than_baseline
181,HOU,16,leading_two_plus_scores,194,strong,61.53225806451612,61.53225806451612,58.064516129032256,66.12903225806451,53.76344086021505,58.064516129032256,100.0,0.07980000000000004,-0.07979999999999998,0.0041999999999999815,-0.048299999999999996,0.0558,0.02290000000000003,-0.003500000000000003,more_dropback_heavy_than_baseline,close_to_baseline_shotgun_usage,slower_than_baseline,more_efficient_than_baseline
182,PHI,14,trailing,312,strong,61.46484375,61.46484375,50.78125,64.453125,77.08333333333333,59.375,100.0,-0.009099999999999997,0.009099999999999997,0.09539999999999993,0.1631,0.058499999999999996,0.02510000000000001,0.022199999999999998,close_to_baseline_run_pass_split,more_shotgun_than_baseline,faster_than_baseline,more_efficient_than_baseline
183,DET,16,leading_two_plus_scores,195,strong,61.41129032258064,61.41129032258064,50.403225806451616,74.59677419354838,60.215053763440864,60.483870967741936,100.0,0.03090000000000004,-0.030899999999999928,-0.1629,-0.033,0.0963,0.020600000000000007,0.0010000000000000009,close_to_baseline_run_pass_split,less_shotgun_than_baseline,slower_than_baseline,more_efficient_than_baseline
184,SF,11,neutral_early_down,469,strong,61.38671875,61.38671875,62.5,65.234375,55.208333333333336,36.71875,100.0,0.03500000000000003,-0.034999999999999976,-0.1421,-0.04710000000000001,0.028900000000000002,0.038500000000000034,-0.005700000000000011,close_to_baseline_run_pass_split,less_shotgun_than_baseline,slower_than_baseline,close_to_baseline_efficiency
185,DEN,14,trailing,422,strong,61.328125,61.328125,35.9375,81.25,66.66666666666667,98.4375,100.0,0.02079999999999993,-0.020799999999999985,-0.01860000000000006,0.029200000000000004,0.211,0.020899999999999974,0.020100000000000007,close_to_baseline_run_pass_split,close_to_baseline_shotgun_usage,faster_than_baseline,more_efficient_than_baseline
186,ARI,6,red_zone,165,strong,61.2890625,61.2890625,78.125,38.28125,66.66666666666667,15.625,100.0,0.18799999999999994,-0.188,0.1411,0.032799999999999996,-0.08020000000000001,-0.034499999999999975,0.0215,more_dropback_heavy_than_baseline,more_shotgun_than_baseline,faster_than_baseline,less_efficient_than_baseline
187,SF,1,all_offense,1060,strong,61.171875,61.171875,46.09375,86.71875,44.791666666666664,70.3125,100.0,-0.009499999999999953,0.009500000000000008,-0.1552,-0.0671,0.0945,0.04849999999999999,-0.006399999999999989,close_to_baseline_run_pass_split,less_shotgun_than_baseline,slower_than_baseline,more_efficient_than_baseline
188,CIN,14,trailing,596,strong,60.9765625,60.9765625,82.8125,38.28125,34.895833333333336,39.0625,100.0,0.07379999999999998,-0.07379999999999998,0.11659999999999993,-0.0978,-0.0608,-0.011900000000000022,-0.0058,more_dropback_heavy_than_baseline,more_shotgun_than_baseline,slower_than_baseline,less_efficient_than_baseline
189,CIN,7,goal_to_go,61,good,60.975,67.75,92.1875,50.0,39.0625,39.0625,80.0,0.16359999999999997,-0.16359999999999997,0.24150000000000005,-0.0861,-0.258,-0.028200000000000003,-0.0074,more_dropback_heavy_than_baseline,more_shotgun_than_baseline,slower_than_baseline,less_efficient_than_baseline
190,PHI,21,trailing_early_down,246,strong,60.95703125,60.95703125,58.59375,58.984375,62.5,54.6875,100.0,-0.016699999999999937,0.016699999999999993,0.12250000000000005,0.19150000000000003,0.0050999999999999995,0.025399999999999978,0.0116,close_to_baseline_run_pass_split,more_shotgun_than_baseline,faster_than_baseline,close_to_baseline_efficiency
191,SEA,10,one_score,639,strong,60.9375,60.9375,57.8125,64.0625,70.83333333333333,32.8125,100.0,-0.03289999999999993,0.032899999999999985,-0.21169999999999994,-0.015899999999999997,0.034899999999999994,0.02479999999999999,0.015499999999999986,close_to_baseline_run_pass_split,less_shotgun_than_baseline,close_to_baseline_tempo,more_efficient_than_baseline
192,NYG,13,leading,371,strong,60.859375,60.859375,63.28125,50.78125,79.16666666666667,28.125,100.0,-0.029600000000000015,0.02959999999999996,0.11080000000000001,0.13879999999999998,0.027500000000000004,-0.009099999999999997,0.0179,close_to_baseline_run_pass_split,more_shotgun_than_baseline,faster_than_baseline,close_to_baseline_efficiency
193,LA,7,goal_to_go,91,good,60.79921875,67.5546875,62.5,92.96875,39.0625,63.28125,80.0,0.04079999999999995,-0.0408,-0.3912,-0.0751,0.302,0.13340000000000002,-0.0074,close_to_baseline_run_pass_split,less_shotgun_than_baseline,slower_than_baseline,more_efficient_than_baseline
194,DAL,3,third_down,205,strong,60.68359375,60.68359375,60.15625,55.078125,50.0,73.4375,100.0,0.07990000000000008,-0.0799,0.016900000000000026,-0.004599999999999993,0.0862,0.009899999999999964,0.0010999999999999899,more_dropback_heavy_than_baseline,close_to_baseline_shotgun_usage,close_to_baseline_tempo,more_efficient_than_baseline
195,GB,7,goal_to_go,54,good,60.4125,67.125,67.1875,85.9375,39.0625,55.46875,80.0,-0.1053,0.10530000000000006,-0.09250000000000003,0.06200000000000001,0.18580000000000002,0.17309999999999998,-0.0074,more_run_heavy_than_baseline,less_shotgun_than_baseline,faster_than_baseline,more_efficient_than_baseline
196,CIN,9,two_minute_game,63,good,60.394921875,67.10546875,51.171875,85.9375,69.79166666666667,81.25,80.0,0.09600000000000009,-0.09599999999999997,0.11919999999999997,-0.029700000000000004,0.2126,0.06609999999999999,0.0637,more_dropback_heavy_than_baseline,more_shotgun_than_baseline,slower_than_baseline,more_efficient_than_baseline
197,CIN,12,tied,159,strong,60.29296875,60.29296875,58.984375,75.0,8.333333333333334,87.5,100.0,0.020100000000000007,-0.02009999999999995,0.13119999999999998,-0.0716,0.0853,0.05359999999999998,-0.05520000000000001,close_to_baseline_run_pass_split,more_shotgun_than_baseline,slower_than_baseline,more_efficient_than_baseline
198,JAX,19,tied_early_down,209,strong,60.2734375,60.2734375,50.0,75.78125,42.708333333333336,74.21875,100.0,0.047199999999999964,-0.04720000000000002,-0.08919999999999995,-0.028700000000000003,0.06420000000000001,0.01749999999999996,-0.018500000000000003,close_to_baseline_run_pass_split,less_shotgun_than_baseline,slower_than_baseline,more_efficient_than_baseline
199,BUF,17,trailing_one_score,264,strong,60.078125,60.078125,53.90625,72.65625,65.625,28.125,100.0,-0.024800000000000044,0.02479999999999999,-0.13680000000000003,-0.048,0.1325,0.03799999999999998,0.02529999999999999,close_to_baseline_run_pass_split,less_shotgun_than_baseline,slower_than_baseline,more_efficient_than_baseline
200,JAX,5,short_yardage,101,strong,60.0390625,60.0390625,76.5625,33.59375,46.875,51.5625,100.0,-0.10010000000000002,0.10009999999999997,-0.12630000000000002,-0.085,-0.1234,-0.03169999999999995,-0.011399999999999993,more_run_heavy_than_baseline,less_shotgun_than_baseline,slower_than_baseline,less_efficient_than_baseline
201,LA,16,leading_two_plus_scores,260,strong,60.020161290322584,60.020161290322584,40.32258064516129,84.2741935483871,45.16129032258064,90.32258064516128,100.0,-0.017799999999999983,0.017800000000000038,-0.22450000000000003,-0.016300000000000002,0.09,0.06670000000000004,-0.01440000000000001,close_to_baseline_run_pass_split,less_shotgun_than_baseline,close_to_baseline_tempo,more_efficient_than_baseline
202,NO,15,leading_one_score,80,good,59.95546875,66.6171875,75.0,46.09375,57.8125,86.71875,80.0,0.09089999999999998,-0.09089999999999998,0.06259999999999999,0.1125,0.0819,-0.02779999999999999,0.015300000000000008,more_dropback_heavy_than_baseline,more_shotgun_than_baseline,faster_than_baseline,more_efficient_than_baseline
203,CAR,15,leading_one_score,121,strong,59.921875,59.921875,83.59375,17.96875,26.041666666666668,89.0625,100.0,-0.1291,0.1291,-0.12519999999999998,-0.050199999999999995,-0.1284,-0.03939999999999999,-0.02729999999999999,more_run_heavy_than_baseline,less_shotgun_than_baseline,slower_than_baseline,less_efficient_than_baseline
204,MIN,6,red_zone,146,strong,59.6875,59.6875,63.28125,42.96875,84.89583333333333,27.34375,100.0,0.0998,-0.0998,-0.10410000000000008,-0.019199999999999995,-0.0849,-0.004599999999999993,0.024100000000000003,more_dropback_heavy_than_baseline,less_shotgun_than_baseline,close_to_baseline_tempo,less_efficient_than_baseline
205,KC,1,all_offense,1045,strong,59.66796875,59.66796875,69.53125,53.515625,39.583333333333336,40.625,100.0,0.02729999999999999,-0.02729999999999999,0.1129,-0.07900000000000001,0.0393,0.009500000000000008,-0.009400000000000006,close_to_baseline_run_pass_split,more_shotgun_than_baseline,slower_than_baseline,more_efficient_than_baseline
206,DAL,10,one_score,677,strong,59.609375,59.609375,39.84375,78.90625,56.25,85.15625,100.0,0.017000000000000015,-0.017000000000000015,-0.07729999999999992,-0.019799999999999998,0.1227,0.02839999999999998,0.007099999999999995,close_to_baseline_run_pass_split,less_shotgun_than_baseline,close_to_baseline_tempo,more_efficient_than_baseline
207,ARI,18,trailing_two_plus_scores,355,strong,59.3359375,59.3359375,54.6875,60.15625,53.125,67.1875,100.0,0.05819999999999992,-0.05820000000000003,0.033399999999999985,0.0683,0.0755,0.021100000000000008,0.00940000000000002,more_dropback_heavy_than_baseline,close_to_baseline_shotgun_usage,faster_than_baseline,more_efficient_than_baseline
208,CIN,5,short_yardage,109,strong,59.31640625,59.31640625,57.03125,68.359375,23.958333333333332,79.6875,100.0,0.02849999999999997,-0.02849999999999997,0.25680000000000003,-0.10000000000000002,0.14629999999999999,0.055300000000000016,-0.026400000000000007,close_to_baseline_run_pass_split,more_shotgun_than_baseline,slower_than_baseline,more_efficient_than_baseline
209,ARI,21,trailing_early_down,466,strong,59.296875,59.296875,65.625,54.6875,36.458333333333336,56.25,100.0,0.10970000000000002,-0.10970000000000002,0.01639999999999997,0.0539,0.0166,0.006199999999999983,-0.008400000000000005,more_dropback_heavy_than_baseline,close_to_baseline_shotgun_usage,faster_than_baseline,close_to_baseline_efficiency
210,ATL,11,neutral_early_down,523,strong,59.23828125,59.23828125,41.40625,63.671875,70.83333333333333,90.625,100.0,-0.03199999999999997,0.03199999999999997,0.13470000000000004,-0.00520000000000001,0.0842,0.02360000000000001,0.012499999999999983,close_to_baseline_run_pass_split,more_shotgun_than_baseline,close_to_baseline_tempo,more_efficient_than_baseline
211,MIN,20,leading_early_down,223,strong,59.23828125,59.23828125,70.3125,48.828125,56.25,19.53125,100.0,-0.04319999999999996,0.043200000000000016,-0.19880000000000003,-0.044000000000000004,-0.0264,0.016000000000000014,0.0058,close_to_baseline_run_pass_split,less_shotgun_than_baseline,slower_than_baseline,close_to_baseline_efficiency
212,MIA,15,leading_one_score,166,strong,59.21875,59.21875,45.3125,73.4375,57.291666666666664,68.75,100.0,0.026100000000000012,-0.026099999999999957,0.0665,-0.0509,0.1103,0.005899999999999961,0.00990000000000002,close_to_baseline_run_pass_split,more_shotgun_than_baseline,slower_than_baseline,more_efficient_than_baseline
213,IND,3,third_down,193,strong,59.1015625,59.1015625,39.84375,71.875,69.27083333333333,78.125,100.0,-0.018799999999999928,0.018799999999999983,0.0010999999999999899,-0.0771,0.17629999999999998,0.021399999999999975,0.009899999999999992,close_to_baseline_run_pass_split,close_to_baseline_shotgun_usage,slower_than_baseline,more_efficient_than_baseline
214,HOU,8,two_minute_half,125,strong,59.0625,59.0625,64.84375,27.34375,81.25,58.59375,100.0,-0.04690000000000005,0.0469,-0.07779999999999998,-0.09939999999999999,-0.0018000000000000004,-0.047099999999999975,0.04090000000000002,close_to_baseline_run_pass_split,less_shotgun_than_baseline,slower_than_baseline,close_to_baseline_efficiency
215,JAX,3,third_down,211,strong,59.00390625,59.00390625,46.09375,60.546875,87.5,50.0,100.0,-0.04799999999999993,0.04799999999999999,0.00040000000000006697,-0.04479999999999999,0.1277,0.011799999999999977,0.049199999999999994,close_to_baseline_run_pass_split,close_to_baseline_shotgun_usage,slower_than_baseline,more_efficient_than_baseline
216,SF,6,red_zone,196,strong,58.984375,58.984375,45.3125,90.625,12.5,90.625,100.0,-0.008000000000000007,0.008000000000000007,-0.14360000000000006,-0.0792,0.1968,0.04189999999999999,-0.0308,close_to_baseline_run_pass_split,less_shotgun_than_baseline,slower_than_baseline,more_efficient_than_baseline
217,SF,8,two_minute_half,126,strong,58.984375,58.984375,47.65625,63.28125,52.083333333333336,89.0625,100.0,0.03490000000000004,-0.034900000000000014,-0.06030000000000002,-0.06019999999999999,0.0878,0.04520000000000002,-9.999999999998899e-05,close_to_baseline_run_pass_split,less_shotgun_than_baseline,slower_than_baseline,more_efficient_than_baseline
218,JAX,11,neutral_early_down,412,strong,58.96484375,58.96484375,44.53125,64.453125,58.333333333333336,90.625,100.0,0.0343,-0.0343,-0.08940000000000003,-0.012700000000000003,0.074,0.02210000000000001,0.008599999999999997,close_to_baseline_run_pass_split,less_shotgun_than_baseline,close_to_baseline_tempo,more_efficient_than_baseline
219,MIN,13,leading,289,strong,58.9453125,58.9453125,71.09375,48.4375,55.208333333333336,15.625,100.0,-0.03689999999999999,0.036900000000000044,-0.1652,-0.0445,-0.0552,0.005599999999999994,0.002700000000000008,close_to_baseline_run_pass_split,less_shotgun_than_baseline,slower_than_baseline,less_efficient_than_baseline
220,NYG,11,neutral_early_down,439,strong,58.90625,58.90625,77.34375,42.96875,35.9375,29.6875,100.0,-0.05679999999999996,0.05680000000000002,0.08250000000000002,0.1856,0.005700000000000002,-0.008599999999999997,-0.019000000000000017,more_run_heavy_than_baseline,more_shotgun_than_baseline,faster_than_baseline,close_to_baseline_efficiency
221,DET,6,red_zone,190,strong,58.8671875,58.8671875,39.0625,69.53125,75.52083333333333,75.78125,100.0,0.028699999999999948,-0.028700000000000003,-0.12730000000000008,-0.026099999999999998,0.1466,-0.017100000000000004,0.012000000000000004,close_to_baseline_run_pass_split,less_shotgun_than_baseline,slower_than_baseline,more_efficient_than_baseline
222,SF,10,one_score,736,strong,58.8671875,58.8671875,42.1875,86.71875,41.145833333333336,70.3125,100.0,0.0043000000000000815,-0.0042999999999999705,-0.13159999999999994,-0.051000000000000004,0.1081,0.05359999999999998,-0.0068000000000000005,close_to_baseline_run_pass_split,less_shotgun_than_baseline,slower_than_baseline,more_efficient_than_baseline
223,IND,6,red_zone,187,strong,58.828125,58.828125,39.84375,86.71875,41.666666666666664,79.6875,100.0,-0.0484,0.0484,0.030899999999999928,-0.0357,0.1809,0.03749999999999998,-0.008400000000000005,close_to_baseline_run_pass_split,close_to_baseline_shotgun_usage,slower_than_baseline,more_efficient_than_baseline
224,BAL,8,two_minute_half,106,strong,58.7890625,58.7890625,74.21875,39.0625,65.625,7.8125,100.0,-0.08399999999999996,0.08400000000000002,-0.047599999999999976,-0.10679999999999999,-0.0816,0.0014000000000000123,0.014399999999999996,more_run_heavy_than_baseline,close_to_baseline_shotgun_usage,slower_than_baseline,less_efficient_than_baseline
225,SEA,16,leading_two_plus_scores,292,strong,58.74999999999999,58.74999999999999,47.58064516129032,66.12903225806451,78.49462365591398,40.32258064516129,100.0,-0.04189999999999999,0.04190000000000005,-0.193,-0.010700000000000001,-0.009600000000000001,0.019600000000000006,0.023499999999999993,close_to_baseline_run_pass_split,less_shotgun_than_baseline,close_to_baseline_tempo,close_to_baseline_efficiency
226,ARI,14,trailing,618,strong,58.7109375,58.7109375,62.5,52.34375,44.791666666666664,57.8125,100.0,0.08429999999999993,-0.08429999999999999,0.014599999999999946,0.04469999999999999,0.006399999999999998,0.005299999999999971,0.002700000000000008,more_dropback_heavy_than_baseline,close_to_baseline_shotgun_usage,faster_than_baseline,close_to_baseline_efficiency
227,NE,3,third_down,195,strong,58.7109375,58.7109375,43.75,74.21875,72.91666666666667,45.3125,100.0,-0.0006999999999999229,0.0007000000000000339,-0.05940000000000001,-0.0824,0.1726,0.047599999999999976,0.04419999999999999,close_to_baseline_run_pass_split,less_shotgun_than_baseline,slower_than_baseline,more_efficient_than_baseline
228,TB,17,trailing_one_score,291,strong,58.671875,58.671875,30.078125,88.671875,58.333333333333336,92.1875,100.0,-0.02290000000000003,0.022899999999999976,-0.015300000000000091,-0.025800000000000003,0.1805,0.055499999999999994,0.007099999999999995,close_to_baseline_run_pass_split,close_to_baseline_shotgun_usage,slower_than_baseline,more_efficient_than_baseline
229,IND,11,neutral_early_down,423,strong,58.6328125,58.6328125,39.84375,81.25,78.125,36.71875,100.0,0.027000000000000024,-0.02699999999999997,0.059699999999999975,-0.04530000000000001,0.0903,0.043200000000000016,0.028299999999999992,close_to_baseline_run_pass_split,more_shotgun_than_baseline,slower_than_baseline,more_efficient_than_baseline
230,PIT,20,leading_early_down,295,strong,58.61328125,58.61328125,48.4375,72.265625,50.0,62.5,100.0,0.05830000000000002,-0.05830000000000002,-0.02970000000000006,0.023999999999999994,0.0742,0.051100000000000034,-0.0010000000000000009,more_dropback_heavy_than_baseline,close_to_baseline_shotgun_usage,faster_than_baseline,more_efficient_than_baseline
231,KC,10,one_score,789,strong,58.57421875,58.57421875,75.78125,44.140625,30.208333333333332,39.0625,100.0,0.04590000000000005,-0.045899999999999996,0.11760000000000004,-0.066,-0.0034000000000000002,0.009199999999999986,-0.015300000000000008,close_to_baseline_run_pass_split,more_shotgun_than_baseline,slower_than_baseline,close_to_baseline_efficiency
232,DET,14,trailing,470,strong,58.515625,58.515625,64.84375,33.59375,63.541666666666664,64.0625,100.0,0.03289999999999993,-0.032899999999999985,-0.14650000000000007,-0.0605,-0.0005000000000000004,-0.02360000000000001,0.021600000000000008,close_to_baseline_run_pass_split,less_shotgun_than_baseline,slower_than_baseline,close_to_baseline_efficiency
233,MIA,10,one_score,538,strong,58.37890625,58.37890625,46.875,66.015625,81.25,35.9375,100.0,-0.022199999999999998,0.022199999999999998,0.033400000000000096,-0.0547,0.0713,0.009199999999999986,0.0174,close_to_baseline_run_pass_split,close_to_baseline_shotgun_usage,slower_than_baseline,more_efficient_than_baseline
234,NE,20,leading_early_down,431,strong,58.1640625,58.1640625,37.5,88.28125,69.79166666666667,37.5,100.0,-0.010599999999999998,0.010599999999999943,-0.11149999999999999,-0.047700000000000006,0.1303,0.05680000000000002,0.0199,close_to_baseline_run_pass_split,less_shotgun_than_baseline,slower_than_baseline,more_efficient_than_baseline
235,CAR,20,leading_early_down,124,strong,58.046875,58.046875,86.71875,16.40625,6.25,89.84375,100.0,-0.13229999999999997,0.13229999999999997,-0.15610000000000002,-0.0548,-0.1209,-0.03639999999999999,-0.060600000000000015,more_run_heavy_than_baseline,less_shotgun_than_baseline,slower_than_baseline,less_efficient_than_baseline
236,WAS,16,leading_two_plus_scores,82,good,58.03548387096776,64.48387096774195,62.903225806451616,66.12903225806451,86.02150537634408,27.41935483870968,80.0,-0.017299999999999982,0.017300000000000093,0.33309999999999995,0.4536,0.013399999999999995,0.06220000000000003,0.03319999999999998,close_to_baseline_run_pass_split,more_shotgun_than_baseline,faster_than_baseline,close_to_baseline_efficiency
237,MIA,2,early_down,724,strong,57.9296875,57.9296875,45.3125,57.03125,85.41666666666667,54.6875,100.0,-0.03149999999999997,0.03150000000000003,0.018000000000000016,-0.0699,0.0256,-0.00020000000000003348,0.024999999999999994,close_to_baseline_run_pass_split,close_to_baseline_shotgun_usage,slower_than_baseline,close_to_baseline_efficiency
238,NE,18,trailing_two_plus_scores,39,thin,57.84375,77.125,71.875,100.0,74.47916666666667,58.59375,55.0,0.1179,-0.1179,-0.15659999999999996,-0.011399999999999993,0.4699,0.13170000000000004,0.0252,more_dropback_heavy_than_baseline,less_shotgun_than_baseline,close_to_baseline_tempo,more_efficient_than_baseline
239,MIA,13,leading,340,strong,57.8125,57.8125,57.03125,50.78125,60.9375,53.125,100.0,-0.033399999999999985,0.033399999999999985,0.07599999999999996,-0.0569,0.0293,-0.02100000000000002,0.005500000000000005,close_to_baseline_run_pass_split,more_shotgun_than_baseline,slower_than_baseline,close_to_baseline_efficiency
240,LA,4,fourth_down,30,thin,57.755859375,77.0078125,75.0,91.40625,73.95833333333333,65.625,55.0,-0.08920000000000006,0.0892,-0.20830000000000004,-0.0943,0.8632,0.15569999999999995,0.045799999999999993,more_run_heavy_than_baseline,less_shotgun_than_baseline,slower_than_baseline,more_efficient_than_baseline
241,PIT,3,third_down,208,strong,57.75390625,57.75390625,50.0,69.140625,40.625,68.75,100.0,0.039100000000000024,-0.039099999999999996,0.03259999999999996,0.01830000000000001,0.1136,0.003699999999999981,-0.010599999999999998,close_to_baseline_run_pass_split,close_to_baseline_shotgun_usage,close_to_baseline_tempo,more_efficient_than_baseline
242,NYG,2,early_down,813,strong,57.67578125,57.67578125,75.0,31.640625,47.395833333333336,39.0625,100.0,-0.050999999999999934,0.05099999999999999,0.08700000000000008,0.14969999999999997,-0.0112,-0.01940000000000003,-0.004399999999999987,more_run_heavy_than_baseline,more_shotgun_than_baseline,faster_than_baseline,close_to_baseline_efficiency
243,SF,19,tied_early_down,201,strong,57.67578125,57.67578125,30.859375,88.28125,65.625,68.75,100.0,0.004199999999999926,-0.004200000000000037,-0.1482,-0.032,0.0738,0.06569999999999993,0.0008999999999999841,close_to_baseline_run_pass_split,less_shotgun_than_baseline,slower_than_baseline,more_efficient_than_baseline
244,SF,16,leading_two_plus_scores,170,strong,57.58064516129032,57.58064516129032,67.74193548387096,61.29032258064516,17.204301075268816,41.935483870967744,100.0,-0.044499999999999984,0.044499999999999984,-0.24080000000000001,-0.0527,-0.032100000000000004,0.027300000000000046,-0.04340000000000001,close_to_baseline_run_pass_split,less_shotgun_than_baseline,slower_than_baseline,less_efficient_than_baseline
245,MIA,16,leading_two_plus_scores,174,strong,57.49999999999999,57.49999999999999,70.16129032258064,31.451612903225804,56.989247311827945,45.16129032258064,100.0,-0.07119999999999999,0.07120000000000004,0.10170000000000001,-0.0586,-0.0497,-0.04629999999999995,0.0003999999999999837,more_run_heavy_than_baseline,more_shotgun_than_baseline,slower_than_baseline,less_efficient_than_baseline
246,DEN,6,red_zone,164,strong,57.48046875,57.48046875,35.15625,69.140625,70.83333333333333,87.5,100.0,0.051999999999999935,-0.05199999999999999,-0.04910000000000003,0.0031000000000000055,0.1428,0.016600000000000004,0.009799999999999996,more_dropback_heavy_than_baseline,close_to_baseline_shotgun_usage,close_to_baseline_tempo,more_efficient_than_baseline
247,IND,12,tied,170,strong,57.40234375,57.40234375,41.40625,72.265625,76.5625,42.1875,100.0,0.030200000000000005,-0.03019999999999995,-0.014599999999999946,-0.0363,0.0060999999999999995,0.02729999999999999,0.010499999999999982,close_to_baseline_run_pass_split,close_to_baseline_shotgun_usage,slower_than_baseline,close_to_baseline_efficiency
248,TB,5,short_yardage,103,strong,57.34375,57.34375,23.4375,84.375,81.25,85.15625,100.0,-0.027200000000000002,0.027200000000000002,-0.08560000000000001,-0.008900000000000019,0.23460000000000003,0.06410000000000005,0.025900000000000006,close_to_baseline_run_pass_split,less_shotgun_than_baseline,close_to_baseline_tempo,more_efficient_than_baseline
249,DET,10,one_score,630,strong,57.20703125,57.20703125,44.921875,71.09375,54.166666666666664,60.9375,100.0,0.008000000000000007,-0.008000000000000007,-0.19699999999999995,-0.0323,0.0496,0.010699999999999987,0.006499999999999978,close_to_baseline_run_pass_split,less_shotgun_than_baseline,slower_than_baseline,more_efficient_than_baseline
250,ATL,21,trailing_early_down,315,strong,57.0703125,57.0703125,22.65625,84.375,85.41666666666667,79.6875,100.0,0.0006000000000000449,-0.0006000000000000449,0.17259999999999998,0.0024000000000000132,0.1061,0.0509,0.034399999999999986,close_to_baseline_run_pass_split,more_shotgun_than_baseline,close_to_baseline_tempo,more_efficient_than_baseline
251,TB,3,third_down,227,strong,57.03125,57.03125,53.90625,55.46875,59.375,50.0,100.0,-0.06219999999999992,0.06220000000000003,-0.009800000000000031,-0.03459999999999999,0.0579,0.02949999999999997,0.0050000000000000044,more_run_heavy_than_baseline,close_to_baseline_shotgun_usage,slower_than_baseline,more_efficient_than_baseline
252,SEA,20,leading_early_down,391,strong,56.9140625,56.9140625,51.5625,55.46875,81.25,26.5625,100.0,-0.034999999999999976,0.03499999999999992,-0.2686,-0.017200000000000007,-0.0094,0.003599999999999992,0.02789999999999998,close_to_baseline_run_pass_split,less_shotgun_than_baseline,close_to_baseline_tempo,close_to_baseline_efficiency
253,NYG,20,leading_early_down,285,strong,56.89453125,56.89453125,71.875,36.328125,62.5,10.9375,100.0,-0.0398,0.03979999999999995,0.14380000000000004,0.16770000000000002,-0.0264,-0.02699999999999997,0.010699999999999987,close_to_baseline_run_pass_split,more_shotgun_than_baseline,faster_than_baseline,close_to_baseline_efficiency
254,CIN,21,trailing_early_down,453,strong,56.8359375,56.8359375,82.8125,30.46875,25.520833333333332,31.25,100.0,0.08340000000000003,-0.08340000000000003,0.1321,-0.1036,-0.1016,-0.018600000000000005,-0.01150000000000001,more_dropback_heavy_than_baseline,more_shotgun_than_baseline,slower_than_baseline,less_efficient_than_baseline
255,WAS,4,fourth_down,26,thin,56.7890625,75.71875,92.1875,75.0,36.458333333333336,72.65625,55.0,0.2236999999999999,-0.2237,0.1711999999999999,0.6749,0.3523,0.07109999999999994,-0.044,more_dropback_heavy_than_baseline,more_shotgun_than_baseline,faster_than_baseline,more_efficient_than_baseline
256,LAC,3,third_down,250,strong,56.4453125,56.4453125,50.78125,68.75,58.333333333333336,26.5625,100.0,-0.033399999999999985,0.033399999999999985,-0.011299999999999977,-0.0595,0.0721,0.05179999999999996,0.003599999999999992,close_to_baseline_run_pass_split,close_to_baseline_shotgun_usage,slower_than_baseline,more_efficient_than_baseline
257,LAC,5,short_yardage,109,strong,56.4453125,56.4453125,61.71875,31.25,53.125,78.90625,100.0,-0.07240000000000002,0.07240000000000002,0.018299999999999983,-0.0908,0.024000000000000007,-0.03649999999999998,-0.007999999999999993,more_run_heavy_than_baseline,close_to_baseline_shotgun_usage,slower_than_baseline,close_to_baseline_efficiency
258,NYG,21,trailing_early_down,409,strong,56.4453125,56.4453125,73.4375,30.46875,32.291666666666664,59.375,100.0,-0.0887,0.0887,0.02429999999999999,0.10430000000000003,-0.0115,-0.0126,-0.01580000000000001,more_run_heavy_than_baseline,close_to_baseline_shotgun_usage,faster_than_baseline,close_to_baseline_efficiency
259,KC,5,short_yardage,118,strong,56.40625,56.40625,51.5625,87.5,7.291666666666667,52.34375,100.0,-0.017100000000000004,0.017100000000000004,0.17120000000000002,-0.14730000000000001,0.2505,0.08190000000000008,-0.0567,close_to_baseline_run_pass_split,more_shotgun_than_baseline,slower_than_baseline,more_efficient_than_baseline
260,ATL,14,trailing,407,strong,56.38671875,56.38671875,39.84375,69.140625,61.979166666666664,68.75,100.0,0.012800000000000034,-0.012799999999999978,0.14849999999999997,0.010899999999999993,0.018799999999999997,0.02799999999999997,0.013399999999999995,close_to_baseline_run_pass_split,more_shotgun_than_baseline,close_to_baseline_tempo,close_to_baseline_efficiency
261,GB,5,short_yardage,96,good,56.36953125,62.6328125,42.96875,84.375,94.27083333333333,40.625,80.0,-0.06630000000000003,0.06640000000000001,-0.05299999999999999,0.0024999999999999745,0.16870000000000002,0.0706,0.0657,more_run_heavy_than_baseline,less_shotgun_than_baseline,close_to_baseline_tempo,more_efficient_than_baseline
262,MIA,7,goal_to_go,57,good,56.36953125,62.6328125,55.46875,76.5625,39.0625,86.71875,80.0,0.06820000000000004,-0.06819999999999998,0.07320000000000004,-0.051,0.3119,0.053200000000000025,-0.0074,more_dropback_heavy_than_baseline,more_shotgun_than_baseline,slower_than_baseline,more_efficient_than_baseline
263,DAL,12,tied,210,strong,56.09375,56.09375,38.28125,75.78125,61.979166666666664,56.25,100.0,-0.014100000000000001,0.014100000000000001,-0.09609999999999996,-0.033499999999999995,0.0544,0.037699999999999956,0.002599999999999991,close_to_baseline_run_pass_split,less_shotgun_than_baseline,slower_than_baseline,more_efficient_than_baseline
264,HOU,17,trailing_one_score,249,strong,56.0546875,56.0546875,58.59375,31.25,61.458333333333336,76.5625,100.0,-0.034599999999999964,0.03460000000000002,-0.0938,-0.0526,-0.041299999999999996,-0.021600000000000008,0.0068000000000000005,close_to_baseline_run_pass_split,less_shotgun_than_baseline,slower_than_baseline,less_efficient_than_baseline
265,IND,2,early_down,784,strong,56.0546875,56.0546875,37.5,83.59375,70.83333333333333,26.5625,100.0,0.014900000000000024,-0.014899999999999969,0.04260000000000008,-0.044800000000000006,0.046,0.02779999999999999,0.015600000000000003,close_to_baseline_run_pass_split,close_to_baseline_shotgun_usage,slower_than_baseline,more_efficient_than_baseline
266,PHI,13,leading,457,strong,56.0546875,56.0546875,61.71875,40.625,46.875,60.9375,100.0,-0.03350000000000003,0.033499999999999974,0.09509999999999996,0.058200000000000016,-0.0030999999999999986,-0.015500000000000014,-0.004399999999999987,close_to_baseline_run_pass_split,more_shotgun_than_baseline,faster_than_baseline,close_to_baseline_efficiency
267,TB,10,one_score,791,strong,56.015625,56.015625,52.34375,50.78125,53.125,67.96875,100.0,-0.04029999999999989,0.0403,-0.05379999999999996,-0.029400000000000003,0.0428,0.005599999999999994,-0.001700000000000007,close_to_baseline_run_pass_split,less_shotgun_than_baseline,slower_than_baseline,more_efficient_than_baseline
268,PIT,13,leading,381,strong,55.87890625,55.87890625,47.265625,60.9375,49.479166666666664,69.53125,100.0,0.0524,-0.0524,-0.008500000000000063,0.0232,0.06889999999999999,0.032399999999999984,-0.001799999999999996,more_dropback_heavy_than_baseline,close_to_baseline_shotgun_usage,faster_than_baseline,more_efficient_than_baseline
269,PHI,20,leading_early_down,351,strong,55.8203125,55.8203125,55.46875,48.4375,47.916666666666664,65.625,100.0,-0.022299999999999986,0.022299999999999986,0.12539999999999996,0.09430000000000001,-0.0060999999999999995,-0.0017999999999999683,-0.0021000000000000185,close_to_baseline_run_pass_split,more_shotgun_than_baseline,faster_than_baseline,close_to_baseline_efficiency
270,BUF,9,two_minute_game,51,good,55.80703125,62.0078125,64.0625,67.96875,56.25,37.5,80.0,-0.13279999999999992,0.13280000000000003,-0.18980000000000008,-0.015699999999999992,0.1411,0.05680000000000002,0.01050000000000001,more_run_heavy_than_baseline,less_shotgun_than_baseline,close_to_baseline_tempo,more_efficient_than_baseline
271,CIN,18,trailing_two_plus_scores,258,strong,55.76171875,55.76171875,62.5,44.921875,53.125,34.375,100.0,0.040099999999999913,-0.040100000000000025,0.11330000000000007,-0.11729999999999999,-0.058300000000000005,0.0016999999999999793,0.007099999999999995,close_to_baseline_run_pass_split,more_shotgun_than_baseline,slower_than_baseline,less_efficient_than_baseline
272,LAC,8,two_minute_half,125,strong,55.76171875,55.76171875,38.28125,75.390625,55.208333333333336,64.0625,100.0,-0.05489999999999995,0.054900000000000004,-0.013800000000000034,-0.02739999999999998,0.15739999999999998,0.03290000000000004,0.008900000000000019,more_run_heavy_than_baseline,close_to_baseline_shotgun_usage,slower_than_baseline,more_efficient_than_baseline
273,PHI,19,tied_early_down,168,strong,55.703125,55.703125,58.59375,49.21875,39.583333333333336,60.9375,100.0,0.013600000000000001,-0.013600000000000056,0.13219999999999998,0.1484,0.01,-0.013200000000000045,-0.015399999999999997,close_to_baseline_run_pass_split,more_shotgun_than_baseline,faster_than_baseline,close_to_baseline_efficiency
274,IND,4,fourth_down,27,thin,55.6904296875,74.25390625,89.0625,75.390625,34.375,74.21875,55.0,-0.25210000000000005,0.25210000000000005,-0.15650000000000008,-0.0943,0.35780000000000006,0.12239999999999995,-0.046799999999999994,more_run_heavy_than_baseline,less_shotgun_than_baseline,slower_than_baseline,more_efficient_than_baseline
275,GB,11,neutral_early_down,478,strong,55.546875,55.546875,49.21875,52.34375,64.58333333333333,56.25,100.0,-0.04029999999999995,0.04030000000000006,-0.0675,-0.035300000000000005,0.0758,0.019100000000000006,0.010499999999999982,close_to_baseline_run_pass_split,less_shotgun_than_baseline,slower_than_baseline,more_efficient_than_baseline
276,TB,12,tied,215,strong,55.546875,55.546875,42.1875,56.25,64.58333333333333,78.125,100.0,-0.026600000000000068,0.026600000000000013,-0.08609999999999995,-0.025099999999999997,0.053399999999999996,-0.0014000000000000123,0.0041999999999999815,close_to_baseline_run_pass_split,less_shotgun_than_baseline,slower_than_baseline,more_efficient_than_baseline
277,NYG,3,third_down,223,strong,55.3515625,55.3515625,31.25,61.71875,79.6875,89.0625,100.0,-0.02739999999999998,0.027400000000000035,0.015000000000000013,0.0022000000000000075,0.13470000000000001,0.006299999999999972,0.025499999999999995,close_to_baseline_run_pass_split,close_to_baseline_shotgun_usage,close_to_baseline_tempo,more_efficient_than_baseline
278,GB,20,leading_early_down,300,strong,55.2734375,55.2734375,35.9375,67.96875,76.04166666666667,57.03125,100.0,-0.0368,0.036799999999999944,-0.025499999999999967,-0.024200000000000006,0.1058,0.026500000000000024,0.02679999999999999,close_to_baseline_run_pass_split,close_to_baseline_shotgun_usage,slower_than_baseline,more_efficient_than_baseline
279,IND,14,trailing,435,strong,55.2734375,55.2734375,50.0,67.96875,50.0,32.8125,100.0,-0.04239999999999999,0.04239999999999999,0.010099999999999998,-0.0586,0.0248,0.030299999999999994,0.0063,close_to_baseline_run_pass_split,close_to_baseline_shotgun_usage,slower_than_baseline,close_to_baseline_efficiency
280,SEA,7,goal_to_go,70,good,55.226953125,61.36328125,63.671875,46.09375,81.25,50.0,80.0,-0.06140000000000001,0.06140000000000001,-0.2681,-0.043199999999999995,0.0187,-0.0237,0.0212,more_run_heavy_than_baseline,less_shotgun_than_baseline,slower_than_baseline,close_to_baseline_efficiency
281,KC,16,leading_two_plus_scores,129,strong,55.201612903225815,55.201612903225815,45.16129032258065,68.5483870967742,47.31182795698925,56.45161290322581,100.0,-0.006699999999999984,0.006700000000000039,0.1815,-0.0508,0.0836,0.02400000000000002,-0.013500000000000012,close_to_baseline_run_pass_split,more_shotgun_than_baseline,slower_than_baseline,more_efficient_than_baseline
282,BUF,5,short_yardage,128,strong,55.078125,55.078125,46.875,64.0625,60.416666666666664,39.0625,100.0,-0.042899999999999994,0.04290000000000005,-0.2041,0.023299999999999987,0.00470000000000001,0.028900000000000037,0.0031999999999999945,close_to_baseline_run_pass_split,less_shotgun_than_baseline,faster_than_baseline,close_to_baseline_efficiency
283,GB,13,leading,389,strong,55.078125,55.078125,25.78125,75.78125,90.625,59.375,100.0,-0.02839999999999998,0.02839999999999998,-0.036800000000000055,-0.006999999999999999,0.10650000000000001,0.030700000000000005,0.034,close_to_baseline_run_pass_split,close_to_baseline_shotgun_usage,close_to_baseline_tempo,more_efficient_than_baseline
284,CAR,13,leading,169,strong,55.0,55.0,84.375,14.0625,11.458333333333334,67.96875,100.0,-0.10160000000000002,0.10160000000000002,-0.11509999999999998,-0.0509,-0.143,-0.04820000000000002,-0.04689999999999998,more_run_heavy_than_baseline,less_shotgun_than_baseline,slower_than_baseline,less_efficient_than_baseline
285,NYG,14,trailing,554,strong,54.9609375,54.9609375,67.96875,28.125,38.541666666666664,65.625,100.0,-0.07489999999999997,0.07490000000000002,0.03079999999999994,0.06079999999999999,0.002999999999999999,-0.015800000000000036,-0.012499999999999997,more_run_heavy_than_baseline,close_to_baseline_shotgun_usage,faster_than_baseline,close_to_baseline_efficiency
286,SF,2,early_down,829,strong,54.921875,54.921875,44.53125,72.65625,44.791666666666664,50.0,100.0,-0.007099999999999995,0.007099999999999995,-0.17919999999999997,-0.0664,0.030200000000000005,0.0353,-0.008099999999999996,close_to_baseline_run_pass_split,less_shotgun_than_baseline,slower_than_baseline,more_efficient_than_baseline
287,GB,17,trailing_one_score,291,strong,54.90234375,54.90234375,25.0,77.734375,78.125,75.0,100.0,-0.02290000000000003,0.022899999999999976,-0.01870000000000005,-0.001700000000000007,0.14229999999999998,0.041800000000000004,0.02429999999999999,close_to_baseline_run_pass_split,close_to_baseline_shotgun_usage,close_to_baseline_tempo,more_efficient_than_baseline
288,SF,15,leading_one_score,272,strong,54.84375,54.84375,45.3125,76.5625,22.916666666666668,68.75,100.0,0.01739999999999997,-0.01739999999999997,-0.10360000000000003,-0.0382,0.11829999999999999,0.031799999999999995,-0.02439999999999999,close_to_baseline_run_pass_split,less_shotgun_than_baseline,slower_than_baseline,more_efficient_than_baseline
289,ATL,5,short_yardage,96,good,54.805078125,60.89453125,55.46875,49.609375,90.10416666666667,60.15625,80.0,-0.09760000000000002,0.09760000000000002,0.07199999999999995,0.012899999999999995,-0.0765,-0.012799999999999923,0.04479999999999999,more_run_heavy_than_baseline,more_shotgun_than_baseline,close_to_baseline_tempo,less_efficient_than_baseline
290,SEA,15,leading_one_score,207,strong,54.8046875,54.8046875,61.71875,42.1875,57.291666666666664,28.90625,100.0,-0.03170000000000006,0.031700000000000006,-0.25179999999999997,-0.0412,-0.0279,-0.02679999999999999,0.015100000000000002,close_to_baseline_run_pass_split,less_shotgun_than_baseline,slower_than_baseline,close_to_baseline_efficiency
291,CHI,15,leading_one_score,241,strong,54.78515625,54.78515625,45.3125,48.828125,67.70833333333333,70.3125,100.0,-0.011299999999999977,0.011300000000000032,-0.20179999999999998,-0.046,0.028499999999999998,-0.008700000000000041,0.01880000000000001,close_to_baseline_run_pass_split,less_shotgun_than_baseline,slower_than_baseline,close_to_baseline_efficiency
292,CHI,6,red_zone,174,strong,54.7265625,54.7265625,57.8125,49.21875,44.791666666666664,46.875,100.0,-0.05460000000000004,0.05459999999999998,-0.18190000000000006,-0.031299999999999994,0.0315,0.02589999999999998,-0.005200000000000003,more_run_heavy_than_baseline,less_shotgun_than_baseline,slower_than_baseline,more_efficient_than_baseline
293,DET,5,short_yardage,105,strong,54.7265625,54.7265625,50.0,50.78125,55.208333333333336,62.5,100.0,0.042899999999999994,-0.04289999999999994,-0.1417,-0.07850000000000001,0.08070000000000001,0.02290000000000003,0.004600000000000007,close_to_baseline_run_pass_split,less_shotgun_than_baseline,slower_than_baseline,more_efficient_than_baseline
294,MIN,15,leading_one_score,178,strong,54.6875,54.6875,70.3125,32.8125,54.166666666666664,17.1875,100.0,-0.05660000000000004,0.056599999999999984,-0.1905,-0.041299999999999996,-0.0713,-0.040200000000000014,0.005700000000000011,more_run_heavy_than_baseline,less_shotgun_than_baseline,slower_than_baseline,less_efficient_than_baseline
295,PHI,17,trailing_one_score,248,strong,54.6875,54.6875,48.4375,48.4375,66.66666666666667,57.8125,100.0,-0.0121,0.0121,0.10629999999999995,0.1694,0.0161,0.008299999999999974,0.011399999999999993,close_to_baseline_run_pass_split,more_shotgun_than_baseline,faster_than_baseline,close_to_baseline_efficiency
296,SF,17,trailing_one_score,209,strong,54.6875,54.6875,52.34375,60.15625,48.958333333333336,37.5,100.0,0.020399999999999974,-0.02040000000000003,-0.15170000000000006,-0.0665,0.0543,0.05349999999999999,0.0050000000000000044,close_to_baseline_run_pass_split,less_shotgun_than_baseline,slower_than_baseline,more_efficient_than_baseline
297,CHI,9,two_minute_game,59,good,54.646875,60.71875,53.125,67.1875,60.9375,68.75,80.0,-0.0716,0.0716,-0.1563,-0.054000000000000006,0.1254,0.029500000000000026,0.0257,more_run_heavy_than_baseline,less_shotgun_than_baseline,slower_than_baseline,more_efficient_than_baseline
298,DEN,9,two_minute_game,34,thin,54.533203125,72.7109375,88.28125,53.125,60.416666666666664,78.90625,55.0,-0.18179999999999996,0.18180000000000002,-0.25850000000000006,-0.11380000000000001,0.015300000000000001,-0.011799999999999977,0.020300000000000012,more_run_heavy_than_baseline,less_shotgun_than_baseline,slower_than_baseline,close_to_baseline_efficiency
299,DEN,21,trailing_early_down,328,strong,54.4921875,54.4921875,28.125,80.46875,47.916666666666664,95.3125,100.0,0.013800000000000034,-0.013800000000000034,-0.023900000000000032,0.014600000000000002,0.1481,0.010199999999999987,0.0033999999999999864,close_to_baseline_run_pass_split,close_to_baseline_shotgun_usage,close_to_baseline_tempo,more_efficient_than_baseline
300,IND,19,tied_early_down,135,strong,54.453125,54.453125,35.9375,79.6875,80.20833333333333,13.28125,100.0,0.04239999999999994,-0.04240000000000005,0.0015000000000000568,-0.0274,0.019,0.03969999999999996,0.019600000000000006,close_to_baseline_run_pass_split,close_to_baseline_shotgun_usage,slower_than_baseline,close_to_baseline_efficiency
301,NYG,16,leading_two_plus_scores,125,strong,54.41532258064515,54.41532258064515,54.03225806451613,53.62903225806451,63.97849462365591,20.967741935483872,100.0,-0.008299999999999974,0.008300000000000085,0.1663,0.11739999999999999,0.048799999999999996,-0.0015999999999999903,0.006499999999999978,close_to_baseline_run_pass_split,more_shotgun_than_baseline,faster_than_baseline,more_efficient_than_baseline
302,WAS,5,short_yardage,100,strong,54.375,54.375,69.53125,24.21875,54.166666666666664,39.0625,100.0,-0.04760000000000003,0.047599999999999976,0.24780000000000002,0.5458,-0.2425,-0.04609999999999992,-0.0006000000000000033,close_to_baseline_run_pass_split,more_shotgun_than_baseline,faster_than_baseline,less_efficient_than_baseline
303,BAL,6,red_zone,175,strong,54.27734375,54.27734375,78.125,13.671875,52.083333333333336,28.90625,100.0,-0.10860000000000003,0.10860000000000003,-0.09889999999999999,-0.060200000000000004,-0.1508,-0.05099999999999999,0.0001999999999999988,more_run_heavy_than_baseline,less_shotgun_than_baseline,slower_than_baseline,less_efficient_than_baseline
304,NYG,18,trailing_two_plus_scores,238,strong,54.2578125,54.2578125,57.03125,28.125,56.25,81.25,100.0,-0.06780000000000008,0.06779999999999997,0.06790000000000007,0.04440000000000002,0.005299999999999999,-0.012199999999999989,0.005900000000000016,more_run_heavy_than_baseline,more_shotgun_than_baseline,faster_than_baseline,close_to_baseline_efficiency
305,DEN,8,two_minute_half,107,strong,54.21875,54.21875,37.890625,66.796875,39.583333333333336,95.3125,100.0,0.04079999999999995,-0.0408,-0.04600000000000004,0.004799999999999999,0.1489,-0.0025000000000000022,-0.014999999999999986,close_to_baseline_run_pass_split,close_to_baseline_shotgun_usage,close_to_baseline_tempo,more_efficient_than_baseline
306,DET,21,trailing_early_down,347,strong,54.140625,54.140625,61.71875,24.21875,57.291666666666664,67.1875,100.0,0.02970000000000006,-0.029700000000000004,-0.19669999999999999,-0.05779999999999999,-0.0204,-0.02589999999999998,0.01629999999999998,close_to_baseline_run_pass_split,less_shotgun_than_baseline,slower_than_baseline,close_to_baseline_efficiency
307,NYG,17,trailing_one_score,316,strong,54.0234375,54.0234375,64.84375,40.625,29.166666666666668,53.125,100.0,-0.08099999999999996,0.08100000000000002,0.0020999999999999908,0.07239999999999999,0.0017,-0.018400000000000027,-0.0262,more_run_heavy_than_baseline,close_to_baseline_shotgun_usage,faster_than_baseline,close_to_baseline_efficiency
308,PHI,10,one_score,738,strong,54.0234375,54.0234375,55.46875,37.5,51.041666666666664,70.3125,100.0,-0.016199999999999992,0.016199999999999992,0.10270000000000001,0.10479999999999999,0.011600000000000001,-0.016800000000000037,-0.004500000000000004,close_to_baseline_run_pass_split,more_shotgun_than_baseline,faster_than_baseline,close_to_baseline_efficiency
309,HOU,21,trailing_early_down,277,strong,53.90625,53.90625,36.71875,50.78125,78.125,79.6875,100.0,0.0021999999999999797,-0.0022000000000000353,-0.12559999999999993,-0.08859999999999998,0.051,0.006000000000000005,0.020900000000000002,close_to_baseline_run_pass_split,less_shotgun_than_baseline,slower_than_baseline,more_efficient_than_baseline
310,DAL,15,leading_one_score,140,strong,53.7890625,53.7890625,35.9375,66.40625,63.020833333333336,65.625,100.0,-0.012700000000000045,0.012700000000000045,-0.11949999999999994,-0.0321,0.1524,0.022199999999999998,0.015300000000000008,close_to_baseline_run_pass_split,less_shotgun_than_baseline,slower_than_baseline,more_efficient_than_baseline
311,JAX,1,all_offense,1070,strong,53.7109375,53.7109375,37.5,67.96875,59.375,59.375,100.0,-0.01200000000000001,0.01200000000000001,-0.08740000000000003,-0.03470000000000001,0.0386,0.01040000000000002,0.004599999999999993,close_to_baseline_run_pass_split,less_shotgun_than_baseline,slower_than_baseline,more_efficient_than_baseline
312,DAL,1,all_offense,1101,strong,53.515625,53.515625,32.8125,81.25,53.125,54.6875,100.0,0.01849999999999996,-0.018500000000000016,-0.06999999999999995,-0.012200000000000003,0.10060000000000001,0.030500000000000027,0.0025000000000000022,close_to_baseline_run_pass_split,less_shotgun_than_baseline,close_to_baseline_tempo,more_efficient_than_baseline
313,PHI,3,third_down,207,strong,53.515625,53.515625,47.65625,44.53125,66.66666666666667,59.375,100.0,-0.048899999999999944,0.0489,0.0032999999999999696,-0.02949999999999999,0.1017,-0.0232,0.01419999999999999,close_to_baseline_run_pass_split,close_to_baseline_shotgun_usage,slower_than_baseline,more_efficient_than_baseline
314,NE,16,leading_two_plus_scores,226,strong,53.46774193548387,53.46774193548387,29.838709677419356,81.4516129032258,75.26881720430107,33.87096774193549,100.0,-0.0005000000000000004,0.000500000000000056,-0.10699999999999998,-0.0409,0.10830000000000001,0.008000000000000007,0.0262,close_to_baseline_run_pass_split,less_shotgun_than_baseline,slower_than_baseline,more_efficient_than_baseline
315,SF,7,goal_to_go,83,good,53.4515625,59.390625,41.40625,77.34375,63.541666666666664,78.90625,80.0,-0.005800000000000027,0.005800000000000027,-0.1532,-0.0741,0.1795,0.068,0.0046,close_to_baseline_run_pass_split,less_shotgun_than_baseline,slower_than_baseline,more_efficient_than_baseline
316,TB,6,red_zone,141,strong,53.37890625,53.37890625,35.9375,51.953125,90.625,56.25,100.0,0.043200000000000016,-0.04319999999999996,-0.013500000000000068,-0.0449,0.024900000000000002,-0.0252,0.026799999999999997,close_to_baseline_run_pass_split,close_to_baseline_shotgun_usage,slower_than_baseline,close_to_baseline_efficiency
317,CAR,12,tied,209,strong,53.3203125,53.3203125,48.4375,49.21875,66.66666666666667,42.1875,100.0,-0.025900000000000034,0.025900000000000034,-0.05030000000000001,-0.0525,-0.016399999999999998,0.011199999999999988,0.0032999999999999974,close_to_baseline_run_pass_split,less_shotgun_than_baseline,slower_than_baseline,close_to_baseline_efficiency
318,KC,12,tied,225,strong,53.3203125,53.3203125,72.65625,31.25,37.5,21.875,100.0,0.038899999999999935,-0.03889999999999999,0.15470000000000006,-0.0538,-0.15610000000000002,-0.012200000000000044,-0.015100000000000016,close_to_baseline_run_pass_split,more_shotgun_than_baseline,slower_than_baseline,less_efficient_than_baseline
319,KC,8,two_minute_half,130,strong,53.28125,53.28125,61.71875,41.40625,35.416666666666664,48.4375,100.0,0.07279999999999998,-0.0728,0.07599999999999996,-0.04799999999999999,0.055499999999999994,-0.007699999999999985,-0.011699999999999988,more_dropback_heavy_than_baseline,more_shotgun_than_baseline,slower_than_baseline,more_efficient_than_baseline
320,KC,7,goal_to_go,78,good,53.1703125,59.078125,85.9375,15.625,65.625,26.5625,80.0,0.15249999999999997,-0.15249999999999997,0.22230000000000005,-0.07329999999999999,-0.20229999999999998,-0.07900000000000001,0.0054,more_dropback_heavy_than_baseline,more_shotgun_than_baseline,slower_than_baseline,less_efficient_than_baseline
321,NO,13,leading,119,strong,53.125,53.125,47.65625,39.84375,52.083333333333336,89.0625,100.0,0.025399999999999978,-0.025399999999999978,0.053300000000000014,0.06580000000000001,0.0887,-0.02350000000000002,-0.0011999999999999789,close_to_baseline_run_pass_split,more_shotgun_than_baseline,faster_than_baseline,more_efficient_than_baseline
322,PHI,12,tied,223,strong,53.125,53.125,51.5625,51.5625,35.416666666666664,67.1875,100.0,-0.009600000000000053,0.009599999999999997,0.10830000000000006,0.1033,0.0431,-0.012800000000000034,-0.014100000000000015,close_to_baseline_run_pass_split,more_shotgun_than_baseline,faster_than_baseline,more_efficient_than_baseline
323,JAX,12,tied,270,strong,52.9296875,52.9296875,32.03125,75.0,50.0,72.65625,100.0,0.014499999999999957,-0.014499999999999957,-0.06379999999999997,-0.027199999999999995,0.0759,0.01599999999999996,-0.004799999999999999,close_to_baseline_run_pass_split,less_shotgun_than_baseline,slower_than_baseline,more_efficient_than_baseline
324,PHI,11,neutral_early_down,465,strong,52.9296875,52.9296875,46.875,49.21875,56.25,60.9375,100.0,0.005400000000000071,-0.00539999999999996,0.14600000000000002,0.15749999999999997,-0.009999999999999998,-0.004699999999999982,-0.0067000000000000115,close_to_baseline_run_pass_split,more_shotgun_than_baseline,faster_than_baseline,close_to_baseline_efficiency
325,LA,3,third_down,188,strong,52.8515625,52.8515625,47.65625,46.875,47.916666666666664,75.0,100.0,0.01660000000000006,-0.016599999999999976,-0.09739999999999993,-0.0343,-0.0457,0.006699999999999984,-0.0020999999999999908,close_to_baseline_run_pass_split,less_shotgun_than_baseline,slower_than_baseline,less_efficient_than_baseline
326,SEA,8,two_minute_half,125,strong,52.79296875,52.79296875,59.375,40.234375,37.5,53.90625,100.0,-0.10289999999999999,0.10289999999999999,-0.04580000000000006,-0.0033999999999999864,-0.0343,0.03290000000000004,-0.015099999999999988,more_run_heavy_than_baseline,close_to_baseline_shotgun_usage,close_to_baseline_tempo,less_efficient_than_baseline
327,KC,18,trailing_two_plus_scores,127,strong,52.7734375,52.7734375,47.65625,54.6875,64.58333333333333,29.6875,100.0,0.015899999999999914,-0.015900000000000025,0.08430000000000004,-0.11999999999999998,0.2234,-0.007199999999999984,0.02890000000000001,close_to_baseline_run_pass_split,more_shotgun_than_baseline,slower_than_baseline,more_efficient_than_baseline
328,ATL,16,leading_two_plus_scores,74,good,52.755241935483866,58.61693548387096,69.75806451612902,29.032258064516128,69.89247311827957,54.83870967741936,80.0,-0.15899999999999997,0.15900000000000003,0.0685,-0.0316,-0.2159,-0.03369999999999995,0.011099999999999999,more_run_heavy_than_baseline,more_shotgun_than_baseline,slower_than_baseline,less_efficient_than_baseline
329,DEN,16,leading_two_plus_scores,151,strong,52.721774193548384,52.721774193548384,52.41935483870968,58.467741935483865,24.731182795698928,58.064516129032256,100.0,0.07350000000000007,-0.07349999999999995,-0.0242,0.027499999999999997,0.0366,0.03140000000000004,-0.031500000000000014,more_dropback_heavy_than_baseline,close_to_baseline_shotgun_usage,faster_than_baseline,more_efficient_than_baseline
330,CIN,19,tied_early_down,122,strong,52.6953125,52.6953125,40.625,71.09375,14.583333333333334,94.53125,100.0,0.0016999999999999793,-0.0017000000000000348,0.1482,-0.0718,0.0889,0.03359999999999996,-0.0547,close_to_baseline_run_pass_split,more_shotgun_than_baseline,slower_than_baseline,more_efficient_than_baseline
331,DEN,10,one_score,806,strong,52.65625,52.65625,44.53125,44.53125,47.916666666666664,92.96875,100.0,0.025600000000000067,-0.02560000000000001,-0.034499999999999975,0.036500000000000005,0.0389,-0.0014000000000000123,-0.004200000000000009,close_to_baseline_run_pass_split,close_to_baseline_shotgun_usage,faster_than_baseline,more_efficient_than_baseline
332,LV,17,trailing_one_score,271,strong,52.6171875,52.6171875,64.0625,36.71875,31.770833333333332,48.4375,100.0,-0.04700000000000004,0.046999999999999986,-0.0927,-0.038400000000000004,-0.0354,-0.018600000000000005,-0.015700000000000006,close_to_baseline_run_pass_split,less_shotgun_than_baseline,slower_than_baseline,less_efficient_than_baseline
333,DET,11,neutral_early_down,391,strong,52.44140625,52.44140625,39.0625,67.578125,51.041666666666664,53.125,100.0,0.005400000000000071,-0.00539999999999996,-0.2522,-0.03950000000000001,0.040100000000000004,0.016100000000000003,0.0015000000000000013,close_to_baseline_run_pass_split,less_shotgun_than_baseline,slower_than_baseline,more_efficient_than_baseline
334,JAX,14,trailing,308,strong,52.421875,52.421875,17.1875,84.375,90.625,50.0,100.0,0.0021999999999999797,-0.0021999999999999797,-0.0625,-0.001799999999999996,0.1407,0.0474,0.03720000000000001,close_to_baseline_run_pass_split,less_shotgun_than_baseline,close_to_baseline_tempo,more_efficient_than_baseline
335,TB,19,tied_early_down,165,strong,52.3828125,52.3828125,38.28125,64.0625,48.4375,68.75,100.0,0.010799999999999976,-0.010800000000000032,-0.0847,-0.0415,0.0828,0.0005999999999999894,-0.013300000000000006,close_to_baseline_run_pass_split,less_shotgun_than_baseline,slower_than_baseline,more_efficient_than_baseline
336,DAL,14,trailing,626,strong,52.3046875,52.3046875,36.71875,71.875,50.0,53.125,100.0,0.014499999999999957,-0.014499999999999957,-0.07350000000000001,-0.01200000000000001,0.11280000000000001,0.031700000000000006,0.0058,close_to_baseline_run_pass_split,less_shotgun_than_baseline,close_to_baseline_tempo,more_efficient_than_baseline
337,JAX,17,trailing_one_score,196,strong,52.1484375,52.1484375,14.0625,91.40625,94.79166666666667,37.5,100.0,0.005199999999999982,-0.005199999999999982,-0.047900000000000054,-0.002800000000000011,0.15259999999999999,0.05559999999999998,0.06009999999999999,close_to_baseline_run_pass_split,close_to_baseline_shotgun_usage,close_to_baseline_tempo,more_efficient_than_baseline
338,ATL,20,leading_early_down,288,strong,52.109375,52.109375,32.8125,62.5,76.04166666666667,53.125,100.0,-0.019699999999999995,0.01969999999999994,0.19189999999999996,0.005499999999999991,0.05360000000000001,0.027900000000000036,0.026499999999999996,close_to_baseline_run_pass_split,more_shotgun_than_baseline,close_to_baseline_tempo,more_efficient_than_baseline
339,MIN,16,leading_two_plus_scores,111,strong,52.09677419354839,52.09677419354839,39.516129032258064,78.2258064516129,53.76344086021506,16.93548387096774,100.0,-0.005799999999999972,0.005800000000000027,-0.12519999999999998,-0.0496,-0.0293,0.07889999999999997,-0.0024000000000000132,close_to_baseline_run_pass_split,less_shotgun_than_baseline,slower_than_baseline,close_to_baseline_efficiency
340,PIT,15,leading_one_score,288,strong,52.0703125,52.0703125,31.25,69.53125,55.208333333333336,73.4375,100.0,0.038799999999999946,-0.0388,-0.020000000000000018,0.011800000000000005,0.0879,0.04099999999999998,0.007700000000000012,close_to_baseline_run_pass_split,close_to_baseline_shotgun_usage,close_to_baseline_tempo,more_efficient_than_baseline
341,NO,18,trailing_two_plus_scores,427,strong,51.9140625,51.9140625,61.71875,35.9375,23.958333333333332,65.625,100.0,-0.058700000000000085,0.058699999999999974,0.045499999999999985,0.08780000000000002,-0.0051,0.007900000000000018,-0.027899999999999994,more_run_heavy_than_baseline,close_to_baseline_shotgun_usage,faster_than_baseline,close_to_baseline_efficiency
342,ARI,1,all_offense,1070,strong,51.875,51.875,57.8125,35.9375,45.833333333333336,50.0,100.0,0.08699999999999997,-0.08700000000000002,0.020100000000000007,0.01759999999999999,-0.011499999999999998,-0.003699999999999981,-0.003799999999999998,more_dropback_heavy_than_baseline,close_to_baseline_shotgun_usage,close_to_baseline_tempo,close_to_baseline_efficiency
343,CIN,4,fourth_down,20,thin,51.837890625,69.1171875,63.671875,82.421875,54.6875,89.0625,55.0,0.0774999999999999,-0.07750000000000001,0.125,-0.0943,0.8740999999999999,0.15569999999999995,0.0291,more_dropback_heavy_than_baseline,more_shotgun_than_baseline,slower_than_baseline,more_efficient_than_baseline
344,NE,6,red_zone,171,strong,51.62109375,51.62109375,52.34375,62.890625,34.375,21.875,100.0,-0.023400000000000032,0.023399999999999976,-0.16180000000000005,-0.0887,0.0202,0.016199999999999992,-0.010300000000000004,close_to_baseline_run_pass_split,less_shotgun_than_baseline,slower_than_baseline,close_to_baseline_efficiency
345,PIT,5,short_yardage,109,strong,51.58203125,51.58203125,35.9375,69.140625,34.375,79.6875,100.0,-0.05399999999999999,0.05400000000000005,-9.999999999998899e-05,-0.035800000000000026,0.125,0.036900000000000044,-0.017199999999999993,more_run_heavy_than_baseline,close_to_baseline_shotgun_usage,slower_than_baseline,more_efficient_than_baseline
346,JAX,2,early_down,830,strong,51.4453125,51.4453125,35.9375,67.96875,47.916666666666664,60.9375,100.0,0.009099999999999997,-0.009099999999999997,-0.10259999999999991,-0.0315,0.025900000000000003,0.009500000000000008,-0.004599999999999993,close_to_baseline_run_pass_split,less_shotgun_than_baseline,slower_than_baseline,close_to_baseline_efficiency
347,ARI,17,trailing_one_score,263,strong,51.3671875,51.3671875,60.9375,35.15625,37.5,45.3125,100.0,0.09140000000000004,-0.09139999999999998,-0.03950000000000009,-0.01730000000000001,-0.0689,-0.013400000000000023,-0.004500000000000004,more_dropback_heavy_than_baseline,close_to_baseline_shotgun_usage,close_to_baseline_tempo,less_efficient_than_baseline
348,ATL,6,red_zone,138,strong,51.3671875,51.3671875,39.84375,62.5,56.25,43.75,100.0,-0.017400000000000027,0.01739999999999997,0.2107,0.028700000000000003,0.031,-0.0020999999999999908,-0.0005000000000000004,close_to_baseline_run_pass_split,more_shotgun_than_baseline,faster_than_baseline,more_efficient_than_baseline
349,CAR,10,one_score,677,strong,51.328125,51.328125,64.0625,23.4375,42.708333333333336,52.34375,100.0,-0.04509999999999992,0.04510000000000003,-0.05369999999999997,-0.0568,-0.054000000000000006,-0.018900000000000028,-0.007600000000000023,close_to_baseline_run_pass_split,less_shotgun_than_baseline,slower_than_baseline,less_efficient_than_baseline
350,HOU,9,two_minute_game,45,thin,51.310546875,68.4140625,85.9375,46.09375,66.66666666666667,54.6875,55.0,-0.17069999999999996,0.17070000000000002,-0.17290000000000005,-0.1504,0.0737,-0.01639999999999997,0.028799999999999992,more_run_heavy_than_baseline,less_shotgun_than_baseline,slower_than_baseline,more_efficient_than_baseline
351,PIT,18,trailing_two_plus_scores,144,strong,51.30859375,51.30859375,27.34375,62.890625,79.16666666666667,64.0625,100.0,-0.017300000000000093,0.017299999999999982,-0.05449999999999999,0.03130000000000002,0.13090000000000002,0.005099999999999993,0.031100000000000017,close_to_baseline_run_pass_split,less_shotgun_than_baseline,faster_than_baseline,more_efficient_than_baseline
352,ARI,2,early_down,818,strong,51.25,51.25,60.9375,35.9375,34.375,46.875,100.0,0.10740000000000005,-0.1074,0.02510000000000001,0.0247,0.00039999999999999996,-0.007199999999999984,-0.015,more_dropback_heavy_than_baseline,close_to_baseline_shotgun_usage,faster_than_baseline,close_to_baseline_efficiency
353,ATL,1,all_offense,1032,strong,51.25,51.25,42.96875,38.28125,61.458333333333336,81.25,100.0,-0.023299999999999987,0.023299999999999987,0.11140000000000005,0.007499999999999993,-0.016300000000000002,0.0025000000000000022,0.002899999999999986,close_to_baseline_run_pass_split,more_shotgun_than_baseline,close_to_baseline_tempo,close_to_baseline_efficiency
354,IND,1,all_offense,1004,strong,51.2109375,51.2109375,21.09375,84.375,72.91666666666667,46.875,100.0,-0.0020000000000000018,0.0020000000000000018,0.025399999999999978,-0.05210000000000001,0.0806,0.029600000000000015,0.0126,close_to_baseline_run_pass_split,close_to_baseline_shotgun_usage,slower_than_baseline,more_efficient_than_baseline
355,CAR,17,trailing_one_score,347,strong,51.1328125,51.1328125,62.5,27.34375,43.229166666666664,46.875,100.0,-0.04059999999999997,0.04059999999999997,-0.04190000000000005,-0.0673,-0.0472,-0.03300000000000003,-0.007000000000000006,close_to_baseline_run_pass_split,close_to_baseline_shotgun_usage,slower_than_baseline,less_efficient_than_baseline
356,ATL,13,leading,372,strong,51.11328125,51.11328125,50.0,33.203125,54.166666666666664,71.875,100.0,-0.03360000000000002,0.03359999999999996,0.13839999999999997,0.017299999999999996,-0.0622,0.0031999999999999806,0.0014000000000000123,close_to_baseline_run_pass_split,more_shotgun_than_baseline,close_to_baseline_tempo,less_efficient_than_baseline
357,JAX,9,two_minute_game,36,thin,51.10546875,68.140625,88.28125,42.96875,79.16666666666667,30.46875,55.0,-0.18179999999999996,0.18180000000000002,-0.26170000000000004,-0.0893,-0.2651,-0.03310000000000002,0.03989999999999999,more_run_heavy_than_baseline,less_shotgun_than_baseline,slower_than_baseline,less_efficient_than_baseline
358,JAX,7,goal_to_go,68,good,51.02578125,56.6953125,39.84375,78.125,70.83333333333333,46.09375,80.0,-0.019799999999999984,0.01980000000000004,-0.052200000000000024,-0.0861,-0.0128,0.062,0.007299999999999999,close_to_baseline_run_pass_split,less_shotgun_than_baseline,slower_than_baseline,close_to_baseline_efficiency
359,NYJ,5,short_yardage,90,good,51.02578125,56.6953125,56.25,66.40625,47.395833333333336,36.71875,80.0,-0.05870000000000003,0.058699999999999974,0.07889999999999997,0.0691,0.0969,0.0706,-0.012800000000000006,more_run_heavy_than_baseline,more_shotgun_than_baseline,faster_than_baseline,more_efficient_than_baseline
360,TEN,19,tied_early_down,132,strong,51.015625,51.015625,46.875,34.375,65.10416666666667,65.625,100.0,-0.05130000000000001,0.05130000000000001,-0.037699999999999956,-0.0339,-0.013099999999999999,-0.055400000000000005,0.0002999999999999947,more_run_heavy_than_baseline,close_to_baseline_shotgun_usage,slower_than_baseline,close_to_baseline_efficiency
361,CHI,8,two_minute_half,143,strong,50.8203125,50.8203125,48.4375,30.46875,47.916666666666664,92.1875,100.0,-0.007600000000000051,0.007599999999999996,-0.10160000000000002,-0.07949999999999999,-0.0134,-0.045499999999999985,-0.008199999999999985,close_to_baseline_run_pass_split,less_shotgun_than_baseline,slower_than_baseline,close_to_baseline_efficiency
362,LAC,18,trailing_two_plus_scores,242,strong,50.6640625,50.6640625,57.03125,25.0,67.70833333333333,35.9375,100.0,0.04609999999999992,-0.04610000000000003,0.045399999999999996,-0.09999999999999999,-0.022999999999999993,-0.03160000000000002,0.020199999999999996,close_to_baseline_run_pass_split,close_to_baseline_shotgun_usage,slower_than_baseline,close_to_baseline_efficiency
363,ARI,16,leading_two_plus_scores,121,strong,50.58467741935483,50.58467741935483,65.32258064516128,25.403225806451612,51.612903225806456,20.967741935483872,100.0,0.11390000000000006,-0.11389999999999995,0.11699999999999999,-0.017299999999999996,-0.1298,-0.037199999999999955,-0.005299999999999999,more_dropback_heavy_than_baseline,more_shotgun_than_baseline,close_to_baseline_tempo,less_efficient_than_baseline
364,CAR,11,neutral_early_down,423,strong,50.546875,50.546875,61.71875,22.65625,36.979166666666664,65.625,100.0,-0.05579999999999996,0.055800000000000016,-0.058499999999999996,-0.05240000000000001,-0.0559,-0.008799999999999975,-0.019000000000000017,more_run_heavy_than_baseline,less_shotgun_than_baseline,slower_than_baseline,less_efficient_than_baseline
365,DAL,2,early_down,862,strong,50.546875,50.546875,22.65625,85.15625,59.375,51.5625,100.0,0.0032000000000000917,-0.0031999999999999806,-0.0925999999999999,-0.013499999999999998,0.0866,0.031299999999999994,0.0022999999999999965,close_to_baseline_run_pass_split,less_shotgun_than_baseline,close_to_baseline_tempo,more_efficient_than_baseline
366,KC,4,fourth_down,32,thin,50.4755859375,67.30078125,53.515625,98.4375,58.333333333333336,71.09375,55.0,-0.06000000000000005,0.06,-0.08120000000000005,-0.0943,1.3826,0.2057,0.0354,more_run_heavy_than_baseline,less_shotgun_than_baseline,slower_than_baseline,more_efficient_than_baseline
367,ARI,10,one_score,594,strong,50.46875,50.46875,60.9375,32.8125,35.416666666666664,45.3125,100.0,0.0697000000000001,-0.06969999999999998,-0.03609999999999991,-0.030700000000000005,-0.0264,-0.01100000000000001,-0.010300000000000017,more_dropback_heavy_than_baseline,close_to_baseline_shotgun_usage,slower_than_baseline,close_to_baseline_efficiency
368,CHI,13,leading,390,strong,50.46875,50.46875,38.28125,46.09375,67.70833333333333,65.625,100.0,-0.006599999999999995,0.00660000000000005,-0.17170000000000002,-0.037899999999999996,0.0119,-0.009000000000000008,0.015600000000000003,close_to_baseline_run_pass_split,less_shotgun_than_baseline,slower_than_baseline,close_to_baseline_efficiency
369,NYJ,12,tied,185,strong,50.3515625,50.3515625,64.0625,11.71875,28.125,93.75,100.0,-0.1144,0.11440000000000006,-0.0025999999999999357,-0.0446,-0.0966,-0.08650000000000002,-0.04420000000000002,more_run_heavy_than_baseline,close_to_baseline_shotgun_usage,slower_than_baseline,less_efficient_than_baseline
370,TEN,6,red_zone,101,strong,50.2734375,50.2734375,45.3125,66.40625,23.958333333333332,46.875,100.0,0.08130000000000004,-0.08129999999999998,0.014399999999999968,0.024300000000000002,0.08109999999999999,0.03300000000000003,-0.021500000000000002,more_dropback_heavy_than_baseline,close_to_baseline_shotgun_usage,faster_than_baseline,more_efficient_than_baseline
371,DAL,11,neutral_early_down,418,strong,50.25390625,50.25390625,27.34375,71.484375,44.791666666666664,83.59375,100.0,0.009600000000000053,-0.009599999999999997,-0.10429999999999995,-0.025700000000000008,0.0969,0.027400000000000035,-0.010300000000000004,close_to_baseline_run_pass_split,less_shotgun_than_baseline,slower_than_baseline,more_efficient_than_baseline
372,IND,10,one_score,691,strong,50.234375,50.234375,25.0,76.5625,68.75,45.3125,100.0,-0.0034999999999999476,0.003500000000000003,0.04060000000000008,-0.0501,0.06119999999999999,0.0247,0.011499999999999982,close_to_baseline_run_pass_split,close_to_baseline_shotgun_usage,slower_than_baseline,more_efficient_than_baseline
373,IND,21,trailing_early_down,342,strong,50.17578125,50.17578125,41.40625,69.921875,43.75,25.0,100.0,-0.0343,0.0343,0.01539999999999997,-0.04769999999999999,0.0050999999999999995,0.029799999999999993,0.0008999999999999841,close_to_baseline_run_pass_split,close_to_baseline_shotgun_usage,slower_than_baseline,close_to_baseline_efficiency
374,CAR,8,two_minute_half,123,strong,50.15625,50.15625,51.953125,40.234375,57.291666666666664,31.25,100.0,-0.06010000000000004,0.06009999999999999,-0.05669999999999997,-0.008899999999999991,-0.0284,-0.008499999999999952,0.0030000000000000027,more_run_heavy_than_baseline,less_shotgun_than_baseline,close_to_baseline_tempo,close_to_baseline_efficiency
375,CIN,16,leading_two_plus_scores,82,good,50.0516129032258,55.61290322580645,37.09677419354839,69.35483870967742,67.74193548387096,74.19354838709677,80.0,0.007099999999999995,-0.007099999999999995,0.11360000000000003,-0.0464,0.1329,-0.010999999999999954,0.008800000000000002,close_to_baseline_run_pass_split,more_shotgun_than_baseline,slower_than_baseline,more_efficient_than_baseline
376,MIA,1,all_offense,939,strong,50.0390625,50.0390625,48.4375,39.84375,72.91666666666667,23.4375,100.0,-0.0252,0.0252,0.020000000000000018,-0.0688,-0.0106,-0.014900000000000024,0.008800000000000002,close_to_baseline_run_pass_split,close_to_baseline_shotgun_usage,slower_than_baseline,close_to_baseline_efficiency
377,TB,9,two_minute_game,56,good,49.988671875,55.54296875,28.515625,88.28125,72.91666666666667,57.03125,80.0,0.06820000000000004,-0.06819999999999998,0.03979999999999995,-0.029700000000000004,0.1812,0.1058,0.03390000000000001,more_dropback_heavy_than_baseline,close_to_baseline_shotgun_usage,slower_than_baseline,more_efficient_than_baseline
378,ATL,19,tied_early_down,196,strong,49.921875,49.921875,50.0,29.6875,53.125,70.3125,100.0,-0.06970000000000004,0.06969999999999998,0.0676,-0.005500000000000005,0.0185,-0.03360000000000002,-0.006100000000000008,more_run_heavy_than_baseline,more_shotgun_than_baseline,close_to_baseline_tempo,close_to_baseline_efficiency
379,PIT,8,two_minute_half,121,strong,49.921875,49.921875,29.6875,71.875,43.75,70.3125,100.0,0.008900000000000019,-0.008900000000000019,-0.010000000000000009,0.0763,0.13,0.014900000000000024,-0.011399999999999993,close_to_baseline_run_pass_split,close_to_baseline_shotgun_usage,faster_than_baseline,more_efficient_than_baseline
380,NO,3,third_down,222,strong,49.86328125,49.86328125,50.0,47.265625,23.4375,70.3125,100.0,-0.006199999999999983,0.006199999999999983,0.04610000000000003,0.1467,-0.0588,0.003699999999999981,-0.02779999999999999,close_to_baseline_run_pass_split,close_to_baseline_shotgun_usage,faster_than_baseline,less_efficient_than_baseline
381,ARI,9,two_minute_game,40,thin,49.81640625,66.421875,86.71875,41.40625,67.70833333333333,41.40625,55.0,0.24320000000000008,-0.24319999999999997,0.18269999999999997,0.0524,-0.1142,-0.019199999999999995,0.07320000000000002,more_dropback_heavy_than_baseline,more_shotgun_than_baseline,faster_than_baseline,less_efficient_than_baseline
382,ATL,18,trailing_two_plus_scores,152,strong,49.765625,49.765625,46.484375,31.640625,64.58333333333333,62.5,100.0,-0.025700000000000056,0.0257,0.1169,0.059100000000000014,-0.1637,-0.017900000000000027,0.016100000000000003,close_to_baseline_run_pass_split,more_shotgun_than_baseline,faster_than_baseline,less_efficient_than_baseline
383,PHI,4,fourth_down,20,thin,49.728515625,66.3046875,69.921875,60.546875,53.645833333333336,89.0625,55.0,-0.17250000000000004,0.17250000000000004,-0.125,-0.04429999999999999,0.449,0.005700000000000038,-0.020899999999999988,more_run_heavy_than_baseline,less_shotgun_than_baseline,slower_than_baseline,more_efficient_than_baseline
384,DEN,1,all_offense,1073,strong,49.5703125,49.5703125,32.8125,53.90625,43.229166666666664,98.4375,100.0,0.018100000000000005,-0.018100000000000005,-0.04149999999999998,0.025599999999999998,0.053200000000000004,0.006300000000000028,-0.007900000000000004,close_to_baseline_run_pass_split,close_to_baseline_shotgun_usage,faster_than_baseline,more_efficient_than_baseline
385,NO,6,red_zone,123,strong,49.375,49.375,49.21875,16.40625,91.66666666666667,43.75,100.0,-0.007000000000000006,0.007000000000000006,0.1622,0.1331,-0.1216,-0.06469999999999998,0.03819999999999999,close_to_baseline_run_pass_split,more_shotgun_than_baseline,faster_than_baseline,less_efficient_than_baseline
386,JAX,10,one_score,672,strong,49.3359375,49.3359375,22.65625,79.6875,63.541666666666664,46.875,100.0,0.0035000000000000586,-0.003500000000000003,-0.06979999999999997,-0.025300000000000003,0.0506,0.02589999999999998,0.0126,close_to_baseline_run_pass_split,less_shotgun_than_baseline,slower_than_baseline,more_efficient_than_baseline
387,IND,5,short_yardage,117,strong,49.31640625,49.31640625,32.8125,72.265625,43.75,49.21875,100.0,-0.04850000000000004,0.04849999999999999,-0.010800000000000032,-0.027400000000000008,0.10360000000000001,0.04490000000000005,-0.013700000000000004,close_to_baseline_run_pass_split,close_to_baseline_shotgun_usage,slower_than_baseline,more_efficient_than_baseline
388,CLE,5,short_yardage,86,good,49.12734375,54.5859375,69.140625,50.390625,23.4375,33.59375,80.0,-0.1383,0.13829999999999998,-0.12520000000000003,0.021799999999999986,0.02220000000000001,0.03180000000000005,-0.0441,more_run_heavy_than_baseline,less_shotgun_than_baseline,faster_than_baseline,close_to_baseline_efficiency
389,ARI,12,tied,197,strong,49.0234375,49.0234375,57.8125,41.40625,31.25,29.6875,100.0,0.07719999999999994,-0.07719999999999999,-0.017799999999999927,-0.0411,0.0084,-0.0017000000000000348,-0.02410000000000001,more_dropback_heavy_than_baseline,close_to_baseline_shotgun_usage,slower_than_baseline,close_to_baseline_efficiency
390,HOU,14,trailing,356,strong,48.8671875,48.8671875,39.0625,32.03125,63.541666666666664,87.5,100.0,-0.0045000000000000595,0.004500000000000004,-0.09910000000000008,-0.0768,-0.009600000000000001,-0.00940000000000002,0.011700000000000016,close_to_baseline_run_pass_split,less_shotgun_than_baseline,slower_than_baseline,close_to_baseline_efficiency
391,ATL,15,leading_one_score,298,strong,48.7890625,48.7890625,43.75,41.40625,44.791666666666664,70.3125,100.0,-0.02070000000000005,0.020699999999999996,0.13960000000000006,0.0257,-0.0225,0.011799999999999977,-0.0004999999999999727,close_to_baseline_run_pass_split,more_shotgun_than_baseline,faster_than_baseline,close_to_baseline_efficiency
392,DET,4,fourth_down,31,thin,48.673828125,64.8984375,64.84375,70.3125,51.041666666666664,77.34375,55.0,0.11939999999999995,-0.1194,-0.09440000000000004,-0.06199999999999999,0.40320000000000006,0.0363,0.00810000000000001,more_dropback_heavy_than_baseline,less_shotgun_than_baseline,slower_than_baseline,more_efficient_than_baseline
393,HOU,5,short_yardage,102,strong,48.515625,48.515625,66.40625,21.09375,29.6875,39.0625,100.0,-0.06330000000000002,0.06330000000000002,-0.1498,-0.06620000000000001,-0.1543,-0.04709999999999992,-0.022000000000000006,more_run_heavy_than_baseline,less_shotgun_than_baseline,slower_than_baseline,less_efficient_than_baseline
394,JAX,4,fourth_down,29,thin,48.46875,64.625,86.71875,39.84375,34.895833333333336,76.5625,55.0,-0.27770000000000006,0.2777,-0.19220000000000004,-0.05979999999999999,-0.2789,0.007399999999999962,-0.05189999999999999,more_run_heavy_than_baseline,less_shotgun_than_baseline,slower_than_baseline,less_efficient_than_baseline
395,NO,19,tied_early_down,96,good,48.31875,53.6875,75.0,21.875,66.66666666666667,4.6875,80.0,0.06419999999999998,-0.06420000000000003,0.12329999999999997,0.07400000000000001,-0.3744,-0.08760000000000001,0.01730000000000001,more_dropback_heavy_than_baseline,more_shotgun_than_baseline,faster_than_baseline,less_efficient_than_baseline
396,LAC,16,leading_two_plus_scores,159,strong,48.2258064516129,48.2258064516129,46.774193548387096,46.7741935483871,52.68817204301075,25.806451612903224,100.0,-0.04749999999999999,0.04749999999999999,0.028900000000000037,-0.0334,-0.0411,0.008400000000000019,-0.005400000000000016,close_to_baseline_run_pass_split,close_to_baseline_shotgun_usage,slower_than_baseline,less_efficient_than_baseline
397,KC,3,third_down,216,strong,48.1640625,48.1640625,67.96875,26.5625,23.958333333333332,23.4375,100.0,-0.03179999999999994,0.031799999999999995,0.04910000000000003,-0.0829,-0.10439999999999999,-0.016800000000000037,-0.0339,close_to_baseline_run_pass_split,close_to_baseline_shotgun_usage,slower_than_baseline,less_efficient_than_baseline
398,DET,3,third_down,213,strong,48.0859375,48.0859375,46.875,46.09375,47.916666666666664,32.8125,100.0,0.029900000000000038,-0.029899999999999982,-0.026799999999999935,-0.04989999999999999,-0.0206,-0.02040000000000003,-0.004200000000000009,close_to_baseline_run_pass_split,close_to_baseline_shotgun_usage,slower_than_baseline,close_to_baseline_efficiency
399,DAL,21,trailing_early_down,497,strong,48.046875,48.046875,25.0,75.0,51.5625,53.125,100.0,-0.0023999999999999577,0.0023999999999999577,-0.09509999999999996,-0.01319999999999999,0.0868,0.028799999999999992,0.006099999999999994,close_to_baseline_run_pass_split,less_shotgun_than_baseline,close_to_baseline_tempo,more_efficient_than_baseline
400,TB,21,trailing_early_down,381,strong,48.046875,48.046875,40.625,51.5625,44.791666666666664,51.5625,100.0,0.02429999999999999,-0.024300000000000044,-0.032299999999999995,-0.05289999999999999,0.03,-0.0049000000000000155,0.0005000000000000004,close_to_baseline_run_pass_split,close_to_baseline_shotgun_usage,slower_than_baseline,more_efficient_than_baseline
401,BAL,4,fourth_down,25,thin,48.0,64.0,56.640625,79.296875,70.83333333333333,53.125,55.0,0.13749999999999996,-0.1375,0.04499999999999993,-0.054299999999999994,0.5297000000000001,0.05569999999999997,0.03910000000000001,more_dropback_heavy_than_baseline,close_to_baseline_shotgun_usage,slower_than_baseline,more_efficient_than_baseline
402,KC,21,trailing_early_down,412,strong,47.96875,47.96875,50.0,37.5,31.25,64.0625,100.0,0.009600000000000053,-0.009599999999999997,0.10150000000000003,-0.10389999999999999,0.0356,-0.01319999999999999,-0.009300000000000017,close_to_baseline_run_pass_split,more_shotgun_than_baseline,slower_than_baseline,more_efficient_than_baseline
403,KC,6,red_zone,186,strong,47.9296875,47.9296875,52.34375,34.375,52.083333333333336,29.6875,100.0,0.02400000000000002,-0.023999999999999966,0.13679999999999992,-0.0891,-0.0465,-0.02460000000000001,-0.002800000000000004,close_to_baseline_run_pass_split,more_shotgun_than_baseline,slower_than_baseline,less_efficient_than_baseline
404,MIN,19,tied_early_down,148,strong,47.87109375,47.87109375,42.578125,49.21875,43.75,48.4375,100.0,-0.011800000000000033,0.011799999999999922,-0.2005,-0.0177,-0.0295,0.017699999999999994,-0.013600000000000001,close_to_baseline_run_pass_split,less_shotgun_than_baseline,close_to_baseline_tempo,close_to_baseline_efficiency
405,DAL,18,trailing_two_plus_scores,299,strong,47.7734375,47.7734375,33.59375,62.5,51.041666666666664,43.75,100.0,-0.021500000000000075,0.021499999999999964,-0.10189999999999999,-0.0237,0.0704,0.04249999999999998,0.00520000000000001,close_to_baseline_run_pass_split,less_shotgun_than_baseline,slower_than_baseline,more_efficient_than_baseline
406,KC,17,trailing_one_score,421,strong,47.7734375,47.7734375,46.875,46.09375,20.833333333333332,70.3125,100.0,0.013700000000000045,-0.01369999999999999,0.09839999999999993,-0.081,0.030100000000000002,-0.0046000000000000485,-0.019799999999999998,close_to_baseline_run_pass_split,more_shotgun_than_baseline,slower_than_baseline,more_efficient_than_baseline
407,NO,2,early_down,805,strong,47.71484375,47.71484375,69.140625,19.53125,17.708333333333332,40.625,100.0,0.03320000000000001,-0.03320000000000001,0.10670000000000002,0.1175,-0.047,-0.01529999999999998,-0.02049999999999999,close_to_baseline_run_pass_split,more_shotgun_than_baseline,faster_than_baseline,less_efficient_than_baseline
408,ARI,13,leading,255,strong,47.65625,47.65625,52.34375,30.46875,48.958333333333336,41.40625,100.0,0.048899999999999944,-0.0489,0.015199999999999991,-0.0334,-0.0549,-0.030799999999999994,-0.0023999999999999855,close_to_baseline_run_pass_split,close_to_baseline_shotgun_usage,slower_than_baseline,less_efficient_than_baseline
409,DAL,6,red_zone,196,strong,47.6171875,47.6171875,46.875,36.71875,64.58333333333333,26.5625,100.0,0.05830000000000002,-0.05829999999999996,-0.06710000000000005,-0.028200000000000003,-0.07830000000000001,-0.019299999999999984,0.004899999999999995,more_dropback_heavy_than_baseline,less_shotgun_than_baseline,slower_than_baseline,less_efficient_than_baseline
410,NYJ,19,tied_early_down,138,strong,47.6171875,47.6171875,65.625,10.15625,15.625,82.03125,100.0,-0.1215,0.12149999999999994,-0.033399999999999985,-0.0356,-0.1096,-0.10850000000000004,-0.05600000000000001,more_run_heavy_than_baseline,close_to_baseline_shotgun_usage,slower_than_baseline,less_efficient_than_baseline
411,NO,12,tied,122,strong,47.578125,47.578125,75.78125,7.03125,38.541666666666664,9.375,100.0,0.07079999999999997,-0.07079999999999997,0.0948,0.08410000000000001,-0.44289999999999996,-0.10720000000000002,-0.01590000000000001,more_dropback_heavy_than_baseline,more_shotgun_than_baseline,faster_than_baseline,less_efficient_than_baseline
412,PIT,9,two_minute_game,37,thin,47.5751953125,63.43359375,86.71875,25.390625,58.333333333333336,65.625,55.0,0.18310000000000004,-0.18309999999999998,0.12859999999999994,0.1788,-0.1011,-0.042800000000000005,0.008300000000000002,more_dropback_heavy_than_baseline,more_shotgun_than_baseline,faster_than_baseline,less_efficient_than_baseline
413,SF,13,leading,442,strong,47.5390625,47.5390625,38.28125,68.75,11.458333333333334,64.0625,100.0,-0.006300000000000028,0.006299999999999972,-0.1562,-0.0438,0.060500000000000005,0.030100000000000016,-0.03159999999999999,close_to_baseline_run_pass_split,less_shotgun_than_baseline,slower_than_baseline,more_efficient_than_baseline
414,GB,12,tied,219,strong,47.4609375,47.4609375,41.40625,54.6875,54.166666666666664,20.3125,100.0,-0.03170000000000006,0.031700000000000006,-0.08299999999999996,-0.0030999999999999917,0.0441,0.036199999999999954,-0.002799999999999997,close_to_baseline_run_pass_split,less_shotgun_than_baseline,close_to_baseline_tempo,more_efficient_than_baseline
415,NYJ,11,neutral_early_down,289,strong,47.3828125,47.3828125,63.28125,25.0,27.083333333333332,35.9375,100.0,-0.12009999999999998,0.12010000000000004,0.0050000000000000044,-0.044000000000000004,-0.1301,-0.05159999999999998,-0.04400000000000001,more_run_heavy_than_baseline,close_to_baseline_shotgun_usage,slower_than_baseline,less_efficient_than_baseline
416,LAC,14,trailing,512,strong,47.34375,47.34375,59.375,18.75,45.833333333333336,40.625,100.0,0.04679999999999995,-0.04680000000000001,0.016799999999999926,-0.0867,-0.04360000000000001,-0.030100000000000016,0.0012000000000000066,close_to_baseline_run_pass_split,close_to_baseline_shotgun_usage,slower_than_baseline,less_efficient_than_baseline
417,GB,9,two_minute_game,56,good,46.87734375,52.0859375,65.625,41.40625,22.916666666666668,47.65625,80.0,-0.11039999999999994,0.1104,-0.1744,-0.0476,0.024399999999999998,0.016500000000000015,-0.03749999999999999,more_run_heavy_than_baseline,less_shotgun_than_baseline,slower_than_baseline,close_to_baseline_efficiency
418,DAL,4,fourth_down,34,thin,46.798828125,62.3984375,67.1875,66.40625,56.25,43.75,55.0,0.17159999999999997,-0.1716,0.14849999999999997,-0.0355,0.4734,0.1028,0.026200000000000015,more_dropback_heavy_than_baseline,more_shotgun_than_baseline,slower_than_baseline,more_efficient_than_baseline
419,ATL,10,one_score,806,strong,46.6796875,46.6796875,31.25,44.53125,55.208333333333336,82.03125,100.0,-0.010399999999999965,0.01040000000000002,0.11560000000000004,0.0068000000000000005,0.027200000000000002,0.008500000000000008,-0.00040000000000001146,close_to_baseline_run_pass_split,more_shotgun_than_baseline,close_to_baseline_tempo,close_to_baseline_efficiency
420,DAL,13,leading,265,strong,46.6796875,46.6796875,21.09375,70.3125,49.479166666666664,71.875,100.0,0.00539999999999996,-0.005400000000000016,-0.08490000000000009,-0.023399999999999997,0.12280000000000002,0.018399999999999972,-0.003599999999999992,close_to_baseline_run_pass_split,less_shotgun_than_baseline,slower_than_baseline,more_efficient_than_baseline
421,ARI,11,neutral_early_down,377,strong,46.6015625,46.6015625,64.84375,21.875,23.958333333333332,33.59375,100.0,0.062100000000000044,-0.06209999999999999,-0.08179999999999998,-0.035100000000000006,-0.0511,-0.02529999999999999,-0.027600000000000013,more_dropback_heavy_than_baseline,less_shotgun_than_baseline,slower_than_baseline,less_efficient_than_baseline
422,DAL,9,two_minute_game,50,good,46.59609375,51.7734375,27.34375,75.0,87.5,35.9375,80.0,-0.061799999999999966,0.06180000000000002,-0.07730000000000004,-0.0126,0.12940000000000002,0.06580000000000003,0.1332,more_run_heavy_than_baseline,less_shotgun_than_baseline,close_to_baseline_tempo,more_efficient_than_baseline
423,DAL,16,leading_two_plus_scores,125,strong,46.59274193548387,46.59274193548387,29.032258064516128,67.33870967741936,31.72043010752688,69.35483870967741,100.0,0.03970000000000001,-0.03969999999999996,-0.03369999999999995,-0.010599999999999998,0.08839999999999999,0.014400000000000024,-0.02550000000000001,close_to_baseline_run_pass_split,close_to_baseline_shotgun_usage,close_to_baseline_tempo,more_efficient_than_baseline
424,LAC,13,leading,423,strong,46.5625,46.5625,47.65625,55.46875,30.208333333333332,17.1875,100.0,-0.03360000000000002,0.03359999999999996,0.01429999999999998,-0.0451,0.0017000000000000001,0.03410000000000002,-0.017499999999999988,close_to_baseline_run_pass_split,close_to_baseline_shotgun_usage,slower_than_baseline,close_to_baseline_efficiency
425,NO,21,trailing_early_down,625,strong,46.171875,46.171875,53.125,32.8125,18.75,62.5,100.0,-0.01869999999999994,0.018699999999999994,0.07079999999999997,0.10119999999999998,0.0194,0.005199999999999982,-0.021900000000000017,close_to_baseline_run_pass_split,more_shotgun_than_baseline,faster_than_baseline,close_to_baseline_efficiency
426,ARI,19,tied_early_down,156,strong,46.1328125,46.1328125,54.6875,39.84375,22.916666666666668,31.25,100.0,0.09139999999999998,-0.09140000000000004,-0.009700000000000042,-0.0333,-0.013399999999999999,-0.012300000000000033,-0.0388,more_dropback_heavy_than_baseline,close_to_baseline_shotgun_usage,slower_than_baseline,close_to_baseline_efficiency
427,ARI,20,leading_early_down,196,strong,46.015625,46.015625,50.0,29.6875,42.708333333333336,46.875,100.0,0.05830000000000002,-0.05830000000000002,0.021399999999999975,-0.030100000000000002,-0.020499999999999997,-0.0408,-0.010800000000000018,more_dropback_heavy_than_baseline,close_to_baseline_shotgun_usage,slower_than_baseline,close_to_baseline_efficiency
428,ATL,9,two_minute_game,53,good,45.928125,51.03125,60.9375,23.4375,51.041666666666664,60.9375,80.0,-0.13459999999999994,0.1346,0.03179999999999994,-0.116,-0.06620000000000001,-0.03570000000000001,0.005299999999999999,more_run_heavy_than_baseline,close_to_baseline_shotgun_usage,slower_than_baseline,less_efficient_than_baseline
429,CAR,21,trailing_early_down,465,strong,45.8984375,45.8984375,47.65625,39.0625,35.416666666666664,43.75,100.0,-0.03939999999999999,0.03939999999999999,-0.027200000000000002,-0.042499999999999996,-0.020900000000000002,0.0029000000000000137,-0.00810000000000001,close_to_baseline_run_pass_split,close_to_baseline_shotgun_usage,slower_than_baseline,close_to_baseline_efficiency
430,MIN,21,trailing_early_down,352,strong,45.8984375,45.8984375,51.5625,28.90625,62.5,10.9375,100.0,0.03510000000000002,-0.03510000000000002,-0.14149999999999996,-0.005099999999999993,-0.0837,-0.003300000000000025,0.011299999999999977,close_to_baseline_run_pass_split,less_shotgun_than_baseline,close_to_baseline_tempo,less_efficient_than_baseline
431,BUF,4,fourth_down,32,thin,45.8759765625,61.16796875,50.390625,75.78125,69.79166666666667,63.28125,55.0,0.06499999999999995,-0.065,-0.08120000000000005,-0.063,0.5229999999999999,0.04949999999999999,0.0666,more_dropback_heavy_than_baseline,less_shotgun_than_baseline,slower_than_baseline,more_efficient_than_baseline
432,HOU,7,goal_to_go,70,good,45.629296875,50.69921875,55.859375,21.875,67.70833333333333,59.375,80.0,0.10999999999999999,-0.10999999999999999,-0.01100000000000001,-0.043199999999999995,-0.0576,-0.06659999999999999,0.0069,more_dropback_heavy_than_baseline,close_to_baseline_shotgun_usage,slower_than_baseline,less_efficient_than_baseline
433,PHI,5,short_yardage,86,good,45.558984375,50.62109375,41.40625,61.328125,47.395833333333336,55.46875,80.0,-0.056900000000000006,0.05690000000000006,-0.032200000000000006,0.0451,0.025400000000000006,0.03180000000000005,-0.0092,more_run_heavy_than_baseline,close_to_baseline_shotgun_usage,faster_than_baseline,close_to_baseline_efficiency
434,NO,14,trailing,820,strong,45.546875,45.546875,60.15625,25.78125,11.458333333333334,53.125,100.0,-0.027200000000000002,0.027200000000000002,0.057699999999999974,0.10979999999999998,-0.038200000000000005,-0.0010000000000000009,-0.02919999999999999,close_to_baseline_run_pass_split,more_shotgun_than_baseline,faster_than_baseline,less_efficient_than_baseline
435,NE,9,two_minute_game,38,thin,45.509765625,60.6796875,50.0,67.96875,85.9375,55.46875,55.0,-0.07650000000000001,0.07650000000000001,-0.21200000000000008,-0.01469999999999999,0.2016,0.053200000000000025,0.0837,more_run_heavy_than_baseline,less_shotgun_than_baseline,close_to_baseline_tempo,more_efficient_than_baseline
436,SEA,5,short_yardage,102,strong,45.5078125,45.5078125,40.625,44.53125,47.916666666666664,39.0625,100.0,-0.03390000000000004,0.03390000000000004,-0.23810000000000003,-0.017100000000000004,-0.091,-0.02749999999999997,-0.0023999999999999994,close_to_baseline_run_pass_split,less_shotgun_than_baseline,close_to_baseline_tempo,less_efficient_than_baseline
437,NO,10,one_score,595,strong,45.41015625,45.41015625,69.53125,15.234375,18.75,25.0,100.0,0.03500000000000003,-0.034999999999999976,0.07710000000000006,0.1171,-0.1241,-0.030200000000000005,-0.020600000000000007,close_to_baseline_run_pass_split,more_shotgun_than_baseline,faster_than_baseline,less_efficient_than_baseline
438,MIA,21,trailing_early_down,333,strong,45.3515625,45.3515625,28.90625,50.0,66.66666666666667,48.4375,100.0,0.00770000000000004,-0.00770000000000004,-0.028100000000000014,-0.0779,-0.017,-0.002599999999999991,0.016399999999999998,close_to_baseline_run_pass_split,close_to_baseline_shotgun_usage,slower_than_baseline,close_to_baseline_efficiency
439,NYJ,9,two_minute_game,54,good,45.26015625,50.2890625,70.3125,32.03125,35.416666666666664,13.28125,80.0,0.15150000000000008,-0.1515,0.14569999999999994,0.049600000000000005,-0.20879999999999999,-0.07939999999999997,-0.015699999999999992,more_dropback_heavy_than_baseline,more_shotgun_than_baseline,faster_than_baseline,less_efficient_than_baseline
440,DAL,20,leading_early_down,203,strong,45.15625,45.15625,21.875,68.75,46.875,60.9375,100.0,0.0015000000000000013,-0.0015000000000000568,-0.1124,-0.026600000000000006,0.1151,0.014900000000000024,-0.005100000000000021,close_to_baseline_run_pass_split,less_shotgun_than_baseline,slower_than_baseline,more_efficient_than_baseline
441,MIA,6,red_zone,140,strong,45.078125,45.078125,30.46875,66.40625,31.25,50.78125,100.0,-0.0029000000000000137,0.0029000000000000137,0.041099999999999914,-0.0802,0.0443,0.027600000000000013,-0.0155,close_to_baseline_run_pass_split,close_to_baseline_shotgun_usage,slower_than_baseline,more_efficient_than_baseline
442,CAR,19,tied_early_down,160,strong,44.9609375,44.9609375,32.8125,52.34375,56.770833333333336,35.9375,100.0,0.007999999999999952,-0.007900000000000018,-0.062100000000000044,-0.0468,-0.0327,0.014499999999999957,-0.003500000000000003,close_to_baseline_run_pass_split,less_shotgun_than_baseline,slower_than_baseline,less_efficient_than_baseline
443,NYJ,10,one_score,469,strong,44.8828125,44.8828125,64.84375,4.6875,30.208333333333332,50.0,100.0,-0.11079999999999995,0.11079999999999995,0.02410000000000001,-0.0351,-0.2087,-0.06380000000000002,-0.04790000000000001,more_run_heavy_than_baseline,close_to_baseline_shotgun_usage,slower_than_baseline,less_efficient_than_baseline
444,TB,11,neutral_early_down,502,strong,44.78515625,44.78515625,40.625,41.015625,27.083333333333332,71.875,100.0,-0.03149999999999997,0.03150000000000003,-0.07240000000000002,-0.04170000000000001,0.0134,-0.006799999999999973,-0.022800000000000015,close_to_baseline_run_pass_split,less_shotgun_than_baseline,slower_than_baseline,close_to_baseline_efficiency
445,LAC,21,trailing_early_down,379,strong,44.765625,44.765625,58.59375,17.96875,30.208333333333332,43.75,100.0,0.04859999999999998,-0.04860000000000003,0.016199999999999992,-0.092,-0.0506,-0.04749999999999999,-0.0067000000000000115,close_to_baseline_run_pass_split,close_to_baseline_shotgun_usage,slower_than_baseline,less_efficient_than_baseline
446,HOU,12,tied,220,strong,44.6875,44.6875,48.4375,29.6875,23.958333333333332,68.75,100.0,0.020499999999999963,-0.020499999999999963,-0.06299999999999994,-0.057999999999999996,0.019,-0.0388,-0.04890000000000001,close_to_baseline_run_pass_split,less_shotgun_than_baseline,slower_than_baseline,close_to_baseline_efficiency
447,LAC,17,trailing_one_score,270,strong,44.6875,44.6875,57.8125,20.3125,29.166666666666668,42.1875,100.0,0.040200000000000014,-0.040200000000000014,-0.016300000000000092,-0.0826,-0.0574,-0.028200000000000003,-0.015300000000000008,close_to_baseline_run_pass_split,close_to_baseline_shotgun_usage,slower_than_baseline,less_efficient_than_baseline
448,PHI,15,leading_one_score,267,strong,44.62890625,44.62890625,46.484375,30.46875,35.416666666666664,57.8125,100.0,-0.013500000000000068,0.013500000000000012,0.10540000000000005,0.0523,-0.0206,-0.04200000000000004,-0.011099999999999985,close_to_baseline_run_pass_split,more_shotgun_than_baseline,faster_than_baseline,close_to_baseline_efficiency
449,CAR,14,trailing,613,strong,44.609375,44.609375,42.1875,40.625,38.541666666666664,46.875,100.0,-0.02729999999999999,0.02729999999999999,-0.018299999999999983,-0.051699999999999996,0.0036999999999999984,0.0024000000000000132,-0.004399999999999987,close_to_baseline_run_pass_split,close_to_baseline_shotgun_usage,slower_than_baseline,close_to_baseline_efficiency
450,KC,14,trailing,548,strong,44.53125,44.53125,39.0625,45.3125,30.208333333333332,60.9375,100.0,-0.0012999999999999678,0.0013000000000000234,0.07950000000000002,-0.10669999999999999,0.08479999999999999,-0.0039000000000000146,-0.007499999999999993,close_to_baseline_run_pass_split,more_shotgun_than_baseline,slower_than_baseline,more_efficient_than_baseline
451,LV,6,red_zone,114,strong,44.53125,44.53125,66.40625,14.84375,30.208333333333332,14.0625,100.0,0.09360000000000002,-0.09359999999999996,0.06919999999999993,-0.0506,-0.15259999999999999,-0.08029999999999998,-0.016100000000000003,more_dropback_heavy_than_baseline,more_shotgun_than_baseline,slower_than_baseline,less_efficient_than_baseline
452,NE,7,goal_to_go,86,good,44.521875,49.46875,53.90625,44.53125,39.0625,42.1875,80.0,-0.0338,0.03380000000000005,-0.15749999999999997,-0.0861,-0.0739,-0.007799999999999974,-0.0074,close_to_baseline_run_pass_split,less_shotgun_than_baseline,slower_than_baseline,less_efficient_than_baseline
453,NO,1,all_offense,1061,strong,44.375,44.375,66.40625,17.96875,10.416666666666666,34.375,100.0,0.023800000000000043,-0.023799999999999988,0.09309999999999996,0.12319999999999999,-0.0802,-0.014100000000000001,-0.025400000000000006,close_to_baseline_run_pass_split,more_shotgun_than_baseline,faster_than_baseline,less_efficient_than_baseline
454,ATL,12,tied,253,strong,44.35546875,44.35546875,43.75,29.296875,45.833333333333336,54.6875,100.0,-0.034399999999999986,0.03440000000000004,0.04400000000000004,0.011400000000000007,-0.013600000000000001,-0.040100000000000025,-0.012100000000000014,close_to_baseline_run_pass_split,close_to_baseline_shotgun_usage,close_to_baseline_tempo,close_to_baseline_efficiency
455,BAL,7,goal_to_go,68,good,44.240625,49.15625,62.5,35.9375,39.0625,21.875,80.0,-0.0933,0.09330000000000005,-0.21389999999999998,-0.027299999999999998,-0.0143,-0.05559999999999998,-0.0074,more_run_heavy_than_baseline,less_shotgun_than_baseline,slower_than_baseline,close_to_baseline_efficiency
456,CHI,16,leading_two_plus_scores,149,strong,44.233870967741936,44.233870967741936,26.61290322580645,45.16129032258064,69.89247311827957,54.83870967741935,100.0,9.999999999998899e-05,-9.999999999998899e-05,-0.12390000000000001,-0.025,-0.014900000000000002,-0.009499999999999953,0.010199999999999987,close_to_baseline_run_pass_split,less_shotgun_than_baseline,slower_than_baseline,close_to_baseline_efficiency
457,JAX,20,leading_early_down,379,strong,44.1796875,44.1796875,39.0625,41.40625,31.25,65.625,100.0,0.025500000000000023,-0.025500000000000078,-0.0847,-0.028700000000000003,-0.0421,-0.017199999999999993,-0.022400000000000017,close_to_baseline_run_pass_split,less_shotgun_than_baseline,slower_than_baseline,less_efficient_than_baseline
458,HOU,3,third_down,230,strong,44.00390625,44.00390625,28.515625,45.3125,40.625,87.5,100.0,-0.0015999999999999348,0.0015999999999999903,-0.030100000000000016,-0.0527,-0.010099999999999998,-0.0025000000000000022,-0.014300000000000007,close_to_baseline_run_pass_split,close_to_baseline_shotgun_usage,slower_than_baseline,close_to_baseline_efficiency
459,MIN,9,two_minute_game,46,thin,43.869140625,58.4921875,44.53125,64.0625,69.79166666666667,92.1875,55.0,-0.0948,0.0948,-0.12160000000000004,0.0012999999999999956,0.0732,0.040600000000000025,0.025400000000000006,more_run_heavy_than_baseline,less_shotgun_than_baseline,close_to_baseline_tempo,more_efficient_than_baseline
460,LAC,6,red_zone,165,strong,43.8671875,43.8671875,46.09375,28.125,59.375,21.875,100.0,0.05469999999999997,-0.05469999999999997,0.007799999999999918,-0.06420000000000001,-0.0785,-0.022399999999999975,0.0032999999999999974,more_dropback_heavy_than_baseline,close_to_baseline_shotgun_usage,slower_than_baseline,less_efficient_than_baseline
461,TB,14,trailing,499,strong,43.6328125,43.6328125,27.34375,65.625,29.166666666666668,55.46875,100.0,0.008399999999999963,-0.008399999999999963,-0.021299999999999986,-0.0532,0.059899999999999995,0.014500000000000013,-0.009399999999999992,close_to_baseline_run_pass_split,close_to_baseline_shotgun_usage,slower_than_baseline,more_efficient_than_baseline
462,NYJ,3,third_down,229,strong,43.37890625,43.37890625,63.671875,13.28125,23.958333333333332,28.125,100.0,-0.07250000000000001,0.07250000000000001,0.04359999999999997,-0.01759999999999999,-0.2236,-0.06180000000000002,-0.05739999999999999,more_run_heavy_than_baseline,close_to_baseline_shotgun_usage,close_to_baseline_tempo,less_efficient_than_baseline
463,PHI,8,two_minute_half,122,strong,43.359375,43.359375,50.0,20.3125,22.916666666666668,73.4375,100.0,-0.1038,0.1038,-0.0008000000000000229,0.0005000000000000004,-0.0608,-0.05419999999999997,-0.02869999999999999,more_run_heavy_than_baseline,close_to_baseline_shotgun_usage,close_to_baseline_tempo,less_efficient_than_baseline
464,NE,4,fourth_down,25,thin,43.341796875,57.7890625,35.9375,88.28125,85.41666666666667,39.84375,55.0,-0.022500000000000075,0.02250000000000002,-0.03500000000000003,-0.0943,1.0384,0.17569999999999997,0.07910000000000002,close_to_baseline_run_pass_split,close_to_baseline_shotgun_usage,slower_than_baseline,more_efficient_than_baseline
465,TEN,20,leading_early_down,113,strong,43.203125,43.203125,48.4375,28.125,15.625,70.3125,100.0,-0.03969999999999996,0.03969999999999996,-0.07110000000000005,-0.035500000000000004,-0.091,-0.0872,-0.05360000000000001,close_to_baseline_run_pass_split,less_shotgun_than_baseline,slower_than_baseline,less_efficient_than_baseline
466,JAX,18,trailing_two_plus_scores,112,strong,43.14453125,43.14453125,23.4375,59.765625,48.958333333333336,53.125,100.0,0.010499999999999954,-0.01050000000000001,-0.07440000000000002,0.014500000000000013,0.11130000000000001,0.031899999999999984,-0.003599999999999992,close_to_baseline_run_pass_split,less_shotgun_than_baseline,close_to_baseline_tempo,more_efficient_than_baseline
467,CAR,18,trailing_two_plus_scores,266,strong,43.125,43.125,18.75,68.75,47.916666666666664,53.125,100.0,-0.011600000000000055,0.0116,0.010700000000000043,-0.032999999999999974,0.0711,0.04880000000000001,-0.0007999999999999952,close_to_baseline_run_pass_split,close_to_baseline_shotgun_usage,slower_than_baseline,more_efficient_than_baseline
468,NO,11,neutral_early_down,394,strong,42.98828125,42.98828125,61.71875,24.609375,19.791666666666668,10.9375,100.0,0.036900000000000044,-0.03689999999999999,0.07479999999999998,0.10229999999999999,-0.10239999999999999,-0.032999999999999974,-0.030100000000000016,close_to_baseline_run_pass_split,more_shotgun_than_baseline,faster_than_baseline,less_efficient_than_baseline
469,TB,8,two_minute_half,128,strong,42.87109375,42.87109375,38.28125,48.828125,40.625,23.4375,100.0,0.03849999999999998,-0.038500000000000006,0.02059999999999995,-0.05399999999999999,0.0203,0.00660000000000005,-0.009899999999999992,close_to_baseline_run_pass_split,close_to_baseline_shotgun_usage,slower_than_baseline,close_to_baseline_efficiency
470,MIN,18,trailing_two_plus_scores,207,strong,42.7734375,42.7734375,53.90625,20.3125,52.083333333333336,6.25,100.0,0.04279999999999995,-0.042800000000000005,-0.09709999999999996,-0.05559999999999998,-0.1476,-0.0363,-0.0030000000000000027,close_to_baseline_run_pass_split,less_shotgun_than_baseline,slower_than_baseline,less_efficient_than_baseline
471,PIT,2,early_down,743,strong,42.578125,42.578125,31.25,45.3125,38.541666666666664,64.0625,100.0,0.019100000000000006,-0.019100000000000006,-0.043300000000000005,0.009800000000000003,0.0104,0.006199999999999983,-0.01129999999999999,close_to_baseline_run_pass_split,close_to_baseline_shotgun_usage,close_to_baseline_tempo,close_to_baseline_efficiency
472,LAC,15,leading_one_score,264,strong,42.55859375,42.55859375,41.015625,57.03125,20.833333333333332,17.1875,100.0,-0.026499999999999968,0.026500000000000024,0.0042999999999999705,-0.0523,0.027499999999999997,0.04949999999999999,-0.02489999999999999,close_to_baseline_run_pass_split,close_to_baseline_shotgun_usage,slower_than_baseline,close_to_baseline_efficiency
473,CLE,8,two_minute_half,124,strong,42.5,42.5,56.25,9.375,27.083333333333332,57.8125,100.0,0.0796,-0.0796,0.025399999999999978,-0.05049999999999999,-0.09230000000000001,-0.10049999999999998,-0.022299999999999986,more_dropback_heavy_than_baseline,close_to_baseline_shotgun_usage,slower_than_baseline,less_efficient_than_baseline
474,LV,7,goal_to_go,40,thin,42.43359375,56.578125,82.8125,20.3125,39.0625,56.25,55.0,0.1743,-0.1743,0.11399999999999999,-0.061099999999999995,-0.1001,-0.11299999999999999,-0.0074,more_dropback_heavy_than_baseline,more_shotgun_than_baseline,slower_than_baseline,less_efficient_than_baseline
475,ARI,7,goal_to_go,63,good,42.4125,47.125,46.09375,30.46875,71.35416666666667,40.625,80.0,0.11160000000000003,-0.11159999999999998,0.008000000000000007,-0.006699999999999998,-0.0729,-0.02529999999999999,0.0085,more_dropback_heavy_than_baseline,close_to_baseline_shotgun_usage,close_to_baseline_tempo,less_efficient_than_baseline
476,HOU,11,neutral_early_down,491,strong,42.20703125,42.20703125,34.375,33.203125,35.416666666666664,81.25,100.0,-0.012299999999999978,0.012300000000000033,-0.07630000000000003,-0.04680000000000001,0.006699999999999999,-0.021600000000000008,-0.018000000000000016,close_to_baseline_run_pass_split,less_shotgun_than_baseline,slower_than_baseline,close_to_baseline_efficiency
477,DEN,12,tied,254,strong,42.1875,42.1875,42.1875,32.8125,25.0,62.5,100.0,0.022599999999999953,-0.022599999999999953,-0.0020999999999999908,0.05829999999999999,-0.06570000000000001,0.017299999999999982,-0.03230000000000001,close_to_baseline_run_pass_split,close_to_baseline_shotgun_usage,faster_than_baseline,less_efficient_than_baseline
478,DEN,18,trailing_two_plus_scores,116,strong,42.1484375,42.1484375,12.5,67.96875,42.708333333333336,81.25,100.0,0.0040000000000000036,-0.0040000000000000036,-0.0044999999999999485,0.04190000000000002,0.1242,0.024499999999999966,-0.00789999999999999,close_to_baseline_run_pass_split,close_to_baseline_shotgun_usage,faster_than_baseline,more_efficient_than_baseline
479,JAX,16,leading_two_plus_scores,286,strong,42.137096774193544,42.137096774193544,37.096774193548384,34.677419354838705,40.86021505376344,56.45161290322581,100.0,0.040200000000000014,-0.040200000000000014,-0.04469999999999996,-0.023599999999999996,-0.046700000000000005,-0.03049999999999997,-0.015100000000000016,close_to_baseline_run_pass_split,close_to_baseline_shotgun_usage,slower_than_baseline,less_efficient_than_baseline
480,CAR,4,fourth_down,39,thin,42.111328125,56.1484375,25.0,86.71875,96.35416666666667,60.15625,55.0,0.01849999999999996,-0.018500000000000016,-0.008300000000000085,-0.0687,1.1085,0.14800000000000002,0.1612,close_to_baseline_run_pass_split,close_to_baseline_shotgun_usage,slower_than_baseline,more_efficient_than_baseline
481,CAR,7,goal_to_go,46,thin,42.111328125,56.1484375,53.90625,78.125,39.0625,37.5,55.0,0.08950000000000002,-0.08949999999999997,-0.0675,-0.0426,0.1673,0.0403,-0.0074,more_dropback_heavy_than_baseline,less_shotgun_than_baseline,slower_than_baseline,more_efficient_than_baseline
482,NYJ,17,trailing_one_score,221,strong,42.109375,42.109375,64.84375,11.71875,21.875,17.1875,100.0,-0.10809999999999997,0.10809999999999997,0.021299999999999986,-0.0324,-0.2651,-0.03660000000000002,-0.061399999999999996,more_run_heavy_than_baseline,close_to_baseline_shotgun_usage,slower_than_baseline,less_efficient_than_baseline
483,PIT,16,leading_two_plus_scores,93,good,42.104032258064514,46.78225806451613,47.58064516129032,50.0,27.956989247311828,46.774193548387096,80.0,0.04909999999999998,-0.04909999999999998,-0.0131,0.0489,0.014100000000000001,0.004500000000000004,-0.030000000000000013,close_to_baseline_run_pass_split,close_to_baseline_shotgun_usage,faster_than_baseline,close_to_baseline_efficiency
484,LV,5,short_yardage,98,good,42.0609375,46.734375,64.84375,8.59375,55.208333333333336,31.25,80.0,0.10139999999999999,-0.10139999999999993,-0.05259999999999998,-0.06220000000000002,-0.2843,-0.08589999999999998,0.0012000000000000066,more_dropback_heavy_than_baseline,less_shotgun_than_baseline,slower_than_baseline,less_efficient_than_baseline
485,PIT,1,all_offense,974,strong,42.03125,42.03125,30.46875,49.21875,28.645833333333332,67.1875,100.0,0.02080000000000004,-0.020799999999999985,-0.028299999999999992,0.0121,0.03,0.0049000000000000155,-0.011700000000000002,close_to_baseline_run_pass_split,close_to_baseline_shotgun_usage,close_to_baseline_tempo,more_efficient_than_baseline
486,TB,15,leading_one_score,285,strong,41.8359375,41.8359375,53.90625,20.3125,33.333333333333336,25.0,100.0,-0.06040000000000001,0.06040000000000001,-0.06240000000000001,-0.0329,-0.1076,-0.0383,-0.015399999999999983,more_run_heavy_than_baseline,less_shotgun_than_baseline,slower_than_baseline,less_efficient_than_baseline
487,GB,8,two_minute_half,111,strong,41.71875,41.71875,35.15625,49.21875,40.625,25.0,100.0,-0.032200000000000006,0.032200000000000006,-0.08500000000000008,-0.0011999999999999789,0.043199999999999995,0.054400000000000004,-0.009999999999999995,close_to_baseline_run_pass_split,less_shotgun_than_baseline,close_to_baseline_tempo,more_efficient_than_baseline
488,NYJ,13,leading,63,good,41.67421875,46.3046875,68.75,5.46875,44.791666666666664,32.8125,80.0,-0.123,0.123,0.11019999999999996,-0.021099999999999994,-0.3224,-0.1094,-0.008699999999999986,more_run_heavy_than_baseline,more_shotgun_than_baseline,slower_than_baseline,less_efficient_than_baseline
489,NE,5,short_yardage,107,strong,41.5234375,41.5234375,47.65625,23.4375,43.75,26.5625,100.0,-0.011200000000000043,0.011199999999999988,-0.17709999999999998,-0.13620000000000002,-0.1311,-0.06340000000000001,-0.015799999999999995,close_to_baseline_run_pass_split,less_shotgun_than_baseline,slower_than_baseline,less_efficient_than_baseline
490,NO,5,short_yardage,102,strong,41.4453125,41.4453125,53.125,8.59375,59.895833333333336,14.0625,100.0,-0.03390000000000004,0.03390000000000004,0.17369999999999997,0.0907,-0.354,-0.07650000000000001,0.007400000000000004,close_to_baseline_run_pass_split,more_shotgun_than_baseline,faster_than_baseline,less_efficient_than_baseline
491,NYJ,15,leading_one_score,63,good,41.39296875,45.9921875,68.75,5.46875,45.833333333333336,28.125,80.0,-0.1531,0.1531,0.08360000000000001,-0.027399999999999994,-0.31980000000000003,-0.11030000000000001,-0.007699999999999985,more_run_heavy_than_baseline,more_shotgun_than_baseline,slower_than_baseline,less_efficient_than_baseline
492,TB,18,trailing_two_plus_scores,208,strong,41.1328125,41.1328125,56.25,19.53125,21.875,26.5625,100.0,0.05379999999999996,-0.053800000000000014,-0.02839999999999998,-0.08989999999999998,-0.1099,-0.04299999999999998,-0.0324,more_dropback_heavy_than_baseline,close_to_baseline_shotgun_usage,slower_than_baseline,less_efficient_than_baseline
493,PIT,4,fourth_down,23,thin,41.0712890625,54.76171875,65.625,33.984375,47.395833333333336,68.75,55.0,-0.14420000000000005,0.14420000000000005,-0.1533,0.03609999999999999,-0.07529999999999999,-0.022599999999999953,-0.0339,more_run_heavy_than_baseline,less_shotgun_than_baseline,faster_than_baseline,less_efficient_than_baseline
494,MIN,14,trailing,464,strong,41.0546875,41.0546875,52.34375,18.75,48.958333333333336,4.6875,100.0,0.02859999999999996,-0.02859999999999996,-0.11499999999999999,-0.020699999999999996,-0.17370000000000002,-0.020500000000000018,0.0020000000000000018,close_to_baseline_run_pass_split,less_shotgun_than_baseline,slower_than_baseline,less_efficient_than_baseline
495,SEA,18,trailing_two_plus_scores,63,good,40.90078125,45.4453125,35.9375,67.96875,4.166666666666667,76.5625,80.0,0.005499999999999949,-0.005500000000000005,-0.14679999999999993,0.04720000000000002,0.0801,0.10729999999999995,-0.06509999999999999,close_to_baseline_run_pass_split,less_shotgun_than_baseline,faster_than_baseline,more_efficient_than_baseline
496,SF,20,leading_early_down,343,strong,40.8984375,40.8984375,38.28125,45.3125,17.708333333333332,46.875,100.0,-0.006599999999999995,0.006599999999999939,-0.18770000000000003,-0.0417,-0.0339,0.005099999999999993,-0.03410000000000002,close_to_baseline_run_pass_split,less_shotgun_than_baseline,slower_than_baseline,less_efficient_than_baseline
497,DEN,13,leading,397,strong,40.859375,40.859375,41.40625,30.46875,23.958333333333332,60.15625,100.0,0.03500000000000003,-0.034999999999999976,-0.06900000000000006,0.0169,-0.0445,-0.01629999999999998,-0.022299999999999986,close_to_baseline_run_pass_split,less_shotgun_than_baseline,close_to_baseline_tempo,less_efficient_than_baseline
498,LAC,9,two_minute_game,47,thin,40.822265625,54.4296875,39.0625,74.21875,47.916666666666664,83.59375,55.0,-0.12859999999999994,0.1286,-0.00880000000000003,-0.0024000000000000132,0.1933,0.13770000000000004,0.0009000000000000119,more_run_heavy_than_baseline,close_to_baseline_shotgun_usage,close_to_baseline_tempo,more_efficient_than_baseline
499,HOU,2,early_down,823,strong,40.7421875,40.7421875,37.5,22.65625,31.770833333333332,84.375,100.0,-0.0045999999999999375,0.004599999999999993,-0.08709999999999996,-0.0709,0.0047,-0.02560000000000001,-0.014499999999999999,close_to_baseline_run_pass_split,less_shotgun_than_baseline,slower_than_baseline,close_to_baseline_efficiency
500,LAC,7,goal_to_go,54,good,40.6546875,45.171875,40.625,39.0625,78.125,14.0625,80.0,0.04279999999999995,-0.042800000000000005,0.03710000000000002,-0.0491,-0.14629999999999999,-0.0121,0.011099999999999999,close_to_baseline_run_pass_split,close_to_baseline_shotgun_usage,slower_than_baseline,less_efficient_than_baseline
501,MIN,12,tied,186,strong,40.625,40.625,35.15625,36.71875,43.75,40.625,100.0,-0.0038000000000000256,0.0038000000000000256,-0.16210000000000002,-0.0286,-0.036500000000000005,-0.0024000000000000132,-0.012400000000000008,close_to_baseline_run_pass_split,less_shotgun_than_baseline,slower_than_baseline,less_efficient_than_baseline
502,DEN,2,early_down,821,strong,40.5859375,40.5859375,20.3125,50.78125,28.125,95.3125,100.0,0.008900000000000019,-0.008899999999999963,-0.04069999999999996,0.009499999999999995,0.0392,0.003400000000000014,-0.017799999999999996,close_to_baseline_run_pass_split,close_to_baseline_shotgun_usage,close_to_baseline_tempo,more_efficient_than_baseline
503,HOU,20,leading_early_down,381,strong,40.5859375,40.5859375,39.0625,30.46875,29.166666666666668,60.15625,100.0,0.02560000000000001,-0.025600000000000067,-0.026900000000000035,-0.039400000000000004,-0.0188,-0.024499999999999966,-0.023000000000000007,close_to_baseline_run_pass_split,close_to_baseline_shotgun_usage,slower_than_baseline,close_to_baseline_efficiency
504,TB,20,leading_early_down,255,strong,40.5859375,40.5859375,50.0,16.40625,21.875,57.03125,100.0,-0.042899999999999994,0.04289999999999994,-0.07350000000000001,-0.031700000000000006,-0.08349999999999999,-0.054900000000000004,-0.03120000000000002,close_to_baseline_run_pass_split,less_shotgun_than_baseline,slower_than_baseline,less_efficient_than_baseline
505,CAR,3,third_down,203,strong,40.546875,40.546875,45.3125,21.875,36.458333333333336,42.1875,100.0,-0.02529999999999999,0.02529999999999999,0.016000000000000014,-0.0629,-0.2209,-0.054700000000000026,-0.022199999999999998,close_to_baseline_run_pass_split,close_to_baseline_shotgun_usage,slower_than_baseline,less_efficient_than_baseline
506,MIN,7,goal_to_go,57,good,40.40859375,44.8984375,49.21875,45.3125,39.0625,15.625,80.0,0.13829999999999998,-0.13829999999999998,-0.014499999999999957,0.0016000000000000042,-0.0397,-0.016900000000000026,-0.0074,more_dropback_heavy_than_baseline,close_to_baseline_shotgun_usage,close_to_baseline_tempo,less_efficient_than_baseline
507,CHI,7,goal_to_go,65,good,40.3734375,44.859375,28.90625,66.40625,39.0625,53.90625,80.0,-0.01419999999999999,0.01419999999999999,-0.1956,0.006199999999999997,0.008899999999999998,0.054300000000000015,-0.0074,close_to_baseline_run_pass_split,less_shotgun_than_baseline,close_to_baseline_tempo,close_to_baseline_efficiency
508,HOU,10,one_score,771,strong,40.3125,40.3125,45.3125,17.1875,14.583333333333334,84.375,100.0,-0.01639999999999997,0.016400000000000026,-0.07239999999999991,-0.05,-0.0349,-0.03610000000000002,-0.024300000000000016,close_to_baseline_run_pass_split,less_shotgun_than_baseline,slower_than_baseline,less_efficient_than_baseline
509,NYG,6,red_zone,181,strong,40.3125,40.3125,34.375,7.8125,86.97916666666667,48.4375,100.0,-0.0388,0.03880000000000006,0.05929999999999991,0.021500000000000005,-0.3199,-0.11299999999999999,0.02609999999999999,close_to_baseline_run_pass_split,more_shotgun_than_baseline,faster_than_baseline,less_efficient_than_baseline
510,MIA,17,trailing_one_score,210,strong,40.05859375,40.05859375,21.875,62.109375,45.833333333333336,28.125,100.0,0.008000000000000007,-0.008000000000000007,0.026599999999999957,-0.04290000000000001,0.062,0.017799999999999983,0.004299999999999998,close_to_baseline_run_pass_split,close_to_baseline_shotgun_usage,slower_than_baseline,more_efficient_than_baseline
511,TEN,7,goal_to_go,53,good,40.004296875,44.44921875,39.84375,55.078125,39.0625,28.90625,80.0,0.05259999999999998,-0.05259999999999998,0.011600000000000055,-0.0295,0.0142,-0.0040000000000000036,-0.0074,more_dropback_heavy_than_baseline,close_to_baseline_shotgun_usage,slower_than_baseline,close_to_baseline_efficiency
512,PIT,10,one_score,737,strong,39.90234375,39.90234375,32.8125,43.359375,21.875,60.15625,100.0,0.027900000000000036,-0.02789999999999998,-0.020999999999999908,0.009999999999999995,0.009000000000000001,0.0040999999999999925,-0.017900000000000013,close_to_baseline_run_pass_split,close_to_baseline_shotgun_usage,close_to_baseline_tempo,close_to_baseline_efficiency
513,CLE,17,trailing_one_score,305,strong,39.84375,39.84375,46.875,12.5,30.208333333333332,60.9375,100.0,-0.02629999999999999,0.02629999999999999,-0.05400000000000005,-0.0359,-0.1082,-0.059,-0.012499999999999997,close_to_baseline_run_pass_split,less_shotgun_than_baseline,slower_than_baseline,less_efficient_than_baseline
514,CLE,9,two_minute_game,52,good,39.77578125,44.1953125,52.34375,35.9375,13.541666666666666,56.25,80.0,0.1259,-0.12589999999999998,0.08650000000000002,-0.038000000000000006,-0.1708,-0.009599999999999997,-0.0499,more_dropback_heavy_than_baseline,more_shotgun_than_baseline,slower_than_baseline,less_efficient_than_baseline
515,MIN,5,short_yardage,93,good,39.6703125,44.078125,66.40625,17.96875,32.8125,7.8125,80.0,0.061,-0.06099999999999994,-0.1451,-0.0889,-0.3722,-0.10149999999999998,-0.026099999999999998,more_dropback_heavy_than_baseline,less_shotgun_than_baseline,slower_than_baseline,less_efficient_than_baseline
516,PIT,6,red_zone,164,strong,39.5703125,39.5703125,21.09375,45.3125,33.333333333333336,87.5,100.0,0.009299999999999975,-0.009299999999999975,-0.09179999999999999,-0.0030000000000000027,0.012700000000000001,0.01050000000000001,-0.014600000000000002,close_to_baseline_run_pass_split,less_shotgun_than_baseline,close_to_baseline_tempo,close_to_baseline_efficiency
517,MIN,10,one_score,621,strong,39.53125,39.53125,40.625,28.125,57.291666666666664,6.25,100.0,-0.011099999999999999,0.011099999999999999,-0.15769999999999995,-0.01870000000000001,-0.1115,-0.015000000000000013,0.0005000000000000004,close_to_baseline_run_pass_split,less_shotgun_than_baseline,close_to_baseline_tempo,less_efficient_than_baseline
518,NO,16,leading_two_plus_scores,39,thin,39.48689516129032,52.649193548387096,61.69354838709677,39.516129032258064,30.10752688172043,77.41935483870968,55.0,-0.123,0.123,0.02169999999999994,-0.033,0.10389999999999999,-0.01529999999999998,-0.034900000000000014,more_run_heavy_than_baseline,close_to_baseline_shotgun_usage,slower_than_baseline,more_efficient_than_baseline
519,HOU,19,tied_early_down,165,strong,39.4140625,39.4140625,41.40625,23.4375,25.520833333333332,60.9375,100.0,0.010799999999999976,-0.010800000000000032,-0.0726,-0.0597,-0.0303,-0.07210000000000005,-0.0558,close_to_baseline_run_pass_split,less_shotgun_than_baseline,slower_than_baseline,less_efficient_than_baseline
520,IND,8,two_minute_half,110,strong,39.3359375,39.3359375,36.71875,34.375,34.375,40.625,100.0,-0.025800000000000045,0.02579999999999999,0.0040000000000000036,-0.1089,-0.0982,-0.023099999999999954,-0.017999999999999988,close_to_baseline_run_pass_split,close_to_baseline_shotgun_usage,slower_than_baseline,less_efficient_than_baseline
521,MIN,11,neutral_early_down,393,strong,39.19921875,39.19921875,39.84375,30.078125,51.041666666666664,10.9375,100.0,-0.020199999999999996,0.020199999999999996,-0.1956,-0.011700000000000002,-0.0752,-0.006500000000000006,-0.006900000000000017,close_to_baseline_run_pass_split,less_shotgun_than_baseline,close_to_baseline_tempo,less_efficient_than_baseline
522,DET,9,two_minute_game,41,thin,39.1376953125,52.18359375,16.40625,89.453125,69.79166666666667,92.1875,55.0,0.0010999999999999899,-0.0010999999999999899,-0.10999999999999999,-0.0019000000000000128,0.4438,0.044800000000000006,0.043899999999999995,close_to_baseline_run_pass_split,less_shotgun_than_baseline,close_to_baseline_tempo,more_efficient_than_baseline
523,DEN,5,short_yardage,117,strong,39.0625,39.0625,21.09375,32.03125,68.75,62.5,100.0,0.011399999999999966,-0.011399999999999966,-0.139,0.006699999999999984,0.0316,-0.04909999999999992,0.0291,close_to_baseline_run_pass_split,less_shotgun_than_baseline,close_to_baseline_tempo,more_efficient_than_baseline
524,ARI,3,third_down,224,strong,39.0234375,39.0234375,11.71875,56.25,81.25,25.0,100.0,0.005099999999999993,-0.005099999999999993,-0.006900000000000017,0.00180000000000001,-0.014499999999999992,0.022199999999999998,0.029200000000000004,close_to_baseline_run_pass_split,close_to_baseline_shotgun_usage,close_to_baseline_tempo,close_to_baseline_efficiency
525,ARI,4,fourth_down,28,thin,38.9765625,51.96875,60.9375,21.875,67.70833333333333,61.71875,55.0,0.12749999999999995,-0.1275,0.07499999999999996,-0.05859999999999999,-0.3415,-0.11570000000000003,0.057700000000000015,more_dropback_heavy_than_baseline,more_shotgun_than_baseline,slower_than_baseline,less_efficient_than_baseline
526,LAC,12,tied,144,strong,38.90625,38.90625,28.125,46.875,33.333333333333336,45.3125,100.0,-0.0036000000000000476,0.0036000000000000476,0.047800000000000065,-0.0508,-0.0016999999999999997,-0.012700000000000045,-0.02650000000000001,close_to_baseline_run_pass_split,close_to_baseline_shotgun_usage,slower_than_baseline,close_to_baseline_efficiency
527,NYJ,18,trailing_two_plus_scores,532,strong,38.90625,38.90625,42.1875,26.5625,37.5,26.5625,100.0,-0.04170000000000007,0.041700000000000015,-0.0363,-0.051799999999999985,-0.0165,-9.999999999998899e-05,-0.013899999999999996,close_to_baseline_run_pass_split,close_to_baseline_shotgun_usage,slower_than_baseline,close_to_baseline_efficiency
528,MIA,14,trailing,437,strong,38.88671875,38.88671875,40.625,32.421875,39.583333333333336,15.625,100.0,0.016699999999999937,-0.016699999999999993,-0.016199999999999992,-0.075,-0.0633,-0.015300000000000036,-0.0012000000000000066,close_to_baseline_run_pass_split,close_to_baseline_shotgun_usage,slower_than_baseline,less_efficient_than_baseline
529,NYG,4,fourth_down,39,thin,38.8740234375,51.83203125,55.859375,36.71875,68.22916666666667,45.3125,55.0,0.06979999999999997,-0.06980000000000003,0.1199,-0.0687,-0.1566,-0.08279999999999998,0.0329,more_dropback_heavy_than_baseline,more_shotgun_than_baseline,slower_than_baseline,less_efficient_than_baseline
530,CAR,2,early_down,749,strong,38.828125,38.828125,39.84375,30.46875,27.083333333333332,42.1875,100.0,-0.022599999999999953,0.02260000000000001,-0.03609999999999991,-0.0338,-0.0427,0.0012999999999999678,-0.016299999999999995,close_to_baseline_run_pass_split,close_to_baseline_shotgun_usage,slower_than_baseline,less_efficient_than_baseline
531,HOU,1,all_offense,1072,strong,38.7890625,38.7890625,35.15625,21.875,24.479166666666668,88.28125,100.0,-0.0047000000000000375,0.004699999999999982,-0.07540000000000002,-0.0666,-0.004199999999999999,-0.020299999999999985,-0.015300000000000008,close_to_baseline_run_pass_split,less_shotgun_than_baseline,slower_than_baseline,close_to_baseline_efficiency
532,TEN,16,leading_two_plus_scores,23,thin,38.76108870967742,51.68145161290323,61.29032258064517,25.403225806451612,89.24731182795699,16.129032258064516,55.0,-0.15199999999999997,0.15200000000000002,-0.07199999999999995,-0.015100000000000002,-0.43300000000000005,-0.0343,0.03639999999999999,more_run_heavy_than_baseline,less_shotgun_than_baseline,close_to_baseline_tempo,less_efficient_than_baseline
533,CAR,6,red_zone,144,strong,38.75,38.75,40.625,40.625,15.625,29.6875,100.0,0.038799999999999946,-0.0388,-0.047800000000000065,-0.0528,-0.07100000000000001,0.0011999999999999789,-0.030400000000000003,close_to_baseline_run_pass_split,close_to_baseline_shotgun_usage,slower_than_baseline,less_efficient_than_baseline
534,DEN,11,neutral_early_down,511,strong,38.671875,38.671875,28.125,35.9375,18.75,92.1875,100.0,0.02640000000000009,-0.02639999999999998,-0.025499999999999967,0.03,-0.0238,-0.020299999999999985,-0.030800000000000008,close_to_baseline_run_pass_split,close_to_baseline_shotgun_usage,faster_than_baseline,close_to_baseline_efficiency
535,NYJ,8,two_minute_half,138,strong,38.5546875,38.5546875,57.03125,9.375,27.083333333333332,14.84375,100.0,0.05500000000000005,-0.05499999999999999,0.09319999999999995,0.01050000000000001,-0.2999,-0.09699999999999998,-0.0401,more_dropback_heavy_than_baseline,more_shotgun_than_baseline,close_to_baseline_tempo,less_efficient_than_baseline
536,CAR,5,short_yardage,90,good,38.5453125,42.828125,38.28125,38.28125,60.416666666666664,29.6875,80.0,0.0524,-0.0524,-0.021100000000000008,-0.05310000000000001,-0.05519999999999999,-0.05169999999999997,0.009400000000000006,more_dropback_heavy_than_baseline,close_to_baseline_shotgun_usage,slower_than_baseline,less_efficient_than_baseline
537,ARI,15,leading_one_score,134,strong,38.49609375,38.49609375,23.4375,41.796875,46.875,54.6875,100.0,0.0031999999999999806,-0.0031999999999999806,-0.06540000000000001,-0.0451,0.011500000000000002,-0.02479999999999999,-0.0003999999999999837,close_to_baseline_run_pass_split,less_shotgun_than_baseline,slower_than_baseline,close_to_baseline_efficiency
538,TB,1,all_offense,1057,strong,38.4765625,38.4765625,32.03125,32.8125,32.8125,59.375,100.0,-0.010800000000000032,0.010799999999999976,-0.041100000000000025,-0.04150000000000001,-0.00019999999999999966,-0.009699999999999986,-0.010800000000000004,close_to_baseline_run_pass_split,close_to_baseline_shotgun_usage,slower_than_baseline,close_to_baseline_efficiency
539,PIT,19,tied_early_down,111,strong,38.4375,38.4375,33.203125,27.734375,44.791666666666664,48.4375,100.0,-0.02080000000000004,0.02079999999999993,-0.056400000000000006,-0.0177,-0.0641,-0.027400000000000035,-0.011400000000000007,close_to_baseline_run_pass_split,less_shotgun_than_baseline,close_to_baseline_tempo,less_efficient_than_baseline
540,CLE,11,neutral_early_down,413,strong,38.37890625,38.37890625,42.96875,19.921875,32.291666666666664,42.1875,100.0,-0.032399999999999984,0.03240000000000004,-0.0786,-0.032200000000000006,-0.15860000000000002,-0.0953,-0.020800000000000013,close_to_baseline_run_pass_split,less_shotgun_than_baseline,slower_than_baseline,less_efficient_than_baseline
541,CAR,1,all_offense,991,strong,38.3203125,38.3203125,35.9375,30.46875,34.895833333333336,42.96875,100.0,-0.02069999999999994,0.020699999999999996,-0.024699999999999944,-0.0413,-0.0313,-0.002599999999999991,-0.010700000000000001,close_to_baseline_run_pass_split,close_to_baseline_shotgun_usage,slower_than_baseline,less_efficient_than_baseline
542,JAX,13,leading,492,strong,38.18359375,38.18359375,26.953125,39.84375,35.416666666666664,57.8125,100.0,0.010199999999999987,-0.010199999999999987,-0.07280000000000009,-0.030099999999999995,-0.0586,-0.01429999999999998,-0.011699999999999988,close_to_baseline_run_pass_split,less_shotgun_than_baseline,slower_than_baseline,less_efficient_than_baseline
543,MIN,2,early_down,723,strong,38.0078125,38.0078125,31.25,35.15625,59.375,12.5,100.0,0.0038000000000000256,-0.00379999999999997,-0.16919999999999996,-0.01870000000000001,-0.0552,0.007299999999999973,0.004400000000000015,close_to_baseline_run_pass_split,less_shotgun_than_baseline,close_to_baseline_tempo,less_efficient_than_baseline
544,NYJ,21,trailing_early_down,546,strong,38.0078125,38.0078125,42.96875,23.4375,37.5,21.875,100.0,-0.04039999999999999,0.04039999999999999,0.0020000000000000018,-0.018100000000000005,-0.058800000000000005,0.003400000000000014,-0.020800000000000013,close_to_baseline_run_pass_split,close_to_baseline_shotgun_usage,close_to_baseline_tempo,less_efficient_than_baseline
545,GB,4,fourth_down,25,thin,37.9658203125,50.62109375,48.828125,47.65625,66.66666666666667,39.84375,55.0,0.057499999999999996,-0.057499999999999996,0.04499999999999993,0.18570000000000003,0.044899999999999995,0.015700000000000047,0.03910000000000001,more_dropback_heavy_than_baseline,close_to_baseline_shotgun_usage,faster_than_baseline,more_efficient_than_baseline
546,DET,17,trailing_one_score,245,strong,37.9296875,37.9296875,42.96875,9.375,42.708333333333336,48.4375,100.0,0.011399999999999966,-0.011400000000000021,-0.1653,-0.0517,-0.1613,-0.0801,-0.0032000000000000084,close_to_baseline_run_pass_split,less_shotgun_than_baseline,slower_than_baseline,less_efficient_than_baseline
547,LAC,20,leading_early_down,322,strong,37.890625,37.890625,32.8125,43.75,35.416666666666664,18.75,100.0,-0.021299999999999986,0.021299999999999986,0.02080000000000004,-0.0461,-0.0201,0.014400000000000024,-0.015200000000000019,close_to_baseline_run_pass_split,close_to_baseline_shotgun_usage,slower_than_baseline,close_to_baseline_efficiency
548,HOU,13,leading,496,strong,37.83203125,37.83203125,33.59375,27.734375,23.958333333333332,71.875,100.0,0.022199999999999998,-0.022199999999999998,-0.028900000000000037,-0.040499999999999994,-0.021699999999999997,-0.017600000000000005,-0.020799999999999985,close_to_baseline_run_pass_split,close_to_baseline_shotgun_usage,slower_than_baseline,close_to_baseline_efficiency
549,TEN,11,neutral_early_down,362,strong,37.6953125,37.6953125,43.75,10.15625,27.083333333333332,64.0625,100.0,-0.04639999999999994,0.04640000000000005,-0.014900000000000024,-0.030300000000000007,-0.104,-0.09659999999999996,-0.03660000000000001,close_to_baseline_run_pass_split,close_to_baseline_shotgun_usage,slower_than_baseline,less_efficient_than_baseline
550,PIT,17,trailing_one_score,301,strong,37.55859375,37.55859375,36.328125,36.71875,5.208333333333333,62.5,100.0,0.031100000000000017,-0.031100000000000017,-0.015300000000000091,0.02479999999999999,-0.0509,-0.014100000000000001,-0.05070000000000001,close_to_baseline_run_pass_split,close_to_baseline_shotgun_usage,faster_than_baseline,less_efficient_than_baseline
551,DEN,19,tied_early_down,193,strong,37.421875,37.421875,32.03125,28.90625,31.25,60.9375,100.0,0.03019999999999995,-0.03020000000000006,0.010700000000000043,0.02149999999999999,-0.0632,0.01419999999999999,-0.024900000000000005,close_to_baseline_run_pass_split,close_to_baseline_shotgun_usage,faster_than_baseline,less_efficient_than_baseline
552,WAS,9,two_minute_game,39,thin,37.3359375,49.78125,44.53125,69.53125,28.125,53.90625,55.0,-0.04079999999999995,0.0408,0.1058,0.34020000000000006,0.0842,0.06730000000000003,-0.0242,close_to_baseline_run_pass_split,more_shotgun_than_baseline,faster_than_baseline,more_efficient_than_baseline
553,TEN,3,third_down,232,strong,37.3046875,37.3046875,38.28125,6.25,59.895833333333336,45.3125,100.0,0.03080000000000005,-0.030799999999999994,0.005600000000000049,-0.03579999999999999,-0.3151,-0.0751,0.006200000000000011,close_to_baseline_run_pass_split,close_to_baseline_shotgun_usage,slower_than_baseline,less_efficient_than_baseline
554,SEA,19,tied_early_down,162,strong,37.28515625,37.28515625,33.59375,33.984375,38.541666666666664,28.90625,100.0,-0.010599999999999998,0.010599999999999943,-0.1861,-0.010100000000000005,-0.0865,-0.015900000000000025,-0.02360000000000001,close_to_baseline_run_pass_split,less_shotgun_than_baseline,close_to_baseline_tempo,less_efficient_than_baseline
555,DET,7,goal_to_go,76,good,37.209375,41.34375,36.71875,28.90625,39.0625,77.34375,80.0,0.03749999999999998,-0.03749999999999998,-0.0978,0.01920000000000001,0.0063,-0.030100000000000016,-0.0074,close_to_baseline_run_pass_split,less_shotgun_than_baseline,close_to_baseline_tempo,close_to_baseline_efficiency
556,TEN,12,tied,173,strong,37.03125,37.03125,28.125,17.1875,67.70833333333333,49.21875,100.0,-0.00880000000000003,0.00880000000000003,-0.03739999999999999,-0.036899999999999995,-0.11510000000000001,-0.06760000000000005,0.00799999999999998,close_to_baseline_run_pass_split,close_to_baseline_shotgun_usage,slower_than_baseline,less_efficient_than_baseline
557,JAX,15,leading_one_score,206,strong,36.9921875,36.9921875,21.875,49.21875,34.375,46.875,100.0,0.0046999999999999265,-0.004699999999999982,-0.07989999999999997,-0.031299999999999994,-0.0784,0.009099999999999997,-0.00849999999999998,close_to_baseline_run_pass_split,less_shotgun_than_baseline,slower_than_baseline,less_efficient_than_baseline
558,MIN,17,trailing_one_score,257,strong,36.9140625,36.9140625,32.8125,36.71875,46.875,9.375,100.0,0.014100000000000001,-0.014100000000000001,-0.13260000000000005,0.0040999999999999925,-0.1927,-0.007400000000000018,0.0063,close_to_baseline_run_pass_split,less_shotgun_than_baseline,close_to_baseline_tempo,less_efficient_than_baseline
559,NO,17,trailing_one_score,393,strong,36.796875,36.796875,40.625,21.875,19.270833333333332,51.5625,100.0,-0.009000000000000008,0.009000000000000008,0.05469999999999997,0.11660000000000001,-0.06390000000000001,-0.00930000000000003,-0.0295,close_to_baseline_run_pass_split,more_shotgun_than_baseline,faster_than_baseline,less_efficient_than_baseline
560,LV,16,leading_two_plus_scores,37,thin,36.734879032258064,48.979838709677416,59.27419354838709,28.225806451612904,41.93548387096774,62.09677419354839,55.0,-0.0509,0.050900000000000056,-0.1613,-0.0316,-0.1152,-0.020199999999999996,-0.02940000000000001,more_run_heavy_than_baseline,less_shotgun_than_baseline,slower_than_baseline,less_efficient_than_baseline
561,PIT,11,neutral_early_down,459,strong,36.69921875,36.69921875,17.96875,50.390625,46.354166666666664,40.625,100.0,0.01660000000000006,-0.016600000000000004,-0.026900000000000035,0.003799999999999998,-0.0034999999999999996,-0.0011999999999999789,-0.01580000000000001,close_to_baseline_run_pass_split,close_to_baseline_shotgun_usage,close_to_baseline_tempo,close_to_baseline_efficiency
562,HOU,6,red_zone,160,strong,36.6015625,36.6015625,47.65625,9.375,11.458333333333334,60.9375,100.0,0.02839999999999998,-0.028299999999999992,-0.09640000000000004,-0.0695,-0.09340000000000001,-0.09110000000000001,-0.0324,close_to_baseline_run_pass_split,less_shotgun_than_baseline,slower_than_baseline,less_efficient_than_baseline
563,PIT,14,trailing,445,strong,36.58203125,36.58203125,23.4375,47.265625,17.708333333333332,65.625,100.0,0.007299999999999973,-0.007299999999999973,-0.03620000000000001,0.018199999999999994,0.013099999999999999,-0.007199999999999984,-0.0237,close_to_baseline_run_pass_split,close_to_baseline_shotgun_usage,close_to_baseline_tempo,close_to_baseline_efficiency
564,NYJ,20,leading_early_down,47,thin,36.515625,48.6875,65.625,15.625,38.541666666666664,67.1875,55.0,-0.12769999999999998,0.12769999999999992,0.08409999999999995,-0.028300000000000006,-0.2255,-0.061799999999999966,-0.026800000000000018,more_run_heavy_than_baseline,more_shotgun_than_baseline,slower_than_baseline,less_efficient_than_baseline
565,MIA,18,trailing_two_plus_scores,227,strong,36.40625,36.40625,41.40625,21.09375,42.708333333333336,10.9375,100.0,0.010199999999999987,-0.010199999999999987,-0.07069999999999999,-0.1204,-0.1699,-0.04470000000000002,-0.005299999999999985,close_to_baseline_run_pass_split,less_shotgun_than_baseline,slower_than_baseline,less_efficient_than_baseline
566,TB,2,early_down,801,strong,36.34765625,36.34765625,25.0,34.765625,36.458333333333336,59.375,100.0,0.0010000000000000009,-0.0010000000000000009,-0.05559999999999998,-0.0437,0.0046,-0.01940000000000003,-0.012499999999999997,close_to_baseline_run_pass_split,less_shotgun_than_baseline,slower_than_baseline,close_to_baseline_efficiency
567,PIT,7,goal_to_go,65,good,36.26015625,40.2890625,31.25,36.71875,39.0625,71.875,80.0,-0.029500000000000026,0.02949999999999997,-0.05720000000000003,-0.024599999999999997,-0.0443,-0.02260000000000001,-0.0074,close_to_baseline_run_pass_split,less_shotgun_than_baseline,slower_than_baseline,less_efficient_than_baseline
568,NYG,9,two_minute_game,44,thin,36.251953125,48.3359375,48.4375,32.03125,85.41666666666667,29.6875,55.0,0.09090000000000009,-0.09089999999999998,0.11449999999999994,-0.03620000000000001,-0.07730000000000001,-0.1442,0.05499999999999999,more_dropback_heavy_than_baseline,more_shotgun_than_baseline,slower_than_baseline,less_efficient_than_baseline
569,DAL,7,goal_to_go,74,good,36.11953125,40.1328125,32.03125,51.5625,39.0625,29.6875,80.0,0.02429999999999999,-0.02429999999999999,-0.09750000000000003,0.022000000000000006,-0.15100000000000002,0.034999999999999976,-0.0074,close_to_baseline_run_pass_split,less_shotgun_than_baseline,faster_than_baseline,less_efficient_than_baseline
570,LV,9,two_minute_game,41,thin,36.0322265625,48.04296875,43.75,52.734375,44.791666666666664,57.03125,55.0,-0.07199999999999995,0.07200000000000001,0.060699999999999976,0.0713,0.0271,0.044800000000000006,-0.004799999999999999,more_run_heavy_than_baseline,more_shotgun_than_baseline,faster_than_baseline,close_to_baseline_efficiency
571,DEN,4,fourth_down,20,thin,35.9443359375,47.92578125,44.53125,37.109375,72.91666666666667,49.21875,55.0,-0.022500000000000075,0.02250000000000002,-0.275,-0.04429999999999999,0.18209999999999998,-0.044300000000000006,0.07910000000000002,close_to_baseline_run_pass_split,less_shotgun_than_baseline,slower_than_baseline,more_efficient_than_baseline
572,LAC,19,tied_early_down,108,strong,35.80078125,35.80078125,36.71875,30.859375,21.875,32.8125,100.0,0.010999999999999954,-0.01100000000000001,0.05149999999999999,-0.044000000000000004,-0.1182,-0.015900000000000025,-0.054400000000000004,close_to_baseline_run_pass_split,more_shotgun_than_baseline,slower_than_baseline,less_efficient_than_baseline
573,TB,7,goal_to_go,53,good,35.715234375,39.68359375,28.90625,48.828125,39.0625,46.09375,80.0,-0.0040000000000000036,0.0040000000000000036,-0.2525,0.008199999999999999,0.0037,-0.06059999999999999,-0.0074,close_to_baseline_run_pass_split,less_shotgun_than_baseline,close_to_baseline_tempo,close_to_baseline_efficiency
574,DEN,7,goal_to_go,56,good,35.4515625,39.390625,20.3125,46.875,39.0625,86.71875,80.0,0.006399999999999961,-0.006399999999999961,-0.09309999999999996,0.0032000000000000084,0.0816,0.02629999999999999,-0.0074,close_to_baseline_run_pass_split,less_shotgun_than_baseline,close_to_baseline_tempo,more_efficient_than_baseline
575,TEN,14,trailing,668,strong,35.234375,35.234375,48.4375,6.25,19.791666666666668,39.0625,100.0,0.04720000000000002,-0.047199999999999964,0.03510000000000002,-0.009699999999999986,-0.1686,-0.05770000000000003,-0.028299999999999992,close_to_baseline_run_pass_split,close_to_baseline_shotgun_usage,close_to_baseline_tempo,less_efficient_than_baseline
576,CHI,4,fourth_down,29,thin,35.2265625,46.96875,54.296875,39.453125,34.895833333333336,46.875,55.0,0.10159999999999991,-0.10160000000000002,0.04909999999999992,-0.05979999999999999,-0.3328,-0.0615,-0.05189999999999999,more_dropback_heavy_than_baseline,close_to_baseline_shotgun_usage,slower_than_baseline,less_efficient_than_baseline
577,TEN,1,all_offense,995,strong,35.1953125,35.1953125,47.65625,9.375,15.625,40.625,100.0,0.0524,-0.0524,0.03190000000000004,-0.0023999999999999994,-0.15430000000000002,-0.06059999999999999,-0.024300000000000002,more_dropback_heavy_than_baseline,close_to_baseline_shotgun_usage,close_to_baseline_tempo,less_efficient_than_baseline
578,CLE,19,tied_early_down,133,strong,35.078125,35.078125,17.1875,25.0,72.91666666666667,51.5625,100.0,-0.0021000000000000463,0.0020999999999999908,-0.027000000000000024,-0.0342,-0.0994,-0.08840000000000003,0.0068000000000000005,close_to_baseline_run_pass_split,close_to_baseline_shotgun_usage,slower_than_baseline,less_efficient_than_baseline
579,MIN,3,third_down,192,strong,35.05859375,35.05859375,43.359375,21.875,29.6875,6.25,100.0,0.01100000000000001,-0.010999999999999982,-0.03069999999999995,-0.0667,-0.3444,-0.07520000000000004,-0.025800000000000003,close_to_baseline_run_pass_split,close_to_baseline_shotgun_usage,slower_than_baseline,less_efficient_than_baseline
580,TEN,21,trailing_early_down,483,strong,35.0390625,35.0390625,50.0,8.59375,8.333333333333334,41.40625,100.0,0.05190000000000006,-0.0519,0.03849999999999998,0.007300000000000001,-0.1127,-0.05080000000000001,-0.037500000000000006,more_dropback_heavy_than_baseline,close_to_baseline_shotgun_usage,close_to_baseline_tempo,less_efficient_than_baseline
581,PHI,9,two_minute_game,48,thin,34.875,46.5,64.0625,9.375,42.708333333333336,61.71875,55.0,-0.16099999999999992,0.16100000000000003,-0.06730000000000003,-0.0684,-0.19979999999999998,-0.10249999999999998,-0.001799999999999996,more_run_heavy_than_baseline,less_shotgun_than_baseline,slower_than_baseline,less_efficient_than_baseline
582,TEN,9,two_minute_game,46,thin,34.7724609375,46.36328125,31.25,72.265625,51.5625,37.5,55.0,0.05730000000000002,-0.05729999999999996,0.008799999999999919,0.0665,0.1988,0.08410000000000001,0.003599999999999992,more_dropback_heavy_than_baseline,close_to_baseline_shotgun_usage,faster_than_baseline,more_efficient_than_baseline
583,SEA,12,tied,213,strong,34.53125,34.53125,22.65625,46.09375,38.541666666666664,20.3125,100.0,0.0018000000000000238,-0.0017999999999999683,-0.14169999999999994,-0.0059000000000000025,-0.0205,-0.0020000000000000018,-0.013300000000000006,close_to_baseline_run_pass_split,less_shotgun_than_baseline,close_to_baseline_tempo,close_to_baseline_efficiency
584,SF,9,two_minute_game,35,thin,34.435546875,45.9140625,44.53125,51.5625,23.958333333333332,66.40625,55.0,-0.08179999999999998,0.08180000000000004,-0.1602,-0.0012000000000000066,0.008099999999999996,0.034399999999999986,-0.0411,more_run_heavy_than_baseline,less_shotgun_than_baseline,close_to_baseline_tempo,close_to_baseline_efficiency
585,CLE,20,leading_early_down,166,strong,34.375,34.375,53.125,9.375,14.583333333333334,9.375,100.0,-0.03109999999999996,0.031100000000000017,-0.10560000000000003,-0.04680000000000001,-0.3211,-0.14039999999999997,-0.03680000000000001,close_to_baseline_run_pass_split,less_shotgun_than_baseline,slower_than_baseline,less_efficient_than_baseline
586,LA,9,two_minute_game,40,thin,34.23046875,45.640625,35.15625,60.15625,26.041666666666668,81.25,55.0,-0.05679999999999996,0.05680000000000002,-0.14229999999999998,0.027400000000000008,0.1557,0.08079999999999998,-0.02679999999999999,more_run_heavy_than_baseline,less_shotgun_than_baseline,faster_than_baseline,more_efficient_than_baseline
587,CLE,10,one_score,648,strong,34.16015625,34.16015625,41.796875,10.15625,22.916666666666668,43.75,100.0,-0.02179999999999993,0.021799999999999986,-0.05009999999999992,-0.0323,-0.1585,-0.08040000000000003,-0.017500000000000016,close_to_baseline_run_pass_split,less_shotgun_than_baseline,slower_than_baseline,less_efficient_than_baseline
588,NYJ,14,trailing,753,strong,34.1015625,34.1015625,41.40625,17.1875,28.645833333333332,18.75,100.0,-0.03859999999999997,0.03860000000000002,0.0034999999999999476,-0.021900000000000003,-0.1038,-0.012800000000000034,-0.029299999999999993,close_to_baseline_run_pass_split,close_to_baseline_shotgun_usage,slower_than_baseline,less_efficient_than_baseline
589,MIA,9,two_minute_game,55,good,33.975,37.75,43.75,25.0,34.375,26.5625,80.0,0.08179999999999998,-0.08179999999999998,0.0736,0.0456,-0.1873,-0.06690000000000002,-0.017699999999999994,more_dropback_heavy_than_baseline,more_shotgun_than_baseline,faster_than_baseline,less_efficient_than_baseline
590,LV,19,tied_early_down,139,strong,33.8671875,33.8671875,48.4375,7.03125,16.666666666666668,28.125,100.0,0.05570000000000003,-0.05570000000000003,-0.10229999999999995,0.00010000000000000286,-0.29560000000000003,-0.0821,-0.0494,more_dropback_heavy_than_baseline,less_shotgun_than_baseline,close_to_baseline_tempo,less_efficient_than_baseline
591,PIT,12,tied,148,strong,33.7890625,33.7890625,19.53125,35.9375,54.166666666666664,28.90625,100.0,0.008599999999999941,-0.008599999999999997,-0.032399999999999984,-0.024299999999999995,-0.0294,-0.024400000000000033,-0.0023000000000000242,close_to_baseline_run_pass_split,close_to_baseline_shotgun_usage,slower_than_baseline,close_to_baseline_efficiency
592,CLE,12,tied,176,strong,33.7109375,33.7109375,20.3125,19.53125,45.833333333333336,78.125,100.0,-0.006700000000000039,0.006700000000000039,-0.025499999999999967,-0.031799999999999995,-0.1143,-0.09100000000000003,-0.011400000000000007,close_to_baseline_run_pass_split,close_to_baseline_shotgun_usage,slower_than_baseline,less_efficient_than_baseline
593,MIN,1,all_offense,939,strong,33.7109375,33.7109375,30.46875,28.125,50.0,4.6875,100.0,0.0046000000000000485,-0.004599999999999993,-0.13759999999999994,-0.028300000000000006,-0.1108,-0.008500000000000008,-0.0007000000000000062,close_to_baseline_run_pass_split,less_shotgun_than_baseline,slower_than_baseline,less_efficient_than_baseline
594,MIA,3,third_down,192,strong,33.61328125,33.61328125,42.578125,25.0,18.229166666666668,4.6875,100.0,-0.014999999999999902,0.015000000000000013,0.026600000000000068,-0.0667,-0.08580000000000002,-0.05960000000000004,-0.04139999999999999,close_to_baseline_run_pass_split,close_to_baseline_shotgun_usage,slower_than_baseline,less_efficient_than_baseline
595,CLE,15,leading_one_score,167,strong,33.59375,33.59375,51.5625,7.8125,14.583333333333334,12.5,100.0,-0.04310000000000003,0.04310000000000003,-0.0816,-0.0331,-0.2947,-0.1104,-0.032899999999999985,close_to_baseline_run_pass_split,less_shotgun_than_baseline,slower_than_baseline,less_efficient_than_baseline
596,SF,4,fourth_down,22,thin,33.556640625,44.7421875,45.703125,50.390625,25.0,50.78125,55.0,-0.03160000000000007,0.03160000000000002,-0.17500000000000004,-0.048799999999999996,0.23220000000000002,0.046599999999999975,-0.0754,close_to_baseline_run_pass_split,less_shotgun_than_baseline,slower_than_baseline,more_efficient_than_baseline
597,NYG,8,two_minute_half,116,strong,33.4765625,33.4765625,27.34375,23.4375,54.166666666666664,21.875,100.0,0.015100000000000002,-0.015100000000000002,0.04459999999999997,-0.04269999999999999,-0.10640000000000001,-0.12999999999999995,0.0022000000000000075,close_to_baseline_run_pass_split,close_to_baseline_shotgun_usage,slower_than_baseline,less_efficient_than_baseline
598,MIN,8,two_minute_half,107,strong,33.4375,33.4375,14.453125,33.984375,68.75,31.25,100.0,0.0033999999999999586,-0.003400000000000014,-0.02729999999999999,0.004799999999999999,-0.0848,-0.03059999999999996,0.0411,close_to_baseline_run_pass_split,close_to_baseline_shotgun_usage,close_to_baseline_tempo,less_efficient_than_baseline
599,TEN,5,short_yardage,86,good,33.394921875,37.10546875,35.546875,35.9375,22.916666666666668,46.875,80.0,0.047699999999999965,-0.047699999999999965,-0.06709999999999999,0.021799999999999986,-0.0978,-0.02629999999999999,-0.0325,close_to_baseline_run_pass_split,less_shotgun_than_baseline,faster_than_baseline,less_efficient_than_baseline
600,LAC,11,neutral_early_down,428,strong,33.3203125,33.3203125,34.375,30.46875,13.020833333333334,32.8125,100.0,0.015900000000000025,-0.01589999999999997,0.007299999999999973,-0.0762,-0.0438,-0.01150000000000001,-0.03450000000000002,close_to_baseline_run_pass_split,close_to_baseline_shotgun_usage,slower_than_baseline,less_efficient_than_baseline
601,NO,7,goal_to_go,40,thin,33.1611328125,44.21484375,63.28125,8.203125,39.0625,50.78125,55.0,-0.05070000000000002,0.05069999999999997,0.139,0.11390000000000002,-0.3175,-0.08800000000000002,-0.0074,more_run_heavy_than_baseline,more_shotgun_than_baseline,faster_than_baseline,less_efficient_than_baseline
602,DEN,20,leading_early_down,300,strong,33.046875,33.046875,15.625,39.0625,22.916666666666668,78.125,100.0,0.013200000000000045,-0.01319999999999999,-0.06879999999999997,0.012399999999999994,-0.0165,-0.010199999999999987,-0.03650000000000002,close_to_baseline_run_pass_split,less_shotgun_than_baseline,close_to_baseline_tempo,close_to_baseline_efficiency
603,TB,16,leading_two_plus_scores,58,good,32.81370967741936,36.45967741935485,44.35483870967742,11.290322580645162,13.978494623655914,75.80645161290323,80.0,0.026500000000000024,-0.026499999999999968,-0.024700000000000055,-0.0586,-0.1772,-0.11529999999999996,-0.05130000000000001,close_to_baseline_run_pass_split,close_to_baseline_shotgun_usage,slower_than_baseline,less_efficient_than_baseline
604,LAC,2,early_down,809,strong,32.7734375,32.7734375,32.8125,22.65625,28.125,31.25,100.0,0.011900000000000022,-0.011899999999999966,0.020199999999999996,-0.0678,-0.0468,-0.019799999999999984,-0.01609999999999999,close_to_baseline_run_pass_split,close_to_baseline_shotgun_usage,slower_than_baseline,less_efficient_than_baseline
605,TEN,2,early_down,728,strong,32.6953125,32.6953125,41.40625,10.9375,10.416666666666666,47.65625,100.0,0.045500000000000096,-0.045499999999999985,0.032200000000000006,0.008199999999999999,-0.0944,-0.054800000000000015,-0.03359999999999999,close_to_baseline_run_pass_split,close_to_baseline_shotgun_usage,close_to_baseline_tempo,less_efficient_than_baseline
606,LV,12,tied,186,strong,32.65625,32.65625,52.34375,7.03125,10.416666666666666,7.8125,100.0,0.060699999999999976,-0.060699999999999976,-0.08689999999999998,-0.007099999999999995,-0.3473,-0.07770000000000005,-0.050100000000000006,more_dropback_heavy_than_baseline,less_shotgun_than_baseline,close_to_baseline_tempo,less_efficient_than_baseline
607,TEN,18,trailing_two_plus_scores,414,strong,32.3828125,32.3828125,34.375,16.40625,19.791666666666668,48.4375,100.0,0.04279999999999995,-0.042800000000000005,0.006700000000000039,-0.026599999999999985,-0.1179,-0.029000000000000026,-0.034399999999999986,close_to_baseline_run_pass_split,close_to_baseline_shotgun_usage,slower_than_baseline,less_efficient_than_baseline
608,CAR,16,leading_two_plus_scores,48,thin,32.243951612903224,42.99193548387097,70.16129032258064,10.483870967741936,4.301075268817204,54.03225806451613,55.0,-0.0605,0.0605,-0.11449999999999999,-0.0586,-0.1777,-0.07139999999999996,-0.09580000000000001,more_run_heavy_than_baseline,less_shotgun_than_baseline,slower_than_baseline,less_efficient_than_baseline
609,HOU,15,leading_one_score,302,strong,32.1484375,32.1484375,26.5625,19.53125,18.75,75.0,100.0,-0.01419999999999999,0.014200000000000046,-0.049799999999999955,-0.0353,-0.0716,-0.04370000000000002,-0.03209999999999999,close_to_baseline_run_pass_split,close_to_baseline_shotgun_usage,slower_than_baseline,less_efficient_than_baseline
610,TB,13,leading,343,strong,31.9921875,31.9921875,38.28125,14.0625,22.916666666666668,28.125,100.0,-0.028799999999999992,0.028800000000000048,-0.041000000000000036,-0.033699999999999994,-0.12090000000000001,-0.05080000000000001,-0.021999999999999992,close_to_baseline_run_pass_split,close_to_baseline_shotgun_usage,slower_than_baseline,less_efficient_than_baseline
611,LV,1,all_offense,939,strong,31.953125,31.953125,49.21875,8.59375,9.375,12.5,100.0,0.03969999999999996,-0.03970000000000001,-0.03320000000000001,-0.016600000000000004,-0.20980000000000001,-0.058599999999999985,-0.030600000000000002,close_to_baseline_run_pass_split,close_to_baseline_shotgun_usage,close_to_baseline_tempo,less_efficient_than_baseline
612,ATL,3,third_down,205,strong,31.89453125,31.89453125,33.59375,12.109375,10.416666666666666,71.875,100.0,0.01650000000000007,-0.016499999999999987,-0.007499999999999951,0.05399999999999999,-0.28609999999999997,-0.0681,-0.057499999999999996,close_to_baseline_run_pass_split,close_to_baseline_shotgun_usage,faster_than_baseline,less_efficient_than_baseline
613,LAC,4,fourth_down,20,thin,31.6083984375,42.14453125,22.65625,48.046875,85.41666666666667,43.75,55.0,-0.022500000000000075,0.02250000000000002,-0.025000000000000022,-0.04429999999999999,0.0821,0.005700000000000038,0.07910000000000002,close_to_baseline_run_pass_split,close_to_baseline_shotgun_usage,slower_than_baseline,more_efficient_than_baseline
614,CAR,9,two_minute_game,46,thin,31.3154296875,41.75390625,29.6875,66.015625,35.9375,37.5,55.0,-0.0514,0.0514,-0.07820000000000005,-0.042200000000000015,0.0884,-0.02460000000000001,-0.01809999999999999,more_run_heavy_than_baseline,less_shotgun_than_baseline,slower_than_baseline,more_efficient_than_baseline
615,GB,16,leading_two_plus_scores,115,strong,31.22983870967742,31.22983870967742,25.0,10.887096774193548,33.333333333333336,72.58064516129032,100.0,-0.021499999999999964,0.021500000000000075,0.023699999999999943,0.019699999999999995,-0.1988,-0.060399999999999954,-0.024500000000000008,close_to_baseline_run_pass_split,close_to_baseline_shotgun_usage,close_to_baseline_tempo,less_efficient_than_baseline
616,DEN,15,leading_one_score,246,strong,31.2109375,31.2109375,22.65625,20.3125,31.25,62.5,100.0,0.010599999999999943,-0.010599999999999998,-0.09740000000000004,0.010400000000000006,-0.0943,-0.04570000000000002,-0.01679999999999998,close_to_baseline_run_pass_split,less_shotgun_than_baseline,close_to_baseline_tempo,less_efficient_than_baseline
617,LV,2,early_down,694,strong,31.2109375,31.2109375,45.3125,7.03125,12.5,21.875,100.0,0.040200000000000014,-0.040200000000000014,-0.039899999999999936,-0.0121,-0.1741,-0.05930000000000002,-0.025899999999999992,close_to_baseline_run_pass_split,close_to_baseline_shotgun_usage,close_to_baseline_tempo,less_efficient_than_baseline
618,MIA,4,fourth_down,23,thin,31.18359375,41.578125,55.46875,27.34375,22.395833333333332,36.71875,55.0,0.11659999999999993,-0.11659999999999998,0.06409999999999993,-0.0508,-0.526,-0.10949999999999999,-0.0774,more_dropback_heavy_than_baseline,more_shotgun_than_baseline,slower_than_baseline,less_efficient_than_baseline
619,LV,21,trailing_early_down,456,strong,30.859375,30.859375,28.125,20.3125,26.041666666666668,42.1875,100.0,0.00880000000000003,-0.00880000000000003,-0.048899999999999944,-0.03159999999999999,-0.0914,-0.047599999999999976,-0.018900000000000014,close_to_baseline_run_pass_split,close_to_baseline_shotgun_usage,slower_than_baseline,less_efficient_than_baseline
620,LAC,1,all_offense,1079,strong,30.8203125,30.8203125,23.4375,28.90625,34.895833333333336,28.125,100.0,0.00550000000000006,-0.005500000000000005,0.017900000000000027,-0.06590000000000001,-0.0191,-0.003500000000000003,-0.009499999999999995,close_to_baseline_run_pass_split,close_to_baseline_shotgun_usage,slower_than_baseline,close_to_baseline_efficiency
621,NYJ,4,fourth_down,41,thin,30.744140625,40.9921875,35.9375,32.03125,76.04166666666667,26.5625,55.0,0.08479999999999999,-0.08479999999999999,-0.04090000000000005,-0.021099999999999994,-0.3851,-0.1053,0.0498,more_dropback_heavy_than_baseline,close_to_baseline_shotgun_usage,slower_than_baseline,less_efficient_than_baseline
622,PIT,21,trailing_early_down,337,strong,30.1953125,30.1953125,24.21875,26.5625,18.75,48.4375,100.0,0.009500000000000064,-0.009500000000000008,-0.042100000000000026,0.010200000000000015,-0.022600000000000002,-0.019600000000000006,-0.020900000000000016,close_to_baseline_run_pass_split,close_to_baseline_shotgun_usage,close_to_baseline_tempo,close_to_baseline_efficiency
623,NYG,7,goal_to_go,70,good,29.668359375,32.96484375,35.15625,3.515625,39.0625,64.0625,80.0,-0.04710000000000003,0.04710000000000003,0.04610000000000003,-0.01469999999999999,-0.5679000000000001,-0.16660000000000003,-0.0074,close_to_baseline_run_pass_split,close_to_baseline_shotgun_usage,close_to_baseline_tempo,less_efficient_than_baseline
624,NYJ,7,goal_to_go,37,thin,29.66015625,39.546875,34.375,32.8125,79.16666666666667,12.5,55.0,-0.043300000000000005,0.043300000000000005,0.010600000000000054,-0.031999999999999994,-0.3841,-0.005599999999999994,0.0196,close_to_baseline_run_pass_split,close_to_baseline_shotgun_usage,slower_than_baseline,less_efficient_than_baseline
625,KC,9,two_minute_game,38,thin,29.54296875,39.390625,42.96875,35.15625,31.770833333333332,37.5,55.0,0.05500000000000005,-0.05499999999999999,0.1038,-0.12,0.002700000000000001,-0.02579999999999999,-0.02149999999999999,more_dropback_heavy_than_baseline,more_shotgun_than_baseline,slower_than_baseline,close_to_baseline_efficiency
626,TEN,4,fourth_down,35,thin,29.4697265625,39.29296875,46.875,26.171875,39.583333333333336,29.6875,55.0,0.14889999999999992,-0.1489,0.010699999999999932,0.020000000000000004,-0.34419999999999995,-0.11570000000000003,-0.035199999999999995,more_dropback_heavy_than_baseline,close_to_baseline_shotgun_usage,faster_than_baseline,less_efficient_than_baseline
627,TEN,8,two_minute_half,133,strong,29.3359375,29.3359375,21.875,27.34375,21.875,43.75,100.0,-0.02059999999999995,0.020600000000000007,-0.02070000000000005,0.009500000000000008,-0.0274,-0.03209999999999996,-0.029399999999999996,close_to_baseline_run_pass_split,close_to_baseline_shotgun_usage,close_to_baseline_tempo,close_to_baseline_efficiency
628,CLE,6,red_zone,125,strong,29.04296875,29.04296875,21.09375,20.703125,20.833333333333332,62.5,100.0,0.02510000000000001,-0.02510000000000001,-0.018900000000000028,0.0175,-0.07020000000000001,-0.07040000000000002,-0.027200000000000002,close_to_baseline_run_pass_split,close_to_baseline_shotgun_usage,close_to_baseline_tempo,less_efficient_than_baseline
629,TEN,13,leading,154,strong,29.04296875,29.04296875,21.484375,28.125,8.333333333333334,60.9375,100.0,-0.01050000000000001,0.010499999999999954,-0.04490000000000005,-0.0232,-0.0907,-0.07629999999999998,-0.03829999999999999,close_to_baseline_run_pass_split,close_to_baseline_shotgun_usage,slower_than_baseline,less_efficient_than_baseline
630,LV,11,neutral_early_down,359,strong,28.8671875,28.8671875,35.15625,7.8125,25.0,23.4375,100.0,-0.017299999999999982,0.017300000000000038,-0.11849999999999994,-0.029800000000000007,-0.1693,-0.05469999999999997,-0.027300000000000005,close_to_baseline_run_pass_split,less_shotgun_than_baseline,slower_than_baseline,less_efficient_than_baseline
631,LAC,10,one_score,678,strong,28.76953125,28.76953125,21.09375,33.984375,17.708333333333332,31.25,100.0,0.0028000000000000247,-0.0028000000000000247,0.0044000000000000705,-0.06420000000000001,-0.0112,0.0040999999999999925,-0.021100000000000008,close_to_baseline_run_pass_split,close_to_baseline_shotgun_usage,slower_than_baseline,close_to_baseline_efficiency
632,NYJ,1,all_offense,1001,strong,28.4765625,28.4765625,33.59375,10.9375,23.958333333333332,20.3125,100.0,-0.023299999999999987,0.023299999999999987,0.04059999999999997,-0.006000000000000005,-0.1265,-0.029899999999999982,-0.0319,close_to_baseline_run_pass_split,close_to_baseline_shotgun_usage,close_to_baseline_tempo,less_efficient_than_baseline
633,CLE,21,trailing_early_down,461,strong,28.4375,28.4375,28.90625,5.46875,16.666666666666668,65.625,100.0,0.0131,-0.0131,-0.03869999999999996,-0.011199999999999988,-0.1081,-0.09089999999999998,-0.033100000000000004,close_to_baseline_run_pass_split,close_to_baseline_shotgun_usage,close_to_baseline_tempo,less_efficient_than_baseline
634,TEN,15,leading_one_score,131,strong,28.3203125,28.3203125,16.40625,31.25,6.25,71.875,100.0,-0.007400000000000073,0.007400000000000018,-0.05930000000000002,-0.029199999999999997,-0.0288,-0.08429999999999999,-0.05069999999999998,close_to_baseline_run_pass_split,less_shotgun_than_baseline,slower_than_baseline,close_to_baseline_efficiency
635,NYJ,2,early_down,731,strong,28.28125,28.28125,29.6875,14.0625,23.958333333333332,28.125,100.0,-0.022499999999999964,0.02250000000000002,0.0363,-0.0005000000000000004,-0.0838,-0.018000000000000016,-0.028499999999999998,close_to_baseline_run_pass_split,close_to_baseline_shotgun_usage,close_to_baseline_tempo,less_efficient_than_baseline
636,ARI,5,short_yardage,93,good,28.24453125,31.3828125,25.0,36.71875,11.979166666666666,51.5625,80.0,-0.0358,0.035800000000000054,-0.04830000000000001,0.018599999999999978,-0.1132,-0.03699999999999992,-0.0476,close_to_baseline_run_pass_split,close_to_baseline_shotgun_usage,close_to_baseline_tempo,less_efficient_than_baseline
637,MIN,4,fourth_down,24,thin,28.166015625,37.5546875,5.859375,71.484375,72.91666666666667,33.59375,55.0,0.0024999999999999467,-0.0025000000000000022,-0.008300000000000085,-0.010999999999999996,0.07100000000000001,0.039000000000000035,0.045799999999999993,close_to_baseline_run_pass_split,close_to_baseline_shotgun_usage,close_to_baseline_tempo,more_efficient_than_baseline
638,LV,8,two_minute_half,99,good,28.03359375,31.1484375,22.65625,35.9375,28.125,37.5,80.0,0.0025000000000000577,-0.0025000000000000022,0.04139999999999999,0.04870000000000002,-0.0413,-0.008999999999999952,-0.015999999999999986,close_to_baseline_run_pass_split,close_to_baseline_shotgun_usage,faster_than_baseline,less_efficient_than_baseline
639,LV,3,third_down,213,strong,27.96875,27.96875,34.375,15.625,16.666666666666668,10.9375,100.0,0.020600000000000063,-0.02059999999999998,-0.01739999999999997,-0.026499999999999996,-0.23890000000000003,-0.053300000000000014,-0.041800000000000004,close_to_baseline_run_pass_split,close_to_baseline_shotgun_usage,slower_than_baseline,less_efficient_than_baseline
640,LV,20,leading_early_down,99,good,27.89296875,30.9921875,41.40625,9.375,33.333333333333336,10.15625,80.0,-0.022599999999999953,0.022599999999999953,-0.0806,-0.040600000000000004,-0.362,-0.1003,-0.02210000000000001,close_to_baseline_run_pass_split,less_shotgun_than_baseline,slower_than_baseline,less_efficient_than_baseline
641,CLE,16,leading_two_plus_scores,58,good,27.696774193548386,30.774193548387096,33.87096774193549,11.29032258064516,41.93548387096774,24.193548387096772,80.0,0.009200000000000041,-0.009199999999999986,-0.007499999999999951,-0.0586,-0.39049999999999996,-0.21869999999999998,-0.01680000000000001,close_to_baseline_run_pass_split,close_to_baseline_shotgun_usage,slower_than_baseline,less_efficient_than_baseline
642,IND,18,trailing_two_plus_scores,131,strong,27.6171875,27.6171875,9.375,39.84375,33.333333333333336,34.375,100.0,0.0023999999999999577,-0.0024000000000000132,-0.0036999999999999256,-0.038199999999999984,-0.1106,0.010299999999999976,-0.014099999999999988,close_to_baseline_run_pass_split,close_to_baseline_shotgun_usage,slower_than_baseline,less_efficient_than_baseline
643,LV,13,leading,135,strong,27.6171875,27.6171875,29.296875,8.984375,38.541666666666664,14.0625,100.0,0.007099999999999995,-0.007099999999999995,-0.07280000000000009,-0.039099999999999996,-0.331,-0.0862,-0.009799999999999975,close_to_baseline_run_pass_split,less_shotgun_than_baseline,slower_than_baseline,less_efficient_than_baseline
644,CLE,14,trailing,623,strong,27.578125,27.578125,30.46875,5.46875,16.666666666666668,50.0,100.0,0.014399999999999968,-0.014399999999999968,-0.03170000000000006,-0.016199999999999992,-0.1467,-0.07200000000000001,-0.028899999999999995,close_to_baseline_run_pass_split,close_to_baseline_shotgun_usage,close_to_baseline_tempo,less_efficient_than_baseline
645,MIA,8,two_minute_half,123,strong,27.4609375,27.4609375,24.609375,26.171875,12.5,29.6875,100.0,-0.027599999999999958,0.027600000000000013,0.024599999999999955,-0.008899999999999991,-0.054400000000000004,-0.032899999999999985,-0.0377,close_to_baseline_run_pass_split,close_to_baseline_shotgun_usage,close_to_baseline_tempo,less_efficient_than_baseline
646,LV,18,trailing_two_plus_scores,347,strong,27.03125,27.03125,32.03125,5.46875,16.666666666666668,37.5,100.0,0.0262,-0.0262,-0.019499999999999962,-0.05259999999999998,-0.1937,-0.07219999999999999,-0.03639999999999999,close_to_baseline_run_pass_split,close_to_baseline_shotgun_usage,slower_than_baseline,less_efficient_than_baseline
647,MIA,5,short_yardage,76,good,26.83828125,29.8203125,28.90625,9.375,29.166666666666668,60.9375,80.0,0.007699999999999985,-0.007699999999999929,0.07309999999999994,-0.08530000000000001,-0.37329999999999997,-0.12239999999999995,-0.024800000000000003,close_to_baseline_run_pass_split,more_shotgun_than_baseline,slower_than_baseline,less_efficient_than_baseline
648,NO,20,leading_early_down,84,good,26.76796875,29.7421875,25.78125,6.25,20.833333333333332,94.53125,80.0,0.005600000000000049,-0.005600000000000049,-0.0040999999999999925,0.0601,-0.1241,-0.11399999999999999,-0.049900000000000014,close_to_baseline_run_pass_split,close_to_baseline_shotgun_usage,faster_than_baseline,less_efficient_than_baseline
649,CLE,18,trailing_two_plus_scores,318,strong,26.484375,26.484375,28.90625,3.90625,19.791666666666668,45.3125,100.0,0.039999999999999925,-0.040000000000000036,-0.02400000000000002,-0.011699999999999988,-0.175,-0.08329999999999999,-0.04369999999999999,close_to_baseline_run_pass_split,close_to_baseline_shotgun_usage,close_to_baseline_tempo,less_efficient_than_baseline
650,TEN,17,trailing_one_score,254,strong,26.484375,26.484375,27.34375,3.90625,39.0625,23.4375,100.0,0.013399999999999967,-0.013400000000000023,0.03959999999999997,-0.026099999999999998,-0.2252,-0.10070000000000001,-0.015700000000000006,close_to_baseline_run_pass_split,close_to_baseline_shotgun_usage,slower_than_baseline,less_efficient_than_baseline
651,SEA,4,fourth_down,12,very_thin,26.140625,52.28125,57.421875,51.953125,63.541666666666664,24.21875,30.0,-0.03920000000000001,0.03920000000000001,-0.17500000000000004,0.07239999999999999,-0.14839999999999998,0.039000000000000035,0.045799999999999993,close_to_baseline_run_pass_split,less_shotgun_than_baseline,faster_than_baseline,less_efficient_than_baseline
652,CLE,3,third_down,235,strong,25.9375,25.9375,14.84375,16.40625,37.5,45.3125,100.0,0.008000000000000007,-0.00799999999999998,0.0026000000000000467,-0.010899999999999993,-0.18280000000000002,-0.04970000000000002,-0.017,close_to_baseline_run_pass_split,close_to_baseline_shotgun_usage,close_to_baseline_tempo,less_efficient_than_baseline
653,LV,15,leading_one_score,98,good,25.5375,28.375,33.59375,7.03125,45.833333333333336,6.25,80.0,0.016900000000000026,-0.01689999999999997,-0.05020000000000002,-0.044399999999999995,-0.4114,-0.11149999999999999,-0.001999999999999974,close_to_baseline_run_pass_split,less_shotgun_than_baseline,slower_than_baseline,less_efficient_than_baseline
654,LV,14,trailing,618,strong,25.46875,25.46875,25.78125,11.71875,15.625,35.9375,100.0,0.0050000000000000044,-0.0050000000000000044,-0.04039999999999999,-0.03459999999999999,-0.1313,-0.04970000000000002,-0.027999999999999997,close_to_baseline_run_pass_split,close_to_baseline_shotgun_usage,slower_than_baseline,less_efficient_than_baseline
655,GB,19,tied_early_down,165,strong,25.4296875,25.4296875,17.96875,28.125,26.041666666666668,14.0625,100.0,-0.007400000000000018,0.007399999999999962,-0.0665,-0.011200000000000002,-0.0413,0.006699999999999984,-0.03760000000000001,close_to_baseline_run_pass_split,less_shotgun_than_baseline,close_to_baseline_tempo,less_efficient_than_baseline
656,CLE,2,early_down,760,strong,25.3125,25.3125,26.5625,6.25,15.625,44.53125,100.0,0.01880000000000004,-0.018799999999999983,-0.034399999999999986,-0.012499999999999997,-0.1552,-0.09970000000000001,-0.027199999999999988,close_to_baseline_run_pass_split,close_to_baseline_shotgun_usage,close_to_baseline_tempo,less_efficient_than_baseline
657,LV,10,one_score,555,strong,25.15625,25.15625,31.25,12.5,11.458333333333334,12.5,100.0,0.006200000000000094,-0.006199999999999983,-0.07869999999999999,-0.026800000000000004,-0.2083,-0.053100000000000036,-0.02510000000000001,close_to_baseline_run_pass_split,less_shotgun_than_baseline,slower_than_baseline,less_efficient_than_baseline
658,IND,9,two_minute_game,42,thin,25.08984375,33.453125,35.15625,22.65625,42.708333333333336,28.125,55.0,0.008700000000000041,-0.008699999999999986,0.08750000000000002,-0.1488,-0.4036,-0.06090000000000001,-0.007800000000000001,close_to_baseline_run_pass_split,more_shotgun_than_baseline,slower_than_baseline,less_efficient_than_baseline
659,CLE,4,fourth_down,29,thin,24.97265625,33.296875,47.65625,24.21875,16.145833333333332,6.25,55.0,-0.07080000000000009,0.07079999999999997,-0.054300000000000015,-0.05979999999999999,-0.9231,-0.1305,-0.08639999999999999,more_run_heavy_than_baseline,less_shotgun_than_baseline,slower_than_baseline,less_efficient_than_baseline
660,CLE,13,leading,225,strong,24.78515625,24.78515625,33.59375,7.421875,15.625,4.6875,100.0,-0.019600000000000006,0.01959999999999995,-0.05359999999999998,-0.037599999999999995,-0.3202,-0.138,-0.028999999999999984,close_to_baseline_run_pass_split,less_shotgun_than_baseline,slower_than_baseline,less_efficient_than_baseline
661,HOU,4,fourth_down,19,very_thin,24.724609375,49.44921875,61.71875,37.890625,28.125,64.84375,30.0,-0.09620000000000006,0.09620000000000001,-0.20130000000000003,-0.041699999999999994,-0.23349999999999999,0.034599999999999964,-0.0683,more_run_heavy_than_baseline,less_shotgun_than_baseline,slower_than_baseline,less_efficient_than_baseline
662,BAL,9,two_minute_game,38,thin,22.951171875,30.6015625,17.96875,32.8125,52.083333333333336,37.5,55.0,-0.02389999999999992,0.023900000000000032,-0.027800000000000047,-0.04100000000000001,0.009799999999999996,0.0005000000000000004,0.004799999999999999,close_to_baseline_run_pass_split,close_to_baseline_shotgun_usage,slower_than_baseline,close_to_baseline_efficiency
663,TEN,10,one_score,558,strong,22.94921875,22.94921875,17.1875,7.421875,27.604166666666668,42.1875,100.0,0.0049000000000000155,-0.0049000000000000155,-0.004899999999999904,-0.029000000000000005,-0.146,-0.08560000000000001,-0.016700000000000007,close_to_baseline_run_pass_split,close_to_baseline_shotgun_usage,slower_than_baseline,less_efficient_than_baseline
664,CLE,1,all_offense,1024,strong,22.7734375,22.7734375,26.5625,3.90625,10.416666666666666,32.8125,100.0,0.019100000000000006,-0.019100000000000006,-0.02090000000000003,-0.014100000000000001,-0.18380000000000002,-0.08879999999999999,-0.026400000000000007,close_to_baseline_run_pass_split,close_to_baseline_shotgun_usage,close_to_baseline_tempo,less_efficient_than_baseline
665,ATL,4,fourth_down,28,thin,21.4423828125,28.58984375,23.4375,30.859375,19.791666666666668,46.09375,55.0,0.020399999999999974,-0.02040000000000003,0.11069999999999991,0.012800000000000006,-0.4381,-0.044300000000000006,-0.0852,close_to_baseline_run_pass_split,more_shotgun_than_baseline,close_to_baseline_tempo,less_efficient_than_baseline
666,NO,4,fourth_down,34,thin,21.2958984375,28.39453125,48.4375,5.078125,11.979166666666666,7.8125,55.0,-0.03430000000000011,0.0343,0.06029999999999991,0.1116,-1.0421,-0.1325,-0.1209,close_to_baseline_run_pass_split,more_shotgun_than_baseline,faster_than_baseline,less_efficient_than_baseline
667,CLE,7,goal_to_go,54,good,20.8265625,23.140625,11.71875,13.28125,39.0625,46.875,80.0,0.005799999999999972,-0.005800000000000027,0.01860000000000006,0.006500000000000006,-0.0964,-0.12319999999999998,-0.0074,close_to_baseline_run_pass_split,close_to_baseline_shotgun_usage,close_to_baseline_tempo,less_efficient_than_baseline
668,LV,4,fourth_down,32,thin,20.05078125,26.734375,25.78125,14.84375,30.208333333333332,41.40625,55.0,0.0024999999999999467,-0.0025000000000000022,-0.14370000000000005,-0.031799999999999995,-0.8048,-0.1068,-0.058399999999999994,close_to_baseline_run_pass_split,less_shotgun_than_baseline,slower_than_baseline,less_efficient_than_baseline
669,NYJ,6,red_zone,121,strong,17.5,17.5,7.03125,11.71875,18.75,35.9375,100.0,0.0011999999999999789,-0.0011999999999999789,0.018799999999999928,-0.011899999999999994,-0.19799999999999998,-0.0257,-0.026400000000000003,close_to_baseline_run_pass_split,close_to_baseline_shotgun_usage,close_to_baseline_tempo,less_efficient_than_baseline
670,TB,4,fourth_down,29,thin,17.35546875,23.140625,12.890625,23.046875,25.0,50.78125,55.0,-0.0018000000000000238,0.0018000000000000238,0.04909999999999992,-0.02529999999999999,-0.5899,-0.0615,-0.08639999999999999,close_to_baseline_run_pass_split,close_to_baseline_shotgun_usage,slower_than_baseline,less_efficient_than_baseline
671,SEA,9,two_minute_game,37,thin,15.0263671875,20.03515625,20.3125,17.578125,16.666666666666668,12.5,55.0,-0.03320000000000001,0.03320000000000001,-0.0605,-0.037500000000000006,-0.2047,-0.042800000000000005,-0.04569999999999999,close_to_baseline_run_pass_split,less_shotgun_than_baseline,slower_than_baseline,less_efficient_than_baseline
