profile_season,team,situation_order,situation_name,team_play_count,team_sample_quality,sample_vs_baseline_context,sample_reliability_score,sample_multiplier,tendency_signal_score,efficiency_signal_score,explosiveness_signal_score,stability_signal_score,coach_dna_score_raw,coach_dna_score_adjusted,tendency_profile_label,tempo_profile_label,formation_profile_label,efficiency_profile_label,dropback_rate_team,dropback_rate_baseline,dropback_rate_delta,rush_rate_team,rush_rate_baseline,rush_rate_delta,pass_attempt_rate_team,pass_attempt_rate_baseline,pass_attempt_rate_delta,shotgun_rate_team,shotgun_rate_baseline,shotgun_rate_delta,no_huddle_rate_team,no_huddle_rate_baseline,no_huddle_rate_delta,avg_epa_team,avg_epa_baseline,avg_epa_delta,success_rate_team,success_rate_baseline,success_rate_delta,explosive_play_rate_team,explosive_play_rate_baseline,explosive_play_rate_delta,turnover_rate_team,turnover_rate_baseline,turnover_rate_delta,sack_rate_team,sack_rate_baseline,sack_rate_delta,dropback_rate_signal_score,shotgun_rate_signal_score,no_huddle_rate_signal_score,pass_attempt_rate_signal_score,avg_epa_score,success_rate_score,first_down_rate_score,touchdown_rate_score,explosive_play_rate_score,explosive_dropback_rate_score,explosive_run_rate_score,turnover_rate_score,sack_rate_score
2025,ARI,1,all_offense,1070,strong,stable_team_sample,100.0,1.0,57.8125,35.9375,45.833333333333336,50.0,51.875,51.875,more_dropback_heavy_than_baseline,close_to_baseline_tempo,close_to_baseline_shotgun_usage,close_to_baseline_efficiency,0.6607,0.5737,0.08699999999999997,0.3393,0.4263,-0.08700000000000002,0.6607,0.5737,0.08699999999999997,0.7168,0.6967,0.020100000000000007,0.1215,0.1039,0.01759999999999999,-0.0169,-0.0054,-0.011499999999999998,0.4308,0.4345,-0.003699999999999981,0.129,0.1328,-0.003799999999999998,0.0196,0.0274,-0.007800000000000001,0.0551,0.0401,0.015000000000000006,96.875,9.375,28.125,96.875,31.25,34.375,43.75,34.375,46.875,84.375,6.25,81.25,18.75
2025,ARI,2,early_down,818,strong,stable_team_sample,100.0,1.0,60.9375,35.9375,34.375,46.875,51.25,51.25,more_dropback_heavy_than_baseline,faster_than_baseline,close_to_baseline_shotgun_usage,close_to_baseline_efficiency,0.632,0.5246,0.10740000000000005,0.368,0.4754,-0.1074,0.632,0.5246,0.10740000000000005,0.6687,0.6436,0.02510000000000001,0.1333,0.1086,0.0247,0.0018,0.0014,0.00039999999999999996,0.4267,0.4339,-0.007199999999999984,0.1161,0.1311,-0.015,0.0147,0.0244,-0.009700000000000002,0.0452,0.0296,0.015599999999999996,100.0,9.375,34.375,100.0,34.375,31.25,40.625,37.5,28.125,71.875,3.125,84.375,9.375
2025,ARI,3,third_down,224,strong,stable_team_sample,100.0,1.0,11.71875,56.25,81.25,25.0,39.0234375,39.0234375,close_to_baseline_run_pass_split,close_to_baseline_tempo,close_to_baseline_shotgun_usage,close_to_baseline_efficiency,0.7545,0.7494,0.005099999999999993,0.2455,0.2506,-0.005099999999999993,0.7545,0.7494,0.005099999999999993,0.8884,0.8953,-0.006900000000000017,0.0893,0.0875,0.00180000000000001,-0.0652,-0.0507,-0.014499999999999992,0.4464,0.4242,0.022199999999999998,0.1696,0.1404,0.029200000000000004,0.0402,0.0359,0.004299999999999998,0.0893,0.0778,0.01150000000000001,12.5,18.75,3.125,12.5,43.75,68.75,65.625,46.875,87.5,87.5,68.75,21.875,28.125
2025,ARI,4,fourth_down,28,thin,small_team_sample,55.0,0.75,60.9375,21.875,67.70833333333333,61.71875,51.96875,38.9765625,more_dropback_heavy_than_baseline,slower_than_baseline,more_shotgun_than_baseline,less_efficient_than_baseline,0.75,0.6225,0.12749999999999995,0.25,0.3775,-0.1275,0.75,0.6225,0.12749999999999995,0.75,0.675,0.07499999999999996,0.0357,0.0943,-0.05859999999999999,-0.1766,0.1649,-0.3415,0.4286,0.5443,-0.11570000000000003,0.1786,0.1209,0.057700000000000015,0.0,0.0492,-0.0492,0.0714,0.0504,0.021000000000000005,75.0,43.75,50.0,75.0,28.125,10.9375,12.5,35.9375,84.375,90.625,28.125,92.1875,31.25
2025,ARI,5,short_yardage,93,good,usable_team_sample,80.0,0.9,25.0,36.71875,11.979166666666666,51.5625,31.3828125,28.24453125,close_to_baseline_run_pass_split,close_to_baseline_tempo,close_to_baseline_shotgun_usage,less_efficient_than_baseline,0.3118,0.3476,-0.0358,0.6882,0.6524,0.035800000000000054,0.3118,0.3476,-0.0358,0.4839,0.5322,-0.04830000000000001,0.1828,0.1642,0.018599999999999978,-0.0485,0.0647,-0.1132,0.5591,0.5961,-0.03699999999999992,0.043,0.0906,-0.0476,0.0108,0.0214,-0.010599999999999998,0.0215,0.0229,-0.001400000000000002,31.25,18.75,18.75,31.25,28.125,31.25,53.125,34.375,6.25,10.9375,18.75,71.875,31.25
2025,ARI,6,red_zone,165,strong,stable_team_sample,100.0,1.0,78.125,38.28125,66.66666666666667,15.625,61.2890625,61.2890625,more_dropback_heavy_than_baseline,faster_than_baseline,more_shotgun_than_baseline,less_efficient_than_baseline,0.6909,0.5029,0.18799999999999994,0.3091,0.4971,-0.188,0.6909,0.5029,0.18799999999999994,0.8,0.6589,0.1411,0.1273,0.0945,0.032799999999999996,-0.0824,-0.0022,-0.08020000000000001,0.3879,0.4224,-0.034499999999999975,0.0727,0.0512,0.0215,0.0303,0.0258,0.0045000000000000005,0.0606,0.0328,0.0278,100.0,71.875,40.625,100.0,25.0,21.875,40.625,65.625,84.375,100.0,15.625,25.0,6.25
2025,ARI,7,goal_to_go,63,good,usable_team_sample,80.0,0.9,46.09375,30.46875,71.35416666666667,40.625,47.125,42.4125,more_dropback_heavy_than_baseline,close_to_baseline_tempo,close_to_baseline_shotgun_usage,less_efficient_than_baseline,0.5873,0.4757,0.11160000000000003,0.4127,0.5243,-0.11159999999999998,0.5873,0.4757,0.11160000000000003,0.619,0.611,0.008000000000000007,0.0794,0.0861,-0.006699999999999998,-0.0632,0.0097,-0.0729,0.4127,0.438,-0.02529999999999999,0.0159,0.0074,0.0085,0.0159,0.0243,-0.008399999999999998,0.0476,0.0306,0.017000000000000005,81.25,6.25,15.625,81.25,34.375,34.375,25.0,28.125,82.8125,90.625,40.625,53.125,28.125
2025,ARI,8,two_minute_half,128,strong,stable_team_sample,100.0,1.0,57.8125,57.421875,79.16666666666667,51.5625,62.40234375,62.40234375,more_dropback_heavy_than_baseline,close_to_baseline_tempo,more_shotgun_than_baseline,close_to_baseline_efficiency,0.8203,0.7349,0.08540000000000003,0.1797,0.2651,-0.0854,0.8203,0.7349,0.08540000000000003,0.9297,0.8778,0.051899999999999946,0.1719,0.1634,0.008500000000000008,0.0289,0.0083,0.0206,0.4297,0.4231,0.00660000000000005,0.1719,0.1271,0.044800000000000006,0.0234,0.0356,-0.012199999999999999,0.0703,0.0516,0.0187,81.25,50.0,18.75,81.25,56.25,51.5625,68.75,53.125,93.75,93.75,50.0,78.125,25.0
2025,ARI,9,two_minute_game,40,thin,small_team_sample,55.0,0.75,86.71875,41.40625,67.70833333333333,41.40625,66.421875,49.81640625,more_dropback_heavy_than_baseline,faster_than_baseline,more_shotgun_than_baseline,less_efficient_than_baseline,0.925,0.6818,0.24320000000000008,0.075,0.3182,-0.24319999999999997,0.925,0.6818,0.24320000000000008,1.0,0.8173,0.18269999999999997,0.225,0.1726,0.0524,-0.1742,-0.06,-0.1142,0.375,0.3942,-0.019199999999999995,0.2,0.1268,0.07320000000000002,0.025,0.0394,-0.014399999999999996,0.1,0.0504,0.049600000000000005,100.0,87.5,59.375,100.0,25.0,37.5,37.5,65.625,93.75,96.875,12.5,67.1875,15.625
2025,ARI,10,one_score,594,strong,stable_team_sample,100.0,1.0,60.9375,32.8125,35.416666666666664,45.3125,50.46875,50.46875,more_dropback_heavy_than_baseline,slower_than_baseline,close_to_baseline_shotgun_usage,close_to_baseline_efficiency,0.6347,0.565,0.0697000000000001,0.3653,0.435,-0.06969999999999998,0.6347,0.565,0.0697000000000001,0.6498,0.6859,-0.03609999999999991,0.0556,0.0863,-0.030700000000000005,-0.0229,0.0035,-0.0264,0.4259,0.4369,-0.01100000000000001,0.1229,0.1332,-0.010300000000000017,0.0202,0.0265,-0.0063,0.0556,0.0381,0.017499999999999995,90.625,25.0,37.5,90.625,28.125,34.375,43.75,25.0,34.375,68.75,3.125,78.125,12.5
2025,ARI,11,neutral_early_down,377,strong,stable_team_sample,100.0,1.0,64.84375,21.875,23.958333333333332,33.59375,46.6015625,46.6015625,more_dropback_heavy_than_baseline,slower_than_baseline,less_shotgun_than_baseline,less_efficient_than_baseline,0.5836,0.5215,0.062100000000000044,0.4164,0.4785,-0.06209999999999999,0.5836,0.5215,0.062100000000000044,0.5464,0.6282,-0.08179999999999998,0.0504,0.0855,-0.035100000000000006,-0.0381,0.013,-0.0511,0.4138,0.4391,-0.02529999999999999,0.1167,0.1443,-0.027600000000000013,0.0186,0.0226,-0.004,0.0504,0.0278,0.022600000000000002,87.5,46.875,37.5,87.5,28.125,18.75,37.5,3.125,18.75,40.625,12.5,64.0625,3.125
2025,ARI,12,tied,197,strong,stable_team_sample,100.0,1.0,57.8125,41.40625,31.25,29.6875,49.0234375,49.0234375,more_dropback_heavy_than_baseline,slower_than_baseline,close_to_baseline_shotgun_usage,close_to_baseline_efficiency,0.6294,0.5522,0.07719999999999994,0.3706,0.4478,-0.07719999999999999,0.6294,0.5522,0.07719999999999994,0.6497,0.6675,-0.017799999999999927,0.0305,0.0716,-0.0411,0.0056,-0.0028,0.0084,0.4416,0.4433,-0.0017000000000000348,0.1066,0.1307,-0.02410000000000001,0.0305,0.0252,0.005299999999999999,0.0406,0.0369,0.003699999999999995,81.25,15.625,53.125,81.25,50.0,50.0,46.875,18.75,21.875,56.25,15.625,34.375,25.0
2025,ARI,13,leading,255,strong,stable_team_sample,100.0,1.0,52.34375,30.46875,48.958333333333336,41.40625,47.65625,47.65625,close_to_baseline_run_pass_split,slower_than_baseline,close_to_baseline_shotgun_usage,less_efficient_than_baseline,0.5529,0.504,0.048899999999999944,0.4471,0.496,-0.0489,0.5529,0.504,0.048899999999999944,0.651,0.6358,0.015199999999999991,0.0353,0.0687,-0.0334,-0.0387,0.0162,-0.0549,0.3961,0.4269,-0.030799999999999994,0.1333,0.1357,-0.0023999999999999855,0.0157,0.0228,-0.007100000000000002,0.0549,0.0318,0.023099999999999996,78.125,12.5,40.625,78.125,31.25,21.875,31.25,37.5,46.875,50.0,50.0,67.1875,15.625
2025,ARI,14,trailing,618,strong,stable_team_sample,100.0,1.0,62.5,52.34375,44.791666666666664,57.8125,58.7109375,58.7109375,more_dropback_heavy_than_baseline,faster_than_baseline,close_to_baseline_shotgun_usage,close_to_baseline_efficiency,0.7152,0.6309,0.08429999999999993,0.2848,0.3691,-0.08429999999999999,0.7152,0.6309,0.08429999999999993,0.7654,0.7508,0.014599999999999946,0.1861,0.1414,0.04469999999999999,-0.0151,-0.0215,0.006399999999999998,0.4417,0.4364,0.005299999999999971,0.1343,0.1316,0.002700000000000008,0.0178,0.0315,-0.0137,0.0599,0.0472,0.012700000000000003,100.0,9.375,40.625,100.0,46.875,53.125,59.375,50.0,50.0,81.25,3.125,93.75,21.875
2025,ARI,15,leading_one_score,134,strong,stable_team_sample,100.0,1.0,23.4375,41.796875,46.875,54.6875,38.49609375,38.49609375,close_to_baseline_run_pass_split,slower_than_baseline,less_shotgun_than_baseline,close_to_baseline_efficiency,0.5373,0.5341,0.0031999999999999806,0.4627,0.4659,-0.0031999999999999806,0.5373,0.5341,0.0031999999999999806,0.597,0.6624,-0.06540000000000001,0.0299,0.075,-0.0451,0.0251,0.0136,0.011500000000000002,0.403,0.4278,-0.02479999999999999,0.1343,0.1347,-0.0003999999999999837,0.0075,0.0244,-0.016900000000000002,0.0448,0.0343,0.010500000000000002,3.125,28.125,59.375,3.125,46.875,40.625,40.625,39.0625,46.875,62.5,31.25,84.375,25.0
2025,ARI,16,leading_two_plus_scores,121,strong,stable_team_sample,100.0,1.0,65.32258064516128,25.403225806451612,51.612903225806456,20.967741935483872,50.58467741935483,50.58467741935483,more_dropback_heavy_than_baseline,close_to_baseline_tempo,more_shotgun_than_baseline,less_efficient_than_baseline,0.5702,0.4563,0.11390000000000006,0.4298,0.5437,-0.11389999999999995,0.5702,0.4563,0.11390000000000006,0.7107,0.5937,0.11699999999999999,0.0413,0.0586,-0.017299999999999996,-0.1094,0.0204,-0.1298,0.3884,0.4256,-0.037199999999999955,0.1322,0.1375,-0.005299999999999999,0.0248,0.0203,0.0045000000000000005,0.0661,0.0278,0.03830000000000001,90.32258064516128,64.51612903225806,16.129032258064516,90.32258064516128,22.58064516129032,22.58064516129032,29.03225806451613,27.419354838709676,48.38709677419355,41.935483870967744,64.51612903225806,38.70967741935484,3.225806451612903
2025,ARI,17,trailing_one_score,263,strong,stable_team_sample,100.0,1.0,60.9375,35.15625,37.5,45.3125,51.3671875,51.3671875,more_dropback_heavy_than_baseline,close_to_baseline_tempo,close_to_baseline_shotgun_usage,less_efficient_than_baseline,0.6882,0.5968,0.09140000000000004,0.3118,0.4032,-0.09139999999999998,0.6882,0.5968,0.09140000000000004,0.6768,0.7163,-0.03950000000000009,0.0875,0.1048,-0.01730000000000001,-0.0687,0.0002,-0.0689,0.4259,0.4393,-0.013400000000000023,0.1293,0.1338,-0.004500000000000004,0.019,0.029,-0.010000000000000002,0.0722,0.0417,0.0305,93.75,34.375,21.875,93.75,18.75,37.5,50.0,34.375,37.5,62.5,12.5,81.25,9.375
2025,ARI,18,trailing_two_plus_scores,355,strong,stable_team_sample,100.0,1.0,54.6875,60.15625,53.125,67.1875,59.3359375,59.3359375,more_dropback_heavy_than_baseline,faster_than_baseline,close_to_baseline_shotgun_usage,more_efficient_than_baseline,0.7352,0.677,0.05819999999999992,0.2648,0.323,-0.05820000000000003,0.7352,0.677,0.05819999999999992,0.831,0.7976,0.033399999999999985,0.2592,0.1909,0.0683,0.0246,-0.0509,0.0755,0.4535,0.4324,0.021100000000000008,0.138,0.1286,0.00940000000000002,0.0169,0.0349,-0.018000000000000002,0.0507,0.0546,-0.0039000000000000007,68.75,25.0,56.25,68.75,59.375,56.25,56.25,68.75,59.375,84.375,15.625,87.5,46.875
2025,ARI,19,tied_early_down,156,strong,stable_team_sample,100.0,1.0,54.6875,39.84375,22.916666666666668,31.25,46.1328125,46.1328125,more_dropback_heavy_than_baseline,slower_than_baseline,close_to_baseline_shotgun_usage,close_to_baseline_efficiency,0.5897,0.4983,0.09139999999999998,0.4103,0.5017,-0.09140000000000004,0.5897,0.4983,0.09139999999999998,0.5962,0.6059,-0.009700000000000042,0.0385,0.0718,-0.0333,-0.0116,0.0018,-0.013399999999999999,0.4295,0.4418,-0.012300000000000033,0.0897,0.1285,-0.0388,0.0321,0.0219,0.010199999999999997,0.0256,0.0267,-0.0011000000000000003,87.5,6.25,37.5,87.5,43.75,40.625,34.375,40.625,18.75,31.25,18.75,21.875,40.625
2025,ARI,20,leading_early_down,196,strong,stable_team_sample,100.0,1.0,50.0,29.6875,42.708333333333336,46.875,46.015625,46.015625,more_dropback_heavy_than_baseline,slower_than_baseline,close_to_baseline_shotgun_usage,close_to_baseline_efficiency,0.5051,0.4468,0.05830000000000002,0.4949,0.5532,-0.05830000000000002,0.5051,0.4468,0.05830000000000002,0.5969,0.5755,0.021399999999999975,0.0408,0.0709,-0.030100000000000002,-0.009,0.0115,-0.020499999999999997,0.3827,0.4235,-0.0408,0.1224,0.1332,-0.010800000000000018,0.0051,0.0206,-0.0155,0.0459,0.0228,0.023100000000000002,76.5625,12.5,34.375,76.5625,40.625,21.875,31.25,25.0,40.625,59.375,28.125,84.375,9.375
2025,ARI,21,trailing_early_down,466,strong,stable_team_sample,100.0,1.0,65.625,54.6875,36.458333333333336,56.25,59.296875,59.296875,more_dropback_heavy_than_baseline,faster_than_baseline,close_to_baseline_shotgun_usage,close_to_baseline_efficiency,0.6996,0.5899,0.10970000000000002,0.3004,0.4101,-0.10970000000000002,0.6996,0.5899,0.10970000000000002,0.7232,0.7068,0.01639999999999997,0.2039,0.15,0.0539,0.0108,-0.0058,0.0166,0.4442,0.438,0.006199999999999983,0.1223,0.1307,-0.008400000000000005,0.0129,0.0281,-0.0152,0.0515,0.0355,0.016,100.0,12.5,50.0,100.0,50.0,56.25,53.125,59.375,31.25,75.0,3.125,96.875,15.625
2025,ATL,1,all_offense,1032,strong,stable_team_sample,100.0,1.0,42.96875,38.28125,61.458333333333336,81.25,51.25,51.25,close_to_baseline_run_pass_split,close_to_baseline_tempo,more_shotgun_than_baseline,close_to_baseline_efficiency,0.5504,0.5737,-0.023299999999999987,0.4496,0.4263,0.023299999999999987,0.5504,0.5737,-0.023299999999999987,0.8081,0.6967,0.11140000000000005,0.1114,0.1039,0.007499999999999993,-0.0217,-0.0054,-0.016300000000000002,0.437,0.4345,0.0025000000000000022,0.1357,0.1328,0.002899999999999986,0.0223,0.0274,-0.0051,0.0252,0.0401,-0.014899999999999997,48.4375,65.625,9.375,48.4375,28.125,46.875,50.0,28.125,59.375,62.5,62.5,71.875,90.625
2025,ATL,2,early_down,799,strong,stable_team_sample,100.0,1.0,46.875,66.40625,82.29166666666667,84.375,63.4765625,63.4765625,close_to_baseline_run_pass_split,close_to_baseline_tempo,more_shotgun_than_baseline,more_efficient_than_baseline,0.4919,0.5246,-0.03269999999999995,0.5081,0.4754,0.03270000000000001,0.4919,0.5246,-0.03269999999999995,0.7885,0.6436,0.14490000000000003,0.1039,0.1086,-0.004699999999999996,0.068,0.0014,0.0666,0.4556,0.4339,0.021699999999999997,0.1527,0.1311,0.021600000000000008,0.0188,0.0244,-0.005600000000000001,0.0163,0.0296,-0.013300000000000003,56.25,68.75,6.25,56.25,78.125,65.625,71.875,50.0,81.25,84.375,81.25,75.0,93.75
2025,ATL,3,third_down,205,strong,stable_team_sample,100.0,1.0,33.59375,12.109375,10.416666666666666,71.875,31.89453125,31.89453125,close_to_baseline_run_pass_split,faster_than_baseline,close_to_baseline_shotgun_usage,less_efficient_than_baseline,0.7659,0.7494,0.01650000000000007,0.2341,0.2506,-0.016499999999999987,0.7659,0.7494,0.01650000000000007,0.8878,0.8953,-0.007499999999999951,0.1415,0.0875,0.05399999999999999,-0.3368,-0.0507,-0.28609999999999997,0.3561,0.4242,-0.0681,0.0829,0.1404,-0.057499999999999996,0.0244,0.0359,-0.0115,0.0634,0.0778,-0.014399999999999996,28.125,21.875,56.25,28.125,9.375,9.375,9.375,20.3125,3.125,6.25,21.875,81.25,62.5
2025,ATL,4,fourth_down,28,thin,small_team_sample,55.0,0.75,23.4375,30.859375,19.791666666666668,46.09375,28.58984375,21.4423828125,close_to_baseline_run_pass_split,close_to_baseline_tempo,more_shotgun_than_baseline,less_efficient_than_baseline,0.6429,0.6225,0.020399999999999974,0.3571,0.3775,-0.02040000000000003,0.6429,0.6225,0.020399999999999974,0.7857,0.675,0.11069999999999991,0.1071,0.0943,0.012800000000000006,-0.2732,0.1649,-0.4381,0.5,0.5443,-0.044300000000000006,0.0357,0.1209,-0.0852,0.1071,0.0492,0.0579,0.0,0.0504,-0.0504,15.625,56.25,6.25,15.625,18.75,35.9375,32.8125,35.9375,12.5,18.75,28.125,6.25,85.9375
2025,ATL,5,short_yardage,96,good,usable_team_sample,80.0,0.9,55.46875,49.609375,90.10416666666667,60.15625,60.89453125,54.805078125,more_run_heavy_than_baseline,close_to_baseline_tempo,more_shotgun_than_baseline,less_efficient_than_baseline,0.25,0.3476,-0.09760000000000002,0.75,0.6524,0.09760000000000002,0.25,0.3476,-0.09760000000000002,0.6042,0.5322,0.07199999999999995,0.1771,0.1642,0.012899999999999995,-0.0118,0.0647,-0.0765,0.5833,0.5961,-0.012799999999999923,0.1354,0.0906,0.04479999999999999,0.0313,0.0214,0.009900000000000003,0.0,0.0229,-0.0229,87.5,34.375,12.5,87.5,37.5,46.875,64.0625,50.0,93.75,82.8125,93.75,25.0,95.3125
2025,ATL,6,red_zone,138,strong,stable_team_sample,100.0,1.0,39.84375,62.5,56.25,43.75,51.3671875,51.3671875,close_to_baseline_run_pass_split,faster_than_baseline,more_shotgun_than_baseline,more_efficient_than_baseline,0.4855,0.5029,-0.017400000000000027,0.5145,0.4971,0.01739999999999997,0.4855,0.5029,-0.017400000000000027,0.8696,0.6589,0.2107,0.1232,0.0945,0.028700000000000003,0.0288,-0.0022,0.031,0.4203,0.4224,-0.0020999999999999908,0.0507,0.0512,-0.0005000000000000004,0.029,0.0258,0.0032000000000000015,0.029,0.0328,-0.0038000000000000013,18.75,90.625,31.25,18.75,59.375,50.0,53.125,87.5,56.25,43.75,68.75,37.5,50.0
2025,ATL,7,goal_to_go,60,good,usable_team_sample,80.0,0.9,65.625,81.25,73.95833333333333,86.71875,73.609375,66.24843750000001,more_run_heavy_than_baseline,faster_than_baseline,more_shotgun_than_baseline,more_efficient_than_baseline,0.4,0.4757,-0.07569999999999999,0.6,0.5243,0.07569999999999999,0.4,0.4757,-0.07569999999999999,0.85,0.611,0.239,0.1333,0.0861,0.047200000000000006,0.3751,0.0097,0.3654,0.4667,0.438,0.028700000000000003,0.0167,0.0074,0.0093,0.0,0.0243,-0.0243,0.0,0.0306,-0.0306,59.375,84.375,59.375,59.375,96.875,62.5,87.5,78.125,87.5,93.75,40.625,87.5,85.9375
2025,ATL,8,two_minute_half,131,strong,stable_team_sample,100.0,1.0,66.40625,65.625,76.04166666666667,92.1875,71.9140625,71.9140625,more_run_heavy_than_baseline,slower_than_baseline,close_to_baseline_shotgun_usage,more_efficient_than_baseline,0.6489,0.7349,-0.08599999999999997,0.3511,0.2651,0.08600000000000002,0.6489,0.7349,-0.08599999999999997,0.8931,0.8778,0.01529999999999998,0.0916,0.1634,-0.07179999999999999,0.0549,0.0083,0.046599999999999996,0.4351,0.4231,0.01200000000000001,0.1527,0.1271,0.02560000000000001,0.0229,0.0356,-0.0127,0.0153,0.0516,-0.0363,84.375,15.625,81.25,84.375,65.625,56.25,78.125,62.5,78.125,62.5,87.5,84.375,100.0
2025,ATL,9,two_minute_game,53,good,usable_team_sample,80.0,0.9,60.9375,23.4375,51.041666666666664,60.9375,51.03125,45.928125,more_run_heavy_than_baseline,slower_than_baseline,close_to_baseline_shotgun_usage,less_efficient_than_baseline,0.5472,0.6818,-0.13459999999999994,0.4528,0.3182,0.1346,0.5472,0.6818,-0.13459999999999994,0.8491,0.8173,0.03179999999999994,0.0566,0.1726,-0.116,-0.1262,-0.06,-0.06620000000000001,0.3585,0.3942,-0.03570000000000001,0.1321,0.1268,0.005299999999999999,0.0377,0.0394,-0.0017000000000000001,0.0189,0.0504,-0.0315,75.0,12.5,81.25,75.0,34.375,25.0,25.0,9.375,53.125,6.25,93.75,40.625,81.25
2025,ATL,10,one_score,806,strong,stable_team_sample,100.0,1.0,31.25,44.53125,55.208333333333336,82.03125,46.6796875,46.6796875,close_to_baseline_run_pass_split,close_to_baseline_tempo,more_shotgun_than_baseline,close_to_baseline_efficiency,0.5546,0.565,-0.010399999999999965,0.4454,0.435,0.01040000000000002,0.5546,0.565,-0.010399999999999965,0.8015,0.6859,0.11560000000000004,0.0931,0.0863,0.0068000000000000005,0.0307,0.0035,0.027200000000000002,0.4454,0.4369,0.008500000000000008,0.1328,0.1332,-0.00040000000000001146,0.0174,0.0265,-0.0091,0.0298,0.0381,-0.008300000000000002,28.125,65.625,3.125,28.125,50.0,50.0,50.0,28.125,53.125,59.375,53.125,89.0625,75.0
2025,ATL,11,neutral_early_down,523,strong,stable_team_sample,100.0,1.0,41.40625,63.671875,70.83333333333333,90.625,59.23828125,59.23828125,close_to_baseline_run_pass_split,close_to_baseline_tempo,more_shotgun_than_baseline,more_efficient_than_baseline,0.4895,0.5215,-0.03199999999999997,0.5105,0.4785,0.03199999999999997,0.4895,0.5215,-0.03199999999999997,0.7629,0.6282,0.13470000000000004,0.0803,0.0855,-0.00520000000000001,0.0972,0.013,0.0842,0.4627,0.4391,0.02360000000000001,0.1568,0.1443,0.012499999999999983,0.0134,0.0226,-0.009199999999999998,0.0191,0.0278,-0.0087,43.75,71.875,6.25,43.75,84.375,75.0,78.125,17.1875,71.875,75.0,65.625,95.3125,85.9375
2025,ATL,12,tied,253,strong,stable_team_sample,100.0,1.0,43.75,29.296875,45.833333333333336,54.6875,44.35546875,44.35546875,close_to_baseline_run_pass_split,close_to_baseline_tempo,close_to_baseline_shotgun_usage,close_to_baseline_efficiency,0.5178,0.5522,-0.034399999999999986,0.4822,0.4478,0.03440000000000004,0.5178,0.5522,-0.034399999999999986,0.7115,0.6675,0.04400000000000004,0.083,0.0716,0.011400000000000007,-0.0164,-0.0028,-0.013600000000000001,0.4032,0.4433,-0.040100000000000025,0.1186,0.1307,-0.012100000000000014,0.0198,0.0252,-0.0053999999999999986,0.0356,0.0369,-0.0013000000000000025,65.625,28.125,15.625,65.625,40.625,18.75,23.4375,34.375,43.75,21.875,71.875,65.625,43.75
2025,ATL,13,leading,372,strong,stable_team_sample,100.0,1.0,50.0,33.203125,54.166666666666664,71.875,51.11328125,51.11328125,close_to_baseline_run_pass_split,close_to_baseline_tempo,more_shotgun_than_baseline,less_efficient_than_baseline,0.4704,0.504,-0.03360000000000002,0.5296,0.496,0.03359999999999996,0.4704,0.504,-0.03360000000000002,0.7742,0.6358,0.13839999999999997,0.086,0.0687,0.017299999999999996,-0.046,0.0162,-0.0622,0.4301,0.4269,0.0031999999999999806,0.1371,0.1357,0.0014000000000000123,0.0161,0.0228,-0.006700000000000001,0.0242,0.0318,-0.007600000000000003,57.8125,75.0,9.375,57.8125,21.875,56.25,34.375,20.3125,56.25,53.125,53.125,57.8125,85.9375
2025,ATL,14,trailing,407,strong,stable_team_sample,100.0,1.0,39.84375,69.140625,61.979166666666664,68.75,56.38671875,56.38671875,close_to_baseline_run_pass_split,close_to_baseline_tempo,more_shotgun_than_baseline,close_to_baseline_efficiency,0.6437,0.6309,0.012800000000000034,0.3563,0.3691,-0.012799999999999978,0.6437,0.6309,0.012800000000000034,0.8993,0.7508,0.14849999999999997,0.1523,0.1414,0.010899999999999993,-0.0027,-0.0215,0.018799999999999997,0.4644,0.4364,0.02799999999999997,0.145,0.1316,0.013399999999999995,0.0295,0.0315,-0.0020000000000000018,0.0197,0.0472,-0.0275,31.25,84.375,12.5,31.25,56.25,68.75,89.0625,62.5,62.5,64.0625,59.375,46.875,90.625
2025,ATL,15,leading_one_score,298,strong,stable_team_sample,100.0,1.0,43.75,41.40625,44.791666666666664,70.3125,48.7890625,48.7890625,close_to_baseline_run_pass_split,faster_than_baseline,more_shotgun_than_baseline,close_to_baseline_efficiency,0.5134,0.5341,-0.02070000000000005,0.4866,0.4659,0.020699999999999996,0.5134,0.5341,-0.02070000000000005,0.802,0.6624,0.13960000000000006,0.1007,0.075,0.0257,-0.0089,0.0136,-0.0225,0.4396,0.4278,0.011799999999999977,0.1342,0.1347,-0.0004999999999999727,0.0101,0.0244,-0.014300000000000002,0.0302,0.0343,-0.004099999999999996,37.5,78.125,21.875,37.5,37.5,62.5,43.75,21.875,43.75,50.0,40.625,78.125,62.5
2025,ATL,16,leading_two_plus_scores,74,good,usable_team_sample,80.0,0.9,69.75806451612902,29.032258064516128,69.89247311827957,54.83870967741936,58.61693548387096,52.755241935483866,more_run_heavy_than_baseline,slower_than_baseline,more_shotgun_than_baseline,less_efficient_than_baseline,0.2973,0.4563,-0.15899999999999997,0.7027,0.5437,0.15900000000000003,0.2973,0.4563,-0.15899999999999997,0.6622,0.5937,0.0685,0.027,0.0586,-0.0316,-0.1955,0.0204,-0.2159,0.3919,0.4256,-0.03369999999999995,0.1486,0.1375,0.011099999999999999,0.0405,0.0203,0.020200000000000003,0.0,0.0278,-0.0278,100.0,38.70967741935484,40.32258064516129,100.0,9.67741935483871,29.03225806451613,22.58064516129032,54.83870967741935,80.64516129032258,35.483870967741936,93.54838709677419,12.903225806451612,96.7741935483871
2025,ATL,17,trailing_one_score,255,strong,stable_team_sample,100.0,1.0,64.0625,78.90625,55.208333333333336,73.4375,69.1796875,69.1796875,close_to_baseline_run_pass_split,close_to_baseline_tempo,more_shotgun_than_baseline,more_efficient_than_baseline,0.6392,0.5968,0.04239999999999999,0.3608,0.4032,-0.04239999999999999,0.6392,0.5968,0.04239999999999999,0.8902,0.7163,0.17389999999999994,0.0941,0.1048,-0.010700000000000001,0.1236,0.0002,0.1234,0.4941,0.4393,0.05479999999999996,0.1451,0.1338,0.011300000000000004,0.0235,0.029,-0.005500000000000001,0.0235,0.0417,-0.0182,71.875,93.75,18.75,71.875,71.875,84.375,93.75,65.625,65.625,75.0,25.0,65.625,81.25
2025,ATL,18,trailing_two_plus_scores,152,strong,stable_team_sample,100.0,1.0,46.484375,31.640625,64.58333333333333,62.5,49.765625,49.765625,close_to_baseline_run_pass_split,faster_than_baseline,more_shotgun_than_baseline,less_efficient_than_baseline,0.6513,0.677,-0.025700000000000056,0.3487,0.323,0.0257,0.6513,0.677,-0.025700000000000056,0.9145,0.7976,0.1169,0.25,0.1909,0.059100000000000014,-0.2146,-0.0509,-0.1637,0.4145,0.4324,-0.017900000000000027,0.1447,0.1286,0.016100000000000003,0.0395,0.0349,0.0046,0.0132,0.0546,-0.041400000000000006,31.25,73.4375,50.0,31.25,12.5,25.0,35.9375,53.125,62.5,46.875,84.375,28.125,96.875
2025,ATL,19,tied_early_down,196,strong,stable_team_sample,100.0,1.0,50.0,29.6875,53.125,70.3125,49.921875,49.921875,more_run_heavy_than_baseline,close_to_baseline_tempo,more_shotgun_than_baseline,close_to_baseline_efficiency,0.4286,0.4983,-0.06970000000000004,0.5714,0.5017,0.06969999999999998,0.4286,0.4983,-0.06970000000000004,0.6735,0.6059,0.0676,0.0663,0.0718,-0.005500000000000005,0.0203,0.0018,0.0185,0.4082,0.4418,-0.03360000000000002,0.1224,0.1285,-0.006100000000000008,0.0204,0.0219,-0.0014999999999999979,0.0102,0.0267,-0.0165,78.125,37.5,6.25,78.125,53.125,21.875,28.125,15.625,53.125,25.0,81.25,56.25,84.375
2025,ATL,20,leading_early_down,288,strong,stable_team_sample,100.0,1.0,32.8125,62.5,76.04166666666667,53.125,52.109375,52.109375,close_to_baseline_run_pass_split,close_to_baseline_tempo,more_shotgun_than_baseline,more_efficient_than_baseline,0.4271,0.4468,-0.019699999999999995,0.5729,0.5532,0.01969999999999994,0.4271,0.4468,-0.019699999999999995,0.7674,0.5755,0.19189999999999996,0.0764,0.0709,0.005499999999999991,0.0651,0.0115,0.05360000000000001,0.4514,0.4235,0.027900000000000036,0.1597,0.1332,0.026499999999999996,0.0139,0.0206,-0.006700000000000001,0.0243,0.0228,0.0014999999999999979,25.0,78.125,3.125,25.0,59.375,75.0,53.125,62.5,75.0,93.75,59.375,59.375,46.875
2025,ATL,21,trailing_early_down,315,strong,stable_team_sample,100.0,1.0,22.65625,84.375,85.41666666666667,79.6875,57.0703125,57.0703125,close_to_baseline_run_pass_split,close_to_baseline_tempo,more_shotgun_than_baseline,more_efficient_than_baseline,0.5905,0.5899,0.0006000000000000449,0.4095,0.4101,-0.0006000000000000449,0.5905,0.5899,0.0006000000000000449,0.8794,0.7068,0.17259999999999998,0.1524,0.15,0.0024000000000000132,0.1003,-0.0058,0.1061,0.4889,0.438,0.0509,0.1651,0.1307,0.034399999999999986,0.0222,0.0281,-0.005899999999999999,0.0127,0.0355,-0.022799999999999997,3.125,81.25,3.125,3.125,81.25,90.625,93.75,71.875,90.625,90.625,75.0,62.5,96.875
2025,BAL,1,all_offense,954,strong,stable_team_sample,100.0,1.0,79.6875,68.359375,76.04166666666667,20.3125,71.38671875,71.38671875,more_run_heavy_than_baseline,slower_than_baseline,close_to_baseline_shotgun_usage,more_efficient_than_baseline,0.4864,0.5737,-0.08729999999999999,0.5136,0.4263,0.08729999999999993,0.4864,0.5737,-0.08729999999999999,0.6499,0.6967,-0.04679999999999995,0.0294,0.1039,-0.07450000000000001,0.0339,-0.0054,0.0393,0.4455,0.4345,0.01100000000000001,0.153,0.1328,0.020199999999999996,0.0325,0.0274,0.0051,0.0472,0.0401,0.007100000000000002,100.0,40.625,78.125,100.0,67.1875,62.5,65.625,78.125,87.5,40.625,100.0,12.5,28.125
2025,BAL,2,early_down,728,strong,stable_team_sample,100.0,1.0,79.6875,66.40625,80.20833333333333,21.09375,71.6015625,71.6015625,more_run_heavy_than_baseline,slower_than_baseline,less_shotgun_than_baseline,more_efficient_than_baseline,0.4231,0.5246,-0.10149999999999998,0.5769,0.4754,0.10149999999999998,0.4231,0.5246,-0.10149999999999998,0.592,0.6436,-0.05159999999999998,0.0275,0.1086,-0.0811,0.0386,0.0014,0.037200000000000004,0.4464,0.4339,0.012500000000000011,0.158,0.1311,0.026900000000000007,0.0316,0.0244,0.0072000000000000015,0.0343,0.0296,0.004699999999999996,96.875,37.5,87.5,96.875,65.625,62.5,62.5,75.0,93.75,46.875,100.0,12.5,29.6875
2025,BAL,3,third_down,201,strong,stable_team_sample,100.0,1.0,72.265625,53.90625,52.604166666666664,31.25,62.01171875,62.01171875,more_run_heavy_than_baseline,slower_than_baseline,close_to_baseline_shotgun_usage,close_to_baseline_efficiency,0.6816,0.7494,-0.06779999999999997,0.3184,0.2506,0.06780000000000003,0.6816,0.7494,-0.06779999999999997,0.8507,0.8953,-0.04459999999999997,0.0348,0.0875,-0.0527,-0.0651,-0.0507,-0.014400000000000003,0.4229,0.4242,-0.0013000000000000234,0.1343,0.1404,-0.006099999999999994,0.0348,0.0359,-0.0011000000000000038,0.0945,0.0778,0.016700000000000007,84.375,68.75,51.5625,84.375,46.875,43.75,56.25,68.75,43.75,34.375,79.6875,43.75,18.75
2025,BAL,4,fourth_down,25,thin,small_team_sample,55.0,0.75,56.640625,79.296875,70.83333333333333,53.125,64.0,48.0,more_dropback_heavy_than_baseline,slower_than_baseline,close_to_baseline_shotgun_usage,more_efficient_than_baseline,0.76,0.6225,0.13749999999999996,0.24,0.3775,-0.1375,0.76,0.6225,0.13749999999999996,0.72,0.675,0.04499999999999993,0.04,0.0943,-0.054299999999999994,0.6946,0.1649,0.5297000000000001,0.6,0.5443,0.05569999999999997,0.16,0.1209,0.03910000000000001,0.04,0.0492,-0.0092,0.04,0.0504,-0.0104,78.125,23.4375,46.875,78.125,84.375,75.0,70.3125,87.5,67.1875,46.875,98.4375,56.25,50.0
2025,BAL,5,short_yardage,90,good,usable_team_sample,80.0,0.9,83.203125,70.3125,64.0625,35.15625,72.14453125,64.93007812500001,more_run_heavy_than_baseline,slower_than_baseline,less_shotgun_than_baseline,more_efficient_than_baseline,0.2222,0.3476,-0.1254,0.7778,0.6524,0.12540000000000007,0.2222,0.3476,-0.1254,0.4222,0.5322,-0.10999999999999999,0.0556,0.1642,-0.10860000000000002,0.2277,0.0647,0.16300000000000003,0.6222,0.5961,0.026100000000000012,0.1,0.0906,0.009400000000000006,0.0222,0.0214,0.0008000000000000021,0.0444,0.0229,0.021500000000000002,96.875,50.0,89.0625,96.875,81.25,56.25,50.0,93.75,71.875,23.4375,96.875,54.6875,15.625
2025,BAL,6,red_zone,175,strong,stable_team_sample,100.0,1.0,78.125,13.671875,52.083333333333336,28.90625,54.27734375,54.27734375,more_run_heavy_than_baseline,slower_than_baseline,less_shotgun_than_baseline,less_efficient_than_baseline,0.3943,0.5029,-0.10860000000000003,0.6057,0.4971,0.10860000000000003,0.3943,0.5029,-0.10860000000000003,0.56,0.6589,-0.09889999999999999,0.0343,0.0945,-0.060200000000000004,-0.153,-0.0022,-0.1508,0.3714,0.4224,-0.05099999999999999,0.0514,0.0512,0.0001999999999999988,0.0286,0.0258,0.0028000000000000004,0.0571,0.0328,0.024299999999999995,96.875,56.25,62.5,96.875,12.5,18.75,9.375,14.0625,59.375,18.75,78.125,45.3125,12.5
2025,BAL,7,goal_to_go,68,good,usable_team_sample,80.0,0.9,62.5,35.9375,39.0625,21.875,49.15625,44.240625,more_run_heavy_than_baseline,slower_than_baseline,less_shotgun_than_baseline,close_to_baseline_efficiency,0.3824,0.4757,-0.0933,0.6176,0.5243,0.09330000000000005,0.3824,0.4757,-0.0933,0.3971,0.611,-0.21389999999999998,0.0588,0.0861,-0.027299999999999998,-0.0046,0.0097,-0.0143,0.3824,0.438,-0.05559999999999998,0.0,0.0074,-0.0074,0.0294,0.0243,0.0051,0.0735,0.0306,0.042899999999999994,65.625,78.125,40.625,65.625,46.875,25.0,34.375,37.5,32.8125,43.75,40.625,31.25,12.5
2025,BAL,8,two_minute_half,106,strong,stable_team_sample,100.0,1.0,74.21875,39.0625,65.625,7.8125,58.7890625,58.7890625,more_run_heavy_than_baseline,slower_than_baseline,close_to_baseline_shotgun_usage,less_efficient_than_baseline,0.6509,0.7349,-0.08399999999999996,0.3491,0.2651,0.08400000000000002,0.6509,0.7349,-0.08399999999999996,0.8302,0.8778,-0.047599999999999976,0.0566,0.1634,-0.10679999999999999,-0.0733,0.0083,-0.0816,0.4245,0.4231,0.0014000000000000123,0.1415,0.1271,0.014399999999999996,0.0472,0.0356,0.0116,0.0943,0.0516,0.042699999999999995,78.125,46.875,93.75,78.125,18.75,46.875,34.375,56.25,65.625,37.5,93.75,9.375,6.25
2025,BAL,9,two_minute_game,38,thin,small_team_sample,55.0,0.75,17.96875,32.8125,52.083333333333336,37.5,30.6015625,22.951171875,close_to_baseline_run_pass_split,slower_than_baseline,close_to_baseline_shotgun_usage,close_to_baseline_efficiency,0.6579,0.6818,-0.02389999999999992,0.3421,0.3182,0.023900000000000032,0.6579,0.6818,-0.02389999999999992,0.7895,0.8173,-0.027800000000000047,0.1316,0.1726,-0.04100000000000001,-0.0502,-0.06,0.009799999999999996,0.3947,0.3942,0.0005000000000000004,0.1316,0.1268,0.004799999999999999,0.0263,0.0394,-0.013099999999999997,0.1053,0.0504,0.054900000000000004,9.375,9.375,43.75,9.375,43.75,50.0,9.375,28.125,50.0,60.9375,45.3125,62.5,12.5
2025,BAL,10,one_score,692,strong,stable_team_sample,100.0,1.0,72.65625,65.625,81.25,23.4375,68.6328125,68.6328125,more_run_heavy_than_baseline,slower_than_baseline,close_to_baseline_shotgun_usage,more_efficient_than_baseline,0.4841,0.565,-0.08089999999999997,0.5159,0.435,0.08090000000000003,0.4841,0.565,-0.08089999999999997,0.6546,0.6859,-0.031299999999999994,0.0202,0.0863,-0.0661,0.0452,0.0035,0.041699999999999994,0.4523,0.4369,0.01539999999999997,0.1546,0.1332,0.021399999999999975,0.0318,0.0265,0.005300000000000003,0.0462,0.0381,0.008099999999999996,96.875,15.625,81.25,96.875,62.5,65.625,59.375,75.0,87.5,56.25,100.0,12.5,34.375
2025,BAL,11,neutral_early_down,425,strong,stable_team_sample,100.0,1.0,69.53125,73.046875,83.33333333333333,21.875,69.23828125,69.23828125,more_run_heavy_than_baseline,slower_than_baseline,close_to_baseline_shotgun_usage,more_efficient_than_baseline,0.4424,0.5215,-0.07909999999999995,0.5576,0.4785,0.0791,0.4424,0.5215,-0.07909999999999995,0.6212,0.6282,-0.007000000000000006,0.0118,0.0855,-0.0737,0.0592,0.013,0.046200000000000005,0.4588,0.4391,0.019699999999999995,0.1788,0.1443,0.034499999999999975,0.0306,0.0226,0.008,0.0306,0.0278,0.0028000000000000004,96.875,6.25,78.125,96.875,65.625,65.625,75.0,85.9375,90.625,62.5,96.875,6.25,37.5
2025,BAL,12,tied,183,strong,stable_team_sample,100.0,1.0,78.90625,67.578125,52.083333333333336,64.0625,71.62109375,71.62109375,more_run_heavy_than_baseline,slower_than_baseline,less_shotgun_than_baseline,more_efficient_than_baseline,0.4536,0.5522,-0.09860000000000002,0.5464,0.4478,0.09860000000000002,0.4536,0.5522,-0.09860000000000002,0.5738,0.6675,-0.0937,0.0055,0.0716,-0.06609999999999999,0.0605,-0.0028,0.0633,0.4918,0.4433,0.04849999999999999,0.1257,0.1307,-0.0050000000000000044,0.0109,0.0252,-0.0143,0.0383,0.0369,0.0013999999999999985,90.625,53.125,81.25,90.625,75.0,81.25,56.25,57.8125,50.0,15.625,90.625,90.625,37.5
2025,BAL,13,leading,351,strong,stable_team_sample,100.0,1.0,68.75,73.4375,81.25,20.3125,68.515625,68.515625,more_run_heavy_than_baseline,slower_than_baseline,close_to_baseline_shotgun_usage,more_efficient_than_baseline,0.4245,0.504,-0.07950000000000002,0.5755,0.496,0.07950000000000002,0.4245,0.504,-0.07950000000000002,0.6211,0.6358,-0.014700000000000046,0.0142,0.0687,-0.05449999999999999,0.1126,0.0162,0.09640000000000001,0.4274,0.4269,0.0005000000000000004,0.1738,0.1357,0.03810000000000002,0.0313,0.0228,0.0085,0.0456,0.0318,0.0138,93.75,9.375,78.125,93.75,78.125,53.125,75.0,87.5,96.875,46.875,100.0,15.625,25.0
2025,BAL,14,trailing,420,strong,stable_team_sample,100.0,1.0,78.125,47.65625,68.75,23.4375,64.7265625,64.7265625,more_run_heavy_than_baseline,slower_than_baseline,close_to_baseline_shotgun_usage,close_to_baseline_efficiency,0.5524,0.6309,-0.07850000000000001,0.4476,0.3691,0.07850000000000001,0.5524,0.6309,-0.07850000000000001,0.7071,0.7508,-0.04370000000000007,0.0524,0.1414,-0.089,-0.0435,-0.0215,-0.022,0.4405,0.4364,0.0040999999999999925,0.1476,0.1316,0.016000000000000014,0.0429,0.0315,0.0114,0.0524,0.0472,0.005200000000000003,93.75,43.75,81.25,93.75,31.25,50.0,53.125,56.25,65.625,46.875,93.75,12.5,34.375
2025,BAL,15,leading_one_score,249,strong,stable_team_sample,100.0,1.0,64.84375,76.5625,78.125,26.5625,67.6953125,67.6953125,more_run_heavy_than_baseline,slower_than_baseline,close_to_baseline_shotgun_usage,more_efficient_than_baseline,0.4458,0.5341,-0.08830000000000005,0.5542,0.4659,0.08830000000000005,0.4458,0.5341,-0.08830000000000005,0.6787,0.6624,0.01629999999999998,0.0201,0.075,-0.0549,0.1182,0.0136,0.1046,0.4498,0.4278,0.021999999999999964,0.1647,0.1347,0.030000000000000027,0.0402,0.0244,0.015799999999999998,0.0402,0.0343,0.0059000000000000025,87.5,6.25,78.125,87.5,78.125,65.625,75.0,87.5,87.5,53.125,93.75,12.5,40.625
2025,BAL,16,leading_two_plus_scores,102,strong,stable_team_sample,100.0,1.0,78.2258064516129,54.03225806451613,75.26881720430107,40.32258064516129,69.03225806451613,69.03225806451613,more_run_heavy_than_baseline,slower_than_baseline,less_shotgun_than_baseline,more_efficient_than_baseline,0.3725,0.4563,-0.08379999999999999,0.6275,0.5437,0.08379999999999999,0.3725,0.4563,-0.08379999999999999,0.4804,0.5937,-0.11330000000000001,0.0,0.0586,-0.0586,0.0992,0.0204,0.0788,0.3725,0.4256,-0.05309999999999998,0.1961,0.1375,0.058599999999999985,0.0098,0.0203,-0.010499999999999999,0.0588,0.0278,0.031,87.09677419354838,54.83870967741935,83.87096774193549,87.09677419354838,70.96774193548387,16.129032258064516,41.935483870967744,87.09677419354838,100.0,25.806451612903224,100.0,67.74193548387096,12.903225806451612
2025,BAL,17,trailing_one_score,260,strong,stable_team_sample,100.0,1.0,68.75,43.75,85.41666666666667,18.75,61.5625,61.5625,more_run_heavy_than_baseline,slower_than_baseline,close_to_baseline_shotgun_usage,less_efficient_than_baseline,0.5423,0.5968,-0.05449999999999999,0.4577,0.4032,0.05449999999999999,0.5423,0.5968,-0.05449999999999999,0.6885,0.7163,-0.027800000000000047,0.0308,0.1048,-0.07400000000000001,-0.0355,0.0002,-0.035699999999999996,0.4269,0.4393,-0.012400000000000022,0.1654,0.1338,0.03159999999999999,0.0385,0.029,0.009499999999999998,0.0577,0.0417,0.016,84.375,28.125,78.125,84.375,40.625,40.625,43.75,50.0,90.625,68.75,96.875,15.625,21.875
2025,BAL,18,trailing_two_plus_scores,160,strong,stable_team_sample,100.0,1.0,75.78125,54.6875,39.583333333333336,40.625,62.7734375,62.7734375,more_run_heavy_than_baseline,slower_than_baseline,less_shotgun_than_baseline,close_to_baseline_efficiency,0.5688,0.677,-0.10820000000000007,0.4313,0.323,0.10830000000000001,0.5688,0.677,-0.10820000000000007,0.7375,0.7976,-0.06009999999999993,0.0875,0.1909,-0.10339999999999999,-0.0564,-0.0509,-0.005499999999999998,0.4625,0.4324,0.030100000000000016,0.1188,0.1286,-0.00979999999999999,0.05,0.0349,0.015100000000000002,0.0438,0.0546,-0.010800000000000004,90.625,40.625,81.25,90.625,37.5,65.625,53.125,62.5,31.25,28.125,59.375,21.875,59.375
2025,BAL,19,tied_early_down,140,strong,stable_team_sample,100.0,1.0,78.125,59.375,46.875,62.5,68.28125,68.28125,more_run_heavy_than_baseline,slower_than_baseline,less_shotgun_than_baseline,more_efficient_than_baseline,0.3857,0.4983,-0.11260000000000003,0.6143,0.5017,0.11259999999999992,0.3857,0.4983,-0.11260000000000003,0.5214,0.6059,-0.08450000000000002,0.0071,0.0718,-0.06470000000000001,0.0335,0.0018,0.0317,0.5,0.4418,0.058199999999999974,0.1143,0.1285,-0.014200000000000004,0.0071,0.0219,-0.014799999999999999,0.0286,0.0267,0.001899999999999999,93.75,43.75,81.25,93.75,71.875,92.1875,54.6875,18.75,37.5,9.375,93.75,90.625,34.375
2025,BAL,20,leading_early_down,275,strong,stable_team_sample,100.0,1.0,67.1875,81.25,87.5,21.875,70.859375,70.859375,more_run_heavy_than_baseline,slower_than_baseline,close_to_baseline_shotgun_usage,more_efficient_than_baseline,0.3673,0.4468,-0.07949999999999996,0.6327,0.5532,0.07950000000000002,0.3673,0.4468,-0.07949999999999996,0.5709,0.5755,-0.0046000000000000485,0.0145,0.0709,-0.056400000000000006,0.1519,0.0115,0.1404,0.4291,0.4235,0.005599999999999994,0.1891,0.1332,0.05589999999999998,0.0291,0.0206,0.0085,0.0327,0.0228,0.009899999999999999,90.625,6.25,81.25,90.625,90.625,56.25,81.25,96.875,100.0,62.5,100.0,15.625,28.125
2025,BAL,21,trailing_early_down,313,strong,stable_team_sample,100.0,1.0,80.46875,32.8125,71.875,21.875,62.3828125,62.3828125,more_run_heavy_than_baseline,slower_than_baseline,less_shotgun_than_baseline,less_efficient_than_baseline,0.4888,0.5899,-0.10109999999999997,0.5112,0.4101,0.10109999999999997,0.4888,0.5899,-0.10109999999999997,0.6422,0.7068,-0.06459999999999999,0.0479,0.15,-0.1021,-0.0588,-0.0058,-0.053,0.4377,0.438,-0.00030000000000002247,0.1502,0.1307,0.01949999999999999,0.0447,0.0281,0.016599999999999997,0.0383,0.0355,0.002800000000000004,96.875,43.75,84.375,96.875,21.875,40.625,34.375,34.375,78.125,56.25,81.25,6.25,37.5
2025,BUF,1,all_offense,1056,strong,stable_team_sample,100.0,1.0,82.03125,94.53125,91.66666666666667,50.0,84.296875,84.296875,more_run_heavy_than_baseline,slower_than_baseline,less_shotgun_than_baseline,more_efficient_than_baseline,0.5057,0.5737,-0.06799999999999995,0.4943,0.4263,0.068,0.5057,0.5737,-0.06799999999999995,0.5019,0.6967,-0.19479999999999997,0.0616,0.1039,-0.042300000000000004,0.141,-0.0054,0.14639999999999997,0.4877,0.4345,0.053200000000000025,0.1591,0.1328,0.02629999999999999,0.0256,0.0274,-0.0017999999999999995,0.0379,0.0401,-0.0021999999999999936,90.625,93.75,53.125,90.625,93.75,96.875,90.625,96.875,96.875,81.25,96.875,50.0,50.0
2025,BUF,2,early_down,819,strong,stable_team_sample,100.0,1.0,80.46875,89.84375,84.89583333333333,56.25,82.03125,82.03125,more_run_heavy_than_baseline,slower_than_baseline,less_shotgun_than_baseline,more_efficient_than_baseline,0.4567,0.5246,-0.06789999999999996,0.5433,0.4754,0.06790000000000002,0.4567,0.5246,-0.06789999999999996,0.4298,0.6436,-0.21379999999999993,0.0635,0.1086,-0.0451,0.1196,0.0014,0.1182,0.486,0.4339,0.05209999999999998,0.1551,0.1311,0.023999999999999994,0.022,0.0244,-0.002400000000000003,0.0256,0.0296,-0.004,87.5,87.5,59.375,87.5,93.75,96.875,87.5,81.25,84.375,81.25,89.0625,53.125,59.375
2025,BUF,3,third_down,205,strong,stable_team_sample,100.0,1.0,78.125,94.53125,82.29166666666667,34.375,79.5703125,79.5703125,more_run_heavy_than_baseline,slower_than_baseline,less_shotgun_than_baseline,more_efficient_than_baseline,0.6732,0.7494,-0.07619999999999993,0.3268,0.2506,0.07619999999999999,0.6732,0.7494,-0.07619999999999993,0.7756,0.8953,-0.11970000000000003,0.0585,0.0875,-0.02899999999999999,0.1412,-0.0507,0.1919,0.478,0.4242,0.05379999999999996,0.1707,0.1404,0.030299999999999994,0.0341,0.0359,-0.001800000000000003,0.0927,0.0778,0.01490000000000001,93.75,100.0,25.0,93.75,93.75,93.75,93.75,96.875,90.625,56.25,100.0,46.875,21.875
2025,BUF,4,fourth_down,32,thin,small_team_sample,55.0,0.75,50.390625,75.78125,69.79166666666667,63.28125,61.16796875,45.8759765625,more_dropback_heavy_than_baseline,slower_than_baseline,less_shotgun_than_baseline,more_efficient_than_baseline,0.6875,0.6225,0.06499999999999995,0.3125,0.3775,-0.065,0.6875,0.6225,0.06499999999999995,0.5938,0.675,-0.08120000000000005,0.0313,0.0943,-0.063,0.6879,0.1649,0.5229999999999999,0.5938,0.5443,0.04949999999999999,0.1875,0.1209,0.0666,0.0625,0.0492,0.0133,0.0,0.0504,-0.0504,43.75,48.4375,65.625,43.75,81.25,71.875,65.625,84.375,87.5,93.75,28.125,40.625,85.9375
2025,BUF,5,short_yardage,128,strong,stable_team_sample,100.0,1.0,46.875,64.0625,60.416666666666664,39.0625,55.078125,55.078125,close_to_baseline_run_pass_split,faster_than_baseline,less_shotgun_than_baseline,close_to_baseline_efficiency,0.3047,0.3476,-0.042899999999999994,0.6953,0.6524,0.04290000000000005,0.3047,0.3476,-0.042899999999999994,0.3281,0.5322,-0.2041,0.1875,0.1642,0.023299999999999987,0.0694,0.0647,0.00470000000000001,0.625,0.5961,0.028900000000000037,0.0938,0.0906,0.0031999999999999945,0.0391,0.0214,0.017700000000000004,0.0156,0.0229,-0.007300000000000001,35.9375,87.5,28.125,35.9375,46.875,59.375,59.375,90.625,59.375,46.875,75.0,18.75,59.375
2025,BUF,6,red_zone,190,strong,stable_team_sample,100.0,1.0,77.34375,91.40625,43.229166666666664,61.71875,75.3125,75.3125,more_run_heavy_than_baseline,faster_than_baseline,less_shotgun_than_baseline,more_efficient_than_baseline,0.4158,0.5029,-0.08710000000000001,0.5842,0.4971,0.08710000000000007,0.4158,0.5029,-0.08710000000000001,0.4105,0.6589,-0.24840000000000007,0.1474,0.0945,0.0529,0.1319,-0.0022,0.1341,0.4947,0.4224,0.07229999999999998,0.0421,0.0512,-0.009100000000000004,0.0263,0.0258,0.0005000000000000004,0.0263,0.0328,-0.006500000000000002,78.125,93.75,59.375,78.125,87.5,96.875,90.625,90.625,34.375,89.0625,6.25,59.375,64.0625
2025,BUF,7,goal_to_go,76,good,usable_team_sample,80.0,0.9,93.75,82.8125,39.0625,50.78125,77.828125,70.04531250000001,more_run_heavy_than_baseline,faster_than_baseline,less_shotgun_than_baseline,more_efficient_than_baseline,0.3289,0.4757,-0.14679999999999999,0.6711,0.5243,0.14680000000000004,0.3289,0.4757,-0.14679999999999999,0.2763,0.611,-0.3347,0.2237,0.0861,0.1376,0.195,0.0097,0.18530000000000002,0.5395,0.438,0.10149999999999998,0.0,0.0074,-0.0074,0.0263,0.0243,0.0020000000000000018,0.0132,0.0306,-0.0174,90.625,96.875,96.875,90.625,81.25,90.625,84.375,75.0,32.8125,43.75,40.625,34.375,67.1875
2025,BUF,8,two_minute_half,91,good,usable_team_sample,80.0,0.9,89.0625,74.21875,57.8125,25.0,73.8046875,66.42421875000001,more_run_heavy_than_baseline,slower_than_baseline,less_shotgun_than_baseline,more_efficient_than_baseline,0.5934,0.7349,-0.14149999999999996,0.4066,0.2651,0.14150000000000001,0.5934,0.7349,-0.14149999999999996,0.6374,0.8778,-0.24040000000000006,0.1099,0.1634,-0.05349999999999999,0.1271,0.0083,0.11879999999999999,0.4615,0.4231,0.038400000000000045,0.1429,0.1271,0.01580000000000001,0.044,0.0356,0.008399999999999998,0.0659,0.0516,0.0143,100.0,100.0,56.25,100.0,78.125,68.75,62.5,87.5,73.4375,75.0,25.0,21.875,28.125
2025,BUF,9,two_minute_game,51,good,usable_team_sample,80.0,0.9,64.0625,67.96875,56.25,37.5,62.0078125,55.80703125,more_run_heavy_than_baseline,close_to_baseline_tempo,less_shotgun_than_baseline,more_efficient_than_baseline,0.549,0.6818,-0.13279999999999992,0.451,0.3182,0.13280000000000003,0.549,0.6818,-0.13279999999999992,0.6275,0.8173,-0.18980000000000008,0.1569,0.1726,-0.015699999999999992,0.0811,-0.06,0.1411,0.451,0.3942,0.05680000000000002,0.1373,0.1268,0.01050000000000001,0.0392,0.0394,-0.0001999999999999988,0.0588,0.0504,0.008399999999999998,71.875,90.625,21.875,71.875,78.125,75.0,71.875,46.875,59.375,50.0,59.375,37.5,37.5
2025,BUF,10,one_score,649,strong,stable_team_sample,100.0,1.0,76.5625,89.0625,94.79166666666667,28.125,78.75,78.75,more_run_heavy_than_baseline,slower_than_baseline,less_shotgun_than_baseline,more_efficient_than_baseline,0.5085,0.565,-0.056499999999999995,0.4915,0.435,0.056499999999999995,0.5085,0.565,-0.056499999999999995,0.5131,0.6859,-0.17279999999999995,0.0493,0.0863,-0.037000000000000005,0.1118,0.0035,0.1083,0.4823,0.4369,0.045399999999999996,0.168,0.1332,0.0348,0.0308,0.0265,0.004300000000000002,0.0431,0.0381,0.0049999999999999975,84.375,84.375,53.125,84.375,87.5,87.5,87.5,93.75,100.0,90.625,93.75,18.75,37.5
2025,BUF,11,neutral_early_down,399,strong,stable_team_sample,100.0,1.0,77.34375,68.75,90.625,48.4375,75.4296875,75.4296875,more_run_heavy_than_baseline,slower_than_baseline,less_shotgun_than_baseline,more_efficient_than_baseline,0.4712,0.5215,-0.050299999999999956,0.5288,0.4785,0.05030000000000007,0.4712,0.5215,-0.050299999999999956,0.4286,0.6282,-0.1996,0.01,0.0855,-0.07550000000000001,0.091,0.013,0.078,0.4637,0.4391,0.02460000000000001,0.183,0.1443,0.038699999999999984,0.0276,0.0226,0.005000000000000001,0.0226,0.0278,-0.0052,71.875,84.375,81.25,71.875,78.125,78.125,56.25,62.5,93.75,84.375,93.75,25.0,71.875
2025,BUF,12,tied,174,strong,stable_team_sample,100.0,1.0,78.125,95.3125,88.54166666666667,26.5625,79.921875,79.921875,more_run_heavy_than_baseline,slower_than_baseline,less_shotgun_than_baseline,more_efficient_than_baseline,0.454,0.5522,-0.09820000000000001,0.546,0.4478,0.09820000000000007,0.454,0.5522,-0.09820000000000001,0.4943,0.6675,-0.17319999999999997,0.0345,0.0716,-0.037099999999999994,0.1096,-0.0028,0.1124,0.5115,0.4433,0.06819999999999993,0.1839,0.1307,0.0532,0.0517,0.0252,0.026500000000000003,0.0345,0.0369,-0.0023999999999999994,87.5,90.625,46.875,87.5,90.625,93.75,100.0,96.875,100.0,68.75,96.875,6.25,46.875
2025,BUF,13,leading,384,strong,stable_team_sample,100.0,1.0,76.5625,84.375,71.875,73.4375,78.671875,78.671875,more_run_heavy_than_baseline,slower_than_baseline,less_shotgun_than_baseline,more_efficient_than_baseline,0.4375,0.504,-0.0665,0.5625,0.496,0.0665,0.4375,0.504,-0.0665,0.388,0.6358,-0.24780000000000002,0.0443,0.0687,-0.024399999999999998,0.1451,0.0162,0.12890000000000001,0.4766,0.4269,0.04970000000000002,0.151,0.1357,0.015300000000000008,0.0052,0.0228,-0.0176,0.0313,0.0318,-0.0005000000000000004,90.625,93.75,31.25,90.625,90.625,87.5,78.125,81.25,75.0,56.25,84.375,93.75,53.125
2025,BUF,14,trailing,498,strong,stable_team_sample,100.0,1.0,74.21875,83.59375,81.25,45.3125,76.015625,76.015625,more_run_heavy_than_baseline,slower_than_baseline,less_shotgun_than_baseline,more_efficient_than_baseline,0.5763,0.6309,-0.05459999999999998,0.4237,0.3691,0.05460000000000004,0.5763,0.6309,-0.05459999999999998,0.5924,0.7508,-0.15839999999999999,0.0843,0.1414,-0.0571,0.1488,-0.0215,0.17029999999999998,0.488,0.4364,0.05159999999999998,0.1566,0.1316,0.024999999999999994,0.0321,0.0315,0.0005999999999999964,0.0442,0.0472,-0.0029999999999999957,78.125,87.5,53.125,78.125,87.5,84.375,71.875,90.625,87.5,87.5,68.75,37.5,53.125
2025,BUF,15,leading_one_score,211,strong,stable_team_sample,100.0,1.0,64.0625,70.3125,83.33333333333333,64.0625,70.3125,70.3125,more_run_heavy_than_baseline,slower_than_baseline,less_shotgun_than_baseline,more_efficient_than_baseline,0.4739,0.5341,-0.06020000000000003,0.5261,0.4659,0.06020000000000003,0.4739,0.5341,-0.06020000000000003,0.4455,0.6624,-0.21689999999999998,0.0521,0.075,-0.022899999999999997,0.0874,0.0136,0.0738,0.4645,0.4278,0.03670000000000001,0.1659,0.1347,0.031200000000000006,0.0047,0.0244,-0.019700000000000002,0.0427,0.0343,0.008400000000000005,75.0,90.625,15.625,75.0,62.5,75.0,68.75,75.0,90.625,75.0,84.375,90.625,37.5
2025,BUF,16,leading_two_plus_scores,173,strong,stable_team_sample,100.0,1.0,66.93548387096774,91.93548387096774,52.68817204301075,82.25806451612902,74.23387096774194,74.23387096774194,more_run_heavy_than_baseline,slower_than_baseline,less_shotgun_than_baseline,more_efficient_than_baseline,0.3931,0.4563,-0.06319999999999998,0.6069,0.5437,0.06320000000000003,0.3931,0.4563,-0.06319999999999998,0.3179,0.5937,-0.2758,0.0347,0.0586,-0.023899999999999998,0.2154,0.0204,0.195,0.4913,0.4256,0.06570000000000004,0.1329,0.1375,-0.004600000000000021,0.0058,0.0203,-0.014499999999999999,0.0173,0.0278,-0.010499999999999999,70.96774193548387,96.7741935483871,29.03225806451613,70.96774193548387,96.7741935483871,93.54838709677419,93.54838709677419,83.87096774193549,51.61290322580645,38.70967741935484,67.74193548387096,87.09677419354838,77.41935483870968
2025,BUF,17,trailing_one_score,264,strong,stable_team_sample,100.0,1.0,53.90625,72.65625,65.625,28.125,60.078125,60.078125,close_to_baseline_run_pass_split,slower_than_baseline,less_shotgun_than_baseline,more_efficient_than_baseline,0.572,0.5968,-0.024800000000000044,0.428,0.4032,0.02479999999999999,0.572,0.5968,-0.024800000000000044,0.5795,0.7163,-0.13680000000000003,0.0568,0.1048,-0.048,0.1327,0.0002,0.1325,0.4773,0.4393,0.03799999999999998,0.1591,0.1338,0.02529999999999999,0.0379,0.029,0.008900000000000002,0.0492,0.0417,0.0075,43.75,75.0,53.125,43.75,75.0,71.875,62.5,81.25,81.25,93.75,21.875,18.75,37.5
2025,BUF,18,trailing_two_plus_scores,234,strong,stable_team_sample,100.0,1.0,81.25,86.71875,77.08333333333333,71.09375,81.9140625,81.9140625,more_run_heavy_than_baseline,slower_than_baseline,less_shotgun_than_baseline,more_efficient_than_baseline,0.5812,0.677,-0.0958,0.4188,0.323,0.0958,0.5812,0.677,-0.0958,0.6068,0.7976,-0.19079999999999997,0.1154,0.1909,-0.07549999999999998,0.1669,-0.0509,0.2178,0.5,0.4324,0.0676,0.1538,0.1286,0.0252,0.0256,0.0349,-0.0093,0.0385,0.0546,-0.016100000000000003,84.375,96.875,59.375,84.375,90.625,84.375,78.125,93.75,76.5625,62.5,92.1875,73.4375,68.75
2025,BUF,19,tied_early_down,141,strong,stable_team_sample,100.0,1.0,73.4375,82.03125,95.83333333333333,43.75,77.3046875,77.3046875,more_run_heavy_than_baseline,slower_than_baseline,less_shotgun_than_baseline,close_to_baseline_efficiency,0.4184,0.4983,-0.07990000000000003,0.5816,0.5017,0.07989999999999997,0.4184,0.4983,-0.07990000000000003,0.4255,0.6059,-0.1804,0.0355,0.0718,-0.036300000000000006,0.0248,0.0018,0.023,0.4894,0.4418,0.047599999999999976,0.1915,0.1285,0.063,0.0567,0.0219,0.0348,0.0142,0.0267,-0.0125,81.25,78.125,53.125,81.25,59.375,81.25,90.625,96.875,100.0,90.625,96.875,6.25,81.25
2025,BUF,20,leading_early_down,293,strong,stable_team_sample,100.0,1.0,73.4375,83.59375,79.16666666666667,71.875,78.0078125,78.0078125,more_run_heavy_than_baseline,slower_than_baseline,less_shotgun_than_baseline,more_efficient_than_baseline,0.3754,0.4468,-0.07139999999999996,0.6246,0.5532,0.07140000000000002,0.3754,0.4468,-0.07139999999999996,0.3072,0.5755,-0.26830000000000004,0.0375,0.0709,-0.033400000000000006,0.1755,0.0115,0.16399999999999998,0.4846,0.4235,0.06109999999999999,0.1604,0.1332,0.027199999999999974,0.0034,0.0206,-0.0172,0.0205,0.0228,-0.0023,81.25,90.625,40.625,81.25,96.875,93.75,87.5,56.25,81.25,71.875,84.375,90.625,53.125
2025,BUF,21,trailing_early_down,385,strong,stable_team_sample,100.0,1.0,75.78125,75.0,55.208333333333336,51.5625,71.2890625,71.2890625,more_run_heavy_than_baseline,slower_than_baseline,less_shotgun_than_baseline,more_efficient_than_baseline,0.5325,0.5899,-0.05740000000000001,0.4675,0.4101,0.05740000000000001,0.5325,0.5899,-0.05740000000000001,0.5247,0.7068,-0.18209999999999993,0.0935,0.15,-0.056499999999999995,0.1117,-0.0058,0.1175,0.4857,0.438,0.04770000000000002,0.1377,0.1307,0.0069999999999999785,0.0234,0.0281,-0.004699999999999999,0.0338,0.0355,-0.0017000000000000001,81.25,87.5,53.125,81.25,87.5,78.125,65.625,68.75,56.25,59.375,50.0,53.125,50.0
2025,CAR,1,all_offense,991,strong,stable_team_sample,100.0,1.0,35.9375,30.46875,34.895833333333336,42.96875,38.3203125,38.3203125,close_to_baseline_run_pass_split,slower_than_baseline,close_to_baseline_shotgun_usage,less_efficient_than_baseline,0.553,0.5737,-0.02069999999999994,0.447,0.4263,0.020699999999999996,0.553,0.5737,-0.02069999999999994,0.672,0.6967,-0.024699999999999944,0.0626,0.1039,-0.0413,-0.0367,-0.0054,-0.0313,0.4319,0.4345,-0.002599999999999991,0.1221,0.1328,-0.010700000000000001,0.0283,0.0274,0.000899999999999998,0.0353,0.0401,-0.004799999999999999,40.625,15.625,46.875,40.625,21.875,43.75,34.375,21.875,28.125,31.25,45.3125,25.0,60.9375
2025,CAR,2,early_down,749,strong,stable_team_sample,100.0,1.0,39.84375,30.46875,27.083333333333332,42.1875,38.828125,38.828125,close_to_baseline_run_pass_split,slower_than_baseline,close_to_baseline_shotgun_usage,less_efficient_than_baseline,0.502,0.5246,-0.022599999999999953,0.498,0.4754,0.02260000000000001,0.502,0.5246,-0.022599999999999953,0.6075,0.6436,-0.03609999999999991,0.0748,0.1086,-0.0338,-0.0413,0.0014,-0.0427,0.4352,0.4339,0.0012999999999999678,0.1148,0.1311,-0.016299999999999995,0.0267,0.0244,0.0023,0.0254,0.0296,-0.004200000000000002,50.0,18.75,40.625,50.0,28.125,37.5,31.25,25.0,21.875,28.125,31.25,21.875,62.5
2025,CAR,3,third_down,203,strong,stable_team_sample,100.0,1.0,45.3125,21.875,36.458333333333336,42.1875,40.546875,40.546875,close_to_baseline_run_pass_split,slower_than_baseline,close_to_baseline_shotgun_usage,less_efficient_than_baseline,0.7241,0.7494,-0.02529999999999999,0.2759,0.2506,0.02529999999999999,0.7241,0.7494,-0.02529999999999999,0.9113,0.8953,0.016000000000000014,0.0246,0.0875,-0.0629,-0.2716,-0.0507,-0.2209,0.3695,0.4242,-0.054700000000000026,0.1182,0.1404,-0.022199999999999998,0.0394,0.0359,0.003499999999999996,0.064,0.0778,-0.013799999999999993,40.625,34.375,65.625,40.625,18.75,18.75,25.0,25.0,25.0,9.375,75.0,25.0,59.375
2025,CAR,4,fourth_down,39,thin,small_team_sample,55.0,0.75,25.0,86.71875,96.35416666666667,60.15625,56.1484375,42.111328125,close_to_baseline_run_pass_split,slower_than_baseline,close_to_baseline_shotgun_usage,more_efficient_than_baseline,0.641,0.6225,0.01849999999999996,0.359,0.3775,-0.018500000000000016,0.641,0.6225,0.01849999999999996,0.6667,0.675,-0.008300000000000085,0.0256,0.0943,-0.0687,1.2734,0.1649,1.1085,0.6923,0.5443,0.14800000000000002,0.2821,0.1209,0.1612,0.0,0.0492,-0.0492,0.0769,0.0504,0.026499999999999996,12.5,4.6875,70.3125,12.5,96.875,87.5,90.625,71.875,100.0,100.0,89.0625,92.1875,28.125
2025,CAR,5,short_yardage,90,good,usable_team_sample,80.0,0.9,38.28125,38.28125,60.416666666666664,29.6875,42.828125,38.5453125,more_dropback_heavy_than_baseline,slower_than_baseline,close_to_baseline_shotgun_usage,less_efficient_than_baseline,0.4,0.3476,0.0524,0.6,0.6524,-0.0524,0.4,0.3476,0.0524,0.5111,0.5322,-0.021100000000000008,0.1111,0.1642,-0.05310000000000001,0.0095,0.0647,-0.05519999999999999,0.5444,0.5961,-0.05169999999999997,0.1,0.0906,0.009400000000000006,0.0222,0.0214,0.0008000000000000021,0.0556,0.0229,0.03269999999999999,50.0,12.5,40.625,50.0,40.625,18.75,46.875,46.875,71.875,87.5,21.875,54.6875,4.6875
2025,CAR,6,red_zone,144,strong,stable_team_sample,100.0,1.0,40.625,40.625,15.625,29.6875,38.75,38.75,close_to_baseline_run_pass_split,slower_than_baseline,close_to_baseline_shotgun_usage,less_efficient_than_baseline,0.5417,0.5029,0.038799999999999946,0.4583,0.4971,-0.0388,0.5417,0.5029,0.038799999999999946,0.6111,0.6589,-0.047800000000000065,0.0417,0.0945,-0.0528,-0.0732,-0.0022,-0.07100000000000001,0.4236,0.4224,0.0011999999999999789,0.0208,0.0512,-0.030400000000000003,0.0347,0.0258,0.008900000000000002,0.0347,0.0328,0.001899999999999999,37.5,31.25,56.25,37.5,34.375,53.125,50.0,25.0,9.375,12.5,25.0,15.625,43.75
2025,CAR,7,goal_to_go,46,thin,small_team_sample,55.0,0.75,53.90625,78.125,39.0625,37.5,56.1484375,42.111328125,more_dropback_heavy_than_baseline,slower_than_baseline,less_shotgun_than_baseline,more_efficient_than_baseline,0.5652,0.4757,0.08950000000000002,0.4348,0.5243,-0.08949999999999997,0.5652,0.4757,0.08950000000000002,0.5435,0.611,-0.0675,0.0435,0.0861,-0.0426,0.177,0.0097,0.1673,0.4783,0.438,0.0403,0.0,0.0074,-0.0074,0.0217,0.0243,-0.002599999999999998,0.0435,0.0306,0.012899999999999998,62.5,40.625,50.0,62.5,75.0,71.875,81.25,84.375,32.8125,43.75,40.625,43.75,31.25
2025,CAR,8,two_minute_half,123,strong,stable_team_sample,100.0,1.0,51.953125,40.234375,57.291666666666664,31.25,50.15625,50.15625,more_run_heavy_than_baseline,close_to_baseline_tempo,less_shotgun_than_baseline,close_to_baseline_efficiency,0.6748,0.7349,-0.06010000000000004,0.3252,0.2651,0.06009999999999999,0.6748,0.7349,-0.06010000000000004,0.8211,0.8778,-0.05669999999999997,0.1545,0.1634,-0.008899999999999991,-0.0201,0.0083,-0.0284,0.4146,0.4231,-0.008499999999999952,0.1301,0.1271,0.0030000000000000027,0.0569,0.0356,0.0213,0.0407,0.0516,-0.0109,65.625,53.125,23.4375,65.625,37.5,37.5,53.125,32.8125,56.25,34.375,81.25,3.125,59.375
2025,CAR,9,two_minute_game,46,thin,small_team_sample,55.0,0.75,29.6875,66.015625,35.9375,37.5,41.75390625,31.3154296875,more_run_heavy_than_baseline,slower_than_baseline,less_shotgun_than_baseline,more_efficient_than_baseline,0.6304,0.6818,-0.0514,0.3696,0.3182,0.0514,0.6304,0.6818,-0.0514,0.7391,0.8173,-0.07820000000000005,0.1304,0.1726,-0.042200000000000015,0.0284,-0.06,0.0884,0.3696,0.3942,-0.02460000000000001,0.1087,0.1268,-0.01809999999999999,0.0652,0.0394,0.025799999999999997,0.0435,0.0504,-0.006900000000000003,18.75,34.375,46.875,18.75,65.625,34.375,82.8125,81.25,25.0,12.5,70.3125,17.1875,57.8125
2025,CAR,10,one_score,677,strong,stable_team_sample,100.0,1.0,64.0625,23.4375,42.708333333333336,52.34375,51.328125,51.328125,close_to_baseline_run_pass_split,slower_than_baseline,less_shotgun_than_baseline,less_efficient_than_baseline,0.5199,0.565,-0.04509999999999992,0.4801,0.435,0.04510000000000003,0.5199,0.565,-0.04509999999999992,0.6322,0.6859,-0.05369999999999997,0.0295,0.0863,-0.0568,-0.0505,0.0035,-0.054000000000000006,0.418,0.4369,-0.018900000000000028,0.1256,0.1332,-0.007600000000000023,0.0281,0.0265,0.0016000000000000007,0.031,0.0381,-0.007100000000000002,75.0,34.375,71.875,75.0,21.875,21.875,28.125,21.875,37.5,18.75,71.875,32.8125,71.875
2025,CAR,11,neutral_early_down,423,strong,stable_team_sample,100.0,1.0,61.71875,22.65625,36.979166666666664,65.625,50.546875,50.546875,more_run_heavy_than_baseline,slower_than_baseline,less_shotgun_than_baseline,less_efficient_than_baseline,0.4657,0.5215,-0.05579999999999996,0.5343,0.4785,0.055800000000000016,0.4657,0.5215,-0.05579999999999996,0.5697,0.6282,-0.058499999999999996,0.0331,0.0855,-0.05240000000000001,-0.0429,0.013,-0.0559,0.4303,0.4391,-0.008799999999999975,0.1253,0.1443,-0.019000000000000017,0.0213,0.0226,-0.001299999999999999,0.0189,0.0278,-0.008899999999999998,78.125,25.0,65.625,78.125,25.0,31.25,21.875,12.5,35.9375,25.0,50.0,40.625,90.625
2025,CAR,12,tied,209,strong,stable_team_sample,100.0,1.0,48.4375,49.21875,66.66666666666667,42.1875,53.3203125,53.3203125,close_to_baseline_run_pass_split,slower_than_baseline,less_shotgun_than_baseline,close_to_baseline_efficiency,0.5263,0.5522,-0.025900000000000034,0.4737,0.4478,0.025900000000000034,0.5263,0.5522,-0.025900000000000034,0.6172,0.6675,-0.05030000000000001,0.0191,0.0716,-0.0525,-0.0192,-0.0028,-0.016399999999999998,0.4545,0.4433,0.011199999999999988,0.134,0.1307,0.0032999999999999974,0.0335,0.0252,0.008300000000000002,0.0335,0.0369,-0.0034000000000000002,46.875,34.375,65.625,46.875,37.5,59.375,59.375,40.625,71.875,46.875,81.25,31.25,53.125
2025,CAR,13,leading,169,strong,stable_team_sample,100.0,1.0,84.375,14.0625,11.458333333333334,67.96875,55.0,55.0,more_run_heavy_than_baseline,slower_than_baseline,less_shotgun_than_baseline,less_efficient_than_baseline,0.4024,0.504,-0.10160000000000002,0.5976,0.496,0.10160000000000002,0.4024,0.504,-0.10160000000000002,0.5207,0.6358,-0.11509999999999998,0.0178,0.0687,-0.0509,-0.1268,0.0162,-0.143,0.3787,0.4269,-0.04820000000000002,0.0888,0.1357,-0.04689999999999998,0.0,0.0228,-0.0228,0.0355,0.0318,0.003699999999999995,96.875,68.75,75.0,96.875,12.5,18.75,18.75,6.25,3.125,6.25,25.0,98.4375,37.5
2025,CAR,14,trailing,613,strong,stable_team_sample,100.0,1.0,42.1875,40.625,38.541666666666664,46.875,44.609375,44.609375,close_to_baseline_run_pass_split,slower_than_baseline,close_to_baseline_shotgun_usage,close_to_baseline_efficiency,0.6036,0.6309,-0.02729999999999999,0.3964,0.3691,0.02729999999999999,0.6036,0.6309,-0.02729999999999999,0.7325,0.7508,-0.018299999999999983,0.0897,0.1414,-0.051699999999999996,-0.0178,-0.0215,0.0036999999999999984,0.4388,0.4364,0.0024000000000000132,0.1272,0.1316,-0.004399999999999987,0.0343,0.0315,0.002799999999999997,0.0359,0.0472,-0.011299999999999998,53.125,18.75,43.75,53.125,43.75,46.875,40.625,31.25,37.5,31.25,46.875,31.25,62.5
2025,CAR,15,leading_one_score,121,strong,stable_team_sample,100.0,1.0,83.59375,17.96875,26.041666666666668,89.0625,59.921875,59.921875,more_run_heavy_than_baseline,slower_than_baseline,less_shotgun_than_baseline,less_efficient_than_baseline,0.405,0.5341,-0.1291,0.595,0.4659,0.1291,0.405,0.5341,-0.1291,0.5372,0.6624,-0.12519999999999998,0.0248,0.075,-0.050199999999999995,-0.1148,0.0136,-0.1284,0.3884,0.4278,-0.03939999999999999,0.1074,0.1347,-0.02729999999999999,0.0,0.0244,-0.0244,0.0248,0.0343,-0.009499999999999998,96.875,75.0,65.625,96.875,12.5,28.125,25.0,6.25,12.5,6.25,59.375,98.4375,79.6875
2025,CAR,16,leading_two_plus_scores,48,thin,small_team_sample,55.0,0.75,70.16129032258064,10.483870967741936,4.301075268817204,54.03225806451613,42.99193548387097,32.243951612903224,more_run_heavy_than_baseline,slower_than_baseline,less_shotgun_than_baseline,less_efficient_than_baseline,0.3958,0.4563,-0.0605,0.6042,0.5437,0.0605,0.3958,0.4563,-0.0605,0.4792,0.5937,-0.11449999999999999,0.0,0.0586,-0.0586,-0.1573,0.0204,-0.1777,0.3542,0.4256,-0.07139999999999996,0.0417,0.1375,-0.09580000000000001,0.0,0.0203,-0.0203,0.0625,0.0278,0.0347,67.74193548387096,61.29032258064516,83.87096774193549,67.74193548387096,16.129032258064516,9.67741935483871,6.451612903225806,9.67741935483871,3.225806451612903,3.225806451612903,6.451612903225806,98.38709677419355,9.67741935483871
2025,CAR,17,trailing_one_score,347,strong,stable_team_sample,100.0,1.0,62.5,27.34375,43.229166666666664,46.875,51.1328125,51.1328125,close_to_baseline_run_pass_split,slower_than_baseline,close_to_baseline_shotgun_usage,less_efficient_than_baseline,0.5562,0.5968,-0.04059999999999997,0.4438,0.4032,0.04059999999999997,0.5562,0.5968,-0.04059999999999997,0.6744,0.7163,-0.04190000000000005,0.0375,0.1048,-0.0673,-0.047,0.0002,-0.0472,0.4063,0.4393,-0.03300000000000003,0.1268,0.1338,-0.007000000000000006,0.0346,0.029,0.005599999999999997,0.0317,0.0417,-0.010000000000000002,68.75,40.625,71.875,68.75,34.375,15.625,21.875,37.5,34.375,26.5625,68.75,25.0,68.75
2025,CAR,18,trailing_two_plus_scores,266,strong,stable_team_sample,100.0,1.0,18.75,68.75,47.916666666666664,53.125,43.125,43.125,close_to_baseline_run_pass_split,slower_than_baseline,close_to_baseline_shotgun_usage,more_efficient_than_baseline,0.6654,0.677,-0.011600000000000055,0.3346,0.323,0.0116,0.6654,0.677,-0.011600000000000055,0.8083,0.7976,0.010700000000000043,0.1579,0.1909,-0.032999999999999974,0.0202,-0.0509,0.0711,0.4812,0.4324,0.04880000000000001,0.1278,0.1286,-0.0007999999999999952,0.0338,0.0349,-0.0011000000000000038,0.0414,0.0546,-0.013200000000000003,18.75,12.5,25.0,18.75,56.25,81.25,71.875,65.625,46.875,59.375,37.5,43.75,62.5
2025,CAR,19,tied_early_down,160,strong,stable_team_sample,100.0,1.0,32.8125,52.34375,56.770833333333336,35.9375,44.9609375,44.9609375,close_to_baseline_run_pass_split,slower_than_baseline,less_shotgun_than_baseline,less_efficient_than_baseline,0.5063,0.4983,0.007999999999999952,0.4938,0.5017,-0.007900000000000018,0.5063,0.4983,0.007999999999999952,0.5438,0.6059,-0.062100000000000044,0.025,0.0718,-0.0468,-0.0309,0.0018,-0.0327,0.4563,0.4418,0.014499999999999957,0.125,0.1285,-0.003500000000000003,0.0313,0.0219,0.009400000000000002,0.025,0.0267,-0.0017000000000000001,15.625,31.25,68.75,15.625,34.375,59.375,59.375,56.25,56.25,37.5,76.5625,25.0,46.875
2025,CAR,20,leading_early_down,124,strong,stable_team_sample,100.0,1.0,86.71875,16.40625,6.25,89.84375,58.046875,58.046875,more_run_heavy_than_baseline,slower_than_baseline,less_shotgun_than_baseline,less_efficient_than_baseline,0.3145,0.4468,-0.13229999999999997,0.6855,0.5532,0.13229999999999997,0.3145,0.4468,-0.13229999999999997,0.4194,0.5755,-0.15610000000000002,0.0161,0.0709,-0.0548,-0.1094,0.0115,-0.1209,0.3871,0.4235,-0.03639999999999999,0.0726,0.1332,-0.060600000000000015,0.0,0.0206,-0.0206,0.0161,0.0228,-0.006700000000000001,100.0,71.875,75.0,100.0,15.625,25.0,18.75,6.25,3.125,12.5,3.125,98.4375,81.25
2025,CAR,21,trailing_early_down,465,strong,stable_team_sample,100.0,1.0,47.65625,39.0625,35.416666666666664,43.75,45.8984375,45.8984375,close_to_baseline_run_pass_split,slower_than_baseline,close_to_baseline_shotgun_usage,close_to_baseline_efficiency,0.5505,0.5899,-0.03939999999999999,0.4495,0.4101,0.03939999999999999,0.5505,0.5899,-0.03939999999999999,0.6796,0.7068,-0.027200000000000002,0.1075,0.15,-0.042499999999999996,-0.0267,-0.0058,-0.020900000000000002,0.4409,0.438,0.0029000000000000137,0.1226,0.1307,-0.00810000000000001,0.0323,0.0281,0.004200000000000002,0.028,0.0355,-0.007499999999999996,65.625,21.875,37.5,65.625,31.25,43.75,43.75,37.5,34.375,31.25,40.625,25.0,62.5
2025,CHI,1,all_offense,1090,strong,stable_team_sample,100.0,1.0,66.40625,71.09375,81.25,89.0625,73.75,73.75,close_to_baseline_run_pass_split,slower_than_baseline,less_shotgun_than_baseline,more_efficient_than_baseline,0.5468,0.5737,-0.026900000000000035,0.4532,0.4263,0.02689999999999998,0.5468,0.5737,-0.026900000000000035,0.5211,0.6967,-0.17559999999999998,0.0495,0.1039,-0.054400000000000004,0.0796,-0.0054,0.085,0.4578,0.4345,0.023299999999999987,0.1514,0.1328,0.018600000000000005,0.0183,0.0274,-0.0091,0.022,0.0401,-0.018099999999999998,59.375,84.375,62.5,59.375,78.125,75.0,71.875,59.375,84.375,68.75,90.625,84.375,93.75
2025,CHI,2,early_down,833,strong,stable_team_sample,100.0,1.0,57.03125,65.625,91.66666666666667,89.0625,69.7265625,69.7265625,close_to_baseline_run_pass_split,slower_than_baseline,less_shotgun_than_baseline,more_efficient_than_baseline,0.5054,0.5246,-0.019199999999999995,0.4946,0.4754,0.019199999999999995,0.5054,0.5246,-0.019199999999999995,0.4346,0.6436,-0.20899999999999996,0.0576,0.1086,-0.051000000000000004,0.0874,0.0014,0.08600000000000001,0.4562,0.4339,0.022299999999999986,0.1609,0.1311,0.029799999999999993,0.0156,0.0244,-0.008800000000000002,0.0144,0.0296,-0.015200000000000002,40.625,84.375,62.5,40.625,84.375,68.75,65.625,43.75,100.0,78.125,96.875,81.25,96.875
2025,CHI,3,third_down,228,strong,stable_team_sample,100.0,1.0,85.9375,80.46875,40.625,84.375,78.3203125,78.3203125,more_run_heavy_than_baseline,slower_than_baseline,less_shotgun_than_baseline,more_efficient_than_baseline,0.6754,0.7494,-0.07399999999999995,0.3246,0.2506,0.07400000000000001,0.6754,0.7494,-0.07399999999999995,0.8114,0.8953,-0.08389999999999997,0.0219,0.0875,-0.06559999999999999,0.0826,-0.0507,0.1333,0.4605,0.4242,0.0363,0.1272,0.1404,-0.01319999999999999,0.0219,0.0359,-0.014000000000000002,0.0482,0.0778,-0.029599999999999994,90.625,90.625,71.875,90.625,81.25,81.25,68.75,90.625,37.5,53.125,31.25,87.5,81.25
2025,CHI,4,fourth_down,29,thin,small_team_sample,55.0,0.75,54.296875,39.453125,34.895833333333336,46.875,46.96875,35.2265625,more_dropback_heavy_than_baseline,slower_than_baseline,close_to_baseline_shotgun_usage,less_efficient_than_baseline,0.7241,0.6225,0.10159999999999991,0.2759,0.3775,-0.10160000000000002,0.7241,0.6225,0.10159999999999991,0.7241,0.675,0.04909999999999992,0.0345,0.0943,-0.05979999999999999,-0.1679,0.1649,-0.3328,0.4828,0.5443,-0.0615,0.069,0.1209,-0.05189999999999999,0.069,0.0492,0.019800000000000005,0.0345,0.0504,-0.015899999999999997,65.625,29.6875,56.25,65.625,31.25,29.6875,37.5,59.375,29.6875,12.5,62.5,37.5,56.25
2025,CHI,5,short_yardage,100,strong,stable_team_sample,100.0,1.0,65.625,56.25,80.72916666666667,39.0625,64.609375,64.609375,more_dropback_heavy_than_baseline,slower_than_baseline,less_shotgun_than_baseline,close_to_baseline_efficiency,0.41,0.3476,0.062399999999999956,0.59,0.6524,-0.06240000000000001,0.41,0.3476,0.062399999999999956,0.37,0.5322,-0.1622,0.1,0.1642,-0.06420000000000001,0.0622,0.0647,-0.0024999999999999953,0.61,0.5961,0.013900000000000023,0.15,0.0906,0.059399999999999994,0.04,0.0214,0.018600000000000002,0.01,0.0229,-0.0129,65.625,75.0,56.25,65.625,43.75,50.0,43.75,87.5,96.875,100.0,45.3125,10.9375,67.1875
2025,CHI,6,red_zone,174,strong,stable_team_sample,100.0,1.0,57.8125,49.21875,44.791666666666664,46.875,54.7265625,54.7265625,more_run_heavy_than_baseline,slower_than_baseline,less_shotgun_than_baseline,more_efficient_than_baseline,0.4483,0.5029,-0.05460000000000004,0.5517,0.4971,0.05459999999999998,0.4483,0.5029,-0.05460000000000004,0.477,0.6589,-0.18190000000000006,0.0632,0.0945,-0.031299999999999994,0.0293,-0.0022,0.0315,0.4483,0.4224,0.02589999999999998,0.046,0.0512,-0.005200000000000003,0.0287,0.0258,0.0029,0.0287,0.0328,-0.004100000000000003,53.125,87.5,37.5,53.125,62.5,65.625,34.375,34.375,46.875,6.25,81.25,40.625,53.125
2025,CHI,7,goal_to_go,65,good,usable_team_sample,80.0,0.9,28.90625,66.40625,39.0625,53.90625,44.859375,40.3734375,close_to_baseline_run_pass_split,close_to_baseline_tempo,less_shotgun_than_baseline,close_to_baseline_efficiency,0.4615,0.4757,-0.01419999999999999,0.5385,0.5243,0.01419999999999999,0.4615,0.4757,-0.01419999999999999,0.4154,0.611,-0.1956,0.0923,0.0861,0.006199999999999997,0.0186,0.0097,0.008899999999999998,0.4923,0.438,0.054300000000000015,0.0,0.0074,-0.0074,0.0154,0.0243,-0.008899999999999998,0.0308,0.0306,0.00020000000000000226,15.625,75.0,9.375,15.625,59.375,78.125,62.5,65.625,32.8125,43.75,40.625,57.8125,50.0
2025,CHI,8,two_minute_half,143,strong,stable_team_sample,100.0,1.0,48.4375,30.46875,47.916666666666664,92.1875,50.8203125,50.8203125,close_to_baseline_run_pass_split,slower_than_baseline,less_shotgun_than_baseline,close_to_baseline_efficiency,0.7273,0.7349,-0.007600000000000051,0.2727,0.2651,0.007599999999999996,0.7273,0.7349,-0.007600000000000051,0.7762,0.8778,-0.10160000000000002,0.0839,0.1634,-0.07949999999999999,-0.0051,0.0083,-0.0134,0.3776,0.4231,-0.045499999999999985,0.1189,0.1271,-0.008199999999999985,0.014,0.0356,-0.0216,0.021,0.0516,-0.0306,9.375,87.5,87.5,9.375,46.875,18.75,15.625,40.625,46.875,12.5,84.375,93.75,90.625
2025,CHI,9,two_minute_game,59,good,usable_team_sample,80.0,0.9,53.125,67.1875,60.9375,68.75,60.71875,54.646875,more_run_heavy_than_baseline,slower_than_baseline,less_shotgun_than_baseline,more_efficient_than_baseline,0.6102,0.6818,-0.0716,0.3898,0.3182,0.0716,0.6102,0.6818,-0.0716,0.661,0.8173,-0.1563,0.1186,0.1726,-0.054000000000000006,0.0654,-0.06,0.1254,0.4237,0.3942,0.029500000000000026,0.1525,0.1268,0.0257,0.0339,0.0394,-0.005499999999999998,0.0169,0.0504,-0.0335,37.5,75.0,62.5,37.5,71.875,56.25,56.25,84.375,70.3125,15.625,96.875,53.125,84.375
2025,CHI,10,one_score,779,strong,stable_team_sample,100.0,1.0,60.15625,74.21875,76.04166666666667,76.5625,69.6875,69.6875,close_to_baseline_run_pass_split,slower_than_baseline,less_shotgun_than_baseline,more_efficient_than_baseline,0.5443,0.565,-0.02069999999999994,0.4557,0.435,0.020699999999999996,0.5443,0.565,-0.02069999999999994,0.5058,0.6859,-0.18009999999999993,0.0359,0.0863,-0.0504,0.0996,0.0035,0.09609999999999999,0.4698,0.4369,0.032899999999999985,0.1476,0.1332,0.014399999999999996,0.0218,0.0265,-0.004699999999999999,0.0167,0.0381,-0.021400000000000002,43.75,90.625,62.5,43.75,81.25,84.375,62.5,68.75,75.0,65.625,87.5,53.125,100.0
2025,CHI,11,neutral_early_down,484,strong,stable_team_sample,100.0,1.0,36.71875,87.109375,78.125,80.46875,63.06640625,63.06640625,close_to_baseline_run_pass_split,slower_than_baseline,less_shotgun_than_baseline,more_efficient_than_baseline,0.5186,0.5215,-0.0029000000000000137,0.4814,0.4785,0.0029000000000000137,0.5186,0.5215,-0.0029000000000000137,0.4194,0.6282,-0.20879999999999999,0.0413,0.0855,-0.0442,0.11,0.013,0.097,0.4752,0.4391,0.03610000000000002,0.1694,0.1443,0.025099999999999983,0.0186,0.0226,-0.004,0.0103,0.0278,-0.017499999999999998,3.125,87.5,53.125,3.125,93.75,87.5,81.25,85.9375,75.0,71.875,87.5,64.0625,96.875
2025,CHI,12,tied,183,strong,stable_team_sample,100.0,1.0,69.53125,41.796875,76.04166666666667,78.125,65.95703125,65.95703125,close_to_baseline_run_pass_split,slower_than_baseline,less_shotgun_than_baseline,less_efficient_than_baseline,0.5191,0.5522,-0.03310000000000002,0.4809,0.4478,0.03310000000000002,0.5191,0.5522,-0.03310000000000002,0.459,0.6675,-0.20849999999999996,0.0219,0.0716,-0.049699999999999994,-0.0612,-0.0028,-0.0584,0.4372,0.4433,-0.00610000000000005,0.1421,0.1307,0.011399999999999993,0.0219,0.0252,-0.003300000000000001,0.0109,0.0369,-0.026000000000000002,62.5,93.75,59.375,62.5,25.0,40.625,43.75,57.8125,84.375,87.5,56.25,59.375,96.875
2025,CHI,13,leading,390,strong,stable_team_sample,100.0,1.0,38.28125,46.09375,67.70833333333333,65.625,50.46875,50.46875,close_to_baseline_run_pass_split,slower_than_baseline,less_shotgun_than_baseline,close_to_baseline_efficiency,0.4974,0.504,-0.006599999999999995,0.5026,0.496,0.00660000000000005,0.4974,0.504,-0.006599999999999995,0.4641,0.6358,-0.17170000000000002,0.0308,0.0687,-0.037899999999999996,0.0281,0.0162,0.0119,0.4179,0.4269,-0.009000000000000008,0.1513,0.1357,0.015600000000000003,0.0103,0.0228,-0.0125,0.0333,0.0318,0.0015000000000000013,9.375,84.375,50.0,9.375,53.125,46.875,53.125,31.25,78.125,37.5,87.5,81.25,50.0
2025,CHI,14,trailing,517,strong,stable_team_sample,100.0,1.0,70.3125,85.9375,80.20833333333333,85.9375,78.75,78.75,close_to_baseline_run_pass_split,slower_than_baseline,less_shotgun_than_baseline,more_efficient_than_baseline,0.5938,0.6309,-0.03710000000000002,0.4062,0.3691,0.03710000000000002,0.5938,0.6309,-0.03710000000000002,0.5861,0.7508,-0.16470000000000007,0.0735,0.1414,-0.0679,0.1683,-0.0215,0.1898,0.4952,0.4364,0.05879999999999996,0.1547,0.1316,0.02310000000000001,0.0232,0.0315,-0.008300000000000002,0.0174,0.0472,-0.0298,62.5,90.625,65.625,62.5,93.75,90.625,75.0,84.375,84.375,68.75,87.5,78.125,93.75
2025,CHI,15,leading_one_score,241,strong,stable_team_sample,100.0,1.0,45.3125,48.828125,67.70833333333333,70.3125,54.78515625,54.78515625,close_to_baseline_run_pass_split,slower_than_baseline,less_shotgun_than_baseline,close_to_baseline_efficiency,0.5228,0.5341,-0.011299999999999977,0.4772,0.4659,0.011300000000000032,0.5228,0.5341,-0.011299999999999977,0.4606,0.6624,-0.20179999999999998,0.029,0.075,-0.046,0.0421,0.0136,0.028499999999999998,0.4191,0.4278,-0.008700000000000041,0.1535,0.1347,0.01880000000000001,0.0124,0.0244,-0.012000000000000002,0.029,0.0343,-0.005299999999999996,15.625,87.5,62.5,15.625,56.25,46.875,53.125,39.0625,75.0,37.5,90.625,68.75,71.875
2025,CHI,16,leading_two_plus_scores,149,strong,stable_team_sample,100.0,1.0,26.61290322580645,45.16129032258064,69.89247311827957,54.83870967741935,44.233870967741936,44.233870967741936,close_to_baseline_run_pass_split,slower_than_baseline,less_shotgun_than_baseline,close_to_baseline_efficiency,0.4564,0.4563,9.999999999998899e-05,0.5436,0.5437,-9.999999999998899e-05,0.4564,0.4563,9.999999999998899e-05,0.4698,0.5937,-0.12390000000000001,0.0336,0.0586,-0.025,0.0055,0.0204,-0.014900000000000002,0.4161,0.4256,-0.009499999999999953,0.1477,0.1375,0.010199999999999987,0.0067,0.0203,-0.013599999999999998,0.0403,0.0278,0.012500000000000004,3.225806451612903,67.74193548387096,32.25806451612903,3.225806451612903,45.16129032258064,45.16129032258064,74.19354838709677,16.129032258064516,77.41935483870968,54.83870967741935,77.41935483870968,80.64516129032258,29.03225806451613
2025,CHI,17,trailing_one_score,355,strong,stable_team_sample,100.0,1.0,61.71875,89.84375,65.625,67.1875,71.796875,71.796875,close_to_baseline_run_pass_split,slower_than_baseline,less_shotgun_than_baseline,more_efficient_than_baseline,0.5718,0.5968,-0.025000000000000022,0.4282,0.4032,0.025000000000000022,0.5718,0.5968,-0.025000000000000022,0.5606,0.7163,-0.15570000000000006,0.0479,0.1048,-0.056900000000000006,0.2214,0.0002,0.2212,0.5211,0.4393,0.08179999999999998,0.1465,0.1338,0.012699999999999989,0.0282,0.029,-0.0008000000000000021,0.0113,0.0417,-0.030400000000000003,46.875,87.5,65.625,46.875,93.75,93.75,87.5,84.375,71.875,53.125,71.875,37.5,96.875
2025,CHI,18,trailing_two_plus_scores,162,strong,stable_team_sample,100.0,1.0,56.25,58.59375,88.02083333333333,89.0625,67.0703125,67.0703125,close_to_baseline_run_pass_split,slower_than_baseline,less_shotgun_than_baseline,more_efficient_than_baseline,0.642,0.677,-0.03500000000000003,0.358,0.323,0.034999999999999976,0.642,0.677,-0.03500000000000003,0.642,0.7976,-0.15559999999999996,0.1296,0.1909,-0.06129999999999999,0.0518,-0.0509,0.1027,0.4383,0.4324,0.005900000000000016,0.1728,0.1286,0.04420000000000002,0.0123,0.0349,-0.022600000000000002,0.0309,0.0546,-0.023700000000000002,40.625,90.625,53.125,40.625,65.625,43.75,68.75,56.25,90.625,81.25,92.1875,93.75,84.375
2025,CHI,19,tied_early_down,139,strong,stable_team_sample,100.0,1.0,64.0625,62.109375,72.91666666666667,86.71875,68.96484375,68.96484375,close_to_baseline_run_pass_split,slower_than_baseline,less_shotgun_than_baseline,more_efficient_than_baseline,0.4676,0.4983,-0.030700000000000005,0.5324,0.5017,0.03069999999999995,0.4676,0.4983,-0.030700000000000005,0.3525,0.6059,-0.2534,0.0288,0.0718,-0.043000000000000003,0.0327,0.0018,0.0309,0.4748,0.4418,0.032999999999999974,0.1439,0.1285,0.015399999999999997,0.0144,0.0219,-0.0075,0.0072,0.0267,-0.019500000000000003,50.0,93.75,62.5,50.0,68.75,71.875,62.5,45.3125,81.25,81.25,56.25,76.5625,96.875
2025,CHI,20,leading_early_down,299,strong,stable_team_sample,100.0,1.0,48.4375,56.25,84.375,82.03125,61.71875,61.71875,close_to_baseline_run_pass_split,slower_than_baseline,less_shotgun_than_baseline,more_efficient_than_baseline,0.4247,0.4468,-0.022099999999999953,0.5753,0.5532,0.02210000000000001,0.4247,0.4468,-0.022099999999999953,0.3512,0.5755,-0.2243,0.0368,0.0709,-0.034100000000000005,0.0906,0.0115,0.0791,0.4247,0.4235,0.0012000000000000344,0.1773,0.1332,0.0441,0.0067,0.0206,-0.0139,0.0134,0.0228,-0.0094,31.25,87.5,43.75,31.25,75.0,43.75,65.625,40.625,93.75,65.625,93.75,79.6875,84.375
2025,CHI,21,trailing_early_down,395,strong,stable_team_sample,100.0,1.0,50.78125,67.96875,82.29166666666667,72.65625,64.453125,64.453125,close_to_baseline_run_pass_split,slower_than_baseline,less_shotgun_than_baseline,more_efficient_than_baseline,0.5797,0.5899,-0.010199999999999987,0.4203,0.4101,0.010199999999999987,0.5797,0.5899,-0.010199999999999987,0.5266,0.7068,-0.18020000000000003,0.0835,0.15,-0.06649999999999999,0.1042,-0.0058,0.11,0.4734,0.438,0.03539999999999999,0.1544,0.1307,0.0237,0.0228,0.0281,-0.005299999999999999,0.0177,0.0355,-0.017799999999999996,28.125,84.375,62.5,28.125,84.375,75.0,56.25,56.25,84.375,71.875,90.625,57.8125,87.5
2025,CIN,1,all_offense,1044,strong,stable_team_sample,100.0,1.0,85.15625,65.625,38.541666666666664,50.0,70.5078125,70.5078125,more_dropback_heavy_than_baseline,slower_than_baseline,more_shotgun_than_baseline,close_to_baseline_efficiency,0.6446,0.5737,0.07089999999999996,0.3554,0.4263,-0.07090000000000002,0.6446,0.5737,0.07089999999999996,0.8238,0.6967,0.1271,0.0268,0.1039,-0.0771,-0.0078,-0.0054,-0.0023999999999999994,0.455,0.4345,0.020500000000000018,0.1236,0.1328,-0.0092,0.0278,0.0274,0.0003999999999999976,0.0345,0.0401,-0.005599999999999994,93.75,71.875,81.25,93.75,40.625,68.75,62.5,90.625,37.5,65.625,12.5,34.375,65.625
2025,CIN,2,early_down,806,strong,stable_team_sample,100.0,1.0,85.9375,52.34375,31.770833333333332,37.5,65.2734375,65.2734375,more_dropback_heavy_than_baseline,slower_than_baseline,more_shotgun_than_baseline,less_efficient_than_baseline,0.6055,0.5246,0.08090000000000008,0.3945,0.4754,-0.08089999999999997,0.6055,0.5246,0.08090000000000008,0.7891,0.6436,0.14550000000000007,0.0285,0.1086,-0.0801,-0.0519,0.0014,-0.0533,0.4454,0.4339,0.01150000000000001,0.1166,0.1311,-0.014499999999999999,0.0261,0.0244,0.0017000000000000001,0.0285,0.0296,-0.0011000000000000003,93.75,71.875,84.375,93.75,18.75,59.375,43.75,87.5,32.8125,50.0,12.5,25.0,50.0
2025,CIN,3,third_down,218,strong,stable_team_sample,100.0,1.0,66.40625,82.8125,56.25,51.5625,69.1796875,69.1796875,close_to_baseline_run_pass_split,slower_than_baseline,more_shotgun_than_baseline,more_efficient_than_baseline,0.7844,0.7494,0.03500000000000003,0.2156,0.2506,-0.034999999999999976,0.7844,0.7494,0.03500000000000003,0.9541,0.8953,0.05879999999999996,0.0229,0.0875,-0.06459999999999999,0.0593,-0.0507,0.11,0.4679,0.4242,0.04369999999999996,0.1468,0.1404,0.006400000000000017,0.0367,0.0359,0.0008000000000000021,0.0596,0.0778,-0.018199999999999994,59.375,78.125,68.75,59.375,71.875,84.375,87.5,87.5,65.625,84.375,18.75,34.375,68.75
2025,CIN,4,fourth_down,20,thin,small_team_sample,55.0,0.75,63.671875,82.421875,54.6875,89.0625,69.1171875,51.837890625,more_dropback_heavy_than_baseline,slower_than_baseline,more_shotgun_than_baseline,more_efficient_than_baseline,0.7,0.6225,0.0774999999999999,0.3,0.3775,-0.07750000000000001,0.7,0.6225,0.0774999999999999,0.8,0.675,0.125,0.0,0.0943,-0.0943,1.039,0.1649,0.8740999999999999,0.7,0.5443,0.15569999999999995,0.15,0.1209,0.0291,0.0,0.0492,-0.0492,0.0,0.0504,-0.0504,53.125,64.0625,84.375,53.125,90.625,92.1875,93.75,53.125,56.25,79.6875,28.125,92.1875,85.9375
2025,CIN,5,short_yardage,109,strong,stable_team_sample,100.0,1.0,57.03125,68.359375,23.958333333333332,79.6875,59.31640625,59.31640625,close_to_baseline_run_pass_split,slower_than_baseline,more_shotgun_than_baseline,more_efficient_than_baseline,0.3761,0.3476,0.02849999999999997,0.6239,0.6524,-0.02849999999999997,0.3761,0.3476,0.02849999999999997,0.789,0.5322,0.25680000000000003,0.0642,0.1642,-0.10000000000000002,0.211,0.0647,0.14629999999999999,0.6514,0.5961,0.055300000000000016,0.0642,0.0906,-0.026400000000000007,0.0092,0.0214,-0.012199999999999999,0.0092,0.0229,-0.0137,21.875,100.0,84.375,21.875,75.0,81.25,73.4375,43.75,15.625,50.0,6.25,82.8125,76.5625
2025,CIN,6,red_zone,146,strong,stable_team_sample,100.0,1.0,82.03125,90.625,73.4375,64.84375,82.0703125,82.0703125,more_dropback_heavy_than_baseline,slower_than_baseline,more_shotgun_than_baseline,more_efficient_than_baseline,0.6027,0.5029,0.0998,0.3973,0.4971,-0.0998,0.6027,0.5029,0.0998,0.8288,0.6589,0.16989999999999994,0.0342,0.0945,-0.0603,0.0737,-0.0022,0.0759,0.4658,0.4224,0.043399999999999994,0.0616,0.0512,0.0104,0.0274,0.0258,0.0016000000000000007,0.0205,0.0328,-0.012300000000000002,89.0625,84.375,65.625,89.0625,75.0,87.5,100.0,100.0,75.0,79.6875,65.625,51.5625,78.125
2025,CIN,7,goal_to_go,61,good,usable_team_sample,80.0,0.9,92.1875,50.0,39.0625,39.0625,67.75,60.975,more_dropback_heavy_than_baseline,slower_than_baseline,more_shotgun_than_baseline,less_efficient_than_baseline,0.6393,0.4757,0.16359999999999997,0.3607,0.5243,-0.16359999999999997,0.6393,0.4757,0.16359999999999997,0.8525,0.611,0.24150000000000005,0.0,0.0861,-0.0861,-0.2483,0.0097,-0.258,0.4098,0.438,-0.028200000000000003,0.0,0.0074,-0.0074,0.0492,0.0243,0.024900000000000002,0.0164,0.0306,-0.014199999999999997,96.875,87.5,87.5,96.875,12.5,31.25,68.75,87.5,32.8125,43.75,40.625,18.75,59.375
2025,CIN,8,two_minute_half,137,strong,stable_team_sample,100.0,1.0,53.125,84.375,72.91666666666667,64.0625,67.34375,67.34375,close_to_baseline_run_pass_split,slower_than_baseline,more_shotgun_than_baseline,more_efficient_than_baseline,0.7737,0.7349,0.03880000000000006,0.2263,0.2651,-0.0388,0.7737,0.7349,0.03880000000000006,0.9416,0.8778,0.06379999999999997,0.0949,0.1634,-0.06849999999999999,0.0711,0.0083,0.0628,0.4891,0.4231,0.066,0.1679,0.1271,0.0408,0.0365,0.0356,0.000899999999999998,0.0292,0.0516,-0.0224,40.625,59.375,71.875,40.625,71.875,87.5,84.375,93.75,84.375,90.625,43.75,46.875,81.25
2025,CIN,9,two_minute_game,63,good,usable_team_sample,80.0,0.9,51.171875,85.9375,69.79166666666667,81.25,67.10546875,60.394921875,more_dropback_heavy_than_baseline,slower_than_baseline,more_shotgun_than_baseline,more_efficient_than_baseline,0.7778,0.6818,0.09600000000000009,0.2222,0.3182,-0.09599999999999997,0.7778,0.6818,0.09600000000000009,0.9365,0.8173,0.11919999999999997,0.1429,0.1726,-0.029700000000000004,0.1526,-0.06,0.2126,0.4603,0.3942,0.06609999999999999,0.1905,0.1268,0.0637,0.0159,0.0394,-0.023499999999999997,0.0159,0.0504,-0.0345,59.375,56.25,29.6875,59.375,96.875,81.25,87.5,78.125,90.625,93.75,25.0,75.0,87.5
2025,CIN,10,one_score,704,strong,stable_team_sample,100.0,1.0,86.71875,70.3125,24.479166666666668,67.1875,71.9921875,71.9921875,more_dropback_heavy_than_baseline,slower_than_baseline,more_shotgun_than_baseline,close_to_baseline_efficiency,0.6392,0.565,0.07420000000000004,0.3608,0.435,-0.07419999999999999,0.6392,0.565,0.07420000000000004,0.8054,0.6859,0.11950000000000005,0.0114,0.0863,-0.0749,0.0106,0.0035,0.0071,0.4673,0.4369,0.030399999999999983,0.1165,0.1332,-0.016700000000000007,0.0213,0.0265,-0.0052,0.0313,0.0381,-0.0068000000000000005,93.75,71.875,87.5,93.75,37.5,81.25,71.875,90.625,26.5625,37.5,9.375,68.75,65.625
2025,CIN,11,neutral_early_down,444,strong,stable_team_sample,100.0,1.0,82.8125,54.6875,25.0,50.0,64.6875,64.6875,more_dropback_heavy_than_baseline,slower_than_baseline,more_shotgun_than_baseline,less_efficient_than_baseline,0.5856,0.5215,0.06410000000000005,0.4144,0.4785,-0.06409999999999999,0.5856,0.5215,0.06410000000000005,0.75,0.6282,0.12180000000000002,0.0045,0.0855,-0.081,-0.0602,0.013,-0.0732,0.4527,0.4391,0.013600000000000001,0.1171,0.1443,-0.027200000000000016,0.0203,0.0226,-0.0023,0.0293,0.0278,0.0015000000000000013,90.625,62.5,87.5,90.625,21.875,56.25,40.625,100.0,25.0,21.875,28.125,53.125,46.875
2025,CIN,12,tied,159,strong,stable_team_sample,100.0,1.0,58.984375,75.0,8.333333333333334,87.5,60.29296875,60.29296875,close_to_baseline_run_pass_split,slower_than_baseline,more_shotgun_than_baseline,more_efficient_than_baseline,0.5723,0.5522,0.020100000000000007,0.4277,0.4478,-0.02009999999999995,0.5723,0.5522,0.020100000000000007,0.7987,0.6675,0.13119999999999998,0.0,0.0716,-0.0716,0.0825,-0.0028,0.0853,0.4969,0.4433,0.05359999999999998,0.0755,0.1307,-0.05520000000000001,0.0126,0.0252,-0.0126,0.0189,0.0369,-0.018000000000000002,37.5,75.0,85.9375,37.5,84.375,84.375,81.25,50.0,3.125,9.375,12.5,84.375,90.625
2025,CIN,13,leading,289,strong,stable_team_sample,100.0,1.0,82.8125,89.0625,69.27083333333333,59.375,80.859375,80.859375,more_dropback_heavy_than_baseline,slower_than_baseline,more_shotgun_than_baseline,more_efficient_than_baseline,0.5606,0.504,0.056599999999999984,0.4394,0.496,-0.056599999999999984,0.5606,0.504,0.056599999999999984,0.7474,0.6358,0.11159999999999992,0.0069,0.0687,-0.061799999999999994,0.0962,0.0162,0.07999999999999999,0.4948,0.4269,0.06790000000000002,0.1453,0.1357,0.009600000000000025,0.0138,0.0228,-0.009000000000000001,0.0346,0.0318,0.002799999999999997,87.5,65.625,90.625,87.5,68.75,96.875,90.625,100.0,65.625,73.4375,68.75,75.0,43.75
2025,CIN,14,trailing,596,strong,stable_team_sample,100.0,1.0,82.8125,38.28125,34.895833333333336,39.0625,60.9765625,60.9765625,more_dropback_heavy_than_baseline,slower_than_baseline,more_shotgun_than_baseline,less_efficient_than_baseline,0.7047,0.6309,0.07379999999999998,0.2953,0.3691,-0.07379999999999998,0.7047,0.6309,0.07379999999999998,0.8674,0.7508,0.11659999999999993,0.0436,0.1414,-0.0978,-0.0823,-0.0215,-0.0608,0.4245,0.4364,-0.011900000000000022,0.1258,0.1316,-0.0058,0.0386,0.0315,0.007100000000000002,0.0386,0.0472,-0.008599999999999997,87.5,71.875,84.375,87.5,21.875,31.25,28.125,71.875,34.375,64.0625,6.25,18.75,59.375
2025,CIN,15,leading_one_score,207,strong,stable_team_sample,100.0,1.0,78.90625,87.5,60.416666666666664,46.09375,76.0546875,76.0546875,more_dropback_heavy_than_baseline,slower_than_baseline,more_shotgun_than_baseline,more_efficient_than_baseline,0.599,0.5341,0.06489999999999996,0.401,0.4659,-0.06489999999999996,0.599,0.5341,0.06489999999999996,0.7633,0.6624,0.10089999999999999,0.0048,0.075,-0.0702,0.0736,0.0136,0.06,0.5266,0.4278,0.09879999999999994,0.1449,0.1347,0.010200000000000015,0.0145,0.0244,-0.0099,0.0435,0.0343,0.0092,81.25,62.5,90.625,81.25,59.375,100.0,90.625,100.0,62.5,46.875,71.875,59.375,32.8125
2025,CIN,16,leading_two_plus_scores,82,good,usable_team_sample,80.0,0.9,37.09677419354839,69.35483870967742,67.74193548387096,74.19354838709677,55.61290322580645,50.0516129032258,close_to_baseline_run_pass_split,slower_than_baseline,more_shotgun_than_baseline,more_efficient_than_baseline,0.4634,0.4563,0.007099999999999995,0.5366,0.5437,-0.007099999999999995,0.4634,0.4563,0.007099999999999995,0.7073,0.5937,0.11360000000000003,0.0122,0.0586,-0.0464,0.1533,0.0204,0.1329,0.4146,0.4256,-0.010999999999999954,0.1463,0.1375,0.008800000000000002,0.0122,0.0203,-0.008099999999999998,0.0122,0.0278,-0.015599999999999998,16.129032258064516,58.06451612903226,58.06451612903226,16.129032258064516,93.54838709677419,41.935483870967744,45.16129032258064,96.7741935483871,74.19354838709677,80.64516129032258,48.38709677419355,58.06451612903226,90.32258064516128
2025,CIN,17,trailing_one_score,338,strong,stable_team_sample,100.0,1.0,87.5,35.9375,25.0,53.125,62.421875,62.421875,more_dropback_heavy_than_baseline,slower_than_baseline,more_shotgun_than_baseline,less_efficient_than_baseline,0.6953,0.5968,0.09850000000000003,0.3047,0.4032,-0.09849999999999998,0.6953,0.5968,0.09850000000000003,0.8343,0.7163,0.118,0.0207,0.1048,-0.08410000000000001,-0.0618,0.0002,-0.062,0.4172,0.4393,-0.02210000000000001,0.1183,0.1338,-0.0155,0.0296,0.029,0.0005999999999999998,0.0296,0.0417,-0.0121,96.875,68.75,87.5,96.875,25.0,21.875,40.625,56.25,25.0,43.75,6.25,34.375,71.875
2025,CIN,18,trailing_two_plus_scores,258,strong,stable_team_sample,100.0,1.0,62.5,44.921875,53.125,34.375,55.76171875,55.76171875,close_to_baseline_run_pass_split,slower_than_baseline,more_shotgun_than_baseline,less_efficient_than_baseline,0.7171,0.677,0.040099999999999913,0.2829,0.323,-0.040100000000000025,0.7171,0.677,0.040099999999999913,0.9109,0.7976,0.11330000000000007,0.0736,0.1909,-0.11729999999999999,-0.1092,-0.0509,-0.058300000000000005,0.4341,0.4324,0.0016999999999999793,0.1357,0.1286,0.007099999999999995,0.0504,0.0349,0.0155,0.0504,0.0546,-0.004200000000000002,46.875,68.75,87.5,46.875,28.125,37.5,35.9375,78.125,56.25,75.0,28.125,18.75,50.0
2025,CIN,19,tied_early_down,122,strong,stable_team_sample,100.0,1.0,40.625,71.09375,14.583333333333334,94.53125,52.6953125,52.6953125,close_to_baseline_run_pass_split,slower_than_baseline,more_shotgun_than_baseline,more_efficient_than_baseline,0.5,0.4983,0.0016999999999999793,0.5,0.5017,-0.0017000000000000348,0.5,0.4983,0.0016999999999999793,0.7541,0.6059,0.1482,0.0,0.0718,-0.0718,0.0907,0.0018,0.0889,0.4754,0.4418,0.03359999999999996,0.0738,0.1285,-0.0547,0.0,0.0219,-0.0219,0.0082,0.0267,-0.018500000000000003,3.125,70.3125,85.9375,3.125,93.75,75.0,50.0,65.625,9.375,12.5,21.875,98.4375,90.625
2025,CIN,20,leading_early_down,231,strong,stable_team_sample,100.0,1.0,85.15625,74.21875,51.041666666666664,52.34375,74.765625,74.765625,more_dropback_heavy_than_baseline,slower_than_baseline,more_shotgun_than_baseline,close_to_baseline_efficiency,0.5281,0.4468,0.08130000000000004,0.4719,0.5532,-0.08130000000000004,0.5281,0.4468,0.08130000000000004,0.71,0.5755,0.13449999999999995,0.0087,0.0709,-0.062200000000000005,-0.0184,0.0115,-0.0299,0.4805,0.4235,0.056999999999999995,0.1342,0.1332,0.0010000000000000009,0.013,0.0206,-0.007600000000000001,0.026,0.0228,0.003199999999999998,93.75,62.5,90.625,93.75,31.25,90.625,75.0,100.0,53.125,43.75,56.25,64.0625,40.625
2025,CIN,21,trailing_early_down,453,strong,stable_team_sample,100.0,1.0,82.8125,30.46875,25.520833333333332,31.25,56.8359375,56.8359375,more_dropback_heavy_than_baseline,slower_than_baseline,more_shotgun_than_baseline,less_efficient_than_baseline,0.6733,0.5899,0.08340000000000003,0.3267,0.4101,-0.08340000000000003,0.6733,0.5899,0.08340000000000003,0.8389,0.7068,0.1321,0.0464,0.15,-0.1036,-0.1074,-0.0058,-0.1016,0.4194,0.438,-0.018600000000000005,0.1192,0.1307,-0.01150000000000001,0.0397,0.0281,0.0116,0.0353,0.0355,-0.0001999999999999988,87.5,68.75,87.5,87.5,9.375,21.875,28.125,62.5,25.0,45.3125,6.25,15.625,46.875
2025,CLE,1,all_offense,1024,strong,stable_team_sample,100.0,1.0,26.5625,3.90625,10.416666666666666,32.8125,22.7734375,22.7734375,close_to_baseline_run_pass_split,close_to_baseline_tempo,close_to_baseline_shotgun_usage,less_efficient_than_baseline,0.5928,0.5737,0.019100000000000006,0.4072,0.4263,-0.019100000000000006,0.5928,0.5737,0.019100000000000006,0.6758,0.6967,-0.02090000000000003,0.0898,0.1039,-0.014100000000000001,-0.1892,-0.0054,-0.18380000000000002,0.3457,0.4345,-0.08879999999999999,0.1064,0.1328,-0.026400000000000007,0.0264,0.0274,-0.0010000000000000009,0.0498,0.0401,0.0097,37.5,12.5,18.75,37.5,6.25,3.125,3.125,3.125,9.375,6.25,15.625,43.75,21.875
2025,CLE,2,early_down,760,strong,stable_team_sample,100.0,1.0,26.5625,6.25,15.625,44.53125,25.3125,25.3125,close_to_baseline_run_pass_split,close_to_baseline_tempo,close_to_baseline_shotgun_usage,less_efficient_than_baseline,0.5434,0.5246,0.01880000000000004,0.4566,0.4754,-0.018799999999999983,0.5434,0.5246,0.01880000000000004,0.6092,0.6436,-0.034399999999999986,0.0961,0.1086,-0.012499999999999997,-0.1538,0.0014,-0.1552,0.3342,0.4339,-0.09970000000000001,0.1039,0.1311,-0.027199999999999988,0.0224,0.0244,-0.0020000000000000018,0.0329,0.0296,0.0032999999999999974,34.375,15.625,21.875,34.375,6.25,3.125,3.125,12.5,9.375,9.375,28.125,50.0,39.0625
2025,CLE,3,third_down,235,strong,stable_team_sample,100.0,1.0,14.84375,16.40625,37.5,45.3125,25.9375,25.9375,close_to_baseline_run_pass_split,close_to_baseline_tempo,close_to_baseline_shotgun_usage,less_efficient_than_baseline,0.7574,0.7494,0.008000000000000007,0.2426,0.2506,-0.00799999999999998,0.7574,0.7494,0.008000000000000007,0.8979,0.8953,0.0026000000000000467,0.0766,0.0875,-0.010899999999999993,-0.2335,-0.0507,-0.18280000000000002,0.3745,0.4242,-0.04970000000000002,0.1234,0.1404,-0.017,0.0298,0.0359,-0.006100000000000001,0.0894,0.0778,0.0116,18.75,9.375,12.5,18.75,21.875,25.0,15.625,3.125,28.125,40.625,43.75,65.625,25.0
2025,CLE,4,fourth_down,29,thin,small_team_sample,55.0,0.75,47.65625,24.21875,16.145833333333332,6.25,33.296875,24.97265625,more_run_heavy_than_baseline,slower_than_baseline,less_shotgun_than_baseline,less_efficient_than_baseline,0.5517,0.6225,-0.07080000000000009,0.4483,0.3775,0.07079999999999997,0.5517,0.6225,-0.07080000000000009,0.6207,0.675,-0.054300000000000015,0.0345,0.0943,-0.05979999999999999,-0.7582,0.1649,-0.9231,0.4138,0.5443,-0.1305,0.0345,0.1209,-0.08639999999999999,0.1034,0.0492,0.054200000000000005,0.1724,0.0504,0.122,50.0,34.375,56.25,50.0,6.25,6.25,9.375,75.0,7.8125,12.5,28.125,9.375,3.125
2025,CLE,5,short_yardage,86,good,usable_team_sample,80.0,0.9,69.140625,50.390625,23.4375,33.59375,54.5859375,49.12734375,more_run_heavy_than_baseline,faster_than_baseline,less_shotgun_than_baseline,close_to_baseline_efficiency,0.2093,0.3476,-0.1383,0.7907,0.6524,0.13829999999999998,0.2093,0.3476,-0.1383,0.407,0.5322,-0.12520000000000003,0.186,0.1642,0.021799999999999986,0.0869,0.0647,0.02220000000000001,0.6279,0.5961,0.03180000000000005,0.0465,0.0906,-0.0441,0.0233,0.0214,0.0019000000000000024,0.0349,0.0229,0.012,100.0,53.125,23.4375,100.0,50.0,64.0625,68.75,18.75,9.375,3.125,57.8125,48.4375,18.75
2025,CLE,6,red_zone,125,strong,stable_team_sample,100.0,1.0,21.09375,20.703125,20.833333333333332,62.5,29.04296875,29.04296875,close_to_baseline_run_pass_split,close_to_baseline_tempo,close_to_baseline_shotgun_usage,less_efficient_than_baseline,0.528,0.5029,0.02510000000000001,0.472,0.4971,-0.02510000000000001,0.528,0.5029,0.02510000000000001,0.64,0.6589,-0.018900000000000028,0.112,0.0945,0.0175,-0.0724,-0.0022,-0.07020000000000001,0.352,0.4224,-0.07040000000000002,0.024,0.0512,-0.027200000000000002,0.0,0.0258,-0.0258,0.048,0.0328,0.015199999999999998,28.125,15.625,12.5,28.125,37.5,12.5,18.75,14.0625,12.5,46.875,3.125,100.0,25.0
2025,CLE,7,goal_to_go,54,good,usable_team_sample,80.0,0.9,11.71875,13.28125,39.0625,46.875,23.140625,20.8265625,close_to_baseline_run_pass_split,close_to_baseline_tempo,close_to_baseline_shotgun_usage,less_efficient_than_baseline,0.4815,0.4757,0.005799999999999972,0.5185,0.5243,-0.005800000000000027,0.4815,0.4757,0.005799999999999972,0.6296,0.611,0.01860000000000006,0.0926,0.0861,0.006500000000000006,-0.0867,0.0097,-0.0964,0.3148,0.438,-0.12319999999999998,0.0,0.0074,-0.0074,0.0,0.0243,-0.0243,0.0926,0.0306,0.062,6.25,21.875,12.5,6.25,28.125,6.25,9.375,9.375,32.8125,43.75,40.625,87.5,6.25
2025,CLE,8,two_minute_half,124,strong,stable_team_sample,100.0,1.0,56.25,9.375,27.083333333333332,57.8125,42.5,42.5,more_dropback_heavy_than_baseline,slower_than_baseline,close_to_baseline_shotgun_usage,less_efficient_than_baseline,0.8145,0.7349,0.0796,0.1855,0.2651,-0.0796,0.8145,0.7349,0.0796,0.9032,0.8778,0.025399999999999978,0.1129,0.1634,-0.05049999999999999,-0.084,0.0083,-0.09230000000000001,0.3226,0.4231,-0.10049999999999998,0.1048,0.1271,-0.022299999999999986,0.0242,0.0356,-0.0114,0.0484,0.0516,-0.0032000000000000015,71.875,28.125,53.125,71.875,12.5,6.25,12.5,6.25,15.625,59.375,6.25,75.0,40.625
2025,CLE,9,two_minute_game,52,good,usable_team_sample,80.0,0.9,52.34375,35.9375,13.541666666666666,56.25,44.1953125,39.77578125,more_dropback_heavy_than_baseline,slower_than_baseline,more_shotgun_than_baseline,less_efficient_than_baseline,0.8077,0.6818,0.1259,0.1923,0.3182,-0.12589999999999998,0.8077,0.6818,0.1259,0.9038,0.8173,0.08650000000000002,0.1346,0.1726,-0.038000000000000006,-0.2308,-0.06,-0.1708,0.3846,0.3942,-0.009599999999999997,0.0769,0.1268,-0.0499,0.0192,0.0394,-0.0202,0.0577,0.0504,0.007300000000000001,65.625,37.5,40.625,65.625,21.875,46.875,31.25,43.75,3.125,25.0,12.5,71.875,40.625
2025,CLE,10,one_score,648,strong,stable_team_sample,100.0,1.0,41.796875,10.15625,22.916666666666668,43.75,34.16015625,34.16015625,close_to_baseline_run_pass_split,slower_than_baseline,less_shotgun_than_baseline,less_efficient_than_baseline,0.5432,0.565,-0.02179999999999993,0.4568,0.435,0.021799999999999986,0.5432,0.565,-0.02179999999999993,0.6358,0.6859,-0.05009999999999992,0.054,0.0863,-0.0323,-0.155,0.0035,-0.1585,0.3565,0.4369,-0.08040000000000003,0.1157,0.1332,-0.017500000000000016,0.0216,0.0265,-0.004899999999999998,0.0494,0.0381,0.011299999999999998,46.875,31.25,42.1875,46.875,9.375,6.25,9.375,15.625,21.875,25.0,21.875,62.5,25.0
2025,CLE,11,neutral_early_down,413,strong,stable_team_sample,100.0,1.0,42.96875,19.921875,32.291666666666664,42.1875,38.37890625,38.37890625,close_to_baseline_run_pass_split,slower_than_baseline,less_shotgun_than_baseline,less_efficient_than_baseline,0.4891,0.5215,-0.032399999999999984,0.5109,0.4785,0.03240000000000004,0.4891,0.5215,-0.032399999999999984,0.5496,0.6282,-0.0786,0.0533,0.0855,-0.032200000000000006,-0.1456,0.013,-0.15860000000000002,0.3438,0.4391,-0.0953,0.1235,0.1443,-0.020800000000000013,0.0194,0.0226,-0.003199999999999998,0.0339,0.0278,0.006100000000000001,46.875,43.75,34.375,46.875,6.25,6.25,9.375,57.8125,31.25,31.25,34.375,56.25,28.125
2025,CLE,12,tied,176,strong,stable_team_sample,100.0,1.0,20.3125,19.53125,45.833333333333336,78.125,33.7109375,33.7109375,close_to_baseline_run_pass_split,slower_than_baseline,close_to_baseline_shotgun_usage,less_efficient_than_baseline,0.5455,0.5522,-0.006700000000000039,0.4545,0.4478,0.006700000000000039,0.5455,0.5522,-0.006700000000000039,0.642,0.6675,-0.025499999999999967,0.0398,0.0716,-0.031799999999999995,-0.1171,-0.0028,-0.1143,0.3523,0.4433,-0.09100000000000003,0.1193,0.1307,-0.011400000000000007,0.017,0.0252,-0.008199999999999999,0.0227,0.0369,-0.0142,15.625,18.75,31.25,15.625,15.625,6.25,12.5,43.75,46.875,31.25,59.375,71.875,84.375
2025,CLE,13,leading,225,strong,stable_team_sample,100.0,1.0,33.59375,7.421875,15.625,4.6875,24.78515625,24.78515625,close_to_baseline_run_pass_split,slower_than_baseline,less_shotgun_than_baseline,less_efficient_than_baseline,0.4844,0.504,-0.019600000000000006,0.5156,0.496,0.01959999999999995,0.4844,0.504,-0.019600000000000006,0.5822,0.6358,-0.05359999999999998,0.0311,0.0687,-0.037599999999999995,-0.304,0.0162,-0.3202,0.2889,0.4269,-0.138,0.1067,0.1357,-0.028999999999999984,0.04,0.0228,0.0172,0.0578,0.0318,0.025999999999999995,28.125,31.25,46.875,28.125,9.375,3.125,3.125,14.0625,12.5,25.0,9.375,3.125,6.25
2025,CLE,14,trailing,623,strong,stable_team_sample,100.0,1.0,30.46875,5.46875,16.666666666666668,50.0,27.578125,27.578125,close_to_baseline_run_pass_split,close_to_baseline_tempo,close_to_baseline_shotgun_usage,less_efficient_than_baseline,0.6453,0.6309,0.014399999999999968,0.3547,0.3691,-0.014399999999999968,0.6453,0.6309,0.014399999999999968,0.7191,0.7508,-0.03170000000000006,0.1252,0.1414,-0.016199999999999992,-0.1682,-0.0215,-0.1467,0.3644,0.4364,-0.07200000000000001,0.1027,0.1316,-0.028899999999999995,0.0241,0.0315,-0.0074,0.0546,0.0472,0.007400000000000004,34.375,31.25,21.875,34.375,9.375,3.125,6.25,3.125,9.375,9.375,31.25,71.875,28.125
2025,CLE,15,leading_one_score,167,strong,stable_team_sample,100.0,1.0,51.5625,7.8125,14.583333333333334,12.5,33.59375,33.59375,close_to_baseline_run_pass_split,slower_than_baseline,less_shotgun_than_baseline,less_efficient_than_baseline,0.491,0.5341,-0.04310000000000003,0.509,0.4659,0.04310000000000003,0.491,0.5341,-0.04310000000000003,0.5808,0.6624,-0.0816,0.0419,0.075,-0.0331,-0.2811,0.0136,-0.2947,0.3174,0.4278,-0.1104,0.1018,0.1347,-0.032899999999999985,0.0359,0.0244,0.0115,0.0659,0.0343,0.0316,59.375,46.875,40.625,59.375,9.375,6.25,6.25,9.375,6.25,15.625,21.875,15.625,9.375
2025,CLE,16,leading_two_plus_scores,58,good,usable_team_sample,80.0,0.9,33.87096774193549,11.29032258064516,41.93548387096774,24.193548387096772,30.774193548387096,27.696774193548386,close_to_baseline_run_pass_split,slower_than_baseline,close_to_baseline_shotgun_usage,less_efficient_than_baseline,0.4655,0.4563,0.009200000000000041,0.5345,0.5437,-0.009199999999999986,0.4655,0.4563,0.009200000000000041,0.5862,0.5937,-0.007499999999999951,0.0,0.0586,-0.0586,-0.3701,0.0204,-0.39049999999999996,0.2069,0.4256,-0.21869999999999998,0.1207,0.1375,-0.01680000000000001,0.0517,0.0203,0.031400000000000004,0.0345,0.0278,0.0067000000000000046,22.58064516129032,6.451612903225806,83.87096774193549,22.58064516129032,6.451612903225806,3.225806451612903,3.225806451612903,32.25806451612903,32.25806451612903,83.87096774193549,9.67741935483871,3.225806451612903,45.16129032258064
2025,CLE,17,trailing_one_score,305,strong,stable_team_sample,100.0,1.0,46.875,12.5,30.208333333333332,60.9375,39.84375,39.84375,close_to_baseline_run_pass_split,slower_than_baseline,less_shotgun_than_baseline,less_efficient_than_baseline,0.5705,0.5968,-0.02629999999999999,0.4295,0.4032,0.02629999999999999,0.5705,0.5968,-0.02629999999999999,0.6623,0.7163,-0.05400000000000005,0.0689,0.1048,-0.0359,-0.108,0.0002,-0.1082,0.3803,0.4393,-0.059,0.1213,0.1338,-0.012499999999999997,0.0164,0.029,-0.0126,0.0557,0.0417,0.013999999999999999,50.0,46.875,40.625,50.0,15.625,9.375,12.5,12.5,31.25,40.625,18.75,90.625,31.25
2025,CLE,18,trailing_two_plus_scores,318,strong,stable_team_sample,100.0,1.0,28.90625,3.90625,19.791666666666668,45.3125,26.484375,26.484375,close_to_baseline_run_pass_split,close_to_baseline_tempo,close_to_baseline_shotgun_usage,less_efficient_than_baseline,0.717,0.677,0.039999999999999925,0.283,0.323,-0.040000000000000036,0.717,0.677,0.039999999999999925,0.7736,0.7976,-0.02400000000000002,0.1792,0.1909,-0.011699999999999988,-0.2259,-0.0509,-0.175,0.3491,0.4324,-0.08329999999999999,0.0849,0.1286,-0.04369999999999999,0.0314,0.0349,-0.003500000000000003,0.0535,0.0546,-0.0011000000000000038,43.75,18.75,9.375,43.75,6.25,3.125,3.125,3.125,6.25,3.125,50.0,59.375,31.25
2025,CLE,19,tied_early_down,133,strong,stable_team_sample,100.0,1.0,17.1875,25.0,72.91666666666667,51.5625,35.078125,35.078125,close_to_baseline_run_pass_split,slower_than_baseline,close_to_baseline_shotgun_usage,less_efficient_than_baseline,0.4962,0.4983,-0.0021000000000000463,0.5038,0.5017,0.0020999999999999908,0.4962,0.4983,-0.0021000000000000463,0.5789,0.6059,-0.027000000000000024,0.0376,0.0718,-0.0342,-0.0976,0.0018,-0.0994,0.3534,0.4418,-0.08840000000000003,0.1353,0.1285,0.0068000000000000005,0.015,0.0219,-0.0069,0.0301,0.0267,0.0033999999999999968,6.25,12.5,43.75,6.25,15.625,6.25,18.75,59.375,78.125,53.125,87.5,71.875,31.25
2025,CLE,20,leading_early_down,166,strong,stable_team_sample,100.0,1.0,53.125,9.375,14.583333333333334,9.375,34.375,34.375,close_to_baseline_run_pass_split,slower_than_baseline,less_shotgun_than_baseline,less_efficient_than_baseline,0.4157,0.4468,-0.03109999999999996,0.5843,0.5532,0.031100000000000017,0.4157,0.4468,-0.03109999999999996,0.4699,0.5755,-0.10560000000000003,0.0241,0.0709,-0.04680000000000001,-0.3096,0.0115,-0.3211,0.2831,0.4235,-0.14039999999999997,0.0964,0.1332,-0.03680000000000001,0.0361,0.0206,0.0155,0.0422,0.0228,0.0194,46.875,50.0,68.75,46.875,6.25,3.125,6.25,21.875,12.5,21.875,9.375,6.25,12.5
2025,CLE,21,trailing_early_down,461,strong,stable_team_sample,100.0,1.0,28.90625,5.46875,16.666666666666668,65.625,28.4375,28.4375,close_to_baseline_run_pass_split,close_to_baseline_tempo,close_to_baseline_shotgun_usage,less_efficient_than_baseline,0.603,0.5899,0.0131,0.397,0.4101,-0.0131,0.603,0.5899,0.0131,0.6681,0.7068,-0.03869999999999996,0.1388,0.15,-0.011199999999999988,-0.1139,-0.0058,-0.1081,0.3471,0.438,-0.09089999999999998,0.0976,0.1307,-0.033100000000000004,0.0195,0.0281,-0.0086,0.0304,0.0355,-0.005099999999999997,31.25,34.375,18.75,31.25,6.25,3.125,3.125,9.375,6.25,9.375,34.375,75.0,56.25
2025,DAL,1,all_offense,1101,strong,stable_team_sample,100.0,1.0,32.8125,81.25,53.125,54.6875,53.515625,53.515625,close_to_baseline_run_pass_split,close_to_baseline_tempo,less_shotgun_than_baseline,more_efficient_than_baseline,0.5922,0.5737,0.01849999999999996,0.4078,0.4263,-0.018500000000000016,0.5922,0.5737,0.01849999999999996,0.6267,0.6967,-0.06999999999999995,0.0917,0.1039,-0.012200000000000003,0.0952,-0.0054,0.10060000000000001,0.465,0.4345,0.030500000000000027,0.1353,0.1328,0.0025000000000000022,0.0282,0.0274,0.0007999999999999986,0.0282,0.0401,-0.011899999999999997,34.375,46.875,15.625,34.375,87.5,84.375,84.375,68.75,56.25,78.125,25.0,28.125,81.25
2025,DAL,2,early_down,862,strong,stable_team_sample,100.0,1.0,22.65625,85.15625,59.375,51.5625,50.546875,50.546875,close_to_baseline_run_pass_split,close_to_baseline_tempo,less_shotgun_than_baseline,more_efficient_than_baseline,0.5278,0.5246,0.0032000000000000917,0.4722,0.4754,-0.0031999999999999806,0.5278,0.5246,0.0032000000000000917,0.551,0.6436,-0.0925999999999999,0.0951,0.1086,-0.013499999999999998,0.088,0.0014,0.0866,0.4652,0.4339,0.031299999999999994,0.1334,0.1311,0.0022999999999999965,0.0255,0.0244,0.0010999999999999968,0.022,0.0296,-0.007600000000000003,6.25,53.125,25.0,6.25,87.5,87.5,81.25,84.375,59.375,68.75,50.0,28.125,75.0
2025,DAL,3,third_down,205,strong,stable_team_sample,100.0,1.0,60.15625,55.078125,50.0,73.4375,60.68359375,60.68359375,more_dropback_heavy_than_baseline,close_to_baseline_tempo,close_to_baseline_shotgun_usage,more_efficient_than_baseline,0.8293,0.7494,0.07990000000000008,0.1707,0.2506,-0.0799,0.8293,0.7494,0.07990000000000008,0.9122,0.8953,0.016900000000000026,0.0829,0.0875,-0.004599999999999993,0.0355,-0.0507,0.0862,0.4341,0.4242,0.009899999999999964,0.1415,0.1404,0.0010999999999999899,0.0293,0.0359,-0.006600000000000002,0.0537,0.0778,-0.024099999999999996,96.875,37.5,9.375,96.875,62.5,59.375,78.125,20.3125,53.125,90.625,6.25,68.75,78.125
2025,DAL,4,fourth_down,34,thin,small_team_sample,55.0,0.75,67.1875,66.40625,56.25,43.75,62.3984375,46.798828125,more_dropback_heavy_than_baseline,slower_than_baseline,more_shotgun_than_baseline,more_efficient_than_baseline,0.7941,0.6225,0.17159999999999997,0.2059,0.3775,-0.1716,0.7941,0.6225,0.17159999999999997,0.8235,0.675,0.14849999999999997,0.0588,0.0943,-0.0355,0.6383,0.1649,0.4734,0.6471,0.5443,0.1028,0.1471,0.1209,0.026200000000000015,0.0882,0.0492,0.039,0.0294,0.0504,-0.021,87.5,71.875,21.875,87.5,78.125,81.25,81.25,25.0,53.125,59.375,56.25,18.75,68.75
2025,DAL,5,short_yardage,115,strong,stable_team_sample,100.0,1.0,59.375,90.625,64.58333333333333,70.3125,71.09375,71.09375,more_dropback_heavy_than_baseline,slower_than_baseline,less_shotgun_than_baseline,more_efficient_than_baseline,0.4261,0.3476,0.07849999999999996,0.5739,0.6524,-0.07850000000000001,0.4261,0.3476,0.07849999999999996,0.4696,0.5322,-0.06259999999999999,0.1043,0.1642,-0.05990000000000001,0.3443,0.0647,0.2796,0.6348,0.5961,0.03870000000000007,0.113,0.0906,0.022400000000000003,0.0087,0.0214,-0.0127,0.0174,0.0229,-0.005500000000000001,81.25,28.125,46.875,81.25,100.0,71.875,93.75,96.875,81.25,96.875,15.625,87.5,53.125
2025,DAL,6,red_zone,196,strong,stable_team_sample,100.0,1.0,46.875,36.71875,64.58333333333333,26.5625,47.6171875,47.6171875,more_dropback_heavy_than_baseline,slower_than_baseline,less_shotgun_than_baseline,less_efficient_than_baseline,0.5612,0.5029,0.05830000000000002,0.4388,0.4971,-0.05829999999999996,0.5612,0.5029,0.05830000000000002,0.5918,0.6589,-0.06710000000000005,0.0663,0.0945,-0.028200000000000003,-0.0805,-0.0022,-0.07830000000000001,0.4031,0.4224,-0.019299999999999984,0.0561,0.0512,0.004899999999999995,0.0408,0.0258,0.015000000000000003,0.0306,0.0328,-0.002200000000000004,59.375,40.625,28.125,59.375,31.25,37.5,37.5,40.625,68.75,68.75,56.25,6.25,46.875
2025,DAL,7,goal_to_go,74,good,usable_team_sample,80.0,0.9,32.03125,51.5625,39.0625,29.6875,40.1328125,36.11953125,close_to_baseline_run_pass_split,faster_than_baseline,less_shotgun_than_baseline,less_efficient_than_baseline,0.5,0.4757,0.02429999999999999,0.5,0.5243,-0.02429999999999999,0.5,0.4757,0.02429999999999999,0.5135,0.611,-0.09750000000000003,0.1081,0.0861,0.022000000000000006,-0.1413,0.0097,-0.15100000000000002,0.473,0.438,0.034999999999999976,0.0,0.0074,-0.0074,0.0405,0.0243,0.016200000000000003,0.0405,0.0306,0.009900000000000003,21.875,53.125,31.25,21.875,18.75,65.625,59.375,62.5,32.8125,43.75,40.625,21.875,37.5
2025,DAL,8,two_minute_half,118,strong,stable_team_sample,100.0,1.0,46.875,100.0,98.95833333333333,42.1875,70.15625,70.15625,close_to_baseline_run_pass_split,faster_than_baseline,less_shotgun_than_baseline,more_efficient_than_baseline,0.6949,0.7349,-0.040000000000000036,0.3051,0.2651,0.03999999999999998,0.6949,0.7349,-0.040000000000000036,0.8051,0.8778,-0.07269999999999999,0.2034,0.1634,0.04000000000000001,0.3735,0.0083,0.3652,0.5424,0.4231,0.11930000000000002,0.2119,0.1271,0.08480000000000001,0.0424,0.0356,0.0068000000000000005,0.0424,0.0516,-0.0092,43.75,62.5,37.5,43.75,100.0,100.0,100.0,100.0,100.0,100.0,96.875,31.25,53.125
2025,DAL,9,two_minute_game,50,good,usable_team_sample,80.0,0.9,27.34375,75.0,87.5,35.9375,51.7734375,46.59609375,more_run_heavy_than_baseline,close_to_baseline_tempo,less_shotgun_than_baseline,more_efficient_than_baseline,0.62,0.6818,-0.061799999999999966,0.38,0.3182,0.06180000000000002,0.62,0.6818,-0.061799999999999966,0.74,0.8173,-0.07730000000000004,0.16,0.1726,-0.0126,0.0694,-0.06,0.12940000000000002,0.46,0.3942,0.06580000000000003,0.26,0.1268,0.1332,0.08,0.0394,0.040600000000000004,0.04,0.0504,-0.0104,31.25,31.25,15.625,31.25,75.0,78.125,96.875,50.0,100.0,100.0,62.5,9.375,62.5
2025,DAL,10,one_score,677,strong,stable_team_sample,100.0,1.0,39.84375,78.90625,56.25,85.15625,59.609375,59.609375,close_to_baseline_run_pass_split,close_to_baseline_tempo,less_shotgun_than_baseline,more_efficient_than_baseline,0.582,0.565,0.017000000000000015,0.418,0.435,-0.017000000000000015,0.582,0.565,0.017000000000000015,0.6086,0.6859,-0.07729999999999992,0.0665,0.0863,-0.019799999999999998,0.1262,0.0035,0.1227,0.4653,0.4369,0.02839999999999998,0.1403,0.1332,0.007099999999999995,0.0177,0.0265,-0.008799999999999999,0.0266,0.0381,-0.011500000000000003,40.625,56.25,21.875,40.625,90.625,78.125,81.25,65.625,65.625,78.125,25.0,82.8125,87.5
2025,DAL,11,neutral_early_down,418,strong,stable_team_sample,100.0,1.0,27.34375,71.484375,44.791666666666664,83.59375,50.25390625,50.25390625,close_to_baseline_run_pass_split,slower_than_baseline,less_shotgun_than_baseline,more_efficient_than_baseline,0.5311,0.5215,0.009600000000000053,0.4689,0.4785,-0.009599999999999997,0.5311,0.5215,0.009600000000000053,0.5239,0.6282,-0.10429999999999995,0.0598,0.0855,-0.025700000000000008,0.1099,0.013,0.0969,0.4665,0.4391,0.027400000000000035,0.134,0.1443,-0.010300000000000004,0.0144,0.0226,-0.008199999999999999,0.0191,0.0278,-0.0087,15.625,56.25,21.875,15.625,90.625,81.25,62.5,51.5625,46.875,56.25,31.25,81.25,85.9375
2025,DAL,12,tied,210,strong,stable_team_sample,100.0,1.0,38.28125,75.78125,61.979166666666664,56.25,56.09375,56.09375,close_to_baseline_run_pass_split,slower_than_baseline,less_shotgun_than_baseline,more_efficient_than_baseline,0.5381,0.5522,-0.014100000000000001,0.4619,0.4478,0.014100000000000001,0.5381,0.5522,-0.014100000000000001,0.5714,0.6675,-0.09609999999999996,0.0381,0.0716,-0.033499999999999995,0.0516,-0.0028,0.0544,0.481,0.4433,0.037699999999999956,0.1333,0.1307,0.002599999999999991,0.0286,0.0252,0.0034000000000000002,0.0286,0.0369,-0.008300000000000002,28.125,59.375,37.5,28.125,71.875,78.125,78.125,75.0,67.1875,90.625,28.125,40.625,71.875
2025,DAL,13,leading,265,strong,stable_team_sample,100.0,1.0,21.09375,70.3125,49.479166666666664,71.875,46.6796875,46.6796875,close_to_baseline_run_pass_split,slower_than_baseline,less_shotgun_than_baseline,more_efficient_than_baseline,0.5094,0.504,0.00539999999999996,0.4906,0.496,-0.005400000000000016,0.5094,0.504,0.00539999999999996,0.5509,0.6358,-0.08490000000000009,0.0453,0.0687,-0.023399999999999997,0.139,0.0162,0.12280000000000002,0.4453,0.4269,0.018399999999999972,0.1321,0.1357,-0.003599999999999992,0.0075,0.0228,-0.015300000000000001,0.0302,0.0318,-0.0016000000000000007,3.125,50.0,28.125,3.125,87.5,62.5,65.625,65.625,43.75,73.4375,31.25,87.5,56.25
2025,DAL,14,trailing,626,strong,stable_team_sample,100.0,1.0,36.71875,71.875,50.0,53.125,52.3046875,52.3046875,close_to_baseline_run_pass_split,close_to_baseline_tempo,less_shotgun_than_baseline,more_efficient_than_baseline,0.6454,0.6309,0.014499999999999957,0.3546,0.3691,-0.014499999999999957,0.6454,0.6309,0.014499999999999957,0.6773,0.7508,-0.07350000000000001,0.1294,0.1414,-0.01200000000000001,0.0913,-0.0215,0.11280000000000001,0.4681,0.4364,0.031700000000000006,0.1374,0.1316,0.0058,0.0367,0.0315,0.005200000000000003,0.0272,0.0472,-0.02,37.5,56.25,15.625,37.5,75.0,75.0,78.125,59.375,53.125,53.125,43.75,21.875,84.375
2025,DAL,15,leading_one_score,140,strong,stable_team_sample,100.0,1.0,35.9375,66.40625,63.020833333333336,65.625,53.7890625,53.7890625,close_to_baseline_run_pass_split,slower_than_baseline,less_shotgun_than_baseline,more_efficient_than_baseline,0.5214,0.5341,-0.012700000000000045,0.4786,0.4659,0.012700000000000045,0.5214,0.5341,-0.012700000000000045,0.5429,0.6624,-0.11949999999999994,0.0429,0.075,-0.0321,0.166,0.0136,0.1524,0.45,0.4278,0.022199999999999998,0.15,0.1347,0.015300000000000008,0.0071,0.0244,-0.017300000000000003,0.0357,0.0343,0.0014000000000000054,18.75,71.875,34.375,18.75,90.625,68.75,71.875,34.375,70.3125,81.25,37.5,87.5,43.75
2025,DAL,16,leading_two_plus_scores,125,strong,stable_team_sample,100.0,1.0,29.032258064516128,67.33870967741936,31.72043010752688,69.35483870967741,46.59274193548387,46.59274193548387,close_to_baseline_run_pass_split,close_to_baseline_tempo,close_to_baseline_shotgun_usage,more_efficient_than_baseline,0.496,0.4563,0.03970000000000001,0.504,0.5437,-0.03969999999999996,0.496,0.4563,0.03970000000000001,0.56,0.5937,-0.03369999999999995,0.048,0.0586,-0.010599999999999998,0.1088,0.0204,0.08839999999999999,0.44,0.4256,0.014400000000000024,0.112,0.1375,-0.02550000000000001,0.008,0.0203,-0.012299999999999998,0.024,0.0278,-0.003799999999999998,41.935483870967744,29.03225806451613,3.225806451612903,41.935483870967744,77.41935483870968,61.29032258064516,53.2258064516129,77.41935483870968,25.806451612903224,46.774193548387096,22.58064516129032,74.19354838709677,64.51612903225806
2025,DAL,17,trailing_one_score,327,strong,stable_team_sample,100.0,1.0,48.4375,74.21875,53.125,89.0625,62.2265625,62.2265625,close_to_baseline_run_pass_split,close_to_baseline_tempo,less_shotgun_than_baseline,more_efficient_than_baseline,0.6361,0.5968,0.0393,0.3639,0.4032,-0.0393,0.6361,0.5968,0.0393,0.6606,0.7163,-0.05570000000000008,0.0948,0.1048,-0.010000000000000009,0.157,0.0002,0.1568,0.4618,0.4393,0.022499999999999964,0.1407,0.1338,0.0068999999999999895,0.0153,0.029,-0.013700000000000002,0.0214,0.0417,-0.020300000000000002,62.5,53.125,15.625,62.5,87.5,65.625,71.875,71.875,59.375,59.375,40.625,93.75,84.375
2025,DAL,18,trailing_two_plus_scores,299,strong,stable_team_sample,100.0,1.0,33.59375,62.5,51.041666666666664,43.75,47.7734375,47.7734375,close_to_baseline_run_pass_split,slower_than_baseline,less_shotgun_than_baseline,more_efficient_than_baseline,0.6555,0.677,-0.021500000000000075,0.3445,0.323,0.021499999999999964,0.6555,0.677,-0.021500000000000075,0.6957,0.7976,-0.10189999999999999,0.1672,0.1909,-0.0237,0.0195,-0.0509,0.0704,0.4749,0.4324,0.04249999999999998,0.1338,0.1286,0.00520000000000001,0.0602,0.0349,0.025299999999999996,0.0334,0.0546,-0.021200000000000004,28.125,62.5,15.625,28.125,53.125,75.0,81.25,40.625,50.0,56.25,46.875,9.375,78.125
2025,DAL,19,tied_early_down,162,strong,stable_team_sample,100.0,1.0,62.5,79.6875,64.58333333333333,51.5625,67.890625,67.890625,more_run_heavy_than_baseline,slower_than_baseline,less_shotgun_than_baseline,more_efficient_than_baseline,0.4444,0.4983,-0.0539,0.5556,0.5017,0.05389999999999995,0.4444,0.4983,-0.0539,0.4753,0.6059,-0.1306,0.0309,0.0718,-0.040900000000000006,0.061,0.0018,0.059199999999999996,0.4938,0.4418,0.05199999999999999,0.1296,0.1285,0.0010999999999999899,0.0309,0.0219,0.009000000000000001,0.0185,0.0267,-0.008200000000000002,65.625,62.5,56.25,65.625,75.0,87.5,78.125,78.125,75.0,75.0,43.75,28.125,75.0
2025,DAL,20,leading_early_down,203,strong,stable_team_sample,100.0,1.0,21.875,68.75,46.875,60.9375,45.15625,45.15625,close_to_baseline_run_pass_split,slower_than_baseline,less_shotgun_than_baseline,more_efficient_than_baseline,0.4483,0.4468,0.0015000000000000013,0.5517,0.5532,-0.0015000000000000568,0.4483,0.4468,0.0015000000000000013,0.4631,0.5755,-0.1124,0.0443,0.0709,-0.026600000000000006,0.1266,0.0115,0.1151,0.4384,0.4235,0.014900000000000024,0.1281,0.1332,-0.005100000000000021,0.0049,0.0206,-0.0157,0.0296,0.0228,0.0068000000000000005,3.125,56.25,25.0,3.125,84.375,62.5,46.875,81.25,43.75,53.125,43.75,87.5,34.375
2025,DAL,21,trailing_early_down,497,strong,stable_team_sample,100.0,1.0,25.0,75.0,51.5625,53.125,48.046875,48.046875,close_to_baseline_run_pass_split,close_to_baseline_tempo,less_shotgun_than_baseline,more_efficient_than_baseline,0.5875,0.5899,-0.0023999999999999577,0.4125,0.4101,0.0023999999999999577,0.5875,0.5899,-0.0023999999999999577,0.6117,0.7068,-0.09509999999999996,0.1368,0.15,-0.01319999999999999,0.081,-0.0058,0.0868,0.4668,0.438,0.028799999999999992,0.1368,0.1307,0.006099999999999994,0.0322,0.0281,0.0040999999999999995,0.0201,0.0355,-0.015399999999999997,9.375,56.25,25.0,9.375,71.875,68.75,84.375,75.0,53.125,45.3125,56.25,28.125,78.125
2025,DEN,1,all_offense,1073,strong,stable_team_sample,100.0,1.0,32.8125,53.90625,43.229166666666664,98.4375,49.5703125,49.5703125,close_to_baseline_run_pass_split,faster_than_baseline,close_to_baseline_shotgun_usage,more_efficient_than_baseline,0.5918,0.5737,0.018100000000000005,0.4082,0.4263,-0.018100000000000005,0.5918,0.5737,0.018100000000000005,0.6552,0.6967,-0.04149999999999998,0.1295,0.1039,0.025599999999999998,0.0478,-0.0054,0.053200000000000004,0.4408,0.4345,0.006300000000000028,0.1249,0.1328,-0.007900000000000004,0.0168,0.0274,-0.010600000000000002,0.0214,0.0401,-0.018699999999999998,31.25,37.5,31.25,31.25,71.875,53.125,46.875,43.75,40.625,35.9375,53.125,96.875,100.0
2025,DEN,2,early_down,821,strong,stable_team_sample,100.0,1.0,20.3125,50.78125,28.125,95.3125,40.5859375,40.5859375,close_to_baseline_run_pass_split,close_to_baseline_tempo,close_to_baseline_shotgun_usage,more_efficient_than_baseline,0.5335,0.5246,0.008900000000000019,0.4665,0.4754,-0.008899999999999963,0.5335,0.5246,0.008900000000000019,0.6029,0.6436,-0.04069999999999996,0.1181,0.1086,0.009499999999999995,0.0406,0.0014,0.0392,0.4373,0.4339,0.003400000000000014,0.1133,0.1311,-0.017799999999999996,0.011,0.0244,-0.013400000000000002,0.0171,0.0296,-0.0125,20.3125,28.125,12.5,20.3125,68.75,43.75,37.5,53.125,18.75,12.5,53.125,100.0,90.625
2025,DEN,3,third_down,232,strong,stable_team_sample,100.0,1.0,74.21875,66.796875,70.3125,75.0,73.14453125,73.14453125,close_to_baseline_run_pass_split,faster_than_baseline,close_to_baseline_shotgun_usage,more_efficient_than_baseline,0.7974,0.7494,0.04800000000000004,0.2026,0.2506,-0.04799999999999999,0.7974,0.7494,0.04800000000000004,0.8621,0.8953,-0.03320000000000001,0.1767,0.0875,0.0892,0.0476,-0.0507,0.0983,0.4483,0.4242,0.024099999999999955,0.1595,0.1404,0.019100000000000006,0.0302,0.0359,-0.0057,0.0388,0.0778,-0.03899999999999999,71.875,59.375,93.75,71.875,65.625,71.875,75.0,54.6875,81.25,71.875,57.8125,62.5,87.5
2025,DEN,4,fourth_down,20,thin,small_team_sample,55.0,0.75,44.53125,37.109375,72.91666666666667,49.21875,47.92578125,35.9443359375,close_to_baseline_run_pass_split,slower_than_baseline,less_shotgun_than_baseline,more_efficient_than_baseline,0.6,0.6225,-0.022500000000000075,0.4,0.3775,0.02250000000000002,0.6,0.6225,-0.022500000000000075,0.4,0.675,-0.275,0.05,0.0943,-0.04429999999999999,0.347,0.1649,0.18209999999999998,0.5,0.5443,-0.044300000000000006,0.2,0.1209,0.07910000000000002,0.1,0.0492,0.050800000000000005,0.0,0.0504,-0.0504,21.875,100.0,34.375,21.875,59.375,35.9375,32.8125,20.3125,93.75,96.875,28.125,12.5,85.9375
2025,DEN,5,short_yardage,117,strong,stable_team_sample,100.0,1.0,21.09375,32.03125,68.75,62.5,39.0625,39.0625,close_to_baseline_run_pass_split,close_to_baseline_tempo,less_shotgun_than_baseline,more_efficient_than_baseline,0.359,0.3476,0.011399999999999966,0.641,0.6524,-0.011399999999999966,0.359,0.3476,0.011399999999999966,0.3932,0.5322,-0.139,0.1709,0.1642,0.006699999999999984,0.0963,0.0647,0.0316,0.547,0.5961,-0.04909999999999992,0.1197,0.0906,0.0291,0.0256,0.0214,0.004200000000000002,0.0085,0.0229,-0.0144,9.375,59.375,6.25,9.375,59.375,21.875,25.0,21.875,87.5,93.75,25.0,42.1875,82.8125
2025,DEN,6,red_zone,164,strong,stable_team_sample,100.0,1.0,35.15625,69.140625,70.83333333333333,87.5,57.48046875,57.48046875,more_dropback_heavy_than_baseline,close_to_baseline_tempo,close_to_baseline_shotgun_usage,more_efficient_than_baseline,0.5549,0.5029,0.051999999999999935,0.4451,0.4971,-0.05199999999999999,0.5549,0.5029,0.051999999999999935,0.6098,0.6589,-0.04910000000000003,0.0976,0.0945,0.0031000000000000055,0.1406,-0.0022,0.1428,0.439,0.4224,0.016600000000000004,0.061,0.0512,0.009799999999999996,0.0061,0.0258,-0.0197,0.0183,0.0328,-0.014500000000000002,50.0,34.375,6.25,50.0,90.625,62.5,65.625,57.8125,71.875,65.625,75.0,93.75,81.25
2025,DEN,7,goal_to_go,56,good,usable_team_sample,80.0,0.9,20.3125,46.875,39.0625,86.71875,39.390625,35.4515625,close_to_baseline_run_pass_split,close_to_baseline_tempo,less_shotgun_than_baseline,more_efficient_than_baseline,0.4821,0.4757,0.006399999999999961,0.5179,0.5243,-0.006399999999999961,0.4821,0.4757,0.006399999999999961,0.5179,0.611,-0.09309999999999996,0.0893,0.0861,0.0032000000000000084,0.0913,0.0097,0.0816,0.4643,0.438,0.02629999999999999,0.0,0.0074,-0.0074,0.0,0.0243,-0.0243,0.0,0.0306,-0.0306,12.5,50.0,6.25,12.5,68.75,59.375,28.125,31.25,32.8125,43.75,40.625,87.5,85.9375
2025,DEN,8,two_minute_half,107,strong,stable_team_sample,100.0,1.0,37.890625,66.796875,39.583333333333336,95.3125,54.21875,54.21875,close_to_baseline_run_pass_split,close_to_baseline_tempo,close_to_baseline_shotgun_usage,more_efficient_than_baseline,0.7757,0.7349,0.04079999999999995,0.2243,0.2651,-0.0408,0.7757,0.7349,0.04079999999999995,0.8318,0.8778,-0.04600000000000004,0.1682,0.1634,0.004799999999999999,0.1572,0.0083,0.1489,0.4206,0.4231,-0.0025000000000000022,0.1121,0.1271,-0.014999999999999986,0.0093,0.0356,-0.0263,0.0187,0.0516,-0.0329,46.875,43.75,14.0625,46.875,84.375,43.75,42.1875,96.875,28.125,25.0,65.625,96.875,93.75
2025,DEN,9,two_minute_game,34,thin,small_team_sample,55.0,0.75,88.28125,53.125,60.416666666666664,78.90625,72.7109375,54.533203125,more_run_heavy_than_baseline,slower_than_baseline,less_shotgun_than_baseline,close_to_baseline_efficiency,0.5,0.6818,-0.18179999999999996,0.5,0.3182,0.18180000000000002,0.5,0.6818,-0.18179999999999996,0.5588,0.8173,-0.25850000000000006,0.0588,0.1726,-0.11380000000000001,-0.0447,-0.06,0.015300000000000001,0.3824,0.3942,-0.011799999999999977,0.1471,0.1268,0.020300000000000012,0.0,0.0394,-0.0394,0.0294,0.0504,-0.021,89.0625,96.875,78.125,89.0625,46.875,43.75,46.875,75.0,62.5,37.5,81.25,89.0625,68.75
2025,DEN,10,one_score,806,strong,stable_team_sample,100.0,1.0,44.53125,44.53125,47.916666666666664,92.96875,52.65625,52.65625,close_to_baseline_run_pass_split,faster_than_baseline,close_to_baseline_shotgun_usage,more_efficient_than_baseline,0.5906,0.565,0.025600000000000067,0.4094,0.435,-0.02560000000000001,0.5906,0.565,0.025600000000000067,0.6514,0.6859,-0.034499999999999975,0.1228,0.0863,0.036500000000000005,0.0424,0.0035,0.0389,0.4355,0.4369,-0.0014000000000000123,0.129,0.1332,-0.004200000000000009,0.0174,0.0265,-0.0091,0.0186,0.0381,-0.019500000000000003,53.125,21.875,50.0,53.125,59.375,37.5,37.5,43.75,46.875,46.875,50.0,89.0625,96.875
2025,DEN,11,neutral_early_down,511,strong,stable_team_sample,100.0,1.0,28.125,35.9375,18.75,92.1875,38.671875,38.671875,close_to_baseline_run_pass_split,faster_than_baseline,close_to_baseline_shotgun_usage,close_to_baseline_efficiency,0.5479,0.5215,0.02640000000000009,0.4521,0.4785,-0.02639999999999998,0.5479,0.5215,0.02640000000000009,0.6027,0.6282,-0.025499999999999967,0.1155,0.0855,0.03,-0.0108,0.013,-0.0238,0.4188,0.4391,-0.020299999999999985,0.1135,0.1443,-0.030800000000000008,0.0137,0.0226,-0.008899999999999998,0.0157,0.0278,-0.0121,34.375,15.625,28.125,34.375,34.375,25.0,15.625,68.75,12.5,18.75,25.0,90.625,93.75
2025,DEN,12,tied,254,strong,stable_team_sample,100.0,1.0,42.1875,32.8125,25.0,62.5,42.1875,42.1875,close_to_baseline_run_pass_split,faster_than_baseline,close_to_baseline_shotgun_usage,less_efficient_than_baseline,0.5748,0.5522,0.022599999999999953,0.4252,0.4478,-0.022599999999999953,0.5748,0.5522,0.022599999999999953,0.6654,0.6675,-0.0020999999999999908,0.1299,0.0716,0.05829999999999999,-0.0685,-0.0028,-0.06570000000000001,0.4606,0.4433,0.017299999999999982,0.0984,0.1307,-0.03230000000000001,0.0236,0.0252,-0.0016000000000000007,0.0276,0.0369,-0.009300000000000003,43.75,3.125,78.125,43.75,21.875,65.625,40.625,3.125,15.625,12.5,46.875,50.0,75.0
2025,DEN,13,leading,397,strong,stable_team_sample,100.0,1.0,41.40625,30.46875,23.958333333333332,60.15625,40.859375,40.859375,close_to_baseline_run_pass_split,close_to_baseline_tempo,less_shotgun_than_baseline,less_efficient_than_baseline,0.539,0.504,0.03500000000000003,0.461,0.496,-0.034999999999999976,0.539,0.504,0.03500000000000003,0.5668,0.6358,-0.06900000000000006,0.0856,0.0687,0.0169,-0.0283,0.0162,-0.0445,0.4106,0.4269,-0.01629999999999998,0.1134,0.1357,-0.022299999999999986,0.0202,0.0228,-0.0026000000000000016,0.0252,0.0318,-0.006600000000000002,62.5,34.375,6.25,62.5,34.375,34.375,28.125,25.0,15.625,18.75,37.5,40.625,79.6875
2025,DEN,14,trailing,422,strong,stable_team_sample,100.0,1.0,35.9375,81.25,66.66666666666667,98.4375,61.328125,61.328125,close_to_baseline_run_pass_split,faster_than_baseline,close_to_baseline_shotgun_usage,more_efficient_than_baseline,0.6517,0.6309,0.02079999999999993,0.3483,0.3691,-0.020799999999999985,0.6517,0.6309,0.02079999999999993,0.7322,0.7508,-0.01860000000000006,0.1706,0.1414,0.029200000000000004,0.1895,-0.0215,0.211,0.4573,0.4364,0.020899999999999974,0.1517,0.1316,0.020100000000000007,0.0095,0.0315,-0.022,0.0142,0.0472,-0.033,43.75,21.875,34.375,43.75,96.875,62.5,68.75,96.875,71.875,78.125,50.0,100.0,96.875
2025,DEN,15,leading_one_score,246,strong,stable_team_sample,100.0,1.0,22.65625,20.3125,31.25,62.5,31.2109375,31.2109375,close_to_baseline_run_pass_split,close_to_baseline_tempo,less_shotgun_than_baseline,less_efficient_than_baseline,0.5447,0.5341,0.010599999999999943,0.4553,0.4659,-0.010599999999999998,0.5447,0.5341,0.010599999999999943,0.565,0.6624,-0.09740000000000004,0.0854,0.075,0.010400000000000006,-0.0807,0.0136,-0.0943,0.3821,0.4278,-0.04570000000000002,0.1179,0.1347,-0.01679999999999998,0.0285,0.0244,0.0040999999999999995,0.0163,0.0343,-0.018,12.5,59.375,6.25,12.5,18.75,15.625,21.875,25.0,21.875,21.875,50.0,28.125,96.875
2025,DEN,16,leading_two_plus_scores,151,strong,stable_team_sample,100.0,1.0,52.41935483870968,58.467741935483865,24.731182795698928,58.064516129032256,52.721774193548384,52.721774193548384,more_dropback_heavy_than_baseline,faster_than_baseline,close_to_baseline_shotgun_usage,more_efficient_than_baseline,0.5298,0.4563,0.07350000000000007,0.4702,0.5437,-0.07349999999999995,0.5298,0.4563,0.07350000000000007,0.5695,0.5937,-0.0242,0.0861,0.0586,0.027499999999999997,0.057,0.0204,0.0366,0.457,0.4256,0.03140000000000004,0.106,0.1375,-0.031500000000000014,0.0066,0.0203,-0.013699999999999999,0.0397,0.0278,0.0119,77.41935483870968,19.35483870967742,35.483870967741936,77.41935483870968,61.29032258064516,83.87096774193549,61.29032258064516,27.419354838709676,16.129032258064516,29.03225806451613,29.03225806451613,83.87096774193549,32.25806451612903
2025,DEN,17,trailing_one_score,306,strong,stable_team_sample,100.0,1.0,50.78125,82.8125,70.83333333333333,96.875,68.8671875,68.8671875,close_to_baseline_run_pass_split,faster_than_baseline,close_to_baseline_shotgun_usage,more_efficient_than_baseline,0.6405,0.5968,0.04369999999999996,0.3595,0.4032,-0.04370000000000002,0.6405,0.5968,0.04369999999999996,0.7092,0.7163,-0.007099999999999995,0.1471,0.1048,0.042300000000000004,0.2335,0.0002,0.2333,0.4575,0.4393,0.018199999999999994,0.1634,0.1338,0.029599999999999987,0.0033,0.029,-0.0257,0.0131,0.0417,-0.0286,75.0,6.25,46.875,75.0,96.875,62.5,75.0,96.875,84.375,90.625,37.5,100.0,93.75
2025,DEN,18,trailing_two_plus_scores,116,strong,stable_team_sample,100.0,1.0,12.5,67.96875,42.708333333333336,81.25,42.1484375,42.1484375,close_to_baseline_run_pass_split,faster_than_baseline,close_to_baseline_shotgun_usage,more_efficient_than_baseline,0.681,0.677,0.0040000000000000036,0.319,0.323,-0.0040000000000000036,0.681,0.677,0.0040000000000000036,0.7931,0.7976,-0.0044999999999999485,0.2328,0.1909,0.04190000000000002,0.0733,-0.0509,0.1242,0.4569,0.4324,0.024499999999999966,0.1207,0.1286,-0.00789999999999999,0.0259,0.0349,-0.009000000000000001,0.0172,0.0546,-0.0374,6.25,6.25,31.25,6.25,71.875,59.375,59.375,81.25,34.375,37.5,56.25,68.75,93.75
2025,DEN,19,tied_early_down,193,strong,stable_team_sample,100.0,1.0,32.03125,28.90625,31.25,60.9375,37.421875,37.421875,close_to_baseline_run_pass_split,faster_than_baseline,close_to_baseline_shotgun_usage,less_efficient_than_baseline,0.5285,0.4983,0.03019999999999995,0.4715,0.5017,-0.03020000000000006,0.5285,0.4983,0.03019999999999995,0.6166,0.6059,0.010700000000000043,0.0933,0.0718,0.02149999999999999,-0.0614,0.0018,-0.0632,0.456,0.4418,0.01419999999999999,0.1036,0.1285,-0.024900000000000005,0.0207,0.0219,-0.0011999999999999997,0.0207,0.0267,-0.006000000000000002,46.875,9.375,25.0,46.875,28.125,56.25,25.0,6.25,25.0,15.625,53.125,53.125,68.75
2025,DEN,20,leading_early_down,300,strong,stable_team_sample,100.0,1.0,15.625,39.0625,22.916666666666668,78.125,33.046875,33.046875,close_to_baseline_run_pass_split,close_to_baseline_tempo,less_shotgun_than_baseline,close_to_baseline_efficiency,0.46,0.4468,0.013200000000000045,0.54,0.5532,-0.01319999999999999,0.46,0.4468,0.013200000000000045,0.5067,0.5755,-0.06879999999999997,0.0833,0.0709,0.012399999999999994,-0.005,0.0115,-0.0165,0.4133,0.4235,-0.010199999999999987,0.0967,0.1332,-0.03650000000000002,0.0067,0.0206,-0.0139,0.0167,0.0228,-0.006100000000000001,15.625,25.0,6.25,15.625,50.0,37.5,37.5,31.25,15.625,15.625,37.5,79.6875,76.5625
2025,DEN,21,trailing_early_down,328,strong,stable_team_sample,100.0,1.0,28.125,80.46875,47.916666666666664,95.3125,54.4921875,54.4921875,close_to_baseline_run_pass_split,close_to_baseline_tempo,close_to_baseline_shotgun_usage,more_efficient_than_baseline,0.6037,0.5899,0.013800000000000034,0.3963,0.4101,-0.013800000000000034,0.6037,0.5899,0.013800000000000034,0.6829,0.7068,-0.023900000000000032,0.1646,0.15,0.014600000000000002,0.1423,-0.0058,0.1481,0.4482,0.438,0.010199999999999987,0.1341,0.1307,0.0033999999999999864,0.0091,0.0281,-0.019,0.0152,0.0355,-0.0203,34.375,15.625,28.125,34.375,93.75,59.375,68.75,100.0,50.0,50.0,43.75,100.0,90.625
2025,DET,1,all_offense,1050,strong,stable_team_sample,100.0,1.0,50.0,78.515625,67.70833333333333,70.3125,64.31640625,64.31640625,close_to_baseline_run_pass_split,slower_than_baseline,less_shotgun_than_baseline,more_efficient_than_baseline,0.5895,0.5737,0.015800000000000036,0.4105,0.4263,-0.015800000000000036,0.5895,0.5737,0.015800000000000036,0.5152,0.6967,-0.1815,0.061,0.1039,-0.04290000000000001,0.0813,-0.0054,0.0867,0.4524,0.4345,0.017900000000000027,0.1476,0.1328,0.014800000000000008,0.0181,0.0274,-0.0093,0.0371,0.0401,-0.0029999999999999957,28.125,87.5,56.25,28.125,81.25,65.625,81.25,85.9375,81.25,93.75,28.125,87.5,53.125
2025,DET,2,early_down,806,strong,stable_team_sample,100.0,1.0,45.3125,83.984375,72.91666666666667,75.78125,64.90234375,64.90234375,close_to_baseline_run_pass_split,slower_than_baseline,less_shotgun_than_baseline,more_efficient_than_baseline,0.5335,0.5246,0.008900000000000019,0.4665,0.4754,-0.008899999999999963,0.5335,0.5246,0.008900000000000019,0.4194,0.6436,-0.22419999999999995,0.0682,0.1086,-0.040400000000000005,0.1029,0.0014,0.1015,0.4603,0.4339,0.02639999999999998,0.1514,0.1311,0.020300000000000012,0.0136,0.0244,-0.010800000000000002,0.0261,0.0296,-0.0034999999999999996,20.3125,90.625,50.0,20.3125,90.625,76.5625,90.625,78.125,75.0,100.0,43.75,96.875,54.6875
2025,DET,3,third_down,213,strong,stable_team_sample,100.0,1.0,46.875,46.09375,47.916666666666664,32.8125,48.0859375,48.0859375,close_to_baseline_run_pass_split,slower_than_baseline,close_to_baseline_shotgun_usage,close_to_baseline_efficiency,0.7793,0.7494,0.029900000000000038,0.2207,0.2506,-0.029899999999999982,0.7793,0.7494,0.029900000000000038,0.8685,0.8953,-0.026799999999999935,0.0376,0.0875,-0.04989999999999999,-0.0713,-0.0507,-0.0206,0.4038,0.4242,-0.02040000000000003,0.1362,0.1404,-0.004200000000000009,0.0376,0.0359,0.0017000000000000001,0.0798,0.0778,0.0020000000000000018,46.875,46.875,46.875,46.875,40.625,31.25,40.625,71.875,46.875,62.5,34.375,28.125,37.5
2025,DET,4,fourth_down,31,thin,small_team_sample,55.0,0.75,64.84375,70.3125,51.041666666666664,77.34375,64.8984375,48.673828125,more_dropback_heavy_than_baseline,slower_than_baseline,less_shotgun_than_baseline,more_efficient_than_baseline,0.7419,0.6225,0.11939999999999995,0.2581,0.3775,-0.1194,0.7419,0.6225,0.11939999999999995,0.5806,0.675,-0.09440000000000004,0.0323,0.0943,-0.06199999999999999,0.5681,0.1649,0.40320000000000006,0.5806,0.5443,0.0363,0.129,0.1209,0.00810000000000001,0.0,0.0492,-0.0492,0.0323,0.0504,-0.018099999999999998,71.875,53.125,62.5,71.875,71.875,59.375,53.125,96.875,50.0,75.0,28.125,92.1875,62.5
2025,DET,5,short_yardage,105,strong,stable_team_sample,100.0,1.0,50.0,50.78125,55.208333333333336,62.5,54.7265625,54.7265625,close_to_baseline_run_pass_split,slower_than_baseline,less_shotgun_than_baseline,more_efficient_than_baseline,0.3905,0.3476,0.042899999999999994,0.6095,0.6524,-0.04289999999999994,0.3905,0.3476,0.042899999999999994,0.3905,0.5322,-0.1417,0.0857,0.1642,-0.07850000000000001,0.1454,0.0647,0.08070000000000001,0.619,0.5961,0.02290000000000003,0.0952,0.0906,0.004600000000000007,0.0095,0.0214,-0.011899999999999999,0.019,0.0229,-0.0039000000000000007,35.9375,62.5,65.625,35.9375,62.5,53.125,56.25,31.25,62.5,68.75,34.375,78.125,46.875
2025,DET,6,red_zone,190,strong,stable_team_sample,100.0,1.0,39.0625,69.53125,75.52083333333333,75.78125,58.8671875,58.8671875,close_to_baseline_run_pass_split,slower_than_baseline,less_shotgun_than_baseline,more_efficient_than_baseline,0.5316,0.5029,0.028699999999999948,0.4684,0.4971,-0.028700000000000003,0.5316,0.5029,0.028699999999999948,0.5316,0.6589,-0.12730000000000008,0.0684,0.0945,-0.026099999999999998,0.1444,-0.0022,0.1466,0.4053,0.4224,-0.017100000000000004,0.0632,0.0512,0.012000000000000004,0.0105,0.0258,-0.0153,0.0263,0.0328,-0.006500000000000002,34.375,62.5,25.0,34.375,93.75,43.75,59.375,81.25,78.125,89.0625,59.375,87.5,64.0625
2025,DET,7,goal_to_go,76,good,usable_team_sample,80.0,0.9,36.71875,28.90625,39.0625,77.34375,41.34375,37.209375,close_to_baseline_run_pass_split,close_to_baseline_tempo,less_shotgun_than_baseline,close_to_baseline_efficiency,0.5132,0.4757,0.03749999999999998,0.4868,0.5243,-0.03749999999999998,0.5132,0.4757,0.03749999999999998,0.5132,0.611,-0.0978,0.1053,0.0861,0.01920000000000001,0.016,0.0097,0.0063,0.4079,0.438,-0.030100000000000016,0.0,0.0074,-0.0074,0.0,0.0243,-0.0243,0.0132,0.0306,-0.0174,31.25,56.25,28.125,31.25,56.25,28.125,18.75,12.5,32.8125,43.75,40.625,87.5,67.1875
2025,DET,8,two_minute_half,113,strong,stable_team_sample,100.0,1.0,75.0,91.40625,54.166666666666664,92.1875,78.9453125,78.9453125,more_dropback_heavy_than_baseline,slower_than_baseline,less_shotgun_than_baseline,more_efficient_than_baseline,0.8319,0.7349,0.09699999999999998,0.1681,0.2651,-0.097,0.8319,0.7349,0.09699999999999998,0.7965,0.8778,-0.08130000000000004,0.115,0.1634,-0.048399999999999985,0.2857,0.0083,0.27740000000000004,0.4779,0.4231,0.054800000000000015,0.1416,0.1271,0.014500000000000013,0.0177,0.0356,-0.0179,0.0177,0.0516,-0.0339,90.625,71.875,46.875,90.625,96.875,81.25,96.875,90.625,68.75,84.375,9.375,87.5,96.875
2025,DET,9,two_minute_game,41,thin,small_team_sample,55.0,0.75,16.40625,89.453125,69.79166666666667,92.1875,52.18359375,39.1376953125,close_to_baseline_run_pass_split,close_to_baseline_tempo,less_shotgun_than_baseline,more_efficient_than_baseline,0.6829,0.6818,0.0010999999999999899,0.3171,0.3182,-0.0010999999999999899,0.6829,0.6818,0.0010999999999999899,0.7073,0.8173,-0.10999999999999999,0.1707,0.1726,-0.0019000000000000128,0.3838,-0.06,0.4438,0.439,0.3942,0.044800000000000006,0.1707,0.1268,0.043899999999999995,0.0,0.0394,-0.0394,0.0,0.0504,-0.0504,3.125,50.0,9.375,3.125,100.0,67.1875,100.0,90.625,84.375,87.5,37.5,89.0625,95.3125
2025,DET,10,one_score,630,strong,stable_team_sample,100.0,1.0,44.921875,71.09375,54.166666666666664,60.9375,57.20703125,57.20703125,close_to_baseline_run_pass_split,slower_than_baseline,less_shotgun_than_baseline,more_efficient_than_baseline,0.573,0.565,0.008000000000000007,0.427,0.435,-0.008000000000000007,0.573,0.565,0.008000000000000007,0.4889,0.6859,-0.19699999999999995,0.054,0.0863,-0.0323,0.0531,0.0035,0.0496,0.4476,0.4369,0.010699999999999987,0.1397,0.1332,0.006499999999999978,0.0206,0.0265,-0.005899999999999999,0.0365,0.0381,-0.0016000000000000042,21.875,93.75,42.1875,21.875,68.75,59.375,68.75,87.5,62.5,84.375,15.625,75.0,46.875
2025,DET,11,neutral_early_down,391,strong,stable_team_sample,100.0,1.0,39.0625,67.578125,51.041666666666664,53.125,52.44140625,52.44140625,close_to_baseline_run_pass_split,slower_than_baseline,less_shotgun_than_baseline,more_efficient_than_baseline,0.5269,0.5215,0.005400000000000071,0.4731,0.4785,-0.00539999999999996,0.5269,0.5215,0.005400000000000071,0.376,0.6282,-0.2522,0.046,0.0855,-0.03950000000000001,0.0531,0.013,0.040100000000000004,0.4552,0.4391,0.016100000000000003,0.1458,0.1443,0.0015000000000000013,0.0179,0.0226,-0.004699999999999999,0.0307,0.0278,0.0029000000000000033,7.8125,96.875,43.75,7.8125,62.5,59.375,68.75,79.6875,62.5,81.25,9.375,71.875,34.375
2025,DET,12,tied,204,strong,stable_team_sample,100.0,1.0,60.15625,96.09375,60.416666666666664,46.875,69.84375,69.84375,close_to_baseline_run_pass_split,slower_than_baseline,less_shotgun_than_baseline,more_efficient_than_baseline,0.5245,0.5522,-0.027700000000000058,0.4755,0.4478,0.027700000000000002,0.5245,0.5522,-0.027700000000000058,0.4069,0.6675,-0.2606,0.0392,0.0716,-0.0324,0.1653,-0.0028,0.1681,0.5049,0.4433,0.06159999999999999,0.1324,0.1307,0.0016999999999999793,0.0245,0.0252,-0.0006999999999999992,0.0343,0.0369,-0.002600000000000005,53.125,100.0,34.375,53.125,100.0,90.625,93.75,100.0,62.5,100.0,18.75,43.75,50.0
2025,DET,13,leading,376,strong,stable_team_sample,100.0,1.0,43.75,89.84375,72.91666666666667,70.3125,65.1171875,65.1171875,close_to_baseline_run_pass_split,slower_than_baseline,less_shotgun_than_baseline,more_efficient_than_baseline,0.5319,0.504,0.027900000000000036,0.4681,0.496,-0.02789999999999998,0.5319,0.504,0.027900000000000036,0.4628,0.6358,-0.17300000000000004,0.0479,0.0687,-0.0208,0.1648,0.0162,0.1486,0.4734,0.4269,0.046499999999999986,0.1489,0.1357,0.013200000000000017,0.0106,0.0228,-0.0122,0.0293,0.0318,-0.0025000000000000022,37.5,87.5,12.5,37.5,93.75,84.375,87.5,93.75,71.875,84.375,62.5,78.125,62.5
2025,DET,14,trailing,470,strong,stable_team_sample,100.0,1.0,64.84375,33.59375,63.541666666666664,64.0625,58.515625,58.515625,close_to_baseline_run_pass_split,slower_than_baseline,less_shotgun_than_baseline,close_to_baseline_efficiency,0.6638,0.6309,0.03289999999999993,0.3362,0.3691,-0.032899999999999985,0.6638,0.6309,0.03289999999999993,0.6043,0.7508,-0.14650000000000007,0.0809,0.1414,-0.0605,-0.022,-0.0215,-0.0005000000000000004,0.4128,0.4364,-0.02360000000000001,0.1532,0.1316,0.021600000000000008,0.0213,0.0315,-0.0102,0.0447,0.0472,-0.0025000000000000022,59.375,81.25,59.375,59.375,37.5,15.625,46.875,34.375,78.125,96.875,15.625,81.25,46.875
2025,DET,15,leading_one_score,181,strong,stable_team_sample,100.0,1.0,52.34375,93.75,77.08333333333333,62.5,69.8046875,69.8046875,close_to_baseline_run_pass_split,close_to_baseline_tempo,less_shotgun_than_baseline,more_efficient_than_baseline,0.5801,0.5341,0.04599999999999993,0.4199,0.4659,-0.045999999999999985,0.5801,0.5341,0.04599999999999993,0.4972,0.6624,-0.1652,0.0718,0.075,-0.0031999999999999945,0.2166,0.0136,0.20299999999999999,0.5028,0.4278,0.07500000000000001,0.1602,0.1347,0.025500000000000023,0.011,0.0244,-0.013400000000000002,0.0331,0.0343,-0.0011999999999999997,62.5,81.25,3.125,62.5,96.875,87.5,93.75,96.875,81.25,71.875,78.125,75.0,50.0
2025,DET,16,leading_two_plus_scores,195,strong,stable_team_sample,100.0,1.0,50.403225806451616,74.59677419354838,60.215053763440864,60.483870967741936,61.41129032258064,61.41129032258064,close_to_baseline_run_pass_split,slower_than_baseline,less_shotgun_than_baseline,more_efficient_than_baseline,0.4872,0.4563,0.03090000000000004,0.5128,0.5437,-0.030899999999999928,0.4872,0.4563,0.03090000000000004,0.4308,0.5937,-0.1629,0.0256,0.0586,-0.033,0.1167,0.0204,0.0963,0.4462,0.4256,0.020600000000000007,0.1385,0.1375,0.0010000000000000009,0.0103,0.0203,-0.009999999999999998,0.0256,0.0278,-0.002199999999999997,38.70967741935484,77.41935483870968,46.774193548387096,38.70967741935484,83.87096774193549,67.74193548387096,66.12903225806451,80.64516129032258,64.51612903225806,77.41935483870968,38.70967741935484,64.51612903225806,56.451612903225815
2025,DET,17,trailing_one_score,245,strong,stable_team_sample,100.0,1.0,42.96875,9.375,42.708333333333336,48.4375,37.9296875,37.9296875,close_to_baseline_run_pass_split,slower_than_baseline,less_shotgun_than_baseline,less_efficient_than_baseline,0.6082,0.5968,0.011399999999999966,0.3918,0.4032,-0.011400000000000021,0.6082,0.5968,0.011399999999999966,0.551,0.7163,-0.1653,0.0531,0.1048,-0.0517,-0.1611,0.0002,-0.1613,0.3592,0.4393,-0.0801,0.1306,0.1338,-0.0032000000000000084,0.0245,0.029,-0.0045000000000000005,0.0408,0.0417,-0.000899999999999998,12.5,90.625,56.25,12.5,12.5,6.25,9.375,9.375,40.625,78.125,9.375,53.125,43.75
2025,DET,18,trailing_two_plus_scores,225,strong,stable_team_sample,100.0,1.0,67.1875,80.46875,80.20833333333333,68.75,74.2578125,74.2578125,close_to_baseline_run_pass_split,slower_than_baseline,less_shotgun_than_baseline,more_efficient_than_baseline,0.7244,0.677,0.0474,0.2756,0.323,-0.0474,0.7244,0.677,0.0474,0.6622,0.7976,-0.13539999999999996,0.1111,0.1909,-0.07979999999999998,0.1294,-0.0509,0.1803,0.4711,0.4324,0.03870000000000001,0.1778,0.1286,0.04920000000000002,0.0178,0.0349,-0.0171,0.0489,0.0546,-0.005700000000000004,62.5,81.25,62.5,62.5,84.375,71.875,75.0,90.625,93.75,93.75,53.125,84.375,53.125
2025,DET,19,tied_early_down,163,strong,stable_team_sample,100.0,1.0,57.03125,99.21875,58.854166666666664,53.125,69.609375,69.609375,close_to_baseline_run_pass_split,slower_than_baseline,less_shotgun_than_baseline,more_efficient_than_baseline,0.4785,0.4983,-0.01980000000000004,0.5215,0.5017,0.01979999999999993,0.4785,0.4983,-0.01980000000000004,0.319,0.6059,-0.2869,0.0368,0.0718,-0.035,0.1665,0.0018,0.1647,0.5092,0.4418,0.06739999999999996,0.1288,0.1285,0.0002999999999999947,0.0123,0.0219,-0.0096,0.0307,0.0267,0.004,40.625,100.0,46.875,40.625,100.0,100.0,96.875,100.0,67.1875,96.875,12.5,81.25,25.0
2025,DET,20,leading_early_down,296,strong,stable_team_sample,100.0,1.0,32.8125,96.09375,89.58333333333333,71.875,64.4140625,64.4140625,close_to_baseline_run_pass_split,close_to_baseline_tempo,less_shotgun_than_baseline,more_efficient_than_baseline,0.4628,0.4468,0.016000000000000014,0.5372,0.5532,-0.016000000000000014,0.4628,0.4468,0.016000000000000014,0.3682,0.5755,-0.20729999999999998,0.0574,0.0709,-0.013500000000000005,0.2192,0.0115,0.2077,0.4899,0.4235,0.06640000000000001,0.1689,0.1332,0.03569999999999998,0.0101,0.0206,-0.0105,0.0169,0.0228,-0.0059000000000000025,18.75,84.375,9.375,18.75,100.0,96.875,96.875,90.625,90.625,96.875,81.25,71.875,71.875
2025,DET,21,trailing_early_down,347,strong,stable_team_sample,100.0,1.0,61.71875,24.21875,57.291666666666664,67.1875,54.140625,54.140625,close_to_baseline_run_pass_split,slower_than_baseline,less_shotgun_than_baseline,close_to_baseline_efficiency,0.6196,0.5899,0.02970000000000006,0.3804,0.4101,-0.029700000000000004,0.6196,0.5899,0.02970000000000006,0.5101,0.7068,-0.19669999999999999,0.0922,0.15,-0.05779999999999999,-0.0262,-0.0058,-0.0204,0.4121,0.438,-0.02589999999999998,0.147,0.1307,0.01629999999999998,0.0173,0.0281,-0.0108,0.0317,0.0355,-0.003799999999999998,50.0,90.625,56.25,50.0,34.375,15.625,40.625,6.25,65.625,93.75,12.5,81.25,53.125
2025,GB,1,all_offense,991,strong,stable_team_sample,100.0,1.0,55.46875,79.6875,88.54166666666667,64.0625,69.5703125,69.5703125,more_run_heavy_than_baseline,close_to_baseline_tempo,less_shotgun_than_baseline,more_efficient_than_baseline,0.5217,0.5737,-0.051999999999999935,0.4783,0.4263,0.05199999999999999,0.5217,0.5737,-0.051999999999999935,0.6307,0.6967,-0.06599999999999995,0.0878,0.1039,-0.016100000000000003,0.113,-0.0054,0.1184,0.4763,0.4345,0.041800000000000004,0.1554,0.1328,0.02260000000000001,0.0252,0.0274,-0.0022000000000000006,0.0293,0.0401,-0.010799999999999997,78.125,43.75,21.875,78.125,90.625,87.5,75.0,65.625,90.625,90.625,84.375,56.25,71.875
2025,GB,2,early_down,760,strong,stable_team_sample,100.0,1.0,63.28125,69.53125,66.66666666666667,56.25,66.484375,66.484375,more_run_heavy_than_baseline,slower_than_baseline,less_shotgun_than_baseline,more_efficient_than_baseline,0.4724,0.5246,-0.05219999999999997,0.5276,0.4754,0.05219999999999997,0.4724,0.5246,-0.05219999999999997,0.5763,0.6436,-0.06729999999999992,0.0711,0.1086,-0.037500000000000006,0.0752,0.0014,0.0738,0.4645,0.4339,0.030600000000000016,0.1408,0.1311,0.009700000000000014,0.025,0.0244,0.0005999999999999998,0.0211,0.0296,-0.0085,81.25,43.75,46.875,81.25,81.25,84.375,50.0,62.5,65.625,65.625,68.75,34.375,78.125
2025,GB,3,third_down,206,strong,stable_team_sample,100.0,1.0,72.65625,92.1875,95.83333333333333,81.25,83.2421875,83.2421875,more_run_heavy_than_baseline,faster_than_baseline,less_shotgun_than_baseline,more_efficient_than_baseline,0.6845,0.7494,-0.06489999999999996,0.3155,0.2506,0.06490000000000001,0.6845,0.7494,-0.06489999999999996,0.8204,0.8953,-0.07489999999999997,0.1262,0.0875,0.03870000000000001,0.2407,-0.0507,0.2914,0.5097,0.4242,0.08550000000000002,0.2087,0.1404,0.0683,0.0194,0.0359,-0.0165,0.0583,0.0778,-0.019499999999999997,81.25,87.5,40.625,81.25,96.875,96.875,96.875,78.125,100.0,96.875,90.625,90.625,71.875
2025,GB,4,fourth_down,25,thin,small_team_sample,55.0,0.75,48.828125,47.65625,66.66666666666667,39.84375,50.62109375,37.9658203125,more_dropback_heavy_than_baseline,faster_than_baseline,close_to_baseline_shotgun_usage,more_efficient_than_baseline,0.68,0.6225,0.057499999999999996,0.32,0.3775,-0.057499999999999996,0.68,0.6225,0.057499999999999996,0.72,0.675,0.04499999999999993,0.28,0.0943,0.18570000000000003,0.2098,0.1649,0.044899999999999995,0.56,0.5443,0.015700000000000047,0.16,0.1209,0.03910000000000001,0.08,0.0492,0.0308,0.04,0.0504,-0.0104,37.5,23.4375,96.875,37.5,50.0,53.125,46.875,40.625,67.1875,64.0625,68.75,29.6875,50.0
2025,GB,5,short_yardage,96,good,usable_team_sample,80.0,0.9,42.96875,84.375,94.27083333333333,40.625,62.6328125,56.36953125,more_run_heavy_than_baseline,close_to_baseline_tempo,less_shotgun_than_baseline,more_efficient_than_baseline,0.2813,0.3476,-0.06630000000000003,0.7188,0.6524,0.06640000000000001,0.2813,0.3476,-0.06630000000000003,0.4792,0.5322,-0.05299999999999999,0.1667,0.1642,0.0024999999999999745,0.2334,0.0647,0.16870000000000002,0.6667,0.5961,0.0706,0.1563,0.0906,0.0657,0.0208,0.0214,-0.0005999999999999998,0.0313,0.0229,0.008400000000000001,71.875,25.0,3.125,71.875,84.375,90.625,81.25,81.25,100.0,82.8125,100.0,59.375,21.875
2025,GB,6,red_zone,169,strong,stable_team_sample,100.0,1.0,46.875,66.015625,95.83333333333333,64.84375,63.45703125,63.45703125,more_run_heavy_than_baseline,faster_than_baseline,close_to_baseline_shotgun_usage,more_efficient_than_baseline,0.4438,0.5029,-0.05910000000000004,0.5562,0.4971,0.05910000000000004,0.4438,0.5029,-0.05910000000000004,0.6154,0.6589,-0.043500000000000094,0.1243,0.0945,0.029799999999999993,0.0728,-0.0022,0.075,0.4615,0.4224,0.039100000000000024,0.0947,0.0512,0.043500000000000004,0.0296,0.0258,0.0038000000000000013,0.0059,0.0328,-0.026900000000000004,62.5,28.125,34.375,62.5,71.875,78.125,56.25,57.8125,100.0,96.875,90.625,29.6875,100.0
2025,GB,7,goal_to_go,54,good,usable_team_sample,80.0,0.9,67.1875,85.9375,39.0625,55.46875,67.125,60.4125,more_run_heavy_than_baseline,faster_than_baseline,less_shotgun_than_baseline,more_efficient_than_baseline,0.3704,0.4757,-0.1053,0.6296,0.5243,0.10530000000000006,0.3704,0.4757,-0.1053,0.5185,0.611,-0.09250000000000003,0.1481,0.0861,0.06200000000000001,0.1955,0.0097,0.18580000000000002,0.6111,0.438,0.17309999999999998,0.0,0.0074,-0.0074,0.037,0.0243,0.0127,0.0,0.0306,-0.0306,75.0,46.875,71.875,75.0,84.375,100.0,78.125,81.25,32.8125,43.75,40.625,25.0,85.9375
2025,GB,8,two_minute_half,111,strong,stable_team_sample,100.0,1.0,35.15625,49.21875,40.625,25.0,41.71875,41.71875,close_to_baseline_run_pass_split,close_to_baseline_tempo,less_shotgun_than_baseline,more_efficient_than_baseline,0.7027,0.7349,-0.032200000000000006,0.2973,0.2651,0.032200000000000006,0.7027,0.7349,-0.032200000000000006,0.7928,0.8778,-0.08500000000000008,0.1622,0.1634,-0.0011999999999999789,0.0515,0.0083,0.043199999999999995,0.4775,0.4231,0.054400000000000004,0.1171,0.1271,-0.009999999999999995,0.045,0.0356,0.009399999999999999,0.0631,0.0516,0.011500000000000003,28.125,78.125,6.25,28.125,62.5,78.125,37.5,18.75,40.625,68.75,12.5,18.75,31.25
2025,GB,9,two_minute_game,56,good,usable_team_sample,80.0,0.9,65.625,41.40625,22.916666666666668,47.65625,52.0859375,46.87734375,more_run_heavy_than_baseline,slower_than_baseline,less_shotgun_than_baseline,close_to_baseline_efficiency,0.5714,0.6818,-0.11039999999999994,0.4286,0.3182,0.1104,0.5714,0.6818,-0.11039999999999994,0.6429,0.8173,-0.1744,0.125,0.1726,-0.0476,-0.0356,-0.06,0.024399999999999998,0.4107,0.3942,0.016500000000000015,0.0893,0.1268,-0.03749999999999999,0.0357,0.0394,-0.003699999999999995,0.0536,0.0504,0.0032000000000000015,62.5,84.375,53.125,62.5,50.0,53.125,21.875,40.625,12.5,43.75,12.5,48.4375,46.875
2025,GB,10,one_score,784,strong,stable_team_sample,100.0,1.0,43.75,90.625,87.5,58.59375,66.328125,66.328125,close_to_baseline_run_pass_split,close_to_baseline_tempo,less_shotgun_than_baseline,more_efficient_than_baseline,0.5306,0.565,-0.034399999999999986,0.4694,0.435,0.034399999999999986,0.5306,0.565,-0.034399999999999986,0.6288,0.6859,-0.05709999999999993,0.0765,0.0863,-0.009800000000000003,0.1515,0.0035,0.148,0.486,0.4369,0.04909999999999998,0.162,0.1332,0.028799999999999992,0.0281,0.0265,0.0016000000000000007,0.0281,0.0381,-0.010000000000000002,62.5,43.75,6.25,62.5,96.875,90.625,90.625,84.375,90.625,93.75,78.125,32.8125,84.375
2025,GB,11,neutral_early_down,478,strong,stable_team_sample,100.0,1.0,49.21875,52.34375,64.58333333333333,56.25,55.546875,55.546875,close_to_baseline_run_pass_split,slower_than_baseline,less_shotgun_than_baseline,more_efficient_than_baseline,0.4812,0.5215,-0.04029999999999995,0.5188,0.4785,0.04030000000000006,0.4812,0.5215,-0.04029999999999995,0.5607,0.6282,-0.0675,0.0502,0.0855,-0.035300000000000005,0.0888,0.013,0.0758,0.4582,0.4391,0.019100000000000006,0.1548,0.1443,0.010499999999999982,0.023,0.0226,0.00040000000000000105,0.0209,0.0278,-0.0069,62.5,31.25,40.625,62.5,75.0,62.5,46.875,25.0,68.75,65.625,59.375,37.5,75.0
2025,GB,12,tied,219,strong,stable_team_sample,100.0,1.0,41.40625,54.6875,54.166666666666664,20.3125,47.4609375,47.4609375,close_to_baseline_run_pass_split,close_to_baseline_tempo,less_shotgun_than_baseline,more_efficient_than_baseline,0.5205,0.5522,-0.03170000000000006,0.4795,0.4478,0.031700000000000006,0.5205,0.5522,-0.03170000000000006,0.5845,0.6675,-0.08299999999999996,0.0685,0.0716,-0.0030999999999999917,0.0413,-0.0028,0.0441,0.4795,0.4433,0.036199999999999954,0.1279,0.1307,-0.002799999999999997,0.0411,0.0252,0.015899999999999997,0.0411,0.0369,0.004199999999999995,59.375,43.75,3.125,59.375,65.625,75.0,50.0,28.125,56.25,81.25,25.0,18.75,21.875
2025,GB,13,leading,389,strong,stable_team_sample,100.0,1.0,25.78125,75.78125,90.625,59.375,55.078125,55.078125,close_to_baseline_run_pass_split,close_to_baseline_tempo,close_to_baseline_shotgun_usage,more_efficient_than_baseline,0.4756,0.504,-0.02839999999999998,0.5244,0.496,0.02839999999999998,0.4756,0.504,-0.02839999999999998,0.599,0.6358,-0.036800000000000055,0.0617,0.0687,-0.006999999999999999,0.1227,0.0162,0.10650000000000001,0.4576,0.4269,0.030700000000000005,0.1697,0.1357,0.034,0.018,0.0228,-0.004800000000000002,0.0283,0.0318,-0.003500000000000003,40.625,18.75,3.125,40.625,81.25,71.875,71.875,78.125,93.75,96.875,81.25,53.125,65.625
2025,GB,14,trailing,383,strong,stable_team_sample,100.0,1.0,59.375,84.765625,82.29166666666667,81.25,73.37890625,73.37890625,more_run_heavy_than_baseline,close_to_baseline_tempo,less_shotgun_than_baseline,more_efficient_than_baseline,0.5692,0.6309,-0.06169999999999998,0.4308,0.3691,0.06170000000000003,0.5692,0.6309,-0.06169999999999998,0.6893,0.7508,-0.0615,0.1253,0.1414,-0.016100000000000003,0.1441,-0.0215,0.1656,0.4935,0.4364,0.057099999999999984,0.1567,0.1316,0.02510000000000001,0.0235,0.0315,-0.008,0.0235,0.0472,-0.0237,84.375,50.0,18.75,84.375,84.375,87.5,89.0625,78.125,90.625,56.25,100.0,75.0,87.5
2025,GB,15,leading_one_score,274,strong,stable_team_sample,100.0,1.0,39.84375,89.84375,92.70833333333333,48.4375,64.140625,64.140625,close_to_baseline_run_pass_split,slower_than_baseline,less_shotgun_than_baseline,more_efficient_than_baseline,0.4927,0.5341,-0.04139999999999999,0.5073,0.4659,0.04139999999999999,0.4927,0.5341,-0.04139999999999999,0.5912,0.6624,-0.07120000000000004,0.0547,0.075,-0.0203,0.249,0.0136,0.2354,0.4964,0.4278,0.0686,0.1934,0.1347,0.0587,0.0219,0.0244,-0.0025000000000000022,0.0328,0.0343,-0.0014999999999999944,56.25,34.375,12.5,56.25,100.0,84.375,81.25,93.75,100.0,96.875,81.25,43.75,53.125
2025,GB,16,leading_two_plus_scores,115,strong,stable_team_sample,100.0,1.0,25.0,10.887096774193548,33.333333333333336,72.58064516129032,31.22983870967742,31.22983870967742,close_to_baseline_run_pass_split,close_to_baseline_tempo,close_to_baseline_shotgun_usage,less_efficient_than_baseline,0.4348,0.4563,-0.021499999999999964,0.5652,0.5437,0.021500000000000075,0.4348,0.4563,-0.021499999999999964,0.6174,0.5937,0.023699999999999943,0.0783,0.0586,0.019699999999999995,-0.1784,0.0204,-0.1988,0.3652,0.4256,-0.060399999999999954,0.113,0.1375,-0.024500000000000008,0.0087,0.0203,-0.0116,0.0174,0.0278,-0.0104,32.25806451612903,16.129032258064516,19.35483870967742,32.25806451612903,12.903225806451612,12.903225806451612,11.29032258064516,6.451612903225806,29.03225806451613,12.903225806451612,58.06451612903226,70.96774193548387,74.19354838709677
2025,GB,17,trailing_one_score,291,strong,stable_team_sample,100.0,1.0,25.0,77.734375,78.125,75.0,54.90234375,54.90234375,close_to_baseline_run_pass_split,close_to_baseline_tempo,close_to_baseline_shotgun_usage,more_efficient_than_baseline,0.5739,0.5968,-0.02290000000000003,0.4261,0.4032,0.022899999999999976,0.5739,0.5968,-0.02290000000000003,0.6976,0.7163,-0.01870000000000005,0.1031,0.1048,-0.001700000000000007,0.1425,0.0002,0.14229999999999998,0.4811,0.4393,0.041800000000000004,0.1581,0.1338,0.02429999999999999,0.0241,0.029,-0.004900000000000002,0.0137,0.0417,-0.028,39.0625,18.75,3.125,39.0625,78.125,75.0,82.8125,75.0,78.125,81.25,75.0,59.375,90.625
2025,GB,18,trailing_two_plus_scores,92,good,usable_team_sample,80.0,0.9,68.75,82.8125,67.70833333333333,54.6875,71.265625,64.13906250000001,more_run_heavy_than_baseline,close_to_baseline_tempo,less_shotgun_than_baseline,more_efficient_than_baseline,0.5543,0.677,-0.12270000000000003,0.4457,0.323,0.12269999999999998,0.5543,0.677,-0.12270000000000003,0.663,0.7976,-0.13459999999999994,0.1957,0.1909,0.0048000000000000265,0.149,-0.0509,0.1999,0.5326,0.4324,0.10019999999999996,0.1522,0.1286,0.02360000000000001,0.0217,0.0349,-0.0132,0.0543,0.0546,-0.00030000000000000165,96.875,78.125,3.125,96.875,87.5,93.75,90.625,59.375,71.875,31.25,100.0,81.25,28.125
2025,GB,19,tied_early_down,165,strong,stable_team_sample,100.0,1.0,17.96875,28.125,26.041666666666668,14.0625,25.4296875,25.4296875,close_to_baseline_run_pass_split,close_to_baseline_tempo,less_shotgun_than_baseline,less_efficient_than_baseline,0.4909,0.4983,-0.007400000000000018,0.5091,0.5017,0.007399999999999962,0.4909,0.4983,-0.007400000000000018,0.5394,0.6059,-0.0665,0.0606,0.0718,-0.011200000000000002,-0.0395,0.0018,-0.0413,0.4485,0.4418,0.006699999999999984,0.0909,0.1285,-0.03760000000000001,0.0364,0.0219,0.014500000000000002,0.0424,0.0267,0.0157,12.5,34.375,12.5,12.5,31.25,50.0,21.875,9.375,21.875,46.875,9.375,15.625,12.5
2025,GB,20,leading_early_down,300,strong,stable_team_sample,100.0,1.0,35.9375,67.96875,76.04166666666667,57.03125,55.2734375,55.2734375,close_to_baseline_run_pass_split,slower_than_baseline,close_to_baseline_shotgun_usage,more_efficient_than_baseline,0.41,0.4468,-0.0368,0.59,0.5532,0.036799999999999944,0.41,0.4468,-0.0368,0.55,0.5755,-0.025499999999999967,0.0467,0.0709,-0.024200000000000006,0.1173,0.0115,0.1058,0.45,0.4235,0.026500000000000024,0.16,0.1332,0.02679999999999999,0.02,0.0206,-0.0005999999999999998,0.0167,0.0228,-0.006100000000000001,53.125,15.625,21.875,53.125,81.25,71.875,50.0,68.75,78.125,84.375,65.625,37.5,76.5625
2025,GB,21,trailing_early_down,295,strong,stable_team_sample,100.0,1.0,66.40625,79.6875,70.83333333333333,71.875,72.6171875,72.6171875,more_run_heavy_than_baseline,slower_than_baseline,less_shotgun_than_baseline,more_efficient_than_baseline,0.5254,0.5899,-0.0645,0.4746,0.4101,0.0645,0.5254,0.5899,-0.0645,0.6237,0.7068,-0.08309999999999995,0.1017,0.15,-0.048299999999999996,0.0965,-0.0058,0.1023,0.4881,0.438,0.05009999999999998,0.1492,0.1307,0.01849999999999999,0.0237,0.0281,-0.004400000000000001,0.0136,0.0355,-0.021899999999999996,84.375,53.125,43.75,84.375,78.125,84.375,78.125,78.125,75.0,37.5,100.0,50.0,93.75
2025,HOU,1,all_offense,1072,strong,stable_team_sample,100.0,1.0,35.15625,21.875,24.479166666666668,88.28125,38.7890625,38.7890625,close_to_baseline_run_pass_split,slower_than_baseline,less_shotgun_than_baseline,close_to_baseline_efficiency,0.569,0.5737,-0.0047000000000000375,0.431,0.4263,0.004699999999999982,0.569,0.5737,-0.0047000000000000375,0.6213,0.6967,-0.07540000000000002,0.0373,0.1039,-0.0666,-0.0096,-0.0054,-0.004199999999999999,0.4142,0.4345,-0.020299999999999985,0.1175,0.1328,-0.015300000000000008,0.0149,0.0274,-0.0125,0.0289,0.0401,-0.011199999999999998,9.375,53.125,68.75,9.375,37.5,15.625,15.625,18.75,18.75,35.9375,18.75,100.0,76.5625
2025,HOU,2,early_down,823,strong,stable_team_sample,100.0,1.0,37.5,22.65625,31.770833333333332,84.375,40.7421875,40.7421875,close_to_baseline_run_pass_split,slower_than_baseline,less_shotgun_than_baseline,close_to_baseline_efficiency,0.52,0.5246,-0.0045999999999999375,0.48,0.4754,0.004599999999999993,0.52,0.5246,-0.0045999999999999375,0.5565,0.6436,-0.08709999999999996,0.0377,0.1086,-0.0709,0.0061,0.0014,0.0047,0.4083,0.4339,-0.02560000000000001,0.1166,0.1311,-0.014499999999999999,0.0146,0.0244,-0.009800000000000001,0.0207,0.0296,-0.008900000000000002,12.5,50.0,75.0,12.5,43.75,12.5,18.75,15.625,32.8125,43.75,18.75,87.5,81.25
2025,HOU,3,third_down,230,strong,stable_team_sample,100.0,1.0,28.515625,45.3125,40.625,87.5,44.00390625,44.00390625,close_to_baseline_run_pass_split,slower_than_baseline,close_to_baseline_shotgun_usage,close_to_baseline_efficiency,0.7478,0.7494,-0.0015999999999999348,0.2522,0.2506,0.0015999999999999903,0.7478,0.7494,-0.0015999999999999348,0.8652,0.8953,-0.030100000000000016,0.0348,0.0875,-0.0527,-0.0608,-0.0507,-0.010099999999999998,0.4217,0.4242,-0.0025000000000000022,0.1261,0.1404,-0.014300000000000007,0.0174,0.0359,-0.018500000000000003,0.0565,0.0778,-0.021299999999999993,6.25,50.0,51.5625,6.25,50.0,37.5,28.125,65.625,34.375,37.5,50.0,100.0,75.0
2025,HOU,4,fourth_down,19,very_thin,small_team_sample,30.0,0.5,61.71875,37.890625,28.125,64.84375,49.44921875,24.724609375,more_run_heavy_than_baseline,slower_than_baseline,less_shotgun_than_baseline,less_efficient_than_baseline,0.5263,0.6225,-0.09620000000000006,0.4737,0.3775,0.09620000000000001,0.5263,0.6225,-0.09620000000000006,0.4737,0.675,-0.20130000000000003,0.0526,0.0943,-0.041699999999999994,-0.0686,0.1649,-0.23349999999999999,0.5789,0.5443,0.034599999999999964,0.0526,0.1209,-0.0683,0.0,0.0492,-0.0492,0.0526,0.0504,0.0022000000000000006,62.5,93.75,28.125,62.5,37.5,56.25,50.0,7.8125,21.875,34.375,28.125,92.1875,37.5
2025,HOU,5,short_yardage,102,strong,stable_team_sample,100.0,1.0,66.40625,21.09375,29.6875,39.0625,48.515625,48.515625,more_run_heavy_than_baseline,slower_than_baseline,less_shotgun_than_baseline,less_efficient_than_baseline,0.2843,0.3476,-0.06330000000000002,0.7157,0.6524,0.06330000000000002,0.2843,0.3476,-0.06330000000000002,0.3824,0.5322,-0.1498,0.098,0.1642,-0.06620000000000001,-0.0896,0.0647,-0.1543,0.549,0.5961,-0.04709999999999992,0.0686,0.0906,-0.022000000000000006,0.0294,0.0214,0.008,0.0196,0.0229,-0.003300000000000001,68.75,68.75,59.375,68.75,18.75,25.0,31.25,9.375,25.0,54.6875,9.375,35.9375,42.1875
2025,HOU,6,red_zone,160,strong,stable_team_sample,100.0,1.0,47.65625,9.375,11.458333333333334,60.9375,36.6015625,36.6015625,close_to_baseline_run_pass_split,slower_than_baseline,less_shotgun_than_baseline,less_efficient_than_baseline,0.5313,0.5029,0.02839999999999998,0.4688,0.4971,-0.028299999999999992,0.5313,0.5029,0.02839999999999998,0.5625,0.6589,-0.09640000000000004,0.025,0.0945,-0.0695,-0.0956,-0.0022,-0.09340000000000001,0.3313,0.4224,-0.09110000000000001,0.0188,0.0512,-0.0324,0.0063,0.0258,-0.0195,0.0438,0.0328,0.010999999999999996,31.25,53.125,75.0,31.25,18.75,6.25,6.25,6.25,3.125,9.375,21.875,90.625,31.25
2025,HOU,7,goal_to_go,70,good,usable_team_sample,80.0,0.9,55.859375,21.875,67.70833333333333,59.375,50.69921875,45.629296875,more_dropback_heavy_than_baseline,slower_than_baseline,close_to_baseline_shotgun_usage,less_efficient_than_baseline,0.5857,0.4757,0.10999999999999999,0.4143,0.5243,-0.10999999999999999,0.5857,0.4757,0.10999999999999999,0.6,0.611,-0.01100000000000001,0.0429,0.0861,-0.043199999999999995,-0.0479,0.0097,-0.0576,0.3714,0.438,-0.06659999999999999,0.0143,0.0074,0.0069,0.0143,0.0243,-0.009999999999999998,0.0286,0.0306,-0.0019999999999999983,78.125,12.5,54.6875,78.125,37.5,18.75,15.625,15.625,71.875,43.75,87.5,65.625,53.125
2025,HOU,8,two_minute_half,125,strong,stable_team_sample,100.0,1.0,64.84375,27.34375,81.25,58.59375,59.0625,59.0625,close_to_baseline_run_pass_split,slower_than_baseline,less_shotgun_than_baseline,close_to_baseline_efficiency,0.688,0.7349,-0.04690000000000005,0.312,0.2651,0.0469,0.688,0.7349,-0.04690000000000005,0.8,0.8778,-0.07779999999999998,0.064,0.1634,-0.09939999999999999,0.0065,0.0083,-0.0018000000000000004,0.376,0.4231,-0.047099999999999975,0.168,0.1271,0.04090000000000002,0.032,0.0356,-0.003599999999999999,0.04,0.0516,-0.0116,50.0,68.75,90.625,50.0,50.0,15.625,28.125,15.625,87.5,56.25,100.0,54.6875,62.5
2025,HOU,9,two_minute_game,45,thin,small_team_sample,55.0,0.75,85.9375,46.09375,66.66666666666667,54.6875,68.4140625,51.310546875,more_run_heavy_than_baseline,slower_than_baseline,less_shotgun_than_baseline,more_efficient_than_baseline,0.5111,0.6818,-0.17069999999999996,0.4889,0.3182,0.17070000000000002,0.5111,0.6818,-0.17069999999999996,0.6444,0.8173,-0.17290000000000005,0.0222,0.1726,-0.1504,0.0137,-0.06,0.0737,0.3778,0.3942,-0.01639999999999997,0.1556,0.1268,0.028799999999999992,0.0444,0.0394,0.0050000000000000044,0.0222,0.0504,-0.0282,84.375,81.25,93.75,84.375,59.375,40.625,65.625,18.75,75.0,40.625,84.375,34.375,75.0
2025,HOU,10,one_score,771,strong,stable_team_sample,100.0,1.0,45.3125,17.1875,14.583333333333334,84.375,40.3125,40.3125,close_to_baseline_run_pass_split,slower_than_baseline,less_shotgun_than_baseline,less_efficient_than_baseline,0.5486,0.565,-0.01639999999999997,0.4514,0.435,0.016400000000000026,0.5486,0.565,-0.01639999999999997,0.6135,0.6859,-0.07239999999999991,0.0363,0.0863,-0.05,-0.0314,0.0035,-0.0349,0.4008,0.4369,-0.03610000000000002,0.1089,0.1332,-0.024300000000000016,0.013,0.0265,-0.0135,0.0311,0.0381,-0.007000000000000003,37.5,50.0,56.25,37.5,25.0,15.625,15.625,12.5,9.375,21.875,12.5,100.0,68.75
2025,HOU,11,neutral_early_down,491,strong,stable_team_sample,100.0,1.0,34.375,33.203125,35.416666666666664,81.25,42.20703125,42.20703125,close_to_baseline_run_pass_split,slower_than_baseline,less_shotgun_than_baseline,close_to_baseline_efficiency,0.5092,0.5215,-0.012299999999999978,0.4908,0.4785,0.012300000000000033,0.5092,0.5215,-0.012299999999999978,0.5519,0.6282,-0.07630000000000003,0.0387,0.0855,-0.04680000000000001,0.0197,0.013,0.006699999999999999,0.4175,0.4391,-0.021600000000000008,0.1263,0.1443,-0.018000000000000016,0.0143,0.0226,-0.008299999999999998,0.0204,0.0278,-0.007399999999999997,18.75,40.625,59.375,18.75,46.875,21.875,28.125,35.9375,40.625,46.875,18.75,84.375,78.125
2025,HOU,12,tied,220,strong,stable_team_sample,100.0,1.0,48.4375,29.6875,23.958333333333332,68.75,44.6875,44.6875,close_to_baseline_run_pass_split,slower_than_baseline,less_shotgun_than_baseline,close_to_baseline_efficiency,0.5727,0.5522,0.020499999999999963,0.4273,0.4478,-0.020499999999999963,0.5727,0.5522,0.020499999999999963,0.6045,0.6675,-0.06299999999999994,0.0136,0.0716,-0.057999999999999996,0.0162,-0.0028,0.019,0.4045,0.4433,-0.0388,0.0818,0.1307,-0.04890000000000001,0.0091,0.0252,-0.0161,0.0364,0.0369,-0.0005000000000000004,40.625,37.5,75.0,40.625,53.125,21.875,18.75,25.0,9.375,59.375,3.125,96.875,40.625
2025,HOU,13,leading,496,strong,stable_team_sample,100.0,1.0,33.59375,27.734375,23.958333333333332,71.875,37.83203125,37.83203125,close_to_baseline_run_pass_split,slower_than_baseline,close_to_baseline_shotgun_usage,close_to_baseline_efficiency,0.5262,0.504,0.022199999999999998,0.4738,0.496,-0.022199999999999998,0.5262,0.504,0.022199999999999998,0.6069,0.6358,-0.028900000000000037,0.0282,0.0687,-0.040499999999999994,-0.0055,0.0162,-0.021699999999999997,0.4093,0.4269,-0.017600000000000005,0.1149,0.1357,-0.020799999999999985,0.0161,0.0228,-0.006700000000000001,0.0242,0.0318,-0.007600000000000003,31.25,15.625,56.25,31.25,37.5,31.25,21.875,20.3125,21.875,28.125,21.875,57.8125,85.9375
2025,HOU,14,trailing,356,strong,stable_team_sample,100.0,1.0,39.0625,32.03125,63.541666666666664,87.5,48.8671875,48.8671875,close_to_baseline_run_pass_split,slower_than_baseline,less_shotgun_than_baseline,close_to_baseline_efficiency,0.6264,0.6309,-0.0045000000000000595,0.3736,0.3691,0.004500000000000004,0.6264,0.6309,-0.0045000000000000595,0.6517,0.7508,-0.09910000000000008,0.0646,0.1414,-0.0768,-0.0311,-0.0215,-0.009600000000000001,0.427,0.4364,-0.00940000000000002,0.1433,0.1316,0.011700000000000016,0.0169,0.0315,-0.014600000000000002,0.0309,0.0472,-0.0163,9.375,65.625,71.875,9.375,34.375,34.375,34.375,25.0,59.375,34.375,96.875,96.875,78.125
2025,HOU,15,leading_one_score,302,strong,stable_team_sample,100.0,1.0,26.5625,19.53125,18.75,75.0,32.1484375,32.1484375,close_to_baseline_run_pass_split,slower_than_baseline,close_to_baseline_shotgun_usage,less_efficient_than_baseline,0.5199,0.5341,-0.01419999999999999,0.4801,0.4659,0.014200000000000046,0.5199,0.5341,-0.01419999999999999,0.6126,0.6624,-0.049799999999999955,0.0397,0.075,-0.0353,-0.058,0.0136,-0.0716,0.3841,0.4278,-0.04370000000000002,0.1026,0.1347,-0.03209999999999999,0.0099,0.0244,-0.0145,0.0298,0.0343,-0.004499999999999997,25.0,12.5,43.75,25.0,25.0,18.75,18.75,15.625,9.375,12.5,34.375,81.25,68.75
2025,HOU,16,leading_two_plus_scores,194,strong,stable_team_sample,100.0,1.0,58.064516129032256,66.12903225806451,53.76344086021505,58.064516129032256,61.53225806451612,61.53225806451612,more_dropback_heavy_than_baseline,slower_than_baseline,close_to_baseline_shotgun_usage,more_efficient_than_baseline,0.5361,0.4563,0.07980000000000004,0.4639,0.5437,-0.07979999999999998,0.5361,0.4563,0.07980000000000004,0.5979,0.5937,0.0041999999999999815,0.0103,0.0586,-0.048299999999999996,0.0762,0.0204,0.0558,0.4485,0.4256,0.02290000000000003,0.134,0.1375,-0.003500000000000003,0.0258,0.0203,0.005500000000000001,0.0155,0.0278,-0.012299999999999998,83.87096774193549,3.225806451612903,61.29032258064516,83.87096774193549,67.74193548387096,74.19354838709677,58.06451612903226,64.51612903225806,54.83870967741935,90.32258064516128,16.129032258064516,32.25806451612903,83.87096774193549
2025,HOU,17,trailing_one_score,249,strong,stable_team_sample,100.0,1.0,58.59375,31.25,61.458333333333336,76.5625,56.0546875,56.0546875,close_to_baseline_run_pass_split,slower_than_baseline,less_shotgun_than_baseline,less_efficient_than_baseline,0.5622,0.5968,-0.034599999999999964,0.4378,0.4032,0.03460000000000002,0.5622,0.5968,-0.034599999999999964,0.6225,0.7163,-0.0938,0.0522,0.1048,-0.0526,-0.0411,0.0002,-0.041299999999999996,0.4177,0.4393,-0.021600000000000008,0.1406,0.1338,0.0068000000000000005,0.0201,0.029,-0.008900000000000002,0.0281,0.0417,-0.013600000000000001,56.25,59.375,62.5,56.25,37.5,25.0,34.375,28.125,56.25,37.5,90.625,78.125,75.0
2025,HOU,18,trailing_two_plus_scores,107,strong,stable_team_sample,100.0,1.0,75.78125,49.21875,72.91666666666667,85.9375,70.9375,70.9375,more_dropback_heavy_than_baseline,slower_than_baseline,less_shotgun_than_baseline,more_efficient_than_baseline,0.7757,0.677,0.0986999999999999,0.2243,0.323,-0.09870000000000001,0.7757,0.677,0.0986999999999999,0.7196,0.7976,-0.07799999999999996,0.0935,0.1909,-0.09739999999999999,-0.008,-0.0509,0.0429,0.4486,0.4324,0.016199999999999992,0.1495,0.1286,0.020900000000000002,0.0093,0.0349,-0.0256,0.0374,0.0546,-0.0172,87.5,53.125,75.0,87.5,50.0,53.125,50.0,43.75,68.75,53.125,96.875,96.875,75.0
2025,HOU,19,tied_early_down,165,strong,stable_team_sample,100.0,1.0,41.40625,23.4375,25.520833333333332,60.9375,39.4140625,39.4140625,close_to_baseline_run_pass_split,slower_than_baseline,less_shotgun_than_baseline,less_efficient_than_baseline,0.5091,0.4983,0.010799999999999976,0.4909,0.5017,-0.010800000000000032,0.5091,0.4983,0.010799999999999976,0.5333,0.6059,-0.0726,0.0121,0.0718,-0.0597,-0.0285,0.0018,-0.0303,0.3697,0.4418,-0.07210000000000005,0.0727,0.1285,-0.0558,0.0061,0.0219,-0.015799999999999998,0.0303,0.0267,0.003599999999999999,23.4375,40.625,78.125,23.4375,37.5,15.625,9.375,31.25,6.25,67.1875,3.125,93.75,28.125
2025,HOU,20,leading_early_down,381,strong,stable_team_sample,100.0,1.0,39.0625,30.46875,29.166666666666668,60.15625,40.5859375,40.5859375,close_to_baseline_run_pass_split,slower_than_baseline,close_to_baseline_shotgun_usage,close_to_baseline_efficiency,0.4724,0.4468,0.02560000000000001,0.5276,0.5532,-0.025600000000000067,0.4724,0.4468,0.02560000000000001,0.5486,0.5755,-0.026900000000000035,0.0315,0.0709,-0.039400000000000004,-0.0073,0.0115,-0.0188,0.399,0.4235,-0.024499999999999966,0.1102,0.1332,-0.023000000000000007,0.0157,0.0206,-0.004900000000000002,0.0184,0.0228,-0.004400000000000001,43.75,18.75,50.0,43.75,46.875,31.25,25.0,18.75,28.125,37.5,21.875,54.6875,65.625
2025,HOU,21,trailing_early_down,277,strong,stable_team_sample,100.0,1.0,36.71875,50.78125,78.125,79.6875,53.90625,53.90625,close_to_baseline_run_pass_split,slower_than_baseline,less_shotgun_than_baseline,more_efficient_than_baseline,0.5921,0.5899,0.0021999999999999797,0.4079,0.4101,-0.0022000000000000353,0.5921,0.5899,0.0021999999999999797,0.5812,0.7068,-0.12559999999999993,0.0614,0.15,-0.08859999999999998,0.0452,-0.0058,0.051,0.444,0.438,0.006000000000000005,0.1516,0.1307,0.020900000000000002,0.0181,0.0281,-0.009999999999999998,0.0181,0.0355,-0.017399999999999995,6.25,65.625,68.75,6.25,65.625,53.125,62.5,21.875,81.25,68.75,84.375,78.125,81.25
2025,IND,1,all_offense,1004,strong,stable_team_sample,100.0,1.0,21.09375,84.375,72.91666666666667,46.875,51.2109375,51.2109375,close_to_baseline_run_pass_split,slower_than_baseline,close_to_baseline_shotgun_usage,more_efficient_than_baseline,0.5717,0.5737,-0.0020000000000000018,0.4283,0.4263,0.0020000000000000018,0.5717,0.5737,-0.0020000000000000018,0.7221,0.6967,0.025399999999999978,0.0518,0.1039,-0.05210000000000001,0.0752,-0.0054,0.0806,0.4641,0.4345,0.029600000000000015,0.1454,0.1328,0.0126,0.0319,0.0274,0.004499999999999997,0.0289,0.0401,-0.011199999999999998,3.125,18.75,59.375,3.125,75.0,81.25,87.5,93.75,75.0,87.5,56.25,17.1875,76.5625
2025,IND,2,early_down,784,strong,stable_team_sample,100.0,1.0,37.5,83.59375,70.83333333333333,26.5625,56.0546875,56.0546875,close_to_baseline_run_pass_split,slower_than_baseline,close_to_baseline_shotgun_usage,more_efficient_than_baseline,0.5395,0.5246,0.014900000000000024,0.4605,0.4754,-0.014899999999999969,0.5395,0.5246,0.014900000000000024,0.6862,0.6436,0.04260000000000008,0.0638,0.1086,-0.044800000000000006,0.0474,0.0014,0.046,0.4617,0.4339,0.02779999999999999,0.1467,0.1311,0.015600000000000003,0.0319,0.0244,0.007499999999999996,0.0306,0.0296,0.0009999999999999974,31.25,31.25,56.25,31.25,75.0,81.25,84.375,93.75,71.875,93.75,46.875,6.25,46.875
2025,IND,3,third_down,193,strong,stable_team_sample,100.0,1.0,39.84375,71.875,69.27083333333333,78.125,59.1015625,59.1015625,close_to_baseline_run_pass_split,slower_than_baseline,close_to_baseline_shotgun_usage,more_efficient_than_baseline,0.7306,0.7494,-0.018799999999999928,0.2694,0.2506,0.018799999999999983,0.7306,0.7494,-0.018799999999999928,0.8964,0.8953,0.0010999999999999899,0.0104,0.0875,-0.0771,0.1256,-0.0507,0.17629999999999998,0.4456,0.4242,0.021399999999999975,0.1503,0.1404,0.009899999999999992,0.0311,0.0359,-0.004800000000000002,0.0259,0.0778,-0.051899999999999995,34.375,6.25,84.375,34.375,90.625,65.625,81.25,50.0,75.0,48.4375,84.375,56.25,100.0
2025,IND,4,fourth_down,27,thin,small_team_sample,55.0,0.75,89.0625,75.390625,34.375,74.21875,74.25390625,55.6904296875,more_run_heavy_than_baseline,slower_than_baseline,less_shotgun_than_baseline,more_efficient_than_baseline,0.3704,0.6225,-0.25210000000000005,0.6296,0.3775,0.25210000000000005,0.3704,0.6225,-0.25210000000000005,0.5185,0.675,-0.15650000000000008,0.0,0.0943,-0.0943,0.5227,0.1649,0.35780000000000006,0.6667,0.5443,0.12239999999999995,0.0741,0.1209,-0.046799999999999994,0.037,0.0492,-0.012200000000000003,0.0,0.0504,-0.0504,96.875,78.125,84.375,96.875,68.75,84.375,85.9375,62.5,34.375,40.625,28.125,62.5,85.9375
2025,IND,5,short_yardage,117,strong,stable_team_sample,100.0,1.0,32.8125,72.265625,43.75,49.21875,49.31640625,49.31640625,close_to_baseline_run_pass_split,slower_than_baseline,close_to_baseline_shotgun_usage,more_efficient_than_baseline,0.2991,0.3476,-0.04850000000000004,0.7009,0.6524,0.04849999999999999,0.2991,0.3476,-0.04850000000000004,0.5214,0.5322,-0.010800000000000032,0.1368,0.1642,-0.027400000000000008,0.1683,0.0647,0.10360000000000001,0.641,0.5961,0.04490000000000005,0.0769,0.0906,-0.013700000000000004,0.0256,0.0214,0.004200000000000002,0.0171,0.0229,-0.0058,46.875,6.25,31.25,46.875,68.75,78.125,64.0625,78.125,34.375,31.25,65.625,42.1875,56.25
2025,IND,6,red_zone,187,strong,stable_team_sample,100.0,1.0,39.84375,86.71875,41.666666666666664,79.6875,58.828125,58.828125,close_to_baseline_run_pass_split,slower_than_baseline,close_to_baseline_shotgun_usage,more_efficient_than_baseline,0.4545,0.5029,-0.0484,0.5455,0.4971,0.0484,0.4545,0.5029,-0.0484,0.6898,0.6589,0.030899999999999928,0.0588,0.0945,-0.0357,0.1787,-0.0022,0.1809,0.4599,0.4224,0.03749999999999998,0.0428,0.0512,-0.008400000000000005,0.0107,0.0258,-0.0151,0.0214,0.0328,-0.011400000000000004,46.875,21.875,43.75,46.875,96.875,75.0,81.25,93.75,37.5,56.25,31.25,84.375,75.0
2025,IND,7,goal_to_go,69,good,usable_team_sample,80.0,0.9,49.21875,98.4375,67.70833333333333,86.71875,69.5859375,62.62734375,more_run_heavy_than_baseline,close_to_baseline_tempo,close_to_baseline_shotgun_usage,more_efficient_than_baseline,0.3768,0.4757,-0.09889999999999999,0.6232,0.5243,0.09889999999999999,0.3768,0.4757,-0.09889999999999999,0.6522,0.611,0.041200000000000014,0.1014,0.0861,0.015300000000000008,0.3941,0.0097,0.3844,0.5507,0.438,0.11269999999999997,0.0145,0.0074,0.0071,0.0,0.0243,-0.0243,0.0,0.0306,-0.0306,71.875,28.125,25.0,71.875,100.0,93.75,100.0,100.0,75.0,87.5,40.625,87.5,85.9375
2025,IND,8,two_minute_half,110,strong,stable_team_sample,100.0,1.0,36.71875,34.375,34.375,40.625,39.3359375,39.3359375,close_to_baseline_run_pass_split,slower_than_baseline,close_to_baseline_shotgun_usage,less_efficient_than_baseline,0.7091,0.7349,-0.025800000000000045,0.2909,0.2651,0.02579999999999999,0.7091,0.7349,-0.025800000000000045,0.8818,0.8778,0.0040000000000000036,0.0545,0.1634,-0.1089,-0.0899,0.0083,-0.0982,0.4,0.4231,-0.023099999999999954,0.1091,0.1271,-0.017999999999999988,0.0455,0.0356,0.009899999999999999,0.0364,0.0516,-0.015199999999999998,21.875,6.25,96.875,21.875,9.375,31.25,31.25,65.625,18.75,6.25,78.125,15.625,65.625
2025,IND,9,two_minute_game,42,thin,small_team_sample,55.0,0.75,35.15625,22.65625,42.708333333333336,28.125,33.453125,25.08984375,close_to_baseline_run_pass_split,slower_than_baseline,more_shotgun_than_baseline,less_efficient_than_baseline,0.6905,0.6818,0.008700000000000041,0.3095,0.3182,-0.008699999999999986,0.6905,0.6818,0.008700000000000041,0.9048,0.8173,0.08750000000000002,0.0238,0.1726,-0.1488,-0.4636,-0.06,-0.4036,0.3333,0.3942,-0.06090000000000001,0.119,0.1268,-0.007800000000000001,0.0952,0.0394,0.05580000000000001,0.0476,0.0504,-0.002799999999999997,6.25,40.625,87.5,6.25,3.125,15.625,12.5,59.375,34.375,3.125,90.625,3.125,53.125
2025,IND,10,one_score,691,strong,stable_team_sample,100.0,1.0,25.0,76.5625,68.75,45.3125,50.234375,50.234375,close_to_baseline_run_pass_split,slower_than_baseline,close_to_baseline_shotgun_usage,more_efficient_than_baseline,0.5615,0.565,-0.0034999999999999476,0.4385,0.435,0.003500000000000003,0.5615,0.565,-0.0034999999999999476,0.7265,0.6859,0.04060000000000008,0.0362,0.0863,-0.0501,0.0647,0.0035,0.06119999999999999,0.4616,0.4369,0.0247,0.1447,0.1332,0.011499999999999982,0.0347,0.0265,0.008200000000000002,0.0289,0.0381,-0.009200000000000003,6.25,28.125,59.375,6.25,75.0,68.75,84.375,78.125,68.75,75.0,62.5,9.375,81.25
2025,IND,11,neutral_early_down,423,strong,stable_team_sample,100.0,1.0,39.84375,81.25,78.125,36.71875,58.6328125,58.6328125,close_to_baseline_run_pass_split,slower_than_baseline,more_shotgun_than_baseline,more_efficient_than_baseline,0.5485,0.5215,0.027000000000000024,0.4515,0.4785,-0.02699999999999997,0.5485,0.5215,0.027000000000000024,0.6879,0.6282,0.059699999999999975,0.0402,0.0855,-0.04530000000000001,0.1033,0.013,0.0903,0.4823,0.4391,0.043200000000000016,0.1726,0.1443,0.028299999999999992,0.0284,0.0226,0.005800000000000003,0.026,0.0278,-0.0017999999999999995,37.5,28.125,56.25,37.5,87.5,93.75,96.875,46.875,78.125,93.75,62.5,17.1875,56.25
2025,IND,12,tied,170,strong,stable_team_sample,100.0,1.0,41.40625,72.265625,76.5625,42.1875,57.40234375,57.40234375,close_to_baseline_run_pass_split,slower_than_baseline,close_to_baseline_shotgun_usage,close_to_baseline_efficiency,0.5824,0.5522,0.030200000000000005,0.4176,0.4478,-0.03019999999999995,0.5824,0.5522,0.030200000000000005,0.6529,0.6675,-0.014599999999999946,0.0353,0.0716,-0.0363,0.0033,-0.0028,0.0060999999999999995,0.4706,0.4433,0.02729999999999999,0.1412,0.1307,0.010499999999999982,0.0412,0.0252,0.016,0.0294,0.0369,-0.007500000000000003,56.25,12.5,40.625,56.25,46.875,71.875,89.0625,81.25,81.25,62.5,85.9375,15.625,68.75
2025,IND,13,leading,399,strong,stable_team_sample,100.0,1.0,61.71875,86.71875,75.0,85.9375,74.296875,74.296875,close_to_baseline_run_pass_split,slower_than_baseline,more_shotgun_than_baseline,more_efficient_than_baseline,0.5489,0.504,0.04490000000000005,0.4511,0.496,-0.044899999999999995,0.5489,0.504,0.04490000000000005,0.7093,0.6358,0.07350000000000001,0.0251,0.0687,-0.0436,0.1843,0.0162,0.1681,0.4586,0.4269,0.031700000000000006,0.1554,0.1357,0.019700000000000023,0.015,0.0228,-0.007800000000000001,0.0175,0.0318,-0.0143,71.875,43.75,59.375,71.875,100.0,75.0,81.25,90.625,84.375,93.75,46.875,71.875,100.0
2025,IND,14,trailing,435,strong,stable_team_sample,100.0,1.0,50.0,67.96875,50.0,32.8125,55.2734375,55.2734375,close_to_baseline_run_pass_split,slower_than_baseline,close_to_baseline_shotgun_usage,close_to_baseline_efficiency,0.5885,0.6309,-0.04239999999999999,0.4115,0.3691,0.04239999999999999,0.5885,0.6309,-0.04239999999999999,0.7609,0.7508,0.010099999999999998,0.0828,0.1414,-0.0586,0.0033,-0.0215,0.0248,0.4667,0.4364,0.030299999999999994,0.1379,0.1316,0.0063,0.0437,0.0315,0.012200000000000003,0.0391,0.0472,-0.008099999999999996,68.75,6.25,56.25,68.75,59.375,71.875,65.625,75.0,56.25,71.875,21.875,9.375,56.25
2025,IND,15,leading_one_score,217,strong,stable_team_sample,100.0,1.0,59.375,60.15625,56.25,67.1875,61.9140625,61.9140625,close_to_baseline_run_pass_split,slower_than_baseline,more_shotgun_than_baseline,more_efficient_than_baseline,0.5622,0.5341,0.028100000000000014,0.4378,0.4659,-0.02809999999999996,0.5622,0.5341,0.028100000000000014,0.7558,0.6624,0.09340000000000004,0.0138,0.075,-0.0612,0.0992,0.0136,0.0856,0.4332,0.4278,0.00539999999999996,0.1429,0.1347,0.008200000000000013,0.023,0.0244,-0.001400000000000002,0.0184,0.0343,-0.015899999999999997,46.875,56.25,87.5,46.875,71.875,53.125,59.375,56.25,56.25,68.75,43.75,40.625,93.75
2025,IND,16,leading_two_plus_scores,182,strong,stable_team_sample,100.0,1.0,54.838709677419345,97.58064516129032,79.56989247311829,85.48387096774192,74.55645161290322,74.55645161290322,more_dropback_heavy_than_baseline,slower_than_baseline,more_shotgun_than_baseline,more_efficient_than_baseline,0.533,0.4563,0.07670000000000005,0.467,0.5437,-0.07669999999999993,0.533,0.4563,0.07670000000000005,0.6538,0.5937,0.06010000000000004,0.0385,0.0586,-0.0201,0.2858,0.0204,0.26539999999999997,0.489,0.4256,0.06340000000000001,0.1703,0.1375,0.032799999999999996,0.0055,0.0203,-0.014799999999999999,0.0165,0.0278,-0.011299999999999998,80.64516129032258,35.483870967741936,22.58064516129032,80.64516129032258,100.0,90.32258064516128,100.0,100.0,90.32258064516128,93.54838709677419,54.83870967741935,90.32258064516128,80.64516129032258
2025,IND,17,trailing_one_score,304,strong,stable_team_sample,100.0,1.0,63.28125,72.65625,67.70833333333333,37.5,65.546875,65.546875,close_to_baseline_run_pass_split,slower_than_baseline,close_to_baseline_shotgun_usage,more_efficient_than_baseline,0.5493,0.5968,-0.04749999999999999,0.4507,0.4032,0.04749999999999999,0.5493,0.5968,-0.04749999999999999,0.7467,0.7163,0.030399999999999983,0.0526,0.1048,-0.0522,0.0743,0.0002,0.0741,0.477,0.4393,0.037699999999999956,0.148,0.1338,0.01419999999999999,0.0395,0.029,0.010499999999999999,0.0362,0.0417,-0.005499999999999998,81.25,31.25,59.375,81.25,65.625,68.75,78.125,78.125,75.0,65.625,62.5,12.5,62.5
2025,IND,18,trailing_two_plus_scores,131,strong,stable_team_sample,100.0,1.0,9.375,39.84375,33.333333333333336,34.375,27.6171875,27.6171875,close_to_baseline_run_pass_split,slower_than_baseline,close_to_baseline_shotgun_usage,less_efficient_than_baseline,0.6794,0.677,0.0023999999999999577,0.3206,0.323,-0.0024000000000000132,0.6794,0.677,0.0023999999999999577,0.7939,0.7976,-0.0036999999999999256,0.1527,0.1909,-0.038199999999999984,-0.1615,-0.0509,-0.1106,0.4427,0.4324,0.010299999999999976,0.1145,0.1286,-0.014099999999999988,0.0534,0.0349,0.018500000000000003,0.0458,0.0546,-0.008800000000000002,3.125,3.125,28.125,3.125,21.875,50.0,40.625,46.875,21.875,71.875,6.25,12.5,56.25
2025,IND,19,tied_early_down,135,strong,stable_team_sample,100.0,1.0,35.9375,79.6875,80.20833333333333,13.28125,54.453125,54.453125,close_to_baseline_run_pass_split,slower_than_baseline,close_to_baseline_shotgun_usage,close_to_baseline_efficiency,0.5407,0.4983,0.04239999999999994,0.4593,0.5017,-0.04240000000000005,0.5407,0.4983,0.04239999999999994,0.6074,0.6059,0.0015000000000000568,0.0444,0.0718,-0.0274,0.0208,0.0018,0.019,0.4815,0.4418,0.03969999999999996,0.1481,0.1285,0.019600000000000006,0.0444,0.0219,0.022500000000000003,0.037,0.0267,0.010299999999999997,56.25,3.125,28.125,56.25,56.25,78.125,100.0,84.375,87.5,87.5,65.625,9.375,17.1875
2025,IND,20,leading_early_down,307,strong,stable_team_sample,100.0,1.0,67.96875,74.21875,76.04166666666667,63.28125,71.875,71.875,more_dropback_heavy_than_baseline,slower_than_baseline,more_shotgun_than_baseline,more_efficient_than_baseline,0.5212,0.4468,0.07440000000000002,0.4788,0.5532,-0.07440000000000002,0.5212,0.4468,0.07440000000000002,0.6808,0.5755,0.10529999999999995,0.0293,0.0709,-0.041600000000000005,0.1128,0.0115,0.1013,0.4463,0.4235,0.022799999999999987,0.1629,0.1332,0.029699999999999976,0.013,0.0206,-0.007600000000000001,0.0195,0.0228,-0.003300000000000001,84.375,46.875,56.25,84.375,78.125,68.75,62.5,87.5,87.5,100.0,40.625,64.0625,62.5
2025,IND,21,trailing_early_down,342,strong,stable_team_sample,100.0,1.0,41.40625,69.921875,43.75,25.0,50.17578125,50.17578125,close_to_baseline_run_pass_split,slower_than_baseline,close_to_baseline_shotgun_usage,close_to_baseline_efficiency,0.5556,0.5899,-0.0343,0.4444,0.4101,0.0343,0.5556,0.5899,-0.0343,0.7222,0.7068,0.01539999999999997,0.1023,0.15,-0.04769999999999999,-0.0007,-0.0058,0.0050999999999999995,0.4678,0.438,0.029799999999999993,0.1316,0.1307,0.0008999999999999841,0.0439,0.0281,0.0158,0.038,0.0355,0.0025000000000000022,59.375,6.25,40.625,59.375,45.3125,71.875,75.0,87.5,46.875,62.5,21.875,9.375,40.625
2025,JAX,1,all_offense,1070,strong,stable_team_sample,100.0,1.0,37.5,67.96875,59.375,59.375,53.7109375,53.7109375,close_to_baseline_run_pass_split,slower_than_baseline,less_shotgun_than_baseline,more_efficient_than_baseline,0.5617,0.5737,-0.01200000000000001,0.4383,0.4263,0.01200000000000001,0.5617,0.5737,-0.01200000000000001,0.6093,0.6967,-0.08740000000000003,0.0692,0.1039,-0.03470000000000001,0.0332,-0.0054,0.0386,0.4449,0.4345,0.01040000000000002,0.1374,0.1328,0.004599999999999993,0.0215,0.0274,-0.0059000000000000025,0.0383,0.0401,-0.001799999999999996,25.0,59.375,40.625,25.0,62.5,59.375,68.75,81.25,65.625,75.0,37.5,75.0,43.75
2025,JAX,2,early_down,830,strong,stable_team_sample,100.0,1.0,35.9375,67.96875,47.916666666666664,60.9375,51.4453125,51.4453125,close_to_baseline_run_pass_split,slower_than_baseline,less_shotgun_than_baseline,close_to_baseline_efficiency,0.5337,0.5246,0.009099999999999997,0.4663,0.4754,-0.009099999999999997,0.5337,0.5246,0.009099999999999997,0.541,0.6436,-0.10259999999999991,0.0771,0.1086,-0.0315,0.0273,0.0014,0.025900000000000003,0.4434,0.4339,0.009500000000000008,0.1265,0.1311,-0.004599999999999993,0.0181,0.0244,-0.0063,0.0313,0.0296,0.0017000000000000001,25.0,56.25,37.5,25.0,56.25,56.25,68.75,90.625,46.875,62.5,34.375,78.125,43.75
2025,JAX,3,third_down,211,strong,stable_team_sample,100.0,1.0,46.09375,60.546875,87.5,50.0,59.00390625,59.00390625,close_to_baseline_run_pass_split,slower_than_baseline,close_to_baseline_shotgun_usage,more_efficient_than_baseline,0.7014,0.7494,-0.04799999999999993,0.2986,0.2506,0.04799999999999999,0.7014,0.7494,-0.04799999999999993,0.8957,0.8953,0.00040000000000006697,0.0427,0.0875,-0.04479999999999999,0.077,-0.0507,0.1277,0.436,0.4242,0.011799999999999977,0.1896,0.1404,0.049199999999999994,0.0332,0.0359,-0.002700000000000001,0.0711,0.0778,-0.006699999999999998,68.75,3.125,43.75,68.75,78.125,62.5,46.875,54.6875,96.875,93.75,71.875,50.0,50.0
2025,JAX,4,fourth_down,29,thin,small_team_sample,55.0,0.75,86.71875,39.84375,34.895833333333336,76.5625,64.625,48.46875,more_run_heavy_than_baseline,slower_than_baseline,less_shotgun_than_baseline,less_efficient_than_baseline,0.3448,0.6225,-0.27770000000000006,0.6552,0.3775,0.2777,0.3448,0.6225,-0.27770000000000006,0.4828,0.675,-0.19220000000000004,0.0345,0.0943,-0.05979999999999999,-0.114,0.1649,-0.2789,0.5517,0.5443,0.007399999999999962,0.069,0.1209,-0.05189999999999999,0.0345,0.0492,-0.014699999999999998,0.0,0.0504,-0.0504,100.0,90.625,56.25,100.0,34.375,50.0,59.375,15.625,29.6875,12.5,62.5,67.1875,85.9375
2025,JAX,5,short_yardage,101,strong,stable_team_sample,100.0,1.0,76.5625,33.59375,46.875,51.5625,60.0390625,60.0390625,more_run_heavy_than_baseline,slower_than_baseline,less_shotgun_than_baseline,less_efficient_than_baseline,0.2475,0.3476,-0.10010000000000002,0.7525,0.6524,0.10009999999999997,0.2475,0.3476,-0.10010000000000002,0.4059,0.5322,-0.12630000000000002,0.0792,0.1642,-0.085,-0.0587,0.0647,-0.1234,0.5644,0.5961,-0.03169999999999995,0.0792,0.0906,-0.011399999999999993,0.0297,0.0214,0.008300000000000002,0.0099,0.0229,-0.013,90.625,56.25,68.75,90.625,25.0,37.5,34.375,37.5,40.625,37.5,62.5,31.25,71.875
2025,JAX,6,red_zone,203,strong,stable_team_sample,100.0,1.0,64.0625,68.75,46.875,63.28125,64.375,64.375,more_run_heavy_than_baseline,slower_than_baseline,less_shotgun_than_baseline,close_to_baseline_efficiency,0.4433,0.5029,-0.059599999999999986,0.5567,0.4971,0.059599999999999986,0.4433,0.5029,-0.059599999999999986,0.5862,0.6589,-0.07269999999999999,0.0246,0.0945,-0.0699,-0.0201,-0.0022,-0.0179,0.4631,0.4224,0.040700000000000014,0.0443,0.0512,-0.006900000000000003,0.0296,0.0258,0.0038000000000000013,0.0099,0.0328,-0.022900000000000004,65.625,46.875,78.125,65.625,43.75,81.25,78.125,71.875,40.625,28.125,71.875,29.6875,96.875
2025,JAX,7,goal_to_go,68,good,usable_team_sample,80.0,0.9,39.84375,78.125,70.83333333333333,46.09375,56.6953125,51.02578125,close_to_baseline_run_pass_split,slower_than_baseline,less_shotgun_than_baseline,close_to_baseline_efficiency,0.4559,0.4757,-0.019799999999999984,0.5441,0.5243,0.01980000000000004,0.4559,0.4757,-0.019799999999999984,0.5588,0.611,-0.052200000000000024,0.0,0.0861,-0.0861,-0.0031,0.0097,-0.0128,0.5,0.438,0.062,0.0147,0.0074,0.007299999999999999,0.0588,0.0243,0.0345,0.0,0.0306,-0.0306,18.75,34.375,87.5,18.75,50.0,81.25,90.625,90.625,78.125,43.75,90.625,6.25,85.9375
2025,JAX,8,two_minute_half,112,strong,stable_team_sample,100.0,1.0,69.53125,74.21875,67.1875,45.3125,69.453125,69.453125,more_run_heavy_than_baseline,slower_than_baseline,less_shotgun_than_baseline,close_to_baseline_efficiency,0.6786,0.7349,-0.05630000000000002,0.3214,0.2651,0.05630000000000002,0.6786,0.7349,-0.05630000000000002,0.75,0.8778,-0.12780000000000002,0.0982,0.1634,-0.0652,-0.0081,0.0083,-0.016399999999999998,0.5,0.4231,0.07690000000000002,0.1429,0.1271,0.01580000000000001,0.0268,0.0356,-0.008799999999999999,0.0714,0.0516,0.019800000000000005,59.375,90.625,68.75,59.375,43.75,90.625,81.25,81.25,73.4375,65.625,62.5,68.75,21.875
2025,JAX,9,two_minute_game,36,thin,small_team_sample,55.0,0.75,88.28125,42.96875,79.16666666666667,30.46875,68.140625,51.10546875,more_run_heavy_than_baseline,slower_than_baseline,less_shotgun_than_baseline,less_efficient_than_baseline,0.5,0.6818,-0.18179999999999996,0.5,0.3182,0.18180000000000002,0.5,0.6818,-0.18179999999999996,0.5556,0.8173,-0.26170000000000004,0.0833,0.1726,-0.0893,-0.3251,-0.06,-0.2651,0.3611,0.3942,-0.03310000000000002,0.1667,0.1268,0.03989999999999999,0.0278,0.0394,-0.0116,0.1111,0.0504,0.060700000000000004,89.0625,100.0,75.0,89.0625,6.25,28.125,40.625,96.875,81.25,78.125,78.125,56.25,4.6875
2025,JAX,10,one_score,672,strong,stable_team_sample,100.0,1.0,22.65625,79.6875,63.541666666666664,46.875,49.3359375,49.3359375,close_to_baseline_run_pass_split,slower_than_baseline,less_shotgun_than_baseline,more_efficient_than_baseline,0.5685,0.565,0.0035000000000000586,0.4315,0.435,-0.003500000000000003,0.5685,0.565,0.0035000000000000586,0.6161,0.6859,-0.06979999999999997,0.061,0.0863,-0.025300000000000003,0.0541,0.0035,0.0506,0.4628,0.4369,0.02589999999999998,0.1458,0.1332,0.0126,0.0253,0.0265,-0.0011999999999999997,0.0357,0.0381,-0.0023999999999999994,9.375,46.875,25.0,9.375,71.875,75.0,75.0,96.875,71.875,81.25,37.5,43.75,50.0
2025,JAX,11,neutral_early_down,412,strong,stable_team_sample,100.0,1.0,44.53125,64.453125,58.333333333333336,90.625,58.96484375,58.96484375,close_to_baseline_run_pass_split,close_to_baseline_tempo,less_shotgun_than_baseline,more_efficient_than_baseline,0.5558,0.5215,0.0343,0.4442,0.4785,-0.0343,0.5558,0.5215,0.0343,0.5388,0.6282,-0.08940000000000003,0.0728,0.0855,-0.012700000000000003,0.087,0.013,0.074,0.4612,0.4391,0.02210000000000001,0.1529,0.1443,0.008599999999999997,0.0097,0.0226,-0.012899999999999998,0.0194,0.0278,-0.008399999999999998,53.125,53.125,18.75,53.125,71.875,68.75,59.375,57.8125,65.625,87.5,21.875,100.0,81.25
2025,JAX,12,tied,270,strong,stable_team_sample,100.0,1.0,32.03125,75.0,50.0,72.65625,52.9296875,52.9296875,close_to_baseline_run_pass_split,slower_than_baseline,less_shotgun_than_baseline,more_efficient_than_baseline,0.5667,0.5522,0.014499999999999957,0.4333,0.4478,-0.014499999999999957,0.5667,0.5522,0.014499999999999957,0.6037,0.6675,-0.06379999999999997,0.0444,0.0716,-0.027199999999999995,0.0731,-0.0028,0.0759,0.4593,0.4433,0.01599999999999996,0.1259,0.1307,-0.004799999999999999,0.0111,0.0252,-0.0141,0.0333,0.0369,-0.003599999999999999,31.25,40.625,25.0,31.25,81.25,62.5,70.3125,85.9375,53.125,65.625,31.25,87.5,57.8125
2025,JAX,13,leading,492,strong,stable_team_sample,100.0,1.0,26.953125,39.84375,35.416666666666664,57.8125,38.18359375,38.18359375,close_to_baseline_run_pass_split,slower_than_baseline,less_shotgun_than_baseline,less_efficient_than_baseline,0.5142,0.504,0.010199999999999987,0.4858,0.496,-0.010199999999999987,0.5142,0.504,0.010199999999999987,0.563,0.6358,-0.07280000000000009,0.0386,0.0687,-0.030099999999999995,-0.0424,0.0162,-0.0586,0.4126,0.4269,-0.01429999999999998,0.124,0.1357,-0.011699999999999988,0.0285,0.0228,0.0057,0.0224,0.0318,-0.009400000000000002,15.625,39.0625,37.5,15.625,25.0,40.625,40.625,53.125,28.125,62.5,15.625,21.875,93.75
2025,JAX,14,trailing,308,strong,stable_team_sample,100.0,1.0,17.1875,84.375,90.625,50.0,52.421875,52.421875,close_to_baseline_run_pass_split,close_to_baseline_tempo,less_shotgun_than_baseline,more_efficient_than_baseline,0.6331,0.6309,0.0021999999999999797,0.3669,0.3691,-0.0021999999999999797,0.6331,0.6309,0.0021999999999999797,0.6883,0.7508,-0.0625,0.1396,0.1414,-0.001799999999999996,0.1192,-0.0215,0.1407,0.4838,0.4364,0.0474,0.1688,0.1316,0.03720000000000001,0.0195,0.0315,-0.012,0.0682,0.0472,0.020999999999999998,6.25,53.125,3.125,6.25,78.125,78.125,93.75,87.5,96.875,90.625,84.375,90.625,9.375
2025,JAX,15,leading_one_score,206,strong,stable_team_sample,100.0,1.0,21.875,49.21875,34.375,46.875,36.9921875,36.9921875,close_to_baseline_run_pass_split,slower_than_baseline,less_shotgun_than_baseline,less_efficient_than_baseline,0.5388,0.5341,0.0046999999999999265,0.4612,0.4659,-0.004699999999999982,0.5388,0.5341,0.0046999999999999265,0.5825,0.6624,-0.07989999999999997,0.0437,0.075,-0.031299999999999994,-0.0648,0.0136,-0.0784,0.4369,0.4278,0.009099999999999997,0.1262,0.1347,-0.00849999999999998,0.0437,0.0244,0.0193,0.0194,0.0343,-0.014899999999999997,6.25,43.75,31.25,6.25,21.875,59.375,34.375,81.25,31.25,56.25,15.625,3.125,90.625
2025,JAX,16,leading_two_plus_scores,286,strong,stable_team_sample,100.0,1.0,37.096774193548384,34.677419354838705,40.86021505376344,56.45161290322581,42.137096774193544,42.137096774193544,close_to_baseline_run_pass_split,slower_than_baseline,close_to_baseline_shotgun_usage,less_efficient_than_baseline,0.4965,0.4563,0.040200000000000014,0.5035,0.5437,-0.040200000000000014,0.4965,0.4563,0.040200000000000014,0.549,0.5937,-0.04469999999999996,0.035,0.0586,-0.023599999999999996,-0.0263,0.0204,-0.046700000000000005,0.3951,0.4256,-0.03049999999999997,0.1224,0.1375,-0.015100000000000016,0.0175,0.0203,-0.002799999999999997,0.0245,0.0278,-0.0032999999999999974,45.16129032258064,32.25806451612903,25.806451612903224,45.16129032258064,32.25806451612903,32.25806451612903,38.70967741935484,35.483870967741936,35.483870967741936,74.19354838709677,12.903225806451612,51.61290322580645,61.29032258064516
2025,JAX,17,trailing_one_score,196,strong,stable_team_sample,100.0,1.0,14.0625,91.40625,94.79166666666667,37.5,52.1484375,52.1484375,close_to_baseline_run_pass_split,close_to_baseline_tempo,close_to_baseline_shotgun_usage,more_efficient_than_baseline,0.602,0.5968,0.005199999999999982,0.398,0.4032,-0.005199999999999982,0.602,0.5968,0.005199999999999982,0.6684,0.7163,-0.047900000000000054,0.102,0.1048,-0.002800000000000011,0.1528,0.0002,0.15259999999999999,0.4949,0.4393,0.05559999999999998,0.1939,0.1338,0.06009999999999999,0.0255,0.029,-0.003500000000000003,0.0561,0.0417,0.014399999999999996,3.125,43.75,6.25,3.125,84.375,90.625,90.625,100.0,100.0,96.875,87.5,50.0,25.0
2025,JAX,18,trailing_two_plus_scores,112,strong,stable_team_sample,100.0,1.0,23.4375,59.765625,48.958333333333336,53.125,43.14453125,43.14453125,close_to_baseline_run_pass_split,close_to_baseline_tempo,less_shotgun_than_baseline,more_efficient_than_baseline,0.6875,0.677,0.010499999999999954,0.3125,0.323,-0.01050000000000001,0.6875,0.677,0.010499999999999954,0.7232,0.7976,-0.07440000000000002,0.2054,0.1909,0.014500000000000013,0.0604,-0.0509,0.11130000000000001,0.4643,0.4324,0.031899999999999984,0.125,0.1286,-0.003599999999999992,0.0089,0.0349,-0.026000000000000002,0.0893,0.0546,0.0347,15.625,50.0,12.5,15.625,68.75,68.75,64.0625,37.5,40.625,40.625,65.625,100.0,6.25
2025,JAX,19,tied_early_down,209,strong,stable_team_sample,100.0,1.0,50.0,75.78125,42.708333333333336,74.21875,60.2734375,60.2734375,close_to_baseline_run_pass_split,slower_than_baseline,less_shotgun_than_baseline,more_efficient_than_baseline,0.5455,0.4983,0.047199999999999964,0.4545,0.5017,-0.04720000000000002,0.5455,0.4983,0.047199999999999964,0.5167,0.6059,-0.08919999999999995,0.0431,0.0718,-0.028700000000000003,0.066,0.0018,0.06420000000000001,0.4593,0.4418,0.01749999999999996,0.11,0.1285,-0.018500000000000003,0.0144,0.0219,-0.0075,0.0191,0.0267,-0.007600000000000003,59.375,50.0,31.25,59.375,78.125,65.625,65.625,93.75,31.25,71.875,25.0,76.5625,71.875
2025,JAX,20,leading_early_down,379,strong,stable_team_sample,100.0,1.0,39.0625,41.40625,31.25,65.625,44.1796875,44.1796875,close_to_baseline_run_pass_split,slower_than_baseline,less_shotgun_than_baseline,less_efficient_than_baseline,0.4723,0.4468,0.025500000000000023,0.5277,0.5532,-0.025500000000000078,0.4723,0.4468,0.025500000000000023,0.4908,0.5755,-0.0847,0.0422,0.0709,-0.028700000000000003,-0.0306,0.0115,-0.0421,0.4063,0.4235,-0.017199999999999993,0.1108,0.1332,-0.022400000000000017,0.0185,0.0206,-0.002100000000000001,0.0132,0.0228,-0.009600000000000001,40.625,43.75,31.25,40.625,25.0,34.375,40.625,65.625,31.25,46.875,15.625,43.75,87.5
2025,JAX,21,trailing_early_down,242,strong,stable_team_sample,100.0,1.0,43.75,84.375,88.54166666666667,35.9375,62.65625,62.65625,close_to_baseline_run_pass_split,close_to_baseline_tempo,less_shotgun_than_baseline,more_efficient_than_baseline,0.6198,0.5899,0.029900000000000038,0.3802,0.4101,-0.029900000000000038,0.6198,0.5899,0.029900000000000038,0.6405,0.7068,-0.06630000000000003,0.1612,0.15,0.011200000000000015,0.0844,-0.0058,0.0902,0.4876,0.438,0.04959999999999998,0.1653,0.1307,0.03459999999999999,0.0207,0.0281,-0.0074,0.0702,0.0355,0.0347,53.125,46.875,21.875,53.125,75.0,81.25,90.625,90.625,93.75,84.375,87.5,68.75,3.125
2025,KC,1,all_offense,1045,strong,stable_team_sample,100.0,1.0,69.53125,53.515625,39.583333333333336,40.625,59.66796875,59.66796875,close_to_baseline_run_pass_split,slower_than_baseline,more_shotgun_than_baseline,more_efficient_than_baseline,0.601,0.5737,0.02729999999999999,0.399,0.4263,-0.02729999999999999,0.601,0.5737,0.02729999999999999,0.8096,0.6967,0.1129,0.0249,0.1039,-0.07900000000000001,0.0339,-0.0054,0.0393,0.444,0.4345,0.009500000000000008,0.1234,0.1328,-0.009400000000000006,0.0258,0.0274,-0.0016000000000000007,0.045,0.0401,0.004900000000000002,62.5,68.75,84.375,62.5,67.1875,56.25,59.375,31.25,34.375,53.125,31.25,46.875,34.375
2025,KC,2,early_down,797,strong,stable_team_sample,100.0,1.0,73.4375,46.875,50.520833333333336,53.125,62.65625,62.65625,close_to_baseline_run_pass_split,slower_than_baseline,more_shotgun_than_baseline,close_to_baseline_efficiency,0.5709,0.5246,0.04630000000000001,0.4291,0.4754,-0.04630000000000001,0.5709,0.5246,0.04630000000000001,0.7817,0.6436,0.1381,0.0314,0.1086,-0.0772,0.0243,0.0014,0.0229,0.4417,0.4339,0.007799999999999974,0.1267,0.1311,-0.004399999999999987,0.0201,0.0244,-0.004300000000000002,0.0339,0.0296,0.004299999999999998,75.0,65.625,78.125,75.0,50.0,53.125,56.25,28.125,51.5625,59.375,40.625,71.875,34.375
2025,KC,3,third_down,216,strong,stable_team_sample,100.0,1.0,67.96875,26.5625,23.958333333333332,23.4375,48.1640625,48.1640625,close_to_baseline_run_pass_split,slower_than_baseline,close_to_baseline_shotgun_usage,less_efficient_than_baseline,0.7176,0.7494,-0.03179999999999994,0.2824,0.2506,0.031799999999999995,0.7176,0.7494,-0.03179999999999994,0.9444,0.8953,0.04910000000000003,0.0046,0.0875,-0.0829,-0.1551,-0.0507,-0.10439999999999999,0.4074,0.4242,-0.016800000000000037,0.1065,0.1404,-0.0339,0.0463,0.0359,0.0104,0.088,0.0778,0.0102,53.125,75.0,90.625,53.125,28.125,34.375,31.25,12.5,15.625,18.75,37.5,15.625,31.25
2025,KC,4,fourth_down,32,thin,small_team_sample,55.0,0.75,53.515625,98.4375,58.333333333333336,71.09375,67.30078125,50.4755859375,more_run_heavy_than_baseline,slower_than_baseline,less_shotgun_than_baseline,more_efficient_than_baseline,0.5625,0.6225,-0.06000000000000005,0.4375,0.3775,0.06,0.5625,0.6225,-0.06000000000000005,0.5938,0.675,-0.08120000000000005,0.0,0.0943,-0.0943,1.5475,0.1649,1.3826,0.75,0.5443,0.2057,0.1563,0.1209,0.0354,0.0313,0.0492,-0.0179,0.0313,0.0504,-0.0191,40.625,48.4375,84.375,40.625,100.0,100.0,100.0,93.75,62.5,84.375,28.125,76.5625,65.625
2025,KC,5,short_yardage,118,strong,stable_team_sample,100.0,1.0,51.5625,87.5,7.291666666666667,52.34375,56.40625,56.40625,close_to_baseline_run_pass_split,slower_than_baseline,more_shotgun_than_baseline,more_efficient_than_baseline,0.3305,0.3476,-0.017100000000000004,0.6695,0.6524,0.017100000000000004,0.3305,0.3476,-0.017100000000000004,0.7034,0.5322,0.17120000000000002,0.0169,0.1642,-0.14730000000000001,0.3152,0.0647,0.2505,0.678,0.5961,0.08190000000000008,0.0339,0.0906,-0.0567,0.0339,0.0214,0.0125,0.0085,0.0229,-0.0144,15.625,78.125,96.875,15.625,93.75,96.875,100.0,59.375,3.125,6.25,12.5,21.875,82.8125
2025,KC,6,red_zone,186,strong,stable_team_sample,100.0,1.0,52.34375,34.375,52.083333333333336,29.6875,47.9296875,47.9296875,close_to_baseline_run_pass_split,slower_than_baseline,more_shotgun_than_baseline,less_efficient_than_baseline,0.5269,0.5029,0.02400000000000002,0.4731,0.4971,-0.023999999999999966,0.5269,0.5029,0.02400000000000002,0.7957,0.6589,0.13679999999999992,0.0054,0.0945,-0.0891,-0.0487,-0.0022,-0.0465,0.3978,0.4224,-0.02460000000000001,0.0484,0.0512,-0.002800000000000004,0.0323,0.0258,0.006500000000000002,0.0376,0.0328,0.004799999999999999,25.0,68.75,90.625,25.0,40.625,31.25,28.125,37.5,53.125,40.625,62.5,21.875,37.5
2025,KC,7,goal_to_go,78,good,usable_team_sample,80.0,0.9,85.9375,15.625,65.625,26.5625,59.078125,53.1703125,more_dropback_heavy_than_baseline,slower_than_baseline,more_shotgun_than_baseline,less_efficient_than_baseline,0.6282,0.4757,0.15249999999999997,0.3718,0.5243,-0.15249999999999997,0.6282,0.4757,0.15249999999999997,0.8333,0.611,0.22230000000000005,0.0128,0.0861,-0.07329999999999999,-0.1926,0.0097,-0.20229999999999998,0.359,0.438,-0.07900000000000001,0.0128,0.0074,0.0054,0.0513,0.0243,0.027,0.0385,0.0306,0.0079,93.75,81.25,75.0,93.75,15.625,15.625,12.5,18.75,68.75,43.75,84.375,12.5,40.625
2025,KC,8,two_minute_half,130,strong,stable_team_sample,100.0,1.0,61.71875,41.40625,35.416666666666664,48.4375,53.28125,53.28125,more_dropback_heavy_than_baseline,slower_than_baseline,more_shotgun_than_baseline,more_efficient_than_baseline,0.8077,0.7349,0.07279999999999998,0.1923,0.2651,-0.0728,0.8077,0.7349,0.07279999999999998,0.9538,0.8778,0.07599999999999996,0.1154,0.1634,-0.04799999999999999,0.0638,0.0083,0.055499999999999994,0.4154,0.4231,-0.007699999999999985,0.1154,0.1271,-0.011699999999999988,0.0231,0.0356,-0.0125,0.0769,0.0516,0.025299999999999996,68.75,65.625,43.75,68.75,68.75,40.625,46.875,9.375,34.375,43.75,28.125,81.25,15.625
2025,KC,9,two_minute_game,38,thin,small_team_sample,55.0,0.75,42.96875,35.15625,31.770833333333332,37.5,39.390625,29.54296875,more_dropback_heavy_than_baseline,slower_than_baseline,more_shotgun_than_baseline,close_to_baseline_efficiency,0.7368,0.6818,0.05500000000000005,0.2632,0.3182,-0.05499999999999999,0.7368,0.6818,0.05500000000000005,0.9211,0.8173,0.1038,0.0526,0.1726,-0.12,-0.0573,-0.06,0.002700000000000001,0.3684,0.3942,-0.02579999999999999,0.1053,0.1268,-0.02149999999999999,0.0526,0.0394,0.013200000000000003,0.0526,0.0504,0.0022000000000000006,21.875,43.75,84.375,21.875,37.5,31.25,43.75,28.125,21.875,28.125,45.3125,25.0,50.0
2025,KC,10,one_score,789,strong,stable_team_sample,100.0,1.0,75.78125,44.140625,30.208333333333332,39.0625,58.57421875,58.57421875,close_to_baseline_run_pass_split,slower_than_baseline,more_shotgun_than_baseline,close_to_baseline_efficiency,0.6109,0.565,0.04590000000000005,0.3891,0.435,-0.045899999999999996,0.6109,0.565,0.04590000000000005,0.8035,0.6859,0.11760000000000004,0.0203,0.0863,-0.066,0.0001,0.0035,-0.0034000000000000002,0.4461,0.4369,0.009199999999999986,0.1179,0.1332,-0.015300000000000008,0.0279,0.0265,0.001400000000000002,0.038,0.0381,-0.00010000000000000286,78.125,68.75,78.125,78.125,34.375,54.6875,53.125,34.375,31.25,31.25,28.125,37.5,40.625
2025,KC,11,neutral_early_down,492,strong,stable_team_sample,100.0,1.0,77.34375,51.5625,47.916666666666664,50.0,64.8828125,64.8828125,more_dropback_heavy_than_baseline,slower_than_baseline,more_shotgun_than_baseline,more_efficient_than_baseline,0.5813,0.5215,0.059800000000000075,0.4187,0.4785,-0.059799999999999964,0.5813,0.5215,0.059800000000000075,0.7622,0.6282,0.134,0.0264,0.0855,-0.05910000000000001,0.0495,0.013,0.036500000000000005,0.4614,0.4391,0.022299999999999986,0.1362,0.1443,-0.008100000000000024,0.0183,0.0226,-0.004299999999999998,0.0325,0.0278,0.004700000000000003,84.375,68.75,71.875,84.375,59.375,71.875,65.625,9.375,50.0,53.125,40.625,68.75,31.25
2025,KC,12,tied,225,strong,stable_team_sample,100.0,1.0,72.65625,31.25,37.5,21.875,53.3203125,53.3203125,close_to_baseline_run_pass_split,slower_than_baseline,more_shotgun_than_baseline,less_efficient_than_baseline,0.5911,0.5522,0.038899999999999935,0.4089,0.4478,-0.03889999999999999,0.5911,0.5522,0.038899999999999935,0.8222,0.6675,0.15470000000000006,0.0178,0.0716,-0.0538,-0.1589,-0.0028,-0.15610000000000002,0.4311,0.4433,-0.012200000000000044,0.1156,0.1307,-0.015100000000000016,0.0489,0.0252,0.0237,0.04,0.0369,0.0030999999999999986,68.75,84.375,68.75,68.75,9.375,37.5,31.25,46.875,31.25,28.125,53.125,9.375,34.375
2025,KC,13,leading,272,strong,stable_team_sample,100.0,1.0,76.5625,87.5,41.666666666666664,42.1875,71.796875,71.796875,close_to_baseline_run_pass_split,slower_than_baseline,more_shotgun_than_baseline,more_efficient_than_baseline,0.5515,0.504,0.04749999999999999,0.4485,0.496,-0.04749999999999999,0.5515,0.504,0.04749999999999999,0.7574,0.6358,0.12159999999999993,0.011,0.0687,-0.0577,0.1341,0.0162,0.1179,0.4779,0.4269,0.05099999999999999,0.1287,0.1357,-0.0069999999999999785,0.0184,0.0228,-0.004400000000000001,0.0368,0.0318,0.0049999999999999975,75.0,71.875,84.375,75.0,84.375,90.625,100.0,75.0,37.5,59.375,28.125,50.0,34.375
2025,KC,14,trailing,548,strong,stable_team_sample,100.0,1.0,39.0625,45.3125,30.208333333333332,60.9375,44.53125,44.53125,close_to_baseline_run_pass_split,slower_than_baseline,more_shotgun_than_baseline,more_efficient_than_baseline,0.6296,0.6309,-0.0012999999999999678,0.3704,0.3691,0.0013000000000000234,0.6296,0.6309,-0.0012999999999999678,0.8303,0.7508,0.07950000000000002,0.0347,0.1414,-0.10669999999999999,0.0633,-0.0215,0.08479999999999999,0.4325,0.4364,-0.0039000000000000146,0.1241,0.1316,-0.007499999999999993,0.0201,0.0315,-0.0114,0.0511,0.0472,0.0039000000000000007,3.125,59.375,90.625,3.125,68.75,40.625,50.0,21.875,28.125,37.5,25.0,84.375,37.5
2025,KC,15,leading_one_score,143,strong,stable_team_sample,100.0,1.0,78.125,90.625,43.75,40.625,73.4375,73.4375,more_dropback_heavy_than_baseline,slower_than_baseline,more_shotgun_than_baseline,more_efficient_than_baseline,0.6434,0.5341,0.10929999999999995,0.3566,0.4659,-0.10930000000000001,0.6434,0.5341,0.10929999999999995,0.7413,0.6624,0.07889999999999997,0.014,0.075,-0.061,0.1612,0.0136,0.1476,0.5035,0.4278,0.07569999999999993,0.1329,0.1347,-0.001799999999999996,0.028,0.0244,0.003599999999999999,0.035,0.0343,0.0007000000000000062,93.75,40.625,84.375,93.75,87.5,90.625,100.0,84.375,40.625,65.625,25.0,34.375,46.875
2025,KC,16,leading_two_plus_scores,129,strong,stable_team_sample,100.0,1.0,45.16129032258065,68.5483870967742,47.31182795698925,56.45161290322581,55.201612903225815,55.201612903225815,close_to_baseline_run_pass_split,slower_than_baseline,more_shotgun_than_baseline,more_efficient_than_baseline,0.4496,0.4563,-0.006699999999999984,0.5504,0.5437,0.006700000000000039,0.4496,0.4563,-0.006699999999999984,0.7752,0.5937,0.1815,0.0078,0.0586,-0.0508,0.104,0.0204,0.0836,0.4496,0.4256,0.02400000000000002,0.124,0.1375,-0.013500000000000012,0.0078,0.0203,-0.012499999999999999,0.0388,0.0278,0.011000000000000003,12.903225806451612,83.87096774193549,70.96774193548387,12.903225806451612,74.19354838709677,77.41935483870968,77.41935483870968,45.16129032258064,41.935483870967744,64.51612903225806,35.483870967741936,77.41935483870968,35.483870967741936
2025,KC,17,trailing_one_score,421,strong,stable_team_sample,100.0,1.0,46.875,46.09375,20.833333333333332,70.3125,47.7734375,47.7734375,close_to_baseline_run_pass_split,slower_than_baseline,more_shotgun_than_baseline,more_efficient_than_baseline,0.6105,0.5968,0.013700000000000045,0.3895,0.4032,-0.01369999999999999,0.6105,0.5968,0.013700000000000045,0.8147,0.7163,0.09839999999999993,0.0238,0.1048,-0.081,0.0303,0.0002,0.030100000000000002,0.4347,0.4393,-0.0046000000000000485,0.114,0.1338,-0.019799999999999998,0.0166,0.029,-0.012400000000000001,0.038,0.0417,-0.003700000000000002,21.875,62.5,81.25,21.875,56.25,53.125,53.125,21.875,15.625,18.75,28.125,87.5,53.125
2025,KC,18,trailing_two_plus_scores,127,strong,stable_team_sample,100.0,1.0,47.65625,54.6875,64.58333333333333,29.6875,52.7734375,52.7734375,close_to_baseline_run_pass_split,slower_than_baseline,more_shotgun_than_baseline,more_efficient_than_baseline,0.6929,0.677,0.015899999999999914,0.3071,0.323,-0.015900000000000025,0.6929,0.677,0.015899999999999914,0.8819,0.7976,0.08430000000000004,0.0709,0.1909,-0.11999999999999998,0.1725,-0.0509,0.2234,0.4252,0.4324,-0.007199999999999984,0.1575,0.1286,0.02890000000000001,0.0315,0.0349,-0.0034000000000000002,0.0945,0.0546,0.0399,21.875,56.25,90.625,21.875,93.75,31.25,43.75,50.0,81.25,90.625,21.875,56.25,3.125
2025,KC,19,tied_early_down,171,strong,stable_team_sample,100.0,1.0,75.0,36.71875,61.458333333333336,45.3125,61.6796875,61.6796875,more_dropback_heavy_than_baseline,slower_than_baseline,more_shotgun_than_baseline,less_efficient_than_baseline,0.5614,0.4983,0.06309999999999999,0.4386,0.5017,-0.06310000000000004,0.5614,0.4983,0.06309999999999999,0.7895,0.6059,0.18359999999999999,0.0175,0.0718,-0.0543,-0.0659,0.0018,-0.0677,0.4503,0.4418,0.008499999999999952,0.1287,0.1285,0.00020000000000000573,0.0292,0.0219,0.007300000000000001,0.0234,0.0267,-0.003300000000000001,71.875,84.375,71.875,71.875,21.875,53.125,43.75,28.125,62.5,62.5,59.375,31.25,59.375
2025,KC,20,leading_early_down,214,strong,stable_team_sample,100.0,1.0,82.03125,77.734375,57.291666666666664,31.25,73.06640625,73.06640625,more_dropback_heavy_than_baseline,slower_than_baseline,more_shotgun_than_baseline,more_efficient_than_baseline,0.5234,0.4468,0.0766,0.4766,0.5532,-0.0766,0.5234,0.4468,0.0766,0.7243,0.5755,0.14880000000000004,0.014,0.0709,-0.056900000000000006,0.0857,0.0115,0.0742,0.4673,0.4235,0.043800000000000006,0.1355,0.1332,0.0022999999999999965,0.0187,0.0206,-0.001899999999999999,0.0374,0.0228,0.014600000000000002,87.5,68.75,84.375,87.5,67.1875,78.125,90.625,75.0,56.25,81.25,34.375,40.625,21.875
2025,KC,21,trailing_early_down,412,strong,stable_team_sample,100.0,1.0,50.0,37.5,31.25,64.0625,47.96875,47.96875,close_to_baseline_run_pass_split,slower_than_baseline,more_shotgun_than_baseline,more_efficient_than_baseline,0.5995,0.5899,0.009600000000000053,0.4005,0.4101,-0.009599999999999997,0.5995,0.5899,0.009600000000000053,0.8083,0.7068,0.10150000000000003,0.0461,0.15,-0.10389999999999999,0.0298,-0.0058,0.0356,0.4248,0.438,-0.01319999999999999,0.1214,0.1307,-0.009300000000000017,0.017,0.0281,-0.011099999999999999,0.0364,0.0355,0.000900000000000005,25.0,59.375,90.625,25.0,62.5,25.0,46.875,15.625,28.125,34.375,31.25,84.375,43.75
2025,LA,1,all_offense,1056,strong,stable_team_sample,100.0,1.0,45.3125,99.21875,83.33333333333333,93.75,72.0703125,72.0703125,close_to_baseline_run_pass_split,slower_than_baseline,less_shotgun_than_baseline,more_efficient_than_baseline,0.5843,0.5737,0.010600000000000054,0.4157,0.4263,-0.010599999999999998,0.5843,0.5737,0.010600000000000054,0.41,0.6967,-0.2867,0.0663,0.1039,-0.03760000000000001,0.1448,-0.0054,0.1502,0.518,0.4345,0.08350000000000002,0.1563,0.1328,0.023499999999999993,0.018,0.0274,-0.009400000000000002,0.0218,0.0401,-0.018299999999999997,18.75,100.0,43.75,18.75,96.875,100.0,100.0,100.0,93.75,96.875,59.375,90.625,96.875
2025,LA,2,early_down,838,strong,stable_team_sample,100.0,1.0,57.8125,100.0,84.375,89.0625,77.578125,77.578125,close_to_baseline_run_pass_split,slower_than_baseline,less_shotgun_than_baseline,more_efficient_than_baseline,0.5453,0.5246,0.02070000000000005,0.4547,0.4754,-0.020699999999999996,0.5453,0.5246,0.02070000000000005,0.321,0.6436,-0.32259999999999994,0.0716,0.1086,-0.037000000000000005,0.1673,0.0014,0.1659,0.531,0.4339,0.09710000000000002,0.1599,0.1311,0.028799999999999992,0.0143,0.0244,-0.010100000000000001,0.0203,0.0296,-0.009300000000000003,43.75,100.0,43.75,43.75,100.0,100.0,100.0,100.0,96.875,96.875,59.375,93.75,84.375
2025,LA,3,third_down,188,strong,stable_team_sample,100.0,1.0,47.65625,46.875,47.916666666666664,75.0,52.8515625,52.8515625,close_to_baseline_run_pass_split,slower_than_baseline,less_shotgun_than_baseline,less_efficient_than_baseline,0.766,0.7494,0.01660000000000006,0.234,0.2506,-0.016599999999999976,0.766,0.7494,0.01660000000000006,0.7979,0.8953,-0.09739999999999993,0.0532,0.0875,-0.0343,-0.0964,-0.0507,-0.0457,0.4309,0.4242,0.006699999999999984,0.1383,0.1404,-0.0020999999999999908,0.0319,0.0359,-0.0040000000000000036,0.0266,0.0778,-0.051199999999999996,31.25,96.875,31.25,31.25,37.5,56.25,53.125,40.625,50.0,78.125,15.625,53.125,96.875
2025,LA,4,fourth_down,30,thin,small_team_sample,55.0,0.75,75.0,91.40625,73.95833333333333,65.625,77.0078125,57.755859375,more_run_heavy_than_baseline,slower_than_baseline,less_shotgun_than_baseline,more_efficient_than_baseline,0.5333,0.6225,-0.08920000000000006,0.4667,0.3775,0.0892,0.5333,0.6225,-0.08920000000000006,0.4667,0.675,-0.20830000000000004,0.0,0.0943,-0.0943,1.0281,0.1649,0.8632,0.7,0.5443,0.15569999999999995,0.1667,0.1209,0.045799999999999993,0.0333,0.0492,-0.015899999999999997,0.0333,0.0504,-0.017099999999999997,59.375,96.875,84.375,59.375,87.5,92.1875,85.9375,100.0,75.0,53.125,93.75,71.875,59.375
2025,LA,5,short_yardage,129,strong,stable_team_sample,100.0,1.0,73.4375,89.0625,84.375,89.0625,81.875,81.875,more_dropback_heavy_than_baseline,slower_than_baseline,less_shotgun_than_baseline,more_efficient_than_baseline,0.4186,0.3476,0.07100000000000001,0.5814,0.6524,-0.07099999999999995,0.4186,0.3476,0.07100000000000001,0.3256,0.5322,-0.2066,0.1008,0.1642,-0.06340000000000001,0.2668,0.0647,0.2021,0.6667,0.5961,0.0706,0.124,0.0906,0.0334,0.0078,0.0214,-0.0136,0.0078,0.0229,-0.0151,75.0,90.625,53.125,75.0,87.5,90.625,78.125,100.0,90.625,90.625,71.875,90.625,87.5
2025,LA,6,red_zone,198,strong,stable_team_sample,100.0,1.0,77.34375,90.625,44.791666666666664,75.0,76.6796875,76.6796875,more_dropback_heavy_than_baseline,slower_than_baseline,less_shotgun_than_baseline,more_efficient_than_baseline,0.5657,0.5029,0.06279999999999997,0.4343,0.4971,-0.06279999999999997,0.5657,0.5029,0.06279999999999997,0.2929,0.6589,-0.36600000000000005,0.0253,0.0945,-0.0692,0.0603,-0.0022,0.0625,0.5152,0.4224,0.0928,0.0455,0.0512,-0.005700000000000004,0.0253,0.0258,-0.0005000000000000004,0.0152,0.0328,-0.017600000000000005,68.75,100.0,71.875,68.75,68.75,100.0,96.875,96.875,43.75,37.5,53.125,62.5,87.5
2025,LA,7,goal_to_go,91,good,usable_team_sample,80.0,0.9,62.5,92.96875,39.0625,63.28125,67.5546875,60.79921875,close_to_baseline_run_pass_split,slower_than_baseline,less_shotgun_than_baseline,more_efficient_than_baseline,0.5165,0.4757,0.04079999999999995,0.4835,0.5243,-0.0408,0.5165,0.4757,0.04079999999999995,0.2198,0.611,-0.3912,0.011,0.0861,-0.0751,0.3117,0.0097,0.302,0.5714,0.438,0.13340000000000002,0.0,0.0074,-0.0074,0.022,0.0243,-0.0023,0.0,0.0306,-0.0306,34.375,100.0,81.25,34.375,87.5,96.875,93.75,93.75,32.8125,43.75,40.625,40.625,85.9375
2025,LA,8,two_minute_half,104,strong,stable_team_sample,100.0,1.0,55.46875,86.71875,69.79166666666667,75.0,69.609375,69.609375,close_to_baseline_run_pass_split,faster_than_baseline,less_shotgun_than_baseline,more_efficient_than_baseline,0.7019,0.7349,-0.03300000000000003,0.2981,0.2651,0.032999999999999974,0.7019,0.7349,-0.03300000000000003,0.7115,0.8778,-0.1663,0.2212,0.1634,0.05780000000000002,0.1849,0.0083,0.1766,0.5096,0.4231,0.08650000000000008,0.1635,0.1271,0.036400000000000016,0.0288,0.0356,-0.0068000000000000005,0.0288,0.0516,-0.0228,31.25,96.875,62.5,31.25,90.625,93.75,90.625,71.875,81.25,87.5,40.625,65.625,84.375
2025,LA,9,two_minute_game,40,thin,small_team_sample,55.0,0.75,35.15625,60.15625,26.041666666666668,81.25,45.640625,34.23046875,more_run_heavy_than_baseline,faster_than_baseline,less_shotgun_than_baseline,more_efficient_than_baseline,0.625,0.6818,-0.05679999999999996,0.375,0.3182,0.05680000000000002,0.625,0.6818,-0.05679999999999996,0.675,0.8173,-0.14229999999999998,0.2,0.1726,0.027400000000000008,0.0957,-0.06,0.1557,0.475,0.3942,0.08079999999999998,0.1,0.1268,-0.02679999999999999,0.025,0.0394,-0.014399999999999996,0.0,0.0504,-0.0504,25.0,65.625,25.0,25.0,81.25,87.5,50.0,21.875,15.625,21.875,40.625,67.1875,95.3125
2025,LA,10,one_score,739,strong,stable_team_sample,100.0,1.0,71.875,100.0,85.41666666666667,75.78125,82.734375,82.734375,more_dropback_heavy_than_baseline,close_to_baseline_tempo,less_shotgun_than_baseline,more_efficient_than_baseline,0.6225,0.565,0.05750000000000011,0.3775,0.435,-0.057499999999999996,0.6225,0.565,0.05750000000000011,0.4141,0.6859,-0.27179999999999993,0.0717,0.0863,-0.014600000000000002,0.154,0.0035,0.1505,0.5264,0.4369,0.08949999999999997,0.1651,0.1332,0.031899999999999984,0.0217,0.0265,-0.004799999999999999,0.0217,0.0381,-0.0164,87.5,100.0,12.5,87.5,100.0,100.0,100.0,100.0,96.875,100.0,59.375,57.8125,93.75
2025,LA,11,neutral_early_down,448,strong,stable_team_sample,100.0,1.0,74.21875,97.65625,92.70833333333333,72.65625,83.984375,83.984375,more_dropback_heavy_than_baseline,close_to_baseline_tempo,less_shotgun_than_baseline,more_efficient_than_baseline,0.5982,0.5215,0.07669999999999999,0.4018,0.4785,-0.07669999999999999,0.5982,0.5215,0.07669999999999999,0.3259,0.6282,-0.30229999999999996,0.0781,0.0855,-0.007400000000000004,0.1925,0.013,0.1795,0.5379,0.4391,0.09880000000000005,0.2098,0.1443,0.06549999999999997,0.0134,0.0226,-0.009199999999999998,0.0268,0.0278,-0.0009999999999999974,93.75,100.0,9.375,93.75,100.0,100.0,100.0,90.625,100.0,100.0,78.125,95.3125,50.0
2025,LA,12,tied,211,strong,stable_team_sample,100.0,1.0,69.53125,88.671875,32.291666666666664,73.4375,70.64453125,70.64453125,more_dropback_heavy_than_baseline,close_to_baseline_tempo,less_shotgun_than_baseline,more_efficient_than_baseline,0.6351,0.5522,0.08289999999999997,0.3649,0.4478,-0.08289999999999997,0.6351,0.5522,0.08289999999999997,0.4171,0.6675,-0.25039999999999996,0.0806,0.0716,0.009000000000000008,0.1022,-0.0028,0.105,0.5024,0.4433,0.05909999999999993,0.1137,0.1307,-0.017000000000000015,0.0237,0.0252,-0.0015000000000000013,0.0047,0.0369,-0.0322,84.375,96.875,12.5,84.375,87.5,87.5,89.0625,90.625,25.0,50.0,21.875,46.875,100.0
2025,LA,13,leading,478,strong,stable_team_sample,100.0,1.0,41.40625,88.28125,68.75,87.5,64.765625,64.765625,close_to_baseline_run_pass_split,slower_than_baseline,less_shotgun_than_baseline,more_efficient_than_baseline,0.5188,0.504,0.014800000000000035,0.4812,0.496,-0.01479999999999998,0.5188,0.504,0.014800000000000035,0.3619,0.6358,-0.27390000000000003,0.046,0.0687,-0.022699999999999998,0.1014,0.0162,0.0852,0.4979,0.4269,0.07100000000000001,0.1464,0.1357,0.010700000000000015,0.0084,0.0228,-0.014400000000000001,0.023,0.0318,-0.008800000000000002,25.0,96.875,18.75,25.0,71.875,100.0,84.375,96.875,68.75,78.125,59.375,84.375,90.625
2025,LA,14,trailing,367,strong,stable_team_sample,100.0,1.0,50.0,98.4375,90.625,68.75,72.578125,72.578125,close_to_baseline_run_pass_split,slower_than_baseline,less_shotgun_than_baseline,more_efficient_than_baseline,0.6403,0.6309,0.009399999999999964,0.3597,0.3691,-0.009399999999999964,0.6403,0.6309,0.009399999999999964,0.4687,0.7508,-0.2821,0.0845,0.1414,-0.05689999999999999,0.2258,-0.0215,0.2473,0.5531,0.4364,0.11670000000000003,0.1935,0.1316,0.06190000000000001,0.0272,0.0315,-0.004300000000000002,0.03,0.0472,-0.0172,25.0,100.0,50.0,25.0,100.0,100.0,100.0,93.75,100.0,100.0,71.875,56.25,81.25
2025,LA,15,leading_one_score,218,strong,stable_team_sample,100.0,1.0,71.875,86.71875,86.45833333333333,62.5,78.2421875,78.2421875,more_dropback_heavy_than_baseline,slower_than_baseline,less_shotgun_than_baseline,more_efficient_than_baseline,0.6147,0.5341,0.0806,0.3853,0.4659,-0.0806,0.6147,0.5341,0.0806,0.3532,0.6624,-0.3092,0.0505,0.075,-0.024499999999999994,0.0906,0.0136,0.077,0.5046,0.4278,0.07680000000000003,0.1743,0.1347,0.039600000000000024,0.0138,0.0244,-0.010600000000000002,0.0321,0.0343,-0.0022000000000000006,84.375,100.0,18.75,84.375,65.625,93.75,96.875,90.625,93.75,90.625,75.0,65.625,59.375
2025,LA,16,leading_two_plus_scores,260,strong,stable_team_sample,100.0,1.0,40.32258064516129,84.2741935483871,45.16129032258064,90.32258064516128,60.020161290322584,60.020161290322584,close_to_baseline_run_pass_split,close_to_baseline_tempo,less_shotgun_than_baseline,more_efficient_than_baseline,0.4385,0.4563,-0.017799999999999983,0.5615,0.5437,0.017800000000000038,0.4385,0.4563,-0.017799999999999983,0.3692,0.5937,-0.22450000000000003,0.0423,0.0586,-0.016300000000000002,0.1104,0.0204,0.09,0.4923,0.4256,0.06670000000000004,0.1231,0.1375,-0.01440000000000001,0.0038,0.0203,-0.016499999999999997,0.0154,0.0278,-0.012399999999999998,29.03225806451613,90.32258064516128,12.903225806451612,29.03225806451613,80.64516129032258,96.7741935483871,66.12903225806451,93.54838709677419,38.70967741935484,51.61290322580645,45.16129032258064,93.54838709677419,87.09677419354838
2025,LA,17,trailing_one_score,310,strong,stable_team_sample,100.0,1.0,48.4375,96.875,91.66666666666667,62.5,71.015625,71.015625,close_to_baseline_run_pass_split,slower_than_baseline,less_shotgun_than_baseline,more_efficient_than_baseline,0.6194,0.5968,0.022599999999999953,0.3806,0.4032,-0.02260000000000001,0.6194,0.5968,0.022599999999999953,0.4548,0.7163,-0.26150000000000007,0.0806,0.1048,-0.0242,0.2338,0.0002,0.2336,0.5581,0.4393,0.11880000000000002,0.1935,0.1338,0.0597,0.0258,0.029,-0.0032000000000000015,0.0258,0.0417,-0.0159,34.375,100.0,25.0,34.375,100.0,100.0,100.0,87.5,96.875,100.0,78.125,46.875,78.125
2025,LA,18,trailing_two_plus_scores,57,good,usable_team_sample,80.0,0.9,80.46875,89.84375,70.83333333333333,39.0625,77.203125,69.48281250000001,more_dropback_heavy_than_baseline,slower_than_baseline,less_shotgun_than_baseline,more_efficient_than_baseline,0.7544,0.677,0.07739999999999991,0.2456,0.323,-0.0774,0.7544,0.677,0.07739999999999991,0.5439,0.7976,-0.2536999999999999,0.1053,0.1909,-0.08559999999999998,0.1821,-0.0509,0.233,0.5263,0.4324,0.09389999999999998,0.193,0.1286,0.06440000000000001,0.0351,0.0349,0.0001999999999999988,0.0526,0.0546,-0.0020000000000000018,78.125,100.0,65.625,78.125,96.875,90.625,84.375,87.5,100.0,100.0,12.5,37.5,40.625
2025,LA,19,tied_early_down,164,strong,stable_team_sample,100.0,1.0,75.0,88.671875,52.083333333333336,71.875,75.91796875,75.91796875,more_dropback_heavy_than_baseline,close_to_baseline_tempo,less_shotgun_than_baseline,more_efficient_than_baseline,0.6037,0.4983,0.1054,0.3963,0.5017,-0.10540000000000005,0.6037,0.4983,0.1054,0.3232,0.6059,-0.2827,0.0915,0.0718,0.019699999999999995,0.078,0.0018,0.0762,0.5,0.4418,0.058199999999999974,0.122,0.1285,-0.006500000000000006,0.0244,0.0219,0.0025000000000000022,0.0061,0.0267,-0.0206,90.625,96.875,21.875,90.625,87.5,92.1875,84.375,90.625,50.0,78.125,28.125,43.75,100.0
2025,LA,20,leading_early_down,379,strong,stable_team_sample,100.0,1.0,39.0625,96.875,65.10416666666667,62.5,62.8125,62.8125,close_to_baseline_run_pass_split,slower_than_baseline,less_shotgun_than_baseline,more_efficient_than_baseline,0.4644,0.4468,0.017600000000000005,0.5356,0.5532,-0.01760000000000006,0.4644,0.4468,0.017600000000000005,0.2744,0.5755,-0.30110000000000003,0.0501,0.0709,-0.020800000000000006,0.1618,0.0115,0.1503,0.5251,0.4235,0.10160000000000002,0.1478,0.1332,0.014599999999999974,0.0079,0.0206,-0.0127,0.0211,0.0228,-0.0017000000000000001,21.875,96.875,15.625,21.875,93.75,100.0,100.0,93.75,65.625,76.5625,53.125,75.0,50.0
2025,LA,21,trailing_early_down,295,strong,stable_team_sample,100.0,1.0,63.28125,98.4375,92.70833333333333,76.5625,79.6484375,79.6484375,close_to_baseline_run_pass_split,slower_than_baseline,less_shotgun_than_baseline,more_efficient_than_baseline,0.6169,0.5899,0.027000000000000024,0.3831,0.4101,-0.027000000000000024,0.6169,0.5899,0.027000000000000024,0.3797,0.7068,-0.3271,0.0881,0.15,-0.0619,0.224,-0.0058,0.2298,0.5559,0.438,0.11789999999999995,0.1966,0.1307,0.06589999999999999,0.0169,0.0281,-0.011200000000000002,0.0271,0.0355,-0.008399999999999998,46.875,100.0,59.375,46.875,100.0,100.0,100.0,93.75,100.0,100.0,78.125,87.5,65.625
2025,LAC,1,all_offense,1079,strong,stable_team_sample,100.0,1.0,23.4375,28.90625,34.895833333333336,28.125,30.8203125,30.8203125,close_to_baseline_run_pass_split,slower_than_baseline,close_to_baseline_shotgun_usage,close_to_baseline_efficiency,0.5792,0.5737,0.00550000000000006,0.4208,0.4263,-0.005500000000000005,0.5792,0.5737,0.00550000000000006,0.7146,0.6967,0.017900000000000027,0.038,0.1039,-0.06590000000000001,-0.0245,-0.0054,-0.0191,0.431,0.4345,-0.003500000000000003,0.1233,0.1328,-0.009499999999999995,0.0269,0.0274,-0.0005000000000000004,0.0556,0.0401,0.0155,12.5,3.125,65.625,12.5,25.0,37.5,28.125,25.0,31.25,23.4375,50.0,40.625,15.625
2025,LAC,2,early_down,809,strong,stable_team_sample,100.0,1.0,32.8125,22.65625,28.125,31.25,32.7734375,32.7734375,close_to_baseline_run_pass_split,slower_than_baseline,close_to_baseline_shotgun_usage,less_efficient_than_baseline,0.5365,0.5246,0.011900000000000022,0.4635,0.4754,-0.011899999999999966,0.5365,0.5246,0.011900000000000022,0.6638,0.6436,0.020199999999999996,0.0408,0.1086,-0.0678,-0.0454,0.0014,-0.0468,0.4141,0.4339,-0.019799999999999984,0.115,0.1311,-0.01609999999999999,0.021,0.0244,-0.0034000000000000002,0.0482,0.0296,0.0186,28.125,6.25,68.75,28.125,25.0,15.625,15.625,34.375,25.0,34.375,25.0,59.375,3.125
2025,LAC,3,third_down,250,strong,stable_team_sample,100.0,1.0,50.78125,68.75,58.333333333333336,26.5625,56.4453125,56.4453125,close_to_baseline_run_pass_split,slower_than_baseline,close_to_baseline_shotgun_usage,more_efficient_than_baseline,0.716,0.7494,-0.033399999999999985,0.284,0.2506,0.033399999999999985,0.716,0.7494,-0.033399999999999985,0.884,0.8953,-0.011299999999999977,0.028,0.0875,-0.0595,0.0214,-0.0507,0.0721,0.476,0.4242,0.05179999999999996,0.144,0.1404,0.003599999999999992,0.044,0.0359,0.008099999999999996,0.08,0.0778,0.0022000000000000075,56.25,28.125,62.5,56.25,59.375,90.625,90.625,34.375,56.25,25.0,93.75,18.75,34.375
2025,LAC,4,fourth_down,20,thin,small_team_sample,55.0,0.75,22.65625,48.046875,85.41666666666667,43.75,42.14453125,31.6083984375,close_to_baseline_run_pass_split,slower_than_baseline,close_to_baseline_shotgun_usage,more_efficient_than_baseline,0.6,0.6225,-0.022500000000000075,0.4,0.3775,0.02250000000000002,0.6,0.6225,-0.022500000000000075,0.65,0.675,-0.025000000000000022,0.05,0.0943,-0.04429999999999999,0.247,0.1649,0.0821,0.55,0.5443,0.005700000000000038,0.2,0.1209,0.07910000000000002,0.05,0.0492,0.0008000000000000021,0.05,0.0504,-0.0003999999999999976,21.875,12.5,34.375,21.875,56.25,45.3125,70.3125,20.3125,93.75,79.6875,82.8125,46.875,40.625
2025,LAC,5,short_yardage,109,strong,stable_team_sample,100.0,1.0,61.71875,31.25,53.125,78.90625,56.4453125,56.4453125,more_run_heavy_than_baseline,slower_than_baseline,close_to_baseline_shotgun_usage,close_to_baseline_efficiency,0.2752,0.3476,-0.07240000000000002,0.7248,0.6524,0.07240000000000002,0.2752,0.3476,-0.07240000000000002,0.5505,0.5322,0.018299999999999983,0.0734,0.1642,-0.0908,0.0887,0.0647,0.024000000000000007,0.5596,0.5961,-0.03649999999999998,0.0826,0.0906,-0.007999999999999993,0.0183,0.0214,-0.0030999999999999986,0.0,0.0229,-0.0229,78.125,9.375,81.25,78.125,53.125,34.375,21.875,15.625,46.875,34.375,78.125,62.5,95.3125
2025,LAC,6,red_zone,165,strong,stable_team_sample,100.0,1.0,46.09375,28.125,59.375,21.875,43.8671875,43.8671875,more_dropback_heavy_than_baseline,slower_than_baseline,close_to_baseline_shotgun_usage,less_efficient_than_baseline,0.5576,0.5029,0.05469999999999997,0.4424,0.4971,-0.05469999999999997,0.5576,0.5029,0.05469999999999997,0.6667,0.6589,0.007799999999999918,0.0303,0.0945,-0.06420000000000001,-0.0807,-0.0022,-0.0785,0.4,0.4224,-0.022399999999999975,0.0545,0.0512,0.0032999999999999974,0.0364,0.0258,0.010600000000000002,0.0424,0.0328,0.009599999999999997,56.25,3.125,68.75,56.25,28.125,34.375,21.875,28.125,65.625,62.5,50.0,9.375,34.375
2025,LAC,7,goal_to_go,54,good,usable_team_sample,80.0,0.9,40.625,39.0625,78.125,14.0625,45.171875,40.6546875,close_to_baseline_run_pass_split,slower_than_baseline,close_to_baseline_shotgun_usage,less_efficient_than_baseline,0.5185,0.4757,0.04279999999999995,0.4815,0.5243,-0.042800000000000005,0.5185,0.4757,0.04279999999999995,0.6481,0.611,0.03710000000000002,0.037,0.0861,-0.0491,-0.1366,0.0097,-0.14629999999999999,0.4259,0.438,-0.0121,0.0185,0.0074,0.011099999999999999,0.0556,0.0243,0.031299999999999994,0.0556,0.0306,0.024999999999999998,37.5,25.0,62.5,37.5,21.875,46.875,40.625,46.875,93.75,100.0,40.625,9.375,18.75
2025,LAC,8,two_minute_half,125,strong,stable_team_sample,100.0,1.0,38.28125,75.390625,55.208333333333336,64.0625,55.76171875,55.76171875,more_run_heavy_than_baseline,slower_than_baseline,close_to_baseline_shotgun_usage,more_efficient_than_baseline,0.68,0.7349,-0.05489999999999995,0.32,0.2651,0.054900000000000004,0.68,0.7349,-0.05489999999999995,0.864,0.8778,-0.013800000000000034,0.136,0.1634,-0.02739999999999998,0.1657,0.0083,0.15739999999999998,0.456,0.4231,0.03290000000000004,0.136,0.1271,0.008900000000000019,0.032,0.0356,-0.003599999999999999,0.032,0.0516,-0.0196,53.125,12.5,34.375,53.125,87.5,64.0625,65.625,84.375,59.375,71.875,34.375,54.6875,73.4375
2025,LAC,9,two_minute_game,47,thin,small_team_sample,55.0,0.75,39.0625,74.21875,47.916666666666664,83.59375,54.4296875,40.822265625,more_run_heavy_than_baseline,close_to_baseline_tempo,close_to_baseline_shotgun_usage,more_efficient_than_baseline,0.5532,0.6818,-0.12859999999999994,0.4468,0.3182,0.1286,0.5532,0.6818,-0.12859999999999994,0.8085,0.8173,-0.00880000000000003,0.1702,0.1726,-0.0024000000000000132,0.1333,-0.06,0.1933,0.5319,0.3942,0.13770000000000004,0.1277,0.1268,0.0009000000000000119,0.0,0.0394,-0.0394,0.0213,0.0504,-0.0291,68.75,6.25,12.5,68.75,87.5,100.0,93.75,15.625,43.75,34.375,65.625,89.0625,78.125
2025,LAC,10,one_score,678,strong,stable_team_sample,100.0,1.0,21.09375,33.984375,17.708333333333332,31.25,28.76953125,28.76953125,close_to_baseline_run_pass_split,slower_than_baseline,close_to_baseline_shotgun_usage,close_to_baseline_efficiency,0.5678,0.565,0.0028000000000000247,0.4322,0.435,-0.0028000000000000247,0.5678,0.565,0.0028000000000000247,0.6903,0.6859,0.0044000000000000705,0.0221,0.0863,-0.06420000000000001,-0.0077,0.0035,-0.0112,0.441,0.4369,0.0040999999999999925,0.1121,0.1332,-0.021100000000000008,0.0251,0.0265,-0.0013999999999999985,0.0546,0.0381,0.0165,3.125,3.125,75.0,3.125,31.25,42.1875,25.0,37.5,12.5,6.25,34.375,46.875,15.625
2025,LAC,11,neutral_early_down,428,strong,stable_team_sample,100.0,1.0,34.375,30.46875,13.020833333333334,32.8125,33.3203125,33.3203125,close_to_baseline_run_pass_split,slower_than_baseline,close_to_baseline_shotgun_usage,less_efficient_than_baseline,0.5374,0.5215,0.015900000000000025,0.4626,0.4785,-0.01589999999999997,0.5374,0.5215,0.015900000000000025,0.6355,0.6282,0.007299999999999973,0.0093,0.0855,-0.0762,-0.0308,0.013,-0.0438,0.4276,0.4391,-0.01150000000000001,0.1098,0.1443,-0.03450000000000002,0.0187,0.0226,-0.0038999999999999972,0.0467,0.0278,0.0189,21.875,9.375,84.375,21.875,31.25,28.125,18.75,43.75,9.375,14.0625,15.625,59.375,6.25
2025,LAC,12,tied,144,strong,stable_team_sample,100.0,1.0,28.125,46.875,33.333333333333336,45.3125,38.90625,38.90625,close_to_baseline_run_pass_split,slower_than_baseline,close_to_baseline_shotgun_usage,close_to_baseline_efficiency,0.5486,0.5522,-0.0036000000000000476,0.4514,0.4478,0.0036000000000000476,0.5486,0.5522,-0.0036000000000000476,0.7153,0.6675,0.047800000000000065,0.0208,0.0716,-0.0508,-0.0045,-0.0028,-0.0016999999999999997,0.4306,0.4433,-0.012700000000000045,0.1042,0.1307,-0.02650000000000001,0.0139,0.0252,-0.011300000000000001,0.0625,0.0369,0.025599999999999998,9.375,31.25,62.5,9.375,43.75,34.375,23.4375,85.9375,18.75,6.25,75.0,81.25,9.375
2025,LAC,13,leading,423,strong,stable_team_sample,100.0,1.0,47.65625,55.46875,30.208333333333332,17.1875,46.5625,46.5625,close_to_baseline_run_pass_split,slower_than_baseline,close_to_baseline_shotgun_usage,close_to_baseline_efficiency,0.4704,0.504,-0.03360000000000002,0.5296,0.496,0.03359999999999996,0.4704,0.504,-0.03360000000000002,0.6501,0.6358,0.01429999999999998,0.0236,0.0687,-0.0451,0.0179,0.0162,0.0017000000000000001,0.461,0.4269,0.03410000000000002,0.1182,0.1357,-0.017499999999999988,0.0284,0.0228,0.005600000000000001,0.0567,0.0318,0.0249,57.8125,6.25,68.75,57.8125,50.0,81.25,62.5,28.125,25.0,31.25,34.375,25.0,9.375
2025,LAC,14,trailing,512,strong,stable_team_sample,100.0,1.0,59.375,18.75,45.833333333333336,40.625,47.34375,47.34375,close_to_baseline_run_pass_split,slower_than_baseline,close_to_baseline_shotgun_usage,less_efficient_than_baseline,0.6777,0.6309,0.04679999999999995,0.3223,0.3691,-0.04680000000000001,0.6777,0.6309,0.04679999999999995,0.7676,0.7508,0.016799999999999926,0.0547,0.1414,-0.0867,-0.0651,-0.0215,-0.04360000000000001,0.4063,0.4364,-0.030100000000000016,0.1328,0.1316,0.0012000000000000066,0.0293,0.0315,-0.0022000000000000006,0.0527,0.0472,0.005499999999999998,71.875,15.625,78.125,71.875,25.0,12.5,18.75,18.75,43.75,40.625,53.125,50.0,31.25
2025,LAC,15,leading_one_score,264,strong,stable_team_sample,100.0,1.0,41.015625,57.03125,20.833333333333332,17.1875,42.55859375,42.55859375,close_to_baseline_run_pass_split,slower_than_baseline,close_to_baseline_shotgun_usage,close_to_baseline_efficiency,0.5076,0.5341,-0.026499999999999968,0.4924,0.4659,0.026500000000000024,0.5076,0.5341,-0.026499999999999968,0.6667,0.6624,0.0042999999999999705,0.0227,0.075,-0.0523,0.0411,0.0136,0.027499999999999997,0.4773,0.4278,0.04949999999999999,0.1098,0.1347,-0.02489999999999999,0.0303,0.0244,0.005899999999999999,0.0568,0.0343,0.022500000000000006,43.75,3.125,73.4375,43.75,53.125,81.25,62.5,31.25,15.625,28.125,18.75,21.875,12.5
2025,LAC,16,leading_two_plus_scores,159,strong,stable_team_sample,100.0,1.0,46.774193548387096,46.7741935483871,52.68817204301075,25.806451612903224,48.2258064516129,48.2258064516129,close_to_baseline_run_pass_split,slower_than_baseline,close_to_baseline_shotgun_usage,less_efficient_than_baseline,0.4088,0.4563,-0.04749999999999999,0.5912,0.5437,0.04749999999999999,0.4088,0.4563,-0.04749999999999999,0.6226,0.5937,0.028900000000000037,0.0252,0.0586,-0.0334,-0.0207,0.0204,-0.0411,0.434,0.4256,0.008400000000000019,0.1321,0.1375,-0.005400000000000016,0.0252,0.0203,0.004900000000000002,0.0566,0.0278,0.0288,54.83870967741935,25.806451612903224,51.61290322580645,54.83870967741935,35.483870967741936,58.06451612903226,70.96774193548387,22.58064516129032,45.16129032258064,61.29032258064516,51.61290322580645,35.483870967741936,16.129032258064516
2025,LAC,17,trailing_one_score,270,strong,stable_team_sample,100.0,1.0,57.8125,20.3125,29.166666666666668,42.1875,44.6875,44.6875,close_to_baseline_run_pass_split,slower_than_baseline,close_to_baseline_shotgun_usage,less_efficient_than_baseline,0.637,0.5968,0.040200000000000014,0.363,0.4032,-0.040200000000000014,0.637,0.5968,0.040200000000000014,0.7,0.7163,-0.016300000000000092,0.0222,0.1048,-0.0826,-0.0572,0.0002,-0.0574,0.4111,0.4393,-0.028200000000000003,0.1185,0.1338,-0.015300000000000008,0.0259,0.029,-0.003100000000000002,0.0481,0.0417,0.006399999999999996,65.625,15.625,84.375,65.625,28.125,18.75,18.75,15.625,28.125,26.5625,32.8125,43.75,40.625
2025,LAC,18,trailing_two_plus_scores,242,strong,stable_team_sample,100.0,1.0,57.03125,25.0,67.70833333333333,35.9375,50.6640625,50.6640625,close_to_baseline_run_pass_split,slower_than_baseline,close_to_baseline_shotgun_usage,close_to_baseline_efficiency,0.7231,0.677,0.04609999999999992,0.2769,0.323,-0.04610000000000003,0.7231,0.677,0.04609999999999992,0.843,0.7976,0.045399999999999996,0.0909,0.1909,-0.09999999999999999,-0.0739,-0.0509,-0.022999999999999993,0.4008,0.4324,-0.03160000000000002,0.1488,0.1286,0.020199999999999996,0.0331,0.0349,-0.001800000000000003,0.0579,0.0546,0.0032999999999999974,59.375,31.25,78.125,59.375,31.25,18.75,28.125,21.875,65.625,68.75,68.75,46.875,25.0
2025,LAC,19,tied_early_down,108,strong,stable_team_sample,100.0,1.0,36.71875,30.859375,21.875,32.8125,35.80078125,35.80078125,close_to_baseline_run_pass_split,slower_than_baseline,more_shotgun_than_baseline,less_efficient_than_baseline,0.5093,0.4983,0.010999999999999954,0.4907,0.5017,-0.01100000000000001,0.5093,0.4983,0.010999999999999954,0.6574,0.6059,0.05149999999999999,0.0278,0.0718,-0.044000000000000004,-0.1164,0.0018,-0.1182,0.4259,0.4418,-0.015900000000000025,0.0741,0.1285,-0.054400000000000004,0.0185,0.0219,-0.0034000000000000002,0.0556,0.0267,0.028899999999999995,28.125,25.0,65.625,28.125,9.375,32.8125,12.5,68.75,12.5,3.125,50.0,62.5,3.125
2025,LAC,20,leading_early_down,322,strong,stable_team_sample,100.0,1.0,32.8125,43.75,35.416666666666664,18.75,37.890625,37.890625,close_to_baseline_run_pass_split,slower_than_baseline,close_to_baseline_shotgun_usage,close_to_baseline_efficiency,0.4255,0.4468,-0.021299999999999986,0.5745,0.5532,0.021299999999999986,0.4255,0.4468,-0.021299999999999986,0.5963,0.5755,0.02080000000000004,0.0248,0.0709,-0.0461,-0.0086,0.0115,-0.0201,0.4379,0.4235,0.014400000000000024,0.118,0.1332,-0.015200000000000019,0.0217,0.0206,0.0011000000000000003,0.0466,0.0228,0.0238,28.125,9.375,65.625,28.125,43.75,59.375,28.125,43.75,37.5,50.0,18.75,31.25,6.25
2025,LAC,21,trailing_early_down,379,strong,stable_team_sample,100.0,1.0,58.59375,17.96875,30.208333333333332,43.75,44.765625,44.765625,close_to_baseline_run_pass_split,slower_than_baseline,close_to_baseline_shotgun_usage,less_efficient_than_baseline,0.6385,0.5899,0.04859999999999998,0.3615,0.4101,-0.04860000000000003,0.6385,0.5899,0.04859999999999998,0.723,0.7068,0.016199999999999992,0.058,0.15,-0.092,-0.0564,-0.0058,-0.0506,0.3905,0.438,-0.04749999999999999,0.124,0.1307,-0.0067000000000000115,0.0211,0.0281,-0.006999999999999999,0.0475,0.0355,0.012000000000000004,75.0,9.375,75.0,75.0,25.0,12.5,9.375,25.0,40.625,40.625,9.375,65.625,21.875
2025,LV,1,all_offense,939,strong,stable_team_sample,100.0,1.0,49.21875,8.59375,9.375,12.5,31.953125,31.953125,close_to_baseline_run_pass_split,close_to_baseline_tempo,close_to_baseline_shotgun_usage,less_efficient_than_baseline,0.6134,0.5737,0.03969999999999996,0.3866,0.4263,-0.03970000000000001,0.6134,0.5737,0.03969999999999996,0.6635,0.6967,-0.03320000000000001,0.0873,0.1039,-0.016600000000000004,-0.2152,-0.0054,-0.20980000000000001,0.3759,0.4345,-0.058599999999999985,0.1022,0.1328,-0.030600000000000002,0.0298,0.0274,0.0023999999999999994,0.0682,0.0401,0.0281,71.875,28.125,25.0,71.875,3.125,9.375,9.375,12.5,6.25,12.5,9.375,21.875,3.125
2025,LV,2,early_down,694,strong,stable_team_sample,100.0,1.0,45.3125,7.03125,12.5,21.875,31.2109375,31.2109375,close_to_baseline_run_pass_split,close_to_baseline_tempo,close_to_baseline_shotgun_usage,less_efficient_than_baseline,0.5648,0.5246,0.040200000000000014,0.4352,0.4754,-0.040200000000000014,0.5648,0.5246,0.040200000000000014,0.6037,0.6436,-0.039899999999999936,0.0965,0.1086,-0.0121,-0.1727,0.0014,-0.1741,0.3746,0.4339,-0.05930000000000002,0.1052,0.1311,-0.025899999999999992,0.0245,0.0244,9.99999999999994e-05,0.0476,0.0296,0.018000000000000002,68.75,25.0,18.75,68.75,3.125,6.25,9.375,9.375,12.5,15.625,9.375,37.5,6.25
2025,LV,3,third_down,213,strong,stable_team_sample,100.0,1.0,34.375,15.625,16.666666666666668,10.9375,27.96875,27.96875,close_to_baseline_run_pass_split,slower_than_baseline,close_to_baseline_shotgun_usage,less_efficient_than_baseline,0.77,0.7494,0.020600000000000063,0.23,0.2506,-0.02059999999999998,0.77,0.7494,0.020600000000000063,0.8779,0.8953,-0.01739999999999997,0.061,0.0875,-0.026499999999999996,-0.2896,-0.0507,-0.23890000000000003,0.3709,0.4242,-0.053300000000000014,0.0986,0.1404,-0.041800000000000004,0.0469,0.0359,0.010999999999999996,0.1221,0.0778,0.044300000000000006,37.5,40.625,21.875,37.5,12.5,21.875,12.5,15.625,9.375,31.25,9.375,12.5,9.375
2025,LV,4,fourth_down,32,thin,small_team_sample,55.0,0.75,25.78125,14.84375,30.208333333333332,41.40625,26.734375,20.05078125,close_to_baseline_run_pass_split,slower_than_baseline,less_shotgun_than_baseline,less_efficient_than_baseline,0.625,0.6225,0.0024999999999999467,0.375,0.3775,-0.0025000000000000022,0.625,0.6225,0.0024999999999999467,0.5313,0.675,-0.14370000000000005,0.0625,0.0943,-0.031799999999999995,-0.6399,0.1649,-0.8048,0.4375,0.5443,-0.1068,0.0625,0.1209,-0.058399999999999994,0.0313,0.0492,-0.0179,0.1563,0.0504,0.1059,7.8125,68.75,18.75,7.8125,9.375,18.75,3.125,28.125,25.0,37.5,28.125,76.5625,6.25
2025,LV,5,short_yardage,98,good,usable_team_sample,80.0,0.9,64.84375,8.59375,55.208333333333336,31.25,46.734375,42.0609375,more_dropback_heavy_than_baseline,slower_than_baseline,less_shotgun_than_baseline,less_efficient_than_baseline,0.449,0.3476,0.10139999999999999,0.551,0.6524,-0.10139999999999993,0.449,0.3476,0.10139999999999999,0.4796,0.5322,-0.05259999999999998,0.102,0.1642,-0.06220000000000002,-0.2196,0.0647,-0.2843,0.5102,0.5961,-0.08589999999999998,0.0918,0.0906,0.0012000000000000066,0.0306,0.0214,0.0092,0.0204,0.0229,-0.0024999999999999988,93.75,21.875,50.0,93.75,12.5,9.375,6.25,6.25,56.25,59.375,50.0,28.125,34.375
2025,LV,6,red_zone,114,strong,stable_team_sample,100.0,1.0,66.40625,14.84375,30.208333333333332,14.0625,44.53125,44.53125,more_dropback_heavy_than_baseline,slower_than_baseline,more_shotgun_than_baseline,less_efficient_than_baseline,0.5965,0.5029,0.09360000000000002,0.4035,0.4971,-0.09359999999999996,0.5965,0.5029,0.09360000000000002,0.7281,0.6589,0.06919999999999993,0.0439,0.0945,-0.0506,-0.1548,-0.0022,-0.15259999999999999,0.3421,0.4224,-0.08029999999999998,0.0351,0.0512,-0.016100000000000003,0.0351,0.0258,0.0093,0.0526,0.0328,0.019799999999999998,84.375,43.75,53.125,84.375,9.375,9.375,31.25,9.375,21.875,34.375,34.375,12.5,15.625
2025,LV,7,goal_to_go,40,thin,small_team_sample,55.0,0.75,82.8125,20.3125,39.0625,56.25,56.578125,42.43359375,more_dropback_heavy_than_baseline,slower_than_baseline,more_shotgun_than_baseline,less_efficient_than_baseline,0.65,0.4757,0.1743,0.35,0.5243,-0.1743,0.65,0.4757,0.1743,0.725,0.611,0.11399999999999999,0.025,0.0861,-0.061099999999999995,-0.0904,0.0097,-0.1001,0.325,0.438,-0.11299999999999999,0.0,0.0074,-0.0074,0.0,0.0243,-0.0243,0.05,0.0306,0.019400000000000004,100.0,62.5,68.75,100.0,25.0,9.375,21.875,25.0,32.8125,43.75,40.625,87.5,25.0
2025,LV,8,two_minute_half,99,good,usable_team_sample,80.0,0.9,22.65625,35.9375,28.125,37.5,31.1484375,28.03359375,close_to_baseline_run_pass_split,faster_than_baseline,close_to_baseline_shotgun_usage,less_efficient_than_baseline,0.7374,0.7349,0.0025000000000000577,0.2626,0.2651,-0.0025000000000000022,0.7374,0.7349,0.0025000000000000577,0.9192,0.8778,0.04139999999999999,0.2121,0.1634,0.04870000000000002,-0.033,0.0083,-0.0413,0.4141,0.4231,-0.008999999999999952,0.1111,0.1271,-0.015999999999999986,0.0303,0.0356,-0.005299999999999999,0.0808,0.0516,0.029199999999999997,3.125,34.375,50.0,3.125,31.25,34.375,50.0,28.125,21.875,40.625,21.875,62.5,12.5
2025,LV,9,two_minute_game,41,thin,small_team_sample,55.0,0.75,43.75,52.734375,44.791666666666664,57.03125,48.04296875,36.0322265625,more_run_heavy_than_baseline,faster_than_baseline,more_shotgun_than_baseline,close_to_baseline_efficiency,0.6098,0.6818,-0.07199999999999995,0.3902,0.3182,0.07200000000000001,0.6098,0.6818,-0.07199999999999995,0.878,0.8173,0.060699999999999976,0.2439,0.1726,0.0713,-0.0329,-0.06,0.0271,0.439,0.3942,0.044800000000000006,0.122,0.1268,-0.004799999999999999,0.0,0.0394,-0.0394,0.0732,0.0504,0.0228,40.625,21.875,71.875,40.625,53.125,67.1875,28.125,62.5,37.5,84.375,12.5,89.0625,25.0
2025,LV,10,one_score,555,strong,stable_team_sample,100.0,1.0,31.25,12.5,11.458333333333334,12.5,25.15625,25.15625,close_to_baseline_run_pass_split,slower_than_baseline,less_shotgun_than_baseline,less_efficient_than_baseline,0.5712,0.565,0.006200000000000094,0.4288,0.435,-0.006199999999999983,0.5712,0.565,0.006200000000000094,0.6072,0.6859,-0.07869999999999999,0.0595,0.0863,-0.026800000000000004,-0.2048,0.0035,-0.2083,0.3838,0.4369,-0.053100000000000036,0.1081,0.1332,-0.02510000000000001,0.0306,0.0265,0.0040999999999999995,0.0703,0.0381,0.0322,18.75,59.375,28.125,18.75,6.25,12.5,12.5,18.75,6.25,9.375,18.75,21.875,3.125
2025,LV,11,neutral_early_down,359,strong,stable_team_sample,100.0,1.0,35.15625,7.8125,25.0,23.4375,28.8671875,28.8671875,close_to_baseline_run_pass_split,slower_than_baseline,less_shotgun_than_baseline,less_efficient_than_baseline,0.5042,0.5215,-0.017299999999999982,0.4958,0.4785,0.017300000000000038,0.5042,0.5215,-0.017299999999999982,0.5097,0.6282,-0.11849999999999994,0.0557,0.0855,-0.029800000000000007,-0.1563,0.013,-0.1693,0.3844,0.4391,-0.05469999999999997,0.117,0.1443,-0.027300000000000005,0.0251,0.0226,0.0025000000000000022,0.0418,0.0278,0.013999999999999999,28.125,59.375,25.0,28.125,3.125,9.375,12.5,6.25,21.875,9.375,43.75,31.25,15.625
2025,LV,12,tied,186,strong,stable_team_sample,100.0,1.0,52.34375,7.03125,10.416666666666666,7.8125,32.65625,32.65625,more_dropback_heavy_than_baseline,close_to_baseline_tempo,less_shotgun_than_baseline,less_efficient_than_baseline,0.6129,0.5522,0.060699999999999976,0.3871,0.4478,-0.060699999999999976,0.6129,0.5522,0.060699999999999976,0.5806,0.6675,-0.08689999999999998,0.0645,0.0716,-0.007099999999999995,-0.3501,-0.0028,-0.3473,0.3656,0.4433,-0.07770000000000005,0.0806,0.1307,-0.050100000000000006,0.043,0.0252,0.017799999999999996,0.0699,0.0369,0.033,75.0,50.0,9.375,75.0,6.25,12.5,3.125,6.25,6.25,18.75,6.25,12.5,3.125
2025,LV,13,leading,135,strong,stable_team_sample,100.0,1.0,29.296875,8.984375,38.541666666666664,14.0625,27.6171875,27.6171875,close_to_baseline_run_pass_split,slower_than_baseline,less_shotgun_than_baseline,less_efficient_than_baseline,0.5111,0.504,0.007099999999999995,0.4889,0.496,-0.007099999999999995,0.5111,0.504,0.007099999999999995,0.563,0.6358,-0.07280000000000009,0.0296,0.0687,-0.039099999999999996,-0.3148,0.0162,-0.331,0.3407,0.4269,-0.0862,0.1259,0.1357,-0.009799999999999975,0.037,0.0228,0.014199999999999997,0.0519,0.0318,0.0201,12.5,39.0625,53.125,12.5,3.125,9.375,9.375,14.0625,31.25,65.625,18.75,9.375,18.75
2025,LV,14,trailing,618,strong,stable_team_sample,100.0,1.0,25.78125,11.71875,15.625,35.9375,25.46875,25.46875,close_to_baseline_run_pass_split,slower_than_baseline,close_to_baseline_shotgun_usage,less_efficient_than_baseline,0.6359,0.6309,0.0050000000000000044,0.3641,0.3691,-0.0050000000000000044,0.6359,0.6309,0.0050000000000000044,0.7104,0.7508,-0.04039999999999999,0.1068,0.1414,-0.03459999999999999,-0.1528,-0.0215,-0.1313,0.3867,0.4364,-0.04970000000000002,0.1036,0.1316,-0.027999999999999997,0.0243,0.0315,-0.0072000000000000015,0.0712,0.0472,0.024,12.5,40.625,37.5,12.5,12.5,9.375,9.375,15.625,15.625,12.5,18.75,68.75,3.125
2025,LV,15,leading_one_score,98,good,usable_team_sample,80.0,0.9,33.59375,7.03125,45.833333333333336,6.25,28.375,25.5375,close_to_baseline_run_pass_split,slower_than_baseline,less_shotgun_than_baseline,less_efficient_than_baseline,0.551,0.5341,0.016900000000000026,0.449,0.4659,-0.01689999999999997,0.551,0.5341,0.016900000000000026,0.6122,0.6624,-0.05020000000000002,0.0306,0.075,-0.044399999999999995,-0.3978,0.0136,-0.4114,0.3163,0.4278,-0.11149999999999999,0.1327,0.1347,-0.001999999999999974,0.0408,0.0244,0.0164,0.0714,0.0343,0.03710000000000001,31.25,15.625,56.25,31.25,3.125,3.125,9.375,12.5,37.5,34.375,65.625,6.25,6.25
2025,LV,16,leading_two_plus_scores,37,thin,small_team_sample,55.0,0.75,59.27419354838709,28.225806451612904,41.93548387096774,62.09677419354839,48.979838709677416,36.734879032258064,more_run_heavy_than_baseline,slower_than_baseline,less_shotgun_than_baseline,less_efficient_than_baseline,0.4054,0.4563,-0.0509,0.5946,0.5437,0.050900000000000056,0.4054,0.4563,-0.0509,0.4324,0.5937,-0.1613,0.027,0.0586,-0.0316,-0.0948,0.0204,-0.1152,0.4054,0.4256,-0.020199999999999996,0.1081,0.1375,-0.02940000000000001,0.027,0.0203,0.006700000000000001,0.0,0.0278,-0.0278,61.29032258064516,74.19354838709677,40.32258064516129,61.29032258064516,25.806451612903224,35.483870967741936,32.25806451612903,19.35483870967742,22.58064516129032,100.0,3.225806451612903,27.419354838709676,96.7741935483871
2025,LV,17,trailing_one_score,271,strong,stable_team_sample,100.0,1.0,64.0625,36.71875,31.770833333333332,48.4375,52.6171875,52.6171875,close_to_baseline_run_pass_split,slower_than_baseline,less_shotgun_than_baseline,less_efficient_than_baseline,0.5498,0.5968,-0.04700000000000004,0.4502,0.4032,0.046999999999999986,0.5498,0.5968,-0.04700000000000004,0.6236,0.7163,-0.0927,0.0664,0.1048,-0.038400000000000004,-0.0352,0.0002,-0.0354,0.4207,0.4393,-0.018600000000000005,0.1181,0.1338,-0.015700000000000006,0.0185,0.029,-0.010500000000000002,0.0701,0.0417,0.028399999999999995,78.125,56.25,43.75,78.125,43.75,28.125,31.25,43.75,20.3125,21.875,53.125,84.375,12.5
2025,LV,18,trailing_two_plus_scores,347,strong,stable_team_sample,100.0,1.0,32.03125,5.46875,16.666666666666668,37.5,27.03125,27.03125,close_to_baseline_run_pass_split,slower_than_baseline,close_to_baseline_shotgun_usage,less_efficient_than_baseline,0.7032,0.677,0.0262,0.2968,0.323,-0.0262,0.7032,0.677,0.0262,0.7781,0.7976,-0.019499999999999962,0.1383,0.1909,-0.05259999999999998,-0.2446,-0.0509,-0.1937,0.3602,0.4324,-0.07219999999999999,0.0922,0.1286,-0.03639999999999999,0.0288,0.0349,-0.006100000000000001,0.072,0.0546,0.017399999999999992,34.375,15.625,43.75,34.375,3.125,6.25,6.25,6.25,9.375,15.625,25.0,62.5,12.5
2025,LV,19,tied_early_down,139,strong,stable_team_sample,100.0,1.0,48.4375,7.03125,16.666666666666668,28.125,33.8671875,33.8671875,more_dropback_heavy_than_baseline,close_to_baseline_tempo,less_shotgun_than_baseline,less_efficient_than_baseline,0.554,0.4983,0.05570000000000003,0.446,0.5017,-0.05570000000000003,0.554,0.4983,0.05570000000000003,0.5036,0.6059,-0.10229999999999995,0.0719,0.0718,0.00010000000000000286,-0.2938,0.0018,-0.29560000000000003,0.3597,0.4418,-0.0821,0.0791,0.1285,-0.0494,0.0288,0.0219,0.0069,0.036,0.0267,0.009299999999999996,68.75,53.125,3.125,68.75,6.25,12.5,6.25,3.125,15.625,28.125,6.25,34.375,21.875
2025,LV,20,leading_early_down,99,good,usable_team_sample,80.0,0.9,41.40625,9.375,33.333333333333336,10.15625,30.9921875,27.89296875,close_to_baseline_run_pass_split,slower_than_baseline,less_shotgun_than_baseline,less_efficient_than_baseline,0.4242,0.4468,-0.022599999999999953,0.5758,0.5532,0.022599999999999953,0.4242,0.4468,-0.022599999999999953,0.4949,0.5755,-0.0806,0.0303,0.0709,-0.040600000000000004,-0.3505,0.0115,-0.362,0.3232,0.4235,-0.1003,0.1111,0.1332,-0.02210000000000001,0.0404,0.0206,0.019799999999999998,0.0404,0.0228,0.017599999999999998,37.5,37.5,53.125,37.5,3.125,9.375,12.5,12.5,34.375,40.625,25.0,3.125,17.1875
2025,LV,21,trailing_early_down,456,strong,stable_team_sample,100.0,1.0,28.125,20.3125,26.041666666666668,42.1875,30.859375,30.859375,close_to_baseline_run_pass_split,slower_than_baseline,close_to_baseline_shotgun_usage,less_efficient_than_baseline,0.5987,0.5899,0.00880000000000003,0.4013,0.4101,-0.00880000000000003,0.5987,0.5899,0.00880000000000003,0.6579,0.7068,-0.048899999999999944,0.1184,0.15,-0.03159999999999999,-0.0972,-0.0058,-0.0914,0.3904,0.438,-0.047599999999999976,0.1118,0.1307,-0.018900000000000014,0.0197,0.0281,-0.008400000000000001,0.0526,0.0355,0.017100000000000004,18.75,40.625,34.375,18.75,12.5,9.375,12.5,46.875,18.75,12.5,46.875,71.875,12.5
2025,MIA,1,all_offense,939,strong,stable_team_sample,100.0,1.0,48.4375,39.84375,72.91666666666667,23.4375,50.0390625,50.0390625,close_to_baseline_run_pass_split,slower_than_baseline,close_to_baseline_shotgun_usage,close_to_baseline_efficiency,0.5485,0.5737,-0.0252,0.4515,0.4263,0.0252,0.5485,0.5737,-0.0252,0.7167,0.6967,0.020000000000000018,0.0351,0.1039,-0.0688,-0.016,-0.0054,-0.0106,0.4196,0.4345,-0.014900000000000024,0.1416,0.1328,0.008800000000000002,0.0383,0.0274,0.0109,0.0405,0.0401,0.0004000000000000045,56.25,6.25,75.0,56.25,34.375,21.875,56.25,46.875,71.875,59.375,87.5,6.25,40.625
2025,MIA,2,early_down,724,strong,stable_team_sample,100.0,1.0,45.3125,57.03125,85.41666666666667,54.6875,57.9296875,57.9296875,close_to_baseline_run_pass_split,slower_than_baseline,close_to_baseline_shotgun_usage,close_to_baseline_efficiency,0.4931,0.5246,-0.03149999999999997,0.5069,0.4754,0.03150000000000003,0.4931,0.5246,-0.03149999999999997,0.6616,0.6436,0.018000000000000016,0.0387,0.1086,-0.0699,0.027,0.0014,0.0256,0.4337,0.4339,-0.00020000000000003348,0.1561,0.1311,0.024999999999999994,0.0318,0.0244,0.0074,0.011,0.0296,-0.018600000000000002,53.125,3.125,71.875,53.125,53.125,34.375,75.0,65.625,87.5,75.0,93.75,9.375,100.0
2025,MIA,3,third_down,192,strong,stable_team_sample,100.0,1.0,42.578125,25.0,18.229166666666668,4.6875,33.61328125,33.61328125,close_to_baseline_run_pass_split,slower_than_baseline,close_to_baseline_shotgun_usage,less_efficient_than_baseline,0.7344,0.7494,-0.014999999999999902,0.2656,0.2506,0.015000000000000013,0.7344,0.7494,-0.014999999999999902,0.9219,0.8953,0.026600000000000068,0.0208,0.0875,-0.0667,-0.1365,-0.0507,-0.08580000000000002,0.3646,0.4242,-0.05960000000000004,0.099,0.1404,-0.04139999999999999,0.0625,0.0359,0.0266,0.1458,0.0778,0.06800000000000002,25.0,43.75,76.5625,25.0,31.25,15.625,21.875,31.25,12.5,14.0625,28.125,3.125,6.25
2025,MIA,4,fourth_down,23,thin,small_team_sample,55.0,0.75,55.46875,27.34375,22.395833333333332,36.71875,41.578125,31.18359375,more_dropback_heavy_than_baseline,slower_than_baseline,more_shotgun_than_baseline,less_efficient_than_baseline,0.7391,0.6225,0.11659999999999993,0.2609,0.3775,-0.11659999999999998,0.7391,0.6225,0.11659999999999993,0.7391,0.675,0.06409999999999993,0.0435,0.0943,-0.0508,-0.3611,0.1649,-0.526,0.4348,0.5443,-0.10949999999999999,0.0435,0.1209,-0.0774,0.0435,0.0492,-0.005700000000000004,0.087,0.0504,0.036599999999999994,68.75,40.625,43.75,68.75,15.625,15.625,28.125,50.0,15.625,23.4375,28.125,51.5625,21.875
2025,MIA,5,short_yardage,76,good,usable_team_sample,80.0,0.9,28.90625,9.375,29.166666666666668,60.9375,29.8203125,26.83828125,close_to_baseline_run_pass_split,slower_than_baseline,more_shotgun_than_baseline,less_efficient_than_baseline,0.3553,0.3476,0.007699999999999985,0.6447,0.6524,-0.007699999999999929,0.3553,0.3476,0.007699999999999985,0.6053,0.5322,0.07309999999999994,0.0789,0.1642,-0.08530000000000001,-0.3086,0.0647,-0.37329999999999997,0.4737,0.5961,-0.12239999999999995,0.0658,0.0906,-0.024800000000000003,0.0,0.0214,-0.0214,0.0263,0.0229,0.0034000000000000002,3.125,37.5,71.875,3.125,3.125,3.125,18.75,12.5,21.875,62.5,3.125,96.875,25.0
2025,MIA,6,red_zone,140,strong,stable_team_sample,100.0,1.0,30.46875,66.40625,31.25,50.78125,45.078125,45.078125,close_to_baseline_run_pass_split,slower_than_baseline,close_to_baseline_shotgun_usage,more_efficient_than_baseline,0.5,0.5029,-0.0029000000000000137,0.5,0.4971,0.0029000000000000137,0.5,0.5029,-0.0029000000000000137,0.7,0.6589,0.041099999999999914,0.0143,0.0945,-0.0802,0.0421,-0.0022,0.0443,0.45,0.4224,0.027600000000000013,0.0357,0.0512,-0.0155,0.0286,0.0258,0.0028000000000000004,0.0286,0.0328,-0.004200000000000002,6.25,25.0,84.375,6.25,65.625,68.75,84.375,46.875,25.0,25.0,43.75,45.3125,56.25
2025,MIA,7,goal_to_go,57,good,usable_team_sample,80.0,0.9,55.46875,76.5625,39.0625,86.71875,62.6328125,56.36953125,more_dropback_heavy_than_baseline,slower_than_baseline,more_shotgun_than_baseline,more_efficient_than_baseline,0.5439,0.4757,0.06820000000000004,0.4561,0.5243,-0.06819999999999998,0.5439,0.4757,0.06820000000000004,0.6842,0.611,0.07320000000000004,0.0351,0.0861,-0.051,0.3216,0.0097,0.3119,0.4912,0.438,0.053200000000000025,0.0,0.0074,-0.0074,0.0,0.0243,-0.0243,0.0,0.0306,-0.0306,56.25,43.75,65.625,56.25,90.625,75.0,71.875,68.75,32.8125,43.75,40.625,87.5,85.9375
2025,MIA,8,two_minute_half,123,strong,stable_team_sample,100.0,1.0,24.609375,26.171875,12.5,29.6875,27.4609375,27.4609375,close_to_baseline_run_pass_split,close_to_baseline_tempo,close_to_baseline_shotgun_usage,less_efficient_than_baseline,0.7073,0.7349,-0.027599999999999958,0.2927,0.2651,0.027600000000000013,0.7073,0.7349,-0.027599999999999958,0.9024,0.8778,0.024599999999999955,0.1545,0.1634,-0.008899999999999991,-0.0461,0.0083,-0.054400000000000004,0.3902,0.4231,-0.032899999999999985,0.0894,0.1271,-0.0377,0.0325,0.0356,-0.0030999999999999986,0.0813,0.0516,0.029699999999999997,25.0,25.0,23.4375,25.0,25.0,21.875,25.0,32.8125,6.25,15.625,15.625,50.0,9.375
2025,MIA,9,two_minute_game,55,good,usable_team_sample,80.0,0.9,43.75,25.0,34.375,26.5625,37.75,33.975,more_dropback_heavy_than_baseline,faster_than_baseline,more_shotgun_than_baseline,less_efficient_than_baseline,0.7636,0.6818,0.08179999999999998,0.2364,0.3182,-0.08179999999999998,0.7636,0.6818,0.08179999999999998,0.8909,0.8173,0.0736,0.2182,0.1726,0.0456,-0.2473,-0.06,-0.1873,0.3273,0.3942,-0.06690000000000002,0.1091,0.1268,-0.017699999999999994,0.0364,0.0394,-0.0029999999999999957,0.1091,0.0504,0.0587,48.4375,28.125,50.0,48.4375,18.75,12.5,62.5,6.25,28.125,46.875,28.125,43.75,9.375
2025,MIA,10,one_score,538,strong,stable_team_sample,100.0,1.0,46.875,66.015625,81.25,35.9375,58.37890625,58.37890625,close_to_baseline_run_pass_split,slower_than_baseline,close_to_baseline_shotgun_usage,more_efficient_than_baseline,0.5428,0.565,-0.022199999999999998,0.4572,0.435,0.022199999999999998,0.5428,0.565,-0.022199999999999998,0.7193,0.6859,0.033400000000000096,0.0316,0.0863,-0.0547,0.0748,0.0035,0.0713,0.4461,0.4369,0.009199999999999986,0.1506,0.1332,0.0174,0.0316,0.0265,0.005100000000000004,0.0335,0.0381,-0.0046,50.0,18.75,68.75,50.0,78.125,54.6875,78.125,53.125,81.25,71.875,90.625,15.625,56.25
2025,MIA,11,neutral_early_down,334,strong,stable_team_sample,100.0,1.0,60.15625,79.6875,91.66666666666667,67.1875,72.4609375,72.4609375,more_run_heavy_than_baseline,slower_than_baseline,close_to_baseline_shotgun_usage,more_efficient_than_baseline,0.4701,0.5215,-0.051399999999999946,0.5299,0.4785,0.05140000000000006,0.4701,0.5215,-0.051399999999999946,0.6557,0.6282,0.02749999999999997,0.0329,0.0855,-0.05260000000000001,0.0967,0.013,0.0837,0.4521,0.4391,0.013000000000000012,0.1886,0.1443,0.04429999999999998,0.024,0.0226,0.001400000000000002,0.006,0.0278,-0.0218,75.0,21.875,68.75,75.0,81.25,53.125,90.625,93.75,96.875,78.125,100.0,34.375,100.0
2025,MIA,12,tied,162,strong,stable_team_sample,100.0,1.0,70.703125,55.078125,78.125,45.3125,66.8359375,66.8359375,more_run_heavy_than_baseline,slower_than_baseline,close_to_baseline_shotgun_usage,more_efficient_than_baseline,0.4444,0.5522,-0.1078,0.5556,0.4478,0.1078,0.4444,0.5522,-0.1078,0.679,0.6675,0.011500000000000066,0.0,0.0716,-0.0716,0.0406,-0.0028,0.043399999999999994,0.4444,0.4433,0.0010999999999999899,0.1728,0.1307,0.0421,0.037,0.0252,0.011799999999999998,0.0309,0.0369,-0.006000000000000002,93.75,9.375,85.9375,93.75,62.5,56.25,70.3125,31.25,96.875,37.5,100.0,25.0,65.625
2025,MIA,13,leading,340,strong,stable_team_sample,100.0,1.0,57.03125,50.78125,60.9375,53.125,57.8125,57.8125,close_to_baseline_run_pass_split,slower_than_baseline,more_shotgun_than_baseline,close_to_baseline_efficiency,0.4706,0.504,-0.033399999999999985,0.5294,0.496,0.033399999999999985,0.4706,0.504,-0.033399999999999985,0.7118,0.6358,0.07599999999999996,0.0118,0.0687,-0.0569,0.0455,0.0162,0.0293,0.4059,0.4269,-0.02100000000000002,0.1412,0.1357,0.005500000000000005,0.0206,0.0228,-0.0022000000000000006,0.0265,0.0318,-0.005300000000000003,50.0,46.875,81.25,50.0,59.375,28.125,56.25,59.375,62.5,42.1875,78.125,37.5,68.75
2025,MIA,14,trailing,437,strong,stable_team_sample,100.0,1.0,40.625,32.421875,39.583333333333336,15.625,38.88671875,38.88671875,close_to_baseline_run_pass_split,slower_than_baseline,close_to_baseline_shotgun_usage,less_efficient_than_baseline,0.6476,0.6309,0.016699999999999937,0.3524,0.3691,-0.016699999999999993,0.6476,0.6309,0.016699999999999937,0.7346,0.7508,-0.016199999999999992,0.0664,0.1414,-0.075,-0.0848,-0.0215,-0.0633,0.4211,0.4364,-0.015300000000000036,0.1304,0.1316,-0.0012000000000000066,0.0526,0.0315,0.0211,0.0549,0.0472,0.0076999999999999985,40.625,12.5,68.75,40.625,18.75,25.0,43.75,42.1875,40.625,50.0,28.125,6.25,25.0
2025,MIA,15,leading_one_score,166,strong,stable_team_sample,100.0,1.0,45.3125,73.4375,57.291666666666664,68.75,59.21875,59.21875,close_to_baseline_run_pass_split,slower_than_baseline,more_shotgun_than_baseline,more_efficient_than_baseline,0.5602,0.5341,0.026100000000000012,0.4398,0.4659,-0.026099999999999957,0.5602,0.5341,0.026100000000000012,0.7289,0.6624,0.0665,0.0241,0.075,-0.0509,0.1239,0.0136,0.1103,0.4337,0.4278,0.005899999999999961,0.1446,0.1347,0.00990000000000002,0.012,0.0244,-0.012400000000000001,0.0301,0.0343,-0.004199999999999999,40.625,31.25,68.75,40.625,81.25,56.25,78.125,78.125,59.375,84.375,28.125,71.875,65.625
2025,MIA,16,leading_two_plus_scores,174,strong,stable_team_sample,100.0,1.0,70.16129032258064,31.451612903225804,56.989247311827945,45.16129032258064,57.49999999999999,57.49999999999999,more_run_heavy_than_baseline,slower_than_baseline,more_shotgun_than_baseline,less_efficient_than_baseline,0.3851,0.4563,-0.07119999999999999,0.6149,0.5437,0.07120000000000004,0.3851,0.4563,-0.07119999999999999,0.6954,0.5937,0.10170000000000001,0.0,0.0586,-0.0586,-0.0293,0.0204,-0.0497,0.3793,0.4256,-0.04629999999999995,0.1379,0.1375,0.0003999999999999837,0.0287,0.0203,0.008400000000000001,0.023,0.0278,-0.004799999999999999,74.19354838709677,48.38709677419355,83.87096774193549,74.19354838709677,29.03225806451613,19.35483870967742,25.806451612903224,51.61290322580645,61.29032258064516,19.35483870967742,90.32258064516128,22.58064516129032,67.74193548387096
2025,MIA,17,trailing_one_score,210,strong,stable_team_sample,100.0,1.0,21.875,62.109375,45.833333333333336,28.125,40.05859375,40.05859375,close_to_baseline_run_pass_split,slower_than_baseline,close_to_baseline_shotgun_usage,more_efficient_than_baseline,0.6048,0.5968,0.008000000000000007,0.3952,0.4032,-0.008000000000000007,0.6048,0.5968,0.008000000000000007,0.7429,0.7163,0.026599999999999957,0.0619,0.1048,-0.04290000000000001,0.0622,0.0002,0.062,0.4571,0.4393,0.017799999999999983,0.1381,0.1338,0.004299999999999998,0.0429,0.029,0.0139,0.0381,0.0417,-0.003599999999999999,6.25,25.0,50.0,6.25,62.5,59.375,57.8125,68.75,46.875,46.875,43.75,6.25,50.0
2025,MIA,18,trailing_two_plus_scores,227,strong,stable_team_sample,100.0,1.0,41.40625,21.09375,42.708333333333336,10.9375,36.40625,36.40625,close_to_baseline_run_pass_split,slower_than_baseline,less_shotgun_than_baseline,less_efficient_than_baseline,0.6872,0.677,0.010199999999999987,0.3128,0.323,-0.010199999999999987,0.6872,0.677,0.010199999999999987,0.7269,0.7976,-0.07069999999999999,0.0705,0.1909,-0.1204,-0.2208,-0.0509,-0.1699,0.3877,0.4324,-0.04470000000000002,0.1233,0.1286,-0.005299999999999985,0.0617,0.0349,0.026799999999999997,0.0705,0.0546,0.01589999999999999,12.5,46.875,93.75,12.5,9.375,9.375,31.25,34.375,37.5,50.0,40.625,6.25,15.625
2025,MIA,19,tied_early_down,126,strong,stable_team_sample,100.0,1.0,67.578125,59.375,72.91666666666667,70.3125,68.22265625,68.22265625,more_run_heavy_than_baseline,slower_than_baseline,close_to_baseline_shotgun_usage,more_efficient_than_baseline,0.4127,0.4983,-0.08560000000000001,0.5873,0.5017,0.08560000000000001,0.4127,0.4983,-0.08560000000000001,0.6349,0.6059,0.029000000000000026,0.0,0.0718,-0.0718,0.0762,0.0018,0.07440000000000001,0.4444,0.4418,0.002599999999999991,0.1825,0.1285,0.05399999999999999,0.0238,0.0219,0.0019000000000000024,0.0079,0.0267,-0.0188,84.375,15.625,85.9375,84.375,84.375,46.875,68.75,37.5,96.875,21.875,100.0,46.875,93.75
2025,MIA,20,leading_early_down,265,strong,stable_team_sample,100.0,1.0,64.0625,61.71875,75.52083333333333,62.5,66.8359375,66.8359375,close_to_baseline_run_pass_split,slower_than_baseline,more_shotgun_than_baseline,more_efficient_than_baseline,0.4,0.4468,-0.04679999999999995,0.6,0.5532,0.04679999999999995,0.4,0.4468,-0.04679999999999995,0.6528,0.5755,0.07730000000000004,0.0151,0.0709,-0.0558,0.0661,0.0115,0.05460000000000001,0.4264,0.4235,0.0029000000000000137,0.1547,0.1332,0.02149999999999999,0.0226,0.0206,0.0019999999999999983,0.0038,0.0228,-0.019,71.875,34.375,78.125,71.875,62.5,46.875,78.125,59.375,71.875,76.5625,78.125,28.125,96.875
2025,MIA,21,trailing_early_down,333,strong,stable_team_sample,100.0,1.0,28.90625,50.0,66.66666666666667,48.4375,45.3515625,45.3515625,close_to_baseline_run_pass_split,slower_than_baseline,close_to_baseline_shotgun_usage,close_to_baseline_efficiency,0.5976,0.5899,0.00770000000000004,0.4024,0.4101,-0.00770000000000004,0.5976,0.5899,0.00770000000000004,0.6787,0.7068,-0.028100000000000014,0.0721,0.15,-0.0779,-0.0228,-0.0058,-0.017,0.4354,0.438,-0.002599999999999991,0.1471,0.1307,0.016399999999999998,0.042,0.0281,0.013900000000000003,0.018,0.0355,-0.017499999999999998,12.5,25.0,65.625,12.5,37.5,37.5,59.375,65.625,68.75,78.125,53.125,12.5,84.375
2025,MIN,1,all_offense,939,strong,stable_team_sample,100.0,1.0,30.46875,28.125,50.0,4.6875,33.7109375,33.7109375,close_to_baseline_run_pass_split,slower_than_baseline,less_shotgun_than_baseline,less_efficient_than_baseline,0.5783,0.5737,0.0046000000000000485,0.4217,0.4263,-0.004599999999999993,0.5783,0.5737,0.0046000000000000485,0.5591,0.6967,-0.13759999999999994,0.0756,0.1039,-0.028300000000000006,-0.1162,-0.0054,-0.1108,0.426,0.4345,-0.008500000000000008,0.1321,0.1328,-0.0007000000000000062,0.0426,0.0274,0.015199999999999998,0.0639,0.0401,0.0238,6.25,75.0,34.375,6.25,15.625,31.25,25.0,40.625,50.0,18.75,81.25,3.125,6.25
2025,MIN,2,early_down,723,strong,stable_team_sample,100.0,1.0,31.25,35.15625,59.375,12.5,38.0078125,38.0078125,close_to_baseline_run_pass_split,close_to_baseline_tempo,less_shotgun_than_baseline,less_efficient_than_baseline,0.5284,0.5246,0.0038000000000000256,0.4716,0.4754,-0.00379999999999997,0.5284,0.5246,0.0038000000000000256,0.4744,0.6436,-0.16919999999999996,0.0899,0.1086,-0.01870000000000001,-0.0538,0.0014,-0.0552,0.4412,0.4339,0.007299999999999973,0.1355,0.1311,0.004400000000000015,0.0387,0.0244,0.014299999999999997,0.0415,0.0296,0.0119,9.375,78.125,28.125,9.375,15.625,50.0,53.125,21.875,62.5,37.5,78.125,3.125,21.875
2025,MIN,3,third_down,192,strong,stable_team_sample,100.0,1.0,43.359375,21.875,29.6875,6.25,35.05859375,35.05859375,close_to_baseline_run_pass_split,slower_than_baseline,close_to_baseline_shotgun_usage,less_efficient_than_baseline,0.7604,0.7494,0.01100000000000001,0.2396,0.2506,-0.010999999999999982,0.7604,0.7494,0.01100000000000001,0.8646,0.8953,-0.03069999999999995,0.0208,0.0875,-0.0667,-0.3951,-0.0507,-0.3444,0.349,0.4242,-0.07520000000000004,0.1146,0.1404,-0.025800000000000003,0.0521,0.0359,0.0162,0.151,0.0778,0.0732,21.875,53.125,76.5625,21.875,3.125,3.125,6.25,75.0,21.875,14.0625,53.125,9.375,3.125
2025,MIN,4,fourth_down,24,thin,small_team_sample,55.0,0.75,5.859375,71.484375,72.91666666666667,33.59375,37.5546875,28.166015625,close_to_baseline_run_pass_split,close_to_baseline_tempo,close_to_baseline_shotgun_usage,more_efficient_than_baseline,0.625,0.6225,0.0024999999999999467,0.375,0.3775,-0.0025000000000000022,0.625,0.6225,0.0024999999999999467,0.6667,0.675,-0.008300000000000085,0.0833,0.0943,-0.010999999999999996,0.2359,0.1649,0.07100000000000001,0.5833,0.5443,0.039000000000000035,0.1667,0.1209,0.045799999999999993,0.0833,0.0492,0.0341,0.0417,0.0504,-0.0087,7.8125,4.6875,3.125,7.8125,53.125,64.0625,78.125,90.625,75.0,71.875,71.875,23.4375,43.75
2025,MIN,5,short_yardage,93,good,usable_team_sample,80.0,0.9,66.40625,17.96875,32.8125,7.8125,44.078125,39.6703125,more_dropback_heavy_than_baseline,slower_than_baseline,less_shotgun_than_baseline,less_efficient_than_baseline,0.4086,0.3476,0.061,0.5914,0.6524,-0.06099999999999994,0.4086,0.3476,0.061,0.3871,0.5322,-0.1451,0.0753,0.1642,-0.0889,-0.3075,0.0647,-0.3722,0.4946,0.5961,-0.10149999999999998,0.0645,0.0906,-0.026099999999999998,0.043,0.0214,0.021599999999999998,0.0538,0.0229,0.0309,62.5,65.625,75.0,62.5,6.25,6.25,3.125,56.25,18.75,10.9375,68.75,6.25,9.375
2025,MIN,6,red_zone,146,strong,stable_team_sample,100.0,1.0,63.28125,42.96875,84.89583333333333,27.34375,59.6875,59.6875,more_dropback_heavy_than_baseline,close_to_baseline_tempo,less_shotgun_than_baseline,less_efficient_than_baseline,0.6027,0.5029,0.0998,0.3973,0.4971,-0.0998,0.6027,0.5029,0.0998,0.5548,0.6589,-0.10410000000000008,0.0753,0.0945,-0.019199999999999995,-0.0871,-0.0022,-0.0849,0.4178,0.4224,-0.004599999999999993,0.0753,0.0512,0.024100000000000003,0.0274,0.0258,0.0016000000000000007,0.0753,0.0328,0.0425,89.0625,59.375,15.625,89.0625,21.875,46.875,25.0,78.125,87.5,79.6875,87.5,51.5625,3.125
2025,MIN,7,goal_to_go,57,good,usable_team_sample,80.0,0.9,49.21875,45.3125,39.0625,15.625,44.8984375,40.40859375,more_dropback_heavy_than_baseline,close_to_baseline_tempo,close_to_baseline_shotgun_usage,less_efficient_than_baseline,0.614,0.4757,0.13829999999999998,0.386,0.5243,-0.13829999999999998,0.614,0.4757,0.13829999999999998,0.5965,0.611,-0.014499999999999957,0.0877,0.0861,0.0016000000000000042,-0.03,0.0097,-0.0397,0.4211,0.438,-0.016900000000000026,0.0,0.0074,-0.0074,0.0351,0.0243,0.0108,0.1404,0.0306,0.1098,87.5,18.75,3.125,87.5,43.75,43.75,43.75,50.0,32.8125,43.75,40.625,28.125,3.125
2025,MIN,8,two_minute_half,107,strong,stable_team_sample,100.0,1.0,14.453125,33.984375,68.75,31.25,33.4375,33.4375,close_to_baseline_run_pass_split,close_to_baseline_tempo,close_to_baseline_shotgun_usage,less_efficient_than_baseline,0.7383,0.7349,0.0033999999999999586,0.2617,0.2651,-0.003400000000000014,0.7383,0.7349,0.0033999999999999586,0.8505,0.8778,-0.02729999999999999,0.1682,0.1634,0.004799999999999999,-0.0765,0.0083,-0.0848,0.3925,0.4231,-0.03059999999999996,0.1682,0.1271,0.0411,0.0374,0.0356,0.001800000000000003,0.0748,0.0516,0.023200000000000005,6.25,31.25,14.0625,6.25,15.625,28.125,42.1875,50.0,90.625,96.875,18.75,43.75,18.75
2025,MIN,9,two_minute_game,46,thin,small_team_sample,55.0,0.75,44.53125,64.0625,69.79166666666667,92.1875,58.4921875,43.869140625,more_run_heavy_than_baseline,close_to_baseline_tempo,less_shotgun_than_baseline,more_efficient_than_baseline,0.587,0.6818,-0.0948,0.413,0.3182,0.0948,0.587,0.6818,-0.0948,0.6957,0.8173,-0.12160000000000004,0.1739,0.1726,0.0012999999999999956,0.0132,-0.06,0.0732,0.4348,0.3942,0.040600000000000025,0.1522,0.1268,0.025400000000000006,0.0,0.0394,-0.0394,0.0,0.0504,-0.0504,56.25,59.375,6.25,56.25,56.25,62.5,82.8125,54.6875,65.625,73.4375,70.3125,89.0625,95.3125
2025,MIN,10,one_score,621,strong,stable_team_sample,100.0,1.0,40.625,28.125,57.291666666666664,6.25,39.53125,39.53125,close_to_baseline_run_pass_split,close_to_baseline_tempo,less_shotgun_than_baseline,less_efficient_than_baseline,0.5539,0.565,-0.011099999999999999,0.4461,0.435,0.011099999999999999,0.5539,0.565,-0.011099999999999999,0.5282,0.6859,-0.15769999999999995,0.0676,0.0863,-0.01870000000000001,-0.108,0.0035,-0.1115,0.4219,0.4369,-0.015000000000000013,0.1337,0.1332,0.0005000000000000004,0.0386,0.0265,0.012100000000000003,0.0612,0.0381,0.023099999999999996,31.25,81.25,18.75,31.25,18.75,31.25,21.875,40.625,56.25,50.0,65.625,3.125,9.375
2025,MIN,11,neutral_early_down,393,strong,stable_team_sample,100.0,1.0,39.84375,30.078125,51.041666666666664,10.9375,39.19921875,39.19921875,close_to_baseline_run_pass_split,close_to_baseline_tempo,less_shotgun_than_baseline,less_efficient_than_baseline,0.5013,0.5215,-0.020199999999999996,0.4987,0.4785,0.020199999999999996,0.5013,0.5215,-0.020199999999999996,0.4326,0.6282,-0.1956,0.0738,0.0855,-0.011700000000000002,-0.0622,0.013,-0.0752,0.4326,0.4391,-0.006500000000000006,0.1374,0.1443,-0.006900000000000017,0.0356,0.0226,0.013000000000000001,0.0407,0.0278,0.012900000000000002,31.25,81.25,15.625,31.25,18.75,40.625,43.75,17.1875,53.125,43.75,56.25,3.125,18.75
2025,MIN,12,tied,186,strong,stable_team_sample,100.0,1.0,35.15625,36.71875,43.75,40.625,40.625,40.625,close_to_baseline_run_pass_split,slower_than_baseline,less_shotgun_than_baseline,less_efficient_than_baseline,0.5484,0.5522,-0.0038000000000000256,0.4516,0.4478,0.0038000000000000256,0.5484,0.5522,-0.0038000000000000256,0.5054,0.6675,-0.16210000000000002,0.043,0.0716,-0.0286,-0.0393,-0.0028,-0.036500000000000005,0.4409,0.4433,-0.0024000000000000132,0.1183,0.1307,-0.012400000000000008,0.0161,0.0252,-0.0091,0.0645,0.0369,0.0276,12.5,87.5,28.125,12.5,28.125,43.75,53.125,21.875,40.625,25.0,65.625,75.0,6.25
2025,MIN,13,leading,289,strong,stable_team_sample,100.0,1.0,71.09375,48.4375,55.208333333333336,15.625,58.9453125,58.9453125,close_to_baseline_run_pass_split,slower_than_baseline,less_shotgun_than_baseline,less_efficient_than_baseline,0.4671,0.504,-0.03689999999999999,0.5329,0.496,0.036900000000000044,0.4671,0.504,-0.03689999999999999,0.4706,0.6358,-0.1652,0.0242,0.0687,-0.0445,-0.039,0.0162,-0.0552,0.4325,0.4269,0.005599999999999994,0.1384,0.1357,0.002700000000000008,0.0311,0.0228,0.008299999999999998,0.0554,0.0318,0.023599999999999996,68.75,81.25,65.625,68.75,28.125,59.375,43.75,62.5,59.375,15.625,90.625,18.75,12.5
2025,MIN,14,trailing,464,strong,stable_team_sample,100.0,1.0,52.34375,18.75,48.958333333333336,4.6875,41.0546875,41.0546875,close_to_baseline_run_pass_split,slower_than_baseline,less_shotgun_than_baseline,less_efficient_than_baseline,0.6595,0.6309,0.02859999999999996,0.3405,0.3691,-0.02859999999999996,0.6595,0.6309,0.02859999999999996,0.6358,0.7508,-0.11499999999999999,0.1207,0.1414,-0.020699999999999996,-0.1952,-0.0215,-0.17370000000000002,0.4159,0.4364,-0.020500000000000018,0.1336,0.1316,0.0020000000000000018,0.0603,0.0315,0.0288,0.069,0.0472,0.021800000000000007,56.25,68.75,28.125,56.25,3.125,18.75,15.625,37.5,46.875,43.75,56.25,3.125,6.25
2025,MIN,15,leading_one_score,178,strong,stable_team_sample,100.0,1.0,70.3125,32.8125,54.166666666666664,17.1875,54.6875,54.6875,more_run_heavy_than_baseline,slower_than_baseline,less_shotgun_than_baseline,less_efficient_than_baseline,0.4775,0.5341,-0.05660000000000004,0.5225,0.4659,0.056599999999999984,0.4775,0.5341,-0.05660000000000004,0.4719,0.6624,-0.1905,0.0337,0.075,-0.041299999999999996,-0.0577,0.0136,-0.0713,0.3876,0.4278,-0.040200000000000014,0.1404,0.1347,0.005700000000000011,0.0337,0.0244,0.0093,0.0506,0.0343,0.016300000000000002,71.875,84.375,53.125,71.875,28.125,25.0,28.125,50.0,50.0,25.0,87.5,18.75,15.625
2025,MIN,16,leading_two_plus_scores,111,strong,stable_team_sample,100.0,1.0,39.516129032258064,78.2258064516129,53.76344086021506,16.93548387096774,52.09677419354839,52.09677419354839,close_to_baseline_run_pass_split,slower_than_baseline,less_shotgun_than_baseline,close_to_baseline_efficiency,0.4505,0.4563,-0.005799999999999972,0.5495,0.5437,0.005800000000000027,0.4505,0.4563,-0.005799999999999972,0.4685,0.5937,-0.12519999999999998,0.009,0.0586,-0.0496,-0.0089,0.0204,-0.0293,0.5045,0.4256,0.07889999999999997,0.1351,0.1375,-0.0024000000000000132,0.027,0.0203,0.006700000000000001,0.0631,0.0278,0.035300000000000005,9.67741935483871,70.96774193548387,67.74193548387096,9.67741935483871,41.935483870967744,100.0,96.7741935483871,74.19354838709677,58.06451612903226,16.129032258064516,87.09677419354838,27.419354838709676,6.451612903225806
2025,MIN,17,trailing_one_score,257,strong,stable_team_sample,100.0,1.0,32.8125,36.71875,46.875,9.375,36.9140625,36.9140625,close_to_baseline_run_pass_split,close_to_baseline_tempo,less_shotgun_than_baseline,less_efficient_than_baseline,0.6109,0.5968,0.014100000000000001,0.3891,0.4032,-0.014100000000000001,0.6109,0.5968,0.014100000000000001,0.5837,0.7163,-0.13260000000000005,0.1089,0.1048,0.0040999999999999925,-0.1925,0.0002,-0.1927,0.4319,0.4393,-0.007400000000000018,0.1401,0.1338,0.0063,0.0584,0.029,0.0294,0.0661,0.0417,0.024400000000000005,25.0,71.875,9.375,25.0,9.375,50.0,25.0,62.5,53.125,71.875,15.625,3.125,15.625
2025,MIN,18,trailing_two_plus_scores,207,strong,stable_team_sample,100.0,1.0,53.90625,20.3125,52.083333333333336,6.25,42.7734375,42.7734375,close_to_baseline_run_pass_split,slower_than_baseline,less_shotgun_than_baseline,less_efficient_than_baseline,0.7198,0.677,0.04279999999999995,0.2802,0.323,-0.042800000000000005,0.7198,0.677,0.04279999999999995,0.7005,0.7976,-0.09709999999999996,0.1353,0.1909,-0.05559999999999998,-0.1985,-0.0509,-0.1476,0.3961,0.4324,-0.0363,0.1256,0.1286,-0.0030000000000000027,0.0628,0.0349,0.027899999999999994,0.0725,0.0546,0.017899999999999992,54.6875,59.375,46.875,54.6875,15.625,15.625,18.75,31.25,43.75,25.0,87.5,3.125,9.375
2025,MIN,19,tied_early_down,148,strong,stable_team_sample,100.0,1.0,42.578125,49.21875,43.75,48.4375,47.87109375,47.87109375,close_to_baseline_run_pass_split,close_to_baseline_tempo,less_shotgun_than_baseline,close_to_baseline_efficiency,0.4865,0.4983,-0.011800000000000033,0.5135,0.5017,0.011799999999999922,0.4865,0.4983,-0.011800000000000033,0.4054,0.6059,-0.2005,0.0541,0.0718,-0.0177,-0.0277,0.0018,-0.0295,0.4595,0.4418,0.017699999999999994,0.1149,0.1285,-0.013600000000000001,0.0203,0.0219,-0.0016000000000000007,0.027,0.0267,0.0002999999999999982,31.25,90.625,17.1875,31.25,40.625,68.75,75.0,12.5,40.625,18.75,71.875,59.375,37.5
2025,MIN,20,leading_early_down,223,strong,stable_team_sample,100.0,1.0,70.3125,48.828125,56.25,19.53125,59.23828125,59.23828125,close_to_baseline_run_pass_split,slower_than_baseline,less_shotgun_than_baseline,close_to_baseline_efficiency,0.4036,0.4468,-0.04319999999999996,0.5964,0.5532,0.043200000000000016,0.4036,0.4468,-0.04319999999999996,0.3767,0.5755,-0.19880000000000003,0.0269,0.0709,-0.044000000000000004,-0.0149,0.0115,-0.0264,0.4395,0.4235,0.016000000000000014,0.139,0.1332,0.0058,0.0269,0.0206,0.0063,0.0404,0.0228,0.017599999999999998,68.75,81.25,62.5,68.75,35.9375,65.625,56.25,37.5,59.375,18.75,90.625,21.875,17.1875
2025,MIN,21,trailing_early_down,352,strong,stable_team_sample,100.0,1.0,51.5625,28.90625,62.5,10.9375,45.8984375,45.8984375,close_to_baseline_run_pass_split,close_to_baseline_tempo,less_shotgun_than_baseline,less_efficient_than_baseline,0.625,0.5899,0.03510000000000002,0.375,0.4101,-0.03510000000000002,0.625,0.5899,0.03510000000000002,0.5653,0.7068,-0.14149999999999996,0.1449,0.15,-0.005099999999999993,-0.0895,-0.0058,-0.0837,0.4347,0.438,-0.003300000000000025,0.142,0.1307,0.011299999999999977,0.054,0.0281,0.0259,0.0483,0.0355,0.012800000000000006,62.5,71.875,9.375,62.5,15.625,34.375,37.5,28.125,59.375,65.625,62.5,3.125,18.75
2025,NE,1,all_offense,1014,strong,stable_team_sample,100.0,1.0,74.21875,93.359375,89.58333333333333,42.1875,79.39453125,79.39453125,close_to_baseline_run_pass_split,slower_than_baseline,less_shotgun_than_baseline,more_efficient_than_baseline,0.5424,0.5737,-0.031299999999999994,0.4576,0.4263,0.031299999999999994,0.5424,0.5737,-0.031299999999999994,0.5503,0.6967,-0.14639999999999997,0.0237,0.1039,-0.08020000000000001,0.1566,-0.0054,0.16199999999999998,0.4832,0.4345,0.04870000000000002,0.1627,0.1328,0.02990000000000001,0.0247,0.0274,-0.002700000000000001,0.0473,0.0401,0.007200000000000005,65.625,78.125,87.5,65.625,100.0,93.75,93.75,85.9375,100.0,100.0,68.75,59.375,25.0
2025,NE,2,early_down,794,strong,stable_team_sample,100.0,1.0,71.875,96.09375,85.41666666666667,43.75,78.5546875,78.5546875,close_to_baseline_run_pass_split,slower_than_baseline,less_shotgun_than_baseline,more_efficient_than_baseline,0.4899,0.5246,-0.03469999999999995,0.5101,0.4754,0.03470000000000001,0.4899,0.5246,-0.03469999999999995,0.4773,0.6436,-0.16629999999999995,0.029,0.1086,-0.0796,0.1321,0.0014,0.13069999999999998,0.4786,0.4339,0.04470000000000002,0.1562,0.1311,0.02510000000000001,0.0202,0.0244,-0.004200000000000002,0.0428,0.0296,0.013199999999999996,65.625,75.0,81.25,65.625,96.875,93.75,96.875,96.875,90.625,90.625,75.0,68.75,18.75
2025,NE,3,third_down,195,strong,stable_team_sample,100.0,1.0,43.75,74.21875,72.91666666666667,45.3125,58.7109375,58.7109375,close_to_baseline_run_pass_split,slower_than_baseline,less_shotgun_than_baseline,more_efficient_than_baseline,0.7487,0.7494,-0.0006999999999999229,0.2513,0.2506,0.0007000000000000339,0.7487,0.7494,-0.0006999999999999229,0.8359,0.8953,-0.05940000000000001,0.0051,0.0875,-0.0824,0.1219,-0.0507,0.1726,0.4718,0.4242,0.047599999999999976,0.1846,0.1404,0.04419999999999999,0.0359,0.0359,0.0,0.0667,0.0778,-0.011099999999999999,3.125,81.25,87.5,3.125,87.5,87.5,84.375,37.5,93.75,100.0,25.0,37.5,53.125
2025,NE,4,fourth_down,25,thin,small_team_sample,55.0,0.75,35.9375,88.28125,85.41666666666667,39.84375,57.7890625,43.341796875,close_to_baseline_run_pass_split,slower_than_baseline,close_to_baseline_shotgun_usage,more_efficient_than_baseline,0.6,0.6225,-0.022500000000000075,0.4,0.3775,0.02250000000000002,0.6,0.6225,-0.022500000000000075,0.64,0.675,-0.03500000000000003,0.0,0.0943,-0.0943,1.2033,0.1649,1.0384,0.72,0.5443,0.17569999999999997,0.2,0.1209,0.07910000000000002,0.08,0.0492,0.0308,0.04,0.0504,-0.0104,21.875,15.625,84.375,21.875,93.75,96.875,96.875,65.625,93.75,64.0625,98.4375,29.6875,50.0
2025,NE,5,short_yardage,107,strong,stable_team_sample,100.0,1.0,47.65625,23.4375,43.75,26.5625,41.5234375,41.5234375,close_to_baseline_run_pass_split,slower_than_baseline,less_shotgun_than_baseline,less_efficient_than_baseline,0.3364,0.3476,-0.011200000000000043,0.6636,0.6524,0.011199999999999988,0.3364,0.3476,-0.011200000000000043,0.3551,0.5322,-0.17709999999999998,0.028,0.1642,-0.13620000000000002,-0.0664,0.0647,-0.1311,0.5327,0.5961,-0.06340000000000001,0.0748,0.0906,-0.015799999999999995,0.0467,0.0214,0.0253,0.0187,0.0229,-0.004199999999999999,6.25,84.375,93.75,6.25,21.875,15.625,28.125,28.125,31.25,15.625,84.375,3.125,50.0
2025,NE,6,red_zone,171,strong,stable_team_sample,100.0,1.0,52.34375,62.890625,34.375,21.875,51.62109375,51.62109375,close_to_baseline_run_pass_split,slower_than_baseline,less_shotgun_than_baseline,close_to_baseline_efficiency,0.4795,0.5029,-0.023400000000000032,0.5205,0.4971,0.023399999999999976,0.4795,0.5029,-0.023400000000000032,0.4971,0.6589,-0.16180000000000005,0.0058,0.0945,-0.0887,0.018,-0.0022,0.0202,0.4386,0.4224,0.016199999999999992,0.0409,0.0512,-0.010300000000000004,0.0292,0.0258,0.0034000000000000002,0.0585,0.0328,0.0257,21.875,78.125,87.5,21.875,53.125,59.375,70.3125,68.75,31.25,59.375,12.5,34.375,9.375
2025,NE,7,goal_to_go,86,good,usable_team_sample,80.0,0.9,53.90625,44.53125,39.0625,42.1875,49.46875,44.521875,close_to_baseline_run_pass_split,slower_than_baseline,less_shotgun_than_baseline,less_efficient_than_baseline,0.4419,0.4757,-0.0338,0.5581,0.5243,0.03380000000000005,0.4419,0.4757,-0.0338,0.4535,0.611,-0.15749999999999997,0.0,0.0861,-0.0861,-0.0642,0.0097,-0.0739,0.4302,0.438,-0.007799999999999974,0.0,0.0074,-0.0074,0.0233,0.0243,-0.0009999999999999974,0.0349,0.0306,0.004300000000000002,28.125,71.875,87.5,28.125,31.25,50.0,56.25,40.625,32.8125,43.75,40.625,37.5,46.875
2025,NE,8,two_minute_half,130,strong,stable_team_sample,100.0,1.0,80.46875,81.25,88.54166666666667,51.5625,79.9609375,79.9609375,more_run_heavy_than_baseline,slower_than_baseline,less_shotgun_than_baseline,more_efficient_than_baseline,0.6538,0.7349,-0.08109999999999995,0.3462,0.2651,0.0811,0.6538,0.7349,-0.08109999999999995,0.7154,0.8778,-0.1624,0.0923,0.1634,-0.0711,0.1855,0.0083,0.1772,0.5308,0.4231,0.10770000000000007,0.1769,0.1271,0.04980000000000001,0.0308,0.0356,-0.004799999999999999,0.0462,0.0516,-0.005400000000000002,75.0,93.75,78.125,75.0,93.75,96.875,87.5,46.875,96.875,78.125,90.625,59.375,43.75
2025,NE,9,two_minute_game,38,thin,small_team_sample,55.0,0.75,50.0,67.96875,85.9375,55.46875,60.6796875,45.509765625,more_run_heavy_than_baseline,close_to_baseline_tempo,less_shotgun_than_baseline,more_efficient_than_baseline,0.6053,0.6818,-0.07650000000000001,0.3947,0.3182,0.07650000000000001,0.6053,0.6818,-0.07650000000000001,0.6053,0.8173,-0.21200000000000008,0.1579,0.1726,-0.01469999999999999,0.1416,-0.06,0.2016,0.4474,0.3942,0.053200000000000025,0.2105,0.1268,0.0837,0.0,0.0394,-0.0394,0.0789,0.0504,0.028499999999999998,43.75,93.75,18.75,43.75,93.75,71.875,78.125,28.125,96.875,60.9375,100.0,89.0625,21.875
2025,NE,10,one_score,749,strong,stable_team_sample,100.0,1.0,52.34375,91.40625,86.45833333333333,34.375,67.8125,67.8125,close_to_baseline_run_pass_split,slower_than_baseline,less_shotgun_than_baseline,more_efficient_than_baseline,0.5554,0.565,-0.009599999999999942,0.4446,0.435,0.009599999999999997,0.5554,0.565,-0.009599999999999942,0.5648,0.6859,-0.12109999999999999,0.0174,0.0863,-0.0689,0.1513,0.0035,0.1478,0.494,0.4369,0.057099999999999984,0.1629,0.1332,0.029699999999999976,0.0267,0.0265,0.00020000000000000226,0.0467,0.0381,0.008599999999999997,25.0,75.0,84.375,25.0,93.75,96.875,93.75,81.25,93.75,96.875,68.75,40.625,28.125
2025,NE,11,neutral_early_down,471,strong,stable_team_sample,100.0,1.0,41.40625,96.09375,82.29166666666667,32.8125,63.28125,63.28125,close_to_baseline_run_pass_split,slower_than_baseline,less_shotgun_than_baseline,more_efficient_than_baseline,0.5308,0.5215,0.009300000000000086,0.4692,0.4785,-0.009299999999999975,0.5308,0.5215,0.009300000000000086,0.5053,0.6282,-0.12290000000000001,0.0212,0.0855,-0.06430000000000001,0.1474,0.013,0.1344,0.5096,0.4391,0.07050000000000006,0.1741,0.1443,0.029799999999999993,0.0212,0.0226,-0.0013999999999999985,0.0382,0.0278,0.0104,12.5,65.625,75.0,12.5,96.875,96.875,93.75,96.875,84.375,90.625,71.875,43.75,21.875
2025,NE,12,tied,178,strong,stable_team_sample,100.0,1.0,52.34375,75.0,88.54166666666667,32.8125,63.8671875,63.8671875,close_to_baseline_run_pass_split,slower_than_baseline,less_shotgun_than_baseline,more_efficient_than_baseline,0.5337,0.5522,-0.018500000000000072,0.4663,0.4478,0.018500000000000016,0.5337,0.5522,-0.018500000000000072,0.5449,0.6675,-0.12259999999999993,0.0169,0.0716,-0.0547,0.1118,-0.0028,0.1146,0.4663,0.4433,0.022999999999999965,0.1573,0.1307,0.026599999999999985,0.0225,0.0252,-0.002700000000000001,0.0618,0.0369,0.0249,34.375,68.75,71.875,34.375,93.75,68.75,84.375,53.125,90.625,96.875,78.125,53.125,12.5
2025,NE,13,leading,548,strong,stable_team_sample,100.0,1.0,42.96875,92.1875,78.125,42.1875,63.3203125,63.3203125,close_to_baseline_run_pass_split,slower_than_baseline,less_shotgun_than_baseline,more_efficient_than_baseline,0.4927,0.504,-0.011299999999999977,0.5073,0.496,0.011299999999999977,0.4927,0.504,-0.011299999999999977,0.5383,0.6358,-0.09750000000000003,0.0182,0.0687,-0.050499999999999996,0.1705,0.0162,0.15430000000000002,0.4818,0.4269,0.054900000000000004,0.1642,0.1357,0.028500000000000025,0.0201,0.0228,-0.002700000000000001,0.0347,0.0318,0.0029,21.875,56.25,71.875,21.875,96.875,93.75,93.75,84.375,90.625,100.0,43.75,43.75,40.625
2025,NE,14,trailing,288,strong,stable_team_sample,100.0,1.0,59.375,91.796875,83.33333333333333,23.4375,69.51171875,69.51171875,close_to_baseline_run_pass_split,slower_than_baseline,less_shotgun_than_baseline,more_efficient_than_baseline,0.6424,0.6309,0.011499999999999955,0.3576,0.3691,-0.01150000000000001,0.6424,0.6309,0.011499999999999955,0.5764,0.7508,-0.1744,0.0382,0.1414,-0.1032,0.1578,-0.0215,0.1793,0.4965,0.4364,0.06009999999999999,0.1632,0.1316,0.03160000000000002,0.0347,0.0315,0.0032000000000000015,0.0625,0.0472,0.015300000000000001,28.125,93.75,87.5,28.125,90.625,93.75,82.8125,100.0,93.75,93.75,62.5,28.125,18.75
2025,NE,15,leading_one_score,322,strong,stable_team_sample,100.0,1.0,47.65625,86.71875,75.0,63.28125,65.703125,65.703125,close_to_baseline_run_pass_split,slower_than_baseline,less_shotgun_than_baseline,more_efficient_than_baseline,0.5186,0.5341,-0.01550000000000007,0.4814,0.4659,0.015500000000000014,0.5186,0.5341,-0.01550000000000007,0.5745,0.6624,-0.08789999999999998,0.0186,0.075,-0.0564,0.1998,0.0136,0.1862,0.5155,0.4278,0.08769999999999994,0.1646,0.1347,0.02990000000000001,0.0217,0.0244,-0.002700000000000001,0.0248,0.0343,-0.009499999999999998,28.125,53.125,81.25,28.125,93.75,96.875,84.375,71.875,84.375,87.5,53.125,46.875,79.6875
2025,NE,16,leading_two_plus_scores,226,strong,stable_team_sample,100.0,1.0,29.838709677419356,81.4516129032258,75.26881720430107,33.87096774193549,53.46774193548387,53.46774193548387,close_to_baseline_run_pass_split,slower_than_baseline,less_shotgun_than_baseline,more_efficient_than_baseline,0.4558,0.4563,-0.0005000000000000004,0.5442,0.5437,0.000500000000000056,0.4558,0.4563,-0.0005000000000000004,0.4867,0.5937,-0.10699999999999998,0.0177,0.0586,-0.0409,0.1287,0.0204,0.10830000000000001,0.4336,0.4256,0.008000000000000007,0.1637,0.1375,0.0262,0.0177,0.0203,-0.002599999999999998,0.0487,0.0278,0.020900000000000002,6.451612903225806,51.61290322580645,54.83870967741935,6.451612903225806,90.32258064516128,54.83870967741935,90.32258064516128,90.32258064516128,87.09677419354838,96.7741935483871,41.935483870967744,48.38709677419355,19.35483870967742
2025,NE,17,trailing_one_score,249,strong,stable_team_sample,100.0,1.0,58.59375,75.78125,75.0,20.3125,63.59375,63.59375,close_to_baseline_run_pass_split,slower_than_baseline,less_shotgun_than_baseline,more_efficient_than_baseline,0.6185,0.5968,0.021700000000000053,0.3815,0.4032,-0.021699999999999997,0.6185,0.5968,0.021700000000000053,0.5663,0.7163,-0.15000000000000002,0.0161,0.1048,-0.0887,0.1169,0.0002,0.1167,0.4859,0.4393,0.046599999999999975,0.1647,0.1338,0.03090000000000001,0.0361,0.029,0.007099999999999999,0.0643,0.0417,0.022599999999999995,31.25,81.25,90.625,31.25,68.75,78.125,65.625,90.625,87.5,87.5,50.0,21.875,18.75
2025,NE,18,trailing_two_plus_scores,39,thin,small_team_sample,55.0,0.75,71.875,100.0,74.47916666666667,58.59375,77.125,57.84375,more_dropback_heavy_than_baseline,close_to_baseline_tempo,less_shotgun_than_baseline,more_efficient_than_baseline,0.7949,0.677,0.1179,0.2051,0.323,-0.1179,0.7949,0.677,0.1179,0.641,0.7976,-0.15659999999999996,0.1795,0.1909,-0.011399999999999993,0.419,-0.0509,0.4699,0.5641,0.4324,0.13170000000000004,0.1538,0.1286,0.0252,0.0256,0.0349,-0.0093,0.0513,0.0546,-0.0033000000000000043,93.75,93.75,6.25,93.75,100.0,100.0,100.0,100.0,76.5625,65.625,81.25,73.4375,43.75
2025,NE,19,tied_early_down,144,strong,stable_team_sample,100.0,1.0,50.0,82.03125,88.02083333333333,29.6875,64.1796875,64.1796875,close_to_baseline_run_pass_split,slower_than_baseline,less_shotgun_than_baseline,more_efficient_than_baseline,0.4861,0.4983,-0.012200000000000044,0.5139,0.5017,0.012199999999999989,0.4861,0.4983,-0.012200000000000044,0.4861,0.6059,-0.11980000000000002,0.0139,0.0718,-0.05790000000000001,0.1019,0.0018,0.10010000000000001,0.4583,0.4418,0.01649999999999996,0.1667,0.1285,0.038199999999999984,0.0208,0.0219,-0.0011000000000000003,0.0486,0.0267,0.021899999999999996,34.375,56.25,75.0,34.375,96.875,62.5,93.75,75.0,93.75,93.75,76.5625,50.0,9.375
2025,NE,20,leading_early_down,431,strong,stable_team_sample,100.0,1.0,37.5,88.28125,69.79166666666667,37.5,58.1640625,58.1640625,close_to_baseline_run_pass_split,slower_than_baseline,less_shotgun_than_baseline,more_efficient_than_baseline,0.4362,0.4468,-0.010599999999999998,0.5638,0.5532,0.010599999999999943,0.4362,0.4468,-0.010599999999999998,0.464,0.5755,-0.11149999999999999,0.0232,0.0709,-0.047700000000000006,0.1418,0.0115,0.1303,0.4803,0.4235,0.05680000000000002,0.1531,0.1332,0.0199,0.0162,0.0206,-0.004400000000000001,0.0348,0.0228,0.011999999999999997,12.5,53.125,71.875,12.5,87.5,87.5,93.75,84.375,68.75,90.625,50.0,50.0,25.0
2025,NE,21,trailing_early_down,219,strong,stable_team_sample,100.0,1.0,50.78125,89.0625,78.125,25.0,64.3359375,64.3359375,close_to_baseline_run_pass_split,slower_than_baseline,less_shotgun_than_baseline,more_efficient_than_baseline,0.5982,0.5899,0.008299999999999974,0.4018,0.4101,-0.00830000000000003,0.5982,0.5899,0.008299999999999974,0.4977,0.7068,-0.2091,0.0502,0.15,-0.0998,0.133,-0.0058,0.1388,0.4886,0.438,0.05059999999999998,0.1553,0.1307,0.024599999999999983,0.0274,0.0281,-0.0006999999999999992,0.0548,0.0355,0.019300000000000005,15.625,93.75,78.125,15.625,90.625,87.5,81.25,96.875,87.5,81.25,65.625,43.75,6.25
2025,NO,1,all_offense,1061,strong,stable_team_sample,100.0,1.0,66.40625,17.96875,10.416666666666666,34.375,44.375,44.375,close_to_baseline_run_pass_split,faster_than_baseline,more_shotgun_than_baseline,less_efficient_than_baseline,0.5975,0.5737,0.023800000000000043,0.4025,0.4263,-0.023799999999999988,0.5975,0.5737,0.023800000000000043,0.7898,0.6967,0.09309999999999996,0.2271,0.1039,0.12319999999999999,-0.0856,-0.0054,-0.0802,0.4204,0.4345,-0.014100000000000001,0.1074,0.1328,-0.025400000000000006,0.0273,0.0274,-9.99999999999994e-05,0.0462,0.0401,0.006100000000000001,53.125,62.5,96.875,53.125,18.75,25.0,18.75,9.375,12.5,15.625,3.125,37.5,31.25
2025,NO,2,early_down,805,strong,stable_team_sample,100.0,1.0,69.140625,19.53125,17.708333333333332,40.625,47.71484375,47.71484375,close_to_baseline_run_pass_split,faster_than_baseline,more_shotgun_than_baseline,less_efficient_than_baseline,0.5578,0.5246,0.03320000000000001,0.4422,0.4754,-0.03320000000000001,0.5578,0.5246,0.03320000000000001,0.7503,0.6436,0.10670000000000002,0.2261,0.1086,0.1175,-0.0456,0.0014,-0.047,0.4186,0.4339,-0.01529999999999998,0.1106,0.1311,-0.02049999999999999,0.0211,0.0244,-0.003300000000000001,0.0385,0.0296,0.008899999999999998,62.5,60.9375,90.625,62.5,21.875,28.125,25.0,3.125,15.625,31.25,6.25,56.25,25.0
2025,NO,3,third_down,222,strong,stable_team_sample,100.0,1.0,50.0,47.265625,23.4375,70.3125,49.86328125,49.86328125,close_to_baseline_run_pass_split,faster_than_baseline,close_to_baseline_shotgun_usage,less_efficient_than_baseline,0.7432,0.7494,-0.006199999999999983,0.2568,0.2506,0.006199999999999983,0.7432,0.7494,-0.006199999999999983,0.9414,0.8953,0.04610000000000003,0.2342,0.0875,0.1467,-0.1095,-0.0507,-0.0588,0.4279,0.4242,0.003699999999999981,0.1126,0.1404,-0.02779999999999999,0.027,0.0359,-0.008900000000000002,0.0631,0.0778,-0.01469999999999999,15.625,71.875,96.875,15.625,34.375,48.4375,43.75,62.5,18.75,48.4375,3.125,75.0,65.625
2025,NO,4,fourth_down,34,thin,small_team_sample,55.0,0.75,48.4375,5.078125,11.979166666666666,7.8125,28.39453125,21.2958984375,close_to_baseline_run_pass_split,faster_than_baseline,more_shotgun_than_baseline,less_efficient_than_baseline,0.5882,0.6225,-0.03430000000000011,0.4118,0.3775,0.0343,0.5882,0.6225,-0.03430000000000011,0.7353,0.675,0.06029999999999991,0.2059,0.0943,0.1116,-0.8772,0.1649,-1.0421,0.4118,0.5443,-0.1325,0.0,0.1209,-0.1209,0.1765,0.0492,0.1273,0.1176,0.0504,0.0672,31.25,37.5,93.75,31.25,3.125,3.125,6.25,7.8125,3.125,4.6875,28.125,3.125,12.5
2025,NO,5,short_yardage,102,strong,stable_team_sample,100.0,1.0,53.125,8.59375,59.895833333333336,14.0625,41.4453125,41.4453125,close_to_baseline_run_pass_split,faster_than_baseline,more_shotgun_than_baseline,less_efficient_than_baseline,0.3137,0.3476,-0.03390000000000004,0.6863,0.6524,0.03390000000000004,0.3137,0.3476,-0.03390000000000004,0.7059,0.5322,0.17369999999999997,0.2549,0.1642,0.0907,-0.2893,0.0647,-0.354,0.5196,0.5961,-0.07650000000000001,0.098,0.0906,0.007400000000000004,0.0392,0.0214,0.0178,0.049,0.0229,0.0261,26.5625,81.25,78.125,26.5625,9.375,12.5,9.375,3.125,65.625,75.0,39.0625,15.625,12.5
2025,NO,6,red_zone,123,strong,stable_team_sample,100.0,1.0,49.21875,16.40625,91.66666666666667,43.75,49.375,49.375,close_to_baseline_run_pass_split,faster_than_baseline,more_shotgun_than_baseline,less_efficient_than_baseline,0.4959,0.5029,-0.007000000000000006,0.5041,0.4971,0.007000000000000006,0.4959,0.5029,-0.007000000000000006,0.8211,0.6589,0.1622,0.2276,0.0945,0.1331,-0.1238,-0.0022,-0.1216,0.3577,0.4224,-0.06469999999999998,0.0894,0.0512,0.03819999999999999,0.0244,0.0258,-0.0013999999999999985,0.0488,0.0328,0.016,9.375,81.25,96.875,9.375,15.625,15.625,15.625,18.75,96.875,93.75,84.375,65.625,21.875
2025,NO,7,goal_to_go,40,thin,small_team_sample,55.0,0.75,63.28125,8.203125,39.0625,50.78125,44.21484375,33.1611328125,more_run_heavy_than_baseline,faster_than_baseline,more_shotgun_than_baseline,less_efficient_than_baseline,0.425,0.4757,-0.05070000000000002,0.575,0.5243,0.05069999999999997,0.425,0.4757,-0.05070000000000002,0.75,0.611,0.139,0.2,0.0861,0.11390000000000002,-0.3078,0.0097,-0.3175,0.35,0.438,-0.08800000000000002,0.0,0.0074,-0.0074,0.05,0.0243,0.025700000000000004,0.0,0.0306,-0.0306,46.875,65.625,93.75,46.875,9.375,12.5,4.6875,6.25,32.8125,43.75,40.625,15.625,85.9375
2025,NO,8,two_minute_half,138,strong,stable_team_sample,100.0,1.0,82.8125,53.125,48.958333333333336,38.28125,66.71875,66.71875,more_dropback_heavy_than_baseline,faster_than_baseline,more_shotgun_than_baseline,less_efficient_than_baseline,0.8261,0.7349,0.09119999999999995,0.1739,0.2651,-0.0912,0.8261,0.7349,0.09119999999999995,0.9638,0.8778,0.08599999999999997,0.2319,0.1634,0.0685,-0.0434,0.0083,-0.0517,0.4783,0.4231,0.05520000000000003,0.1377,0.1271,0.010599999999999998,0.0435,0.0356,0.007899999999999997,0.0435,0.0516,-0.008100000000000003,87.5,81.25,75.0,87.5,28.125,84.375,56.25,43.75,62.5,81.25,3.125,26.5625,50.0
2025,NO,9,two_minute_game,59,good,usable_team_sample,80.0,0.9,89.0625,81.25,57.8125,29.6875,76.03125,68.42812500000001,more_dropback_heavy_than_baseline,faster_than_baseline,more_shotgun_than_baseline,more_efficient_than_baseline,0.8983,0.6818,0.21650000000000003,0.1017,0.3182,-0.21649999999999997,0.8983,0.6818,0.21650000000000003,0.9661,0.8173,0.14879999999999993,0.322,0.1726,0.1494,0.0387,-0.06,0.0987,0.5254,0.3942,0.13119999999999998,0.1525,0.1268,0.0257,0.0508,0.0394,0.0114,0.0678,0.0504,0.0174,96.875,71.875,90.625,96.875,68.75,96.875,90.625,68.75,70.3125,90.625,12.5,28.125,31.25
2025,NO,10,one_score,595,strong,stable_team_sample,100.0,1.0,69.53125,15.234375,18.75,25.0,45.41015625,45.41015625,close_to_baseline_run_pass_split,faster_than_baseline,more_shotgun_than_baseline,less_efficient_than_baseline,0.6,0.565,0.03500000000000003,0.4,0.435,-0.034999999999999976,0.6,0.565,0.03500000000000003,0.763,0.6859,0.07710000000000006,0.2034,0.0863,0.1171,-0.1206,0.0035,-0.1241,0.4067,0.4369,-0.030200000000000005,0.1126,0.1332,-0.020600000000000007,0.0286,0.0265,0.002100000000000001,0.0521,0.0381,0.013999999999999999,65.625,53.125,93.75,65.625,15.625,18.75,18.75,7.8125,15.625,34.375,6.25,28.125,21.875
2025,NO,11,neutral_early_down,394,strong,stable_team_sample,100.0,1.0,61.71875,24.609375,19.791666666666668,10.9375,42.98828125,42.98828125,close_to_baseline_run_pass_split,faster_than_baseline,more_shotgun_than_baseline,less_efficient_than_baseline,0.5584,0.5215,0.036900000000000044,0.4416,0.4785,-0.03689999999999999,0.5584,0.5215,0.036900000000000044,0.703,0.6282,0.07479999999999998,0.1878,0.0855,0.10229999999999999,-0.0894,0.013,-0.10239999999999999,0.4061,0.4391,-0.032999999999999974,0.1142,0.1443,-0.030100000000000016,0.0305,0.0226,0.0079,0.0431,0.0278,0.015300000000000001,59.375,37.5,90.625,59.375,15.625,15.625,31.25,35.9375,15.625,37.5,6.25,9.375,12.5
2025,NO,12,tied,122,strong,stable_team_sample,100.0,1.0,75.78125,7.03125,38.541666666666664,9.375,47.578125,47.578125,more_dropback_heavy_than_baseline,faster_than_baseline,more_shotgun_than_baseline,less_efficient_than_baseline,0.623,0.5522,0.07079999999999997,0.377,0.4478,-0.07079999999999997,0.623,0.5522,0.07079999999999997,0.7623,0.6675,0.0948,0.1557,0.0716,0.08410000000000001,-0.4457,-0.0028,-0.44289999999999996,0.3361,0.4433,-0.10720000000000002,0.1148,0.1307,-0.01590000000000001,0.0738,0.0252,0.048600000000000004,0.0574,0.0369,0.020499999999999997,78.125,56.25,90.625,78.125,3.125,3.125,6.25,15.625,28.125,78.125,9.375,3.125,15.625
2025,NO,13,leading,119,strong,stable_team_sample,100.0,1.0,47.65625,39.84375,52.083333333333336,89.0625,53.125,53.125,close_to_baseline_run_pass_split,faster_than_baseline,more_shotgun_than_baseline,more_efficient_than_baseline,0.5294,0.504,0.025399999999999978,0.4706,0.496,-0.025399999999999978,0.5294,0.504,0.025399999999999978,0.6891,0.6358,0.053300000000000014,0.1345,0.0687,0.06580000000000001,0.1049,0.0162,0.0887,0.4034,0.4269,-0.02350000000000002,0.1345,0.1357,-0.0011999999999999789,0.0,0.0228,-0.0228,0.0252,0.0318,-0.006600000000000002,34.375,28.125,93.75,34.375,75.0,25.0,25.0,34.375,53.125,90.625,12.5,98.4375,79.6875
2025,NO,14,trailing,820,strong,stable_team_sample,100.0,1.0,60.15625,25.78125,11.458333333333334,53.125,45.546875,45.546875,close_to_baseline_run_pass_split,faster_than_baseline,more_shotgun_than_baseline,less_efficient_than_baseline,0.6037,0.6309,-0.027200000000000002,0.3963,0.3691,0.027200000000000002,0.6037,0.6309,-0.027200000000000002,0.8085,0.7508,0.057699999999999974,0.2512,0.1414,0.10979999999999998,-0.0597,-0.0215,-0.038200000000000005,0.4354,0.4364,-0.0010000000000000009,0.1024,0.1316,-0.02919999999999999,0.0244,0.0315,-0.007099999999999999,0.0476,0.0472,0.0004000000000000045,50.0,46.875,93.75,50.0,28.125,43.75,25.0,6.25,6.25,15.625,12.5,65.625,40.625
2025,NO,15,leading_one_score,80,good,usable_team_sample,80.0,0.9,75.0,46.09375,57.8125,86.71875,66.6171875,59.95546875,more_dropback_heavy_than_baseline,faster_than_baseline,more_shotgun_than_baseline,more_efficient_than_baseline,0.625,0.5341,0.09089999999999998,0.375,0.4659,-0.09089999999999998,0.625,0.5341,0.09089999999999998,0.725,0.6624,0.06259999999999999,0.1875,0.075,0.1125,0.0955,0.0136,0.0819,0.4,0.4278,-0.02779999999999999,0.15,0.1347,0.015300000000000008,0.0,0.0244,-0.0244,0.025,0.0343,-0.009299999999999996,90.625,25.0,93.75,90.625,68.75,34.375,37.5,43.75,70.3125,100.0,3.125,98.4375,75.0
2025,NO,16,leading_two_plus_scores,39,thin,small_team_sample,55.0,0.75,61.69354838709677,39.516129032258064,30.10752688172043,77.41935483870968,52.649193548387096,39.48689516129032,more_run_heavy_than_baseline,slower_than_baseline,close_to_baseline_shotgun_usage,more_efficient_than_baseline,0.3333,0.4563,-0.123,0.6667,0.5437,0.123,0.3333,0.4563,-0.123,0.6154,0.5937,0.02169999999999994,0.0256,0.0586,-0.033,0.1243,0.0204,0.10389999999999999,0.4103,0.4256,-0.01529999999999998,0.1026,0.1375,-0.034900000000000014,0.0,0.0203,-0.0203,0.0256,0.0278,-0.002199999999999997,93.54838709677419,12.903225806451612,46.774193548387096,93.54838709677419,87.09677419354838,38.70967741935484,19.35483870967742,12.903225806451612,12.903225806451612,6.451612903225806,70.96774193548387,98.38709677419355,56.451612903225815
2025,NO,17,trailing_one_score,393,strong,stable_team_sample,100.0,1.0,40.625,21.875,19.270833333333332,51.5625,36.796875,36.796875,close_to_baseline_run_pass_split,faster_than_baseline,more_shotgun_than_baseline,less_efficient_than_baseline,0.5878,0.5968,-0.009000000000000008,0.4122,0.4032,0.009000000000000008,0.5878,0.5968,-0.009000000000000008,0.771,0.7163,0.05469999999999997,0.2214,0.1048,0.11660000000000001,-0.0637,0.0002,-0.06390000000000001,0.43,0.4393,-0.00930000000000003,0.1043,0.1338,-0.0295,0.0204,0.029,-0.0086,0.056,0.0417,0.0143,9.375,50.0,93.75,9.375,21.875,43.75,15.625,6.25,9.375,15.625,32.8125,75.0,28.125
2025,NO,18,trailing_two_plus_scores,427,strong,stable_team_sample,100.0,1.0,61.71875,35.9375,23.958333333333332,65.625,51.9140625,51.9140625,more_run_heavy_than_baseline,faster_than_baseline,close_to_baseline_shotgun_usage,close_to_baseline_efficiency,0.6183,0.677,-0.058700000000000085,0.3817,0.323,0.058699999999999974,0.6183,0.677,-0.058700000000000085,0.8431,0.7976,0.045499999999999985,0.2787,0.1909,0.08780000000000002,-0.056,-0.0509,-0.0051,0.4403,0.4324,0.007900000000000018,0.1007,0.1286,-0.027899999999999994,0.0281,0.0349,-0.0068000000000000005,0.0398,0.0546,-0.0148,71.875,34.375,68.75,71.875,40.625,46.875,46.875,9.375,18.75,34.375,18.75,65.625,65.625
2025,NO,19,tied_early_down,96,good,usable_team_sample,80.0,0.9,75.0,21.875,66.66666666666667,4.6875,53.6875,48.31875,more_dropback_heavy_than_baseline,faster_than_baseline,more_shotgun_than_baseline,less_efficient_than_baseline,0.5625,0.4983,0.06419999999999998,0.4375,0.5017,-0.06420000000000003,0.5625,0.4983,0.06419999999999998,0.7292,0.6059,0.12329999999999997,0.1458,0.0718,0.07400000000000001,-0.3726,0.0018,-0.3744,0.3542,0.4418,-0.08760000000000001,0.1458,0.1285,0.01730000000000001,0.0833,0.0219,0.061399999999999996,0.0521,0.0267,0.0254,75.0,59.375,90.625,75.0,3.125,9.375,40.625,34.375,84.375,100.0,15.625,3.125,6.25
2025,NO,20,leading_early_down,84,good,usable_team_sample,80.0,0.9,25.78125,6.25,20.833333333333332,94.53125,29.7421875,26.76796875,close_to_baseline_run_pass_split,faster_than_baseline,close_to_baseline_shotgun_usage,less_efficient_than_baseline,0.4524,0.4468,0.005600000000000049,0.5476,0.5532,-0.005600000000000049,0.4524,0.4468,0.005600000000000049,0.5714,0.5755,-0.0040999999999999925,0.131,0.0709,0.0601,-0.1126,0.0115,-0.1241,0.3095,0.4235,-0.11399999999999999,0.0833,0.1332,-0.049900000000000014,0.0,0.0206,-0.0206,0.0119,0.0228,-0.0109,6.25,3.125,87.5,6.25,12.5,6.25,3.125,3.125,9.375,6.25,46.875,98.4375,90.625
2025,NO,21,trailing_early_down,625,strong,stable_team_sample,100.0,1.0,53.125,32.8125,18.75,62.5,46.171875,46.171875,close_to_baseline_run_pass_split,faster_than_baseline,more_shotgun_than_baseline,close_to_baseline_efficiency,0.5712,0.5899,-0.01869999999999994,0.4288,0.4101,0.018699999999999994,0.5712,0.5899,-0.01869999999999994,0.7776,0.7068,0.07079999999999997,0.2512,0.15,0.10119999999999998,0.0136,-0.0058,0.0194,0.4432,0.438,0.005199999999999982,0.1088,0.1307,-0.021900000000000017,0.0144,0.0281,-0.0137,0.04,0.0355,0.004500000000000004,40.625,50.0,81.25,40.625,53.125,50.0,25.0,3.125,9.375,21.875,25.0,93.75,31.25
2025,NYG,1,all_offense,1075,strong,stable_team_sample,100.0,1.0,73.4375,39.0625,61.458333333333336,57.8125,62.8125,62.8125,close_to_baseline_run_pass_split,faster_than_baseline,more_shotgun_than_baseline,close_to_baseline_efficiency,0.533,0.5737,-0.04069999999999996,0.467,0.4263,0.040700000000000014,0.533,0.5737,-0.04069999999999996,0.7702,0.6967,0.07350000000000001,0.2149,0.1039,0.111,0.0103,-0.0054,0.0157,0.4195,0.4345,-0.015000000000000013,0.1358,0.1328,0.0030000000000000027,0.0214,0.0274,-0.006000000000000002,0.0447,0.0401,0.0046,75.0,50.0,93.75,75.0,50.0,18.75,37.5,50.0,62.5,50.0,71.875,78.125,37.5
2025,NYG,2,early_down,813,strong,stable_team_sample,100.0,1.0,75.0,31.640625,47.395833333333336,39.0625,57.67578125,57.67578125,more_run_heavy_than_baseline,faster_than_baseline,more_shotgun_than_baseline,close_to_baseline_efficiency,0.4736,0.5246,-0.050999999999999934,0.5264,0.4754,0.05099999999999999,0.4736,0.5246,-0.050999999999999934,0.7306,0.6436,0.08700000000000008,0.2583,0.1086,0.14969999999999997,-0.0098,0.0014,-0.0112,0.4145,0.4339,-0.01940000000000003,0.1267,0.1311,-0.004399999999999987,0.0209,0.0244,-0.003500000000000003,0.0431,0.0296,0.013499999999999998,78.125,46.875,96.875,78.125,31.25,20.3125,34.375,40.625,51.5625,25.0,65.625,62.5,15.625
2025,NYG,3,third_down,223,strong,stable_team_sample,100.0,1.0,31.25,61.71875,79.6875,89.0625,55.3515625,55.3515625,close_to_baseline_run_pass_split,close_to_baseline_tempo,close_to_baseline_shotgun_usage,more_efficient_than_baseline,0.722,0.7494,-0.02739999999999998,0.278,0.2506,0.027400000000000035,0.722,0.7494,-0.02739999999999998,0.9103,0.8953,0.015000000000000013,0.0897,0.0875,0.0022000000000000075,0.084,-0.0507,0.13470000000000001,0.4305,0.4242,0.006299999999999972,0.1659,0.1404,0.025499999999999995,0.0224,0.0359,-0.013500000000000002,0.0359,0.0778,-0.04189999999999999,43.75,31.25,6.25,43.75,84.375,53.125,50.0,59.375,84.375,75.0,79.6875,84.375,93.75
2025,NYG,4,fourth_down,39,thin,small_team_sample,55.0,0.75,55.859375,36.71875,68.22916666666667,45.3125,51.83203125,38.8740234375,more_dropback_heavy_than_baseline,slower_than_baseline,more_shotgun_than_baseline,less_efficient_than_baseline,0.6923,0.6225,0.06979999999999997,0.3077,0.3775,-0.06980000000000003,0.6923,0.6225,0.06979999999999997,0.7949,0.675,0.1199,0.0256,0.0943,-0.0687,0.0083,0.1649,-0.1566,0.4615,0.5443,-0.08279999999999998,0.1538,0.1209,0.0329,0.0256,0.0492,-0.0236,0.1282,0.0504,0.07780000000000001,46.875,59.375,70.3125,46.875,40.625,25.0,25.0,56.25,59.375,56.25,89.0625,81.25,9.375
2025,NYG,5,short_yardage,100,strong,stable_team_sample,100.0,1.0,63.28125,91.40625,65.10416666666667,67.1875,72.8125,72.8125,more_run_heavy_than_baseline,faster_than_baseline,more_shotgun_than_baseline,more_efficient_than_baseline,0.26,0.3476,-0.08760000000000001,0.74,0.6524,0.08760000000000001,0.26,0.3476,-0.08760000000000001,0.61,0.5322,0.07779999999999998,0.22,0.1642,0.05579999999999999,0.3341,0.0647,0.26940000000000003,0.68,0.5961,0.08390000000000009,0.1,0.0906,0.009400000000000006,0.0,0.0214,-0.0214,0.02,0.0229,-0.0029,84.375,40.625,43.75,84.375,96.875,100.0,96.875,71.875,71.875,78.125,45.3125,96.875,37.5
2025,NYG,6,red_zone,181,strong,stable_team_sample,100.0,1.0,34.375,7.8125,86.97916666666667,48.4375,40.3125,40.3125,close_to_baseline_run_pass_split,faster_than_baseline,more_shotgun_than_baseline,less_efficient_than_baseline,0.4641,0.5029,-0.0388,0.5359,0.4971,0.03880000000000006,0.4641,0.5029,-0.0388,0.7182,0.6589,0.05929999999999991,0.116,0.0945,0.021500000000000005,-0.3221,-0.0022,-0.3199,0.3094,0.4224,-0.11299999999999999,0.0773,0.0512,0.02609999999999999,0.0221,0.0258,-0.0036999999999999984,0.0442,0.0328,0.0114,40.625,37.5,18.75,40.625,3.125,3.125,3.125,21.875,90.625,73.4375,96.875,68.75,28.125
2025,NYG,7,goal_to_go,70,good,usable_team_sample,80.0,0.9,35.15625,3.515625,39.0625,64.0625,32.96484375,29.668359375,close_to_baseline_run_pass_split,close_to_baseline_tempo,close_to_baseline_shotgun_usage,less_efficient_than_baseline,0.4286,0.4757,-0.04710000000000003,0.5714,0.5243,0.04710000000000003,0.4286,0.4757,-0.04710000000000003,0.6571,0.611,0.04610000000000003,0.0714,0.0861,-0.01469999999999999,-0.5582,0.0097,-0.5679000000000001,0.2714,0.438,-0.16660000000000003,0.0,0.0074,-0.0074,0.0143,0.0243,-0.009999999999999998,0.0143,0.0306,-0.0163,43.75,31.25,21.875,43.75,3.125,3.125,4.6875,3.125,32.8125,43.75,40.625,65.625,62.5
2025,NYG,8,two_minute_half,116,strong,stable_team_sample,100.0,1.0,27.34375,23.4375,54.166666666666664,21.875,33.4765625,33.4765625,close_to_baseline_run_pass_split,slower_than_baseline,close_to_baseline_shotgun_usage,less_efficient_than_baseline,0.75,0.7349,0.015100000000000002,0.25,0.2651,-0.015100000000000002,0.75,0.7349,0.015100000000000002,0.9224,0.8778,0.04459999999999997,0.1207,0.1634,-0.04269999999999999,-0.0981,0.0083,-0.10640000000000001,0.2931,0.4231,-0.12999999999999995,0.1293,0.1271,0.0022000000000000075,0.0517,0.0356,0.016100000000000003,0.0517,0.0516,0.00010000000000000286,15.625,37.5,40.625,15.625,6.25,3.125,6.25,78.125,53.125,50.0,59.375,6.25,37.5
2025,NYG,9,two_minute_game,44,thin,small_team_sample,55.0,0.75,48.4375,32.03125,85.41666666666667,29.6875,48.3359375,36.251953125,more_dropback_heavy_than_baseline,slower_than_baseline,more_shotgun_than_baseline,less_efficient_than_baseline,0.7727,0.6818,0.09090000000000009,0.2273,0.3182,-0.09089999999999998,0.7727,0.6818,0.09090000000000009,0.9318,0.8173,0.11449999999999994,0.1364,0.1726,-0.03620000000000001,-0.1373,-0.06,-0.07730000000000001,0.25,0.3942,-0.1442,0.1818,0.1268,0.05499999999999999,0.0455,0.0394,0.006100000000000001,0.0682,0.0504,0.017799999999999996,53.125,53.125,34.375,53.125,31.25,3.125,6.25,87.5,87.5,81.25,87.5,31.25,28.125
2025,NYG,10,one_score,712,strong,stable_team_sample,100.0,1.0,70.3125,44.53125,58.854166666666664,51.5625,61.7578125,61.7578125,close_to_baseline_run_pass_split,faster_than_baseline,more_shotgun_than_baseline,close_to_baseline_efficiency,0.5225,0.565,-0.04249999999999998,0.4775,0.435,0.04249999999999998,0.5225,0.565,-0.04249999999999998,0.7402,0.6859,0.054300000000000015,0.2149,0.0863,0.1286,0.0187,0.0035,0.015200000000000002,0.4185,0.4369,-0.018400000000000027,0.1348,0.1332,0.0015999999999999903,0.0211,0.0265,-0.0053999999999999986,0.0463,0.0381,0.008199999999999999,71.875,40.625,96.875,71.875,46.875,25.0,46.875,59.375,59.375,42.1875,75.0,71.875,31.25
2025,NYG,11,neutral_early_down,439,strong,stable_team_sample,100.0,1.0,77.34375,42.96875,35.9375,29.6875,58.90625,58.90625,more_run_heavy_than_baseline,faster_than_baseline,more_shotgun_than_baseline,close_to_baseline_efficiency,0.4647,0.5215,-0.05679999999999996,0.5353,0.4785,0.05680000000000002,0.4647,0.5215,-0.05679999999999996,0.7107,0.6282,0.08250000000000002,0.2711,0.0855,0.1856,0.0187,0.013,0.005700000000000002,0.4305,0.4391,-0.008599999999999997,0.1253,0.1443,-0.019000000000000017,0.0205,0.0226,-0.0020999999999999977,0.0456,0.0278,0.017800000000000003,81.25,50.0,96.875,81.25,43.75,34.375,53.125,40.625,35.9375,34.375,37.5,50.0,9.375
2025,NYG,12,tied,150,strong,stable_team_sample,100.0,1.0,76.5625,53.125,81.25,60.15625,70.9375,70.9375,close_to_baseline_run_pass_split,faster_than_baseline,more_shotgun_than_baseline,more_efficient_than_baseline,0.5933,0.5522,0.041100000000000025,0.4067,0.4478,-0.04109999999999997,0.5933,0.5522,0.041100000000000025,0.7867,0.6675,0.11919999999999997,0.28,0.0716,0.20840000000000003,0.0341,-0.0028,0.036899999999999995,0.42,0.4433,-0.023300000000000043,0.1533,0.1307,0.02259999999999998,0.02,0.0252,-0.0052,0.0333,0.0369,-0.003599999999999999,71.875,65.625,96.875,71.875,56.25,28.125,62.5,65.625,87.5,93.75,62.5,62.5,57.8125
2025,NYG,13,leading,371,strong,stable_team_sample,100.0,1.0,63.28125,50.78125,79.16666666666667,28.125,60.859375,60.859375,close_to_baseline_run_pass_split,faster_than_baseline,more_shotgun_than_baseline,close_to_baseline_efficiency,0.4744,0.504,-0.029600000000000015,0.5256,0.496,0.02959999999999996,0.4744,0.504,-0.029600000000000015,0.7466,0.6358,0.11080000000000001,0.2075,0.0687,0.13879999999999998,0.0437,0.0162,0.027500000000000004,0.4178,0.4269,-0.009099999999999997,0.1536,0.1357,0.0179,0.0243,0.0228,0.0014999999999999979,0.0458,0.0318,0.013999999999999999,46.875,62.5,96.875,46.875,56.25,43.75,46.875,56.25,81.25,81.25,75.0,34.375,21.875
2025,NYG,14,trailing,554,strong,stable_team_sample,100.0,1.0,67.96875,28.125,38.541666666666664,65.625,54.9609375,54.9609375,more_run_heavy_than_baseline,faster_than_baseline,close_to_baseline_shotgun_usage,close_to_baseline_efficiency,0.556,0.6309,-0.07489999999999997,0.444,0.3691,0.07490000000000002,0.556,0.6309,-0.07489999999999997,0.7816,0.7508,0.03079999999999994,0.2022,0.1414,0.06079999999999999,-0.0185,-0.0215,0.002999999999999999,0.4206,0.4364,-0.015800000000000036,0.1191,0.1316,-0.012499999999999997,0.0199,0.0315,-0.0116,0.0469,0.0472,-0.00030000000000000165,90.625,28.125,62.5,90.625,40.625,21.875,21.875,28.125,21.875,18.75,75.0,87.5,43.75
2025,NYG,15,leading_one_score,246,strong,stable_team_sample,100.0,1.0,67.1875,53.90625,72.91666666666667,39.0625,63.5546875,63.5546875,close_to_baseline_run_pass_split,faster_than_baseline,more_shotgun_than_baseline,close_to_baseline_efficiency,0.4878,0.5341,-0.04630000000000001,0.5122,0.4659,0.04630000000000001,0.4878,0.5341,-0.04630000000000001,0.7398,0.6624,0.07740000000000002,0.2236,0.075,0.1486,0.0307,0.0136,0.017100000000000004,0.4146,0.4278,-0.01319999999999999,0.1585,0.1347,0.023800000000000016,0.0203,0.0244,-0.004100000000000003,0.0447,0.0343,0.0104,67.1875,37.5,96.875,67.1875,50.0,43.75,56.25,65.625,78.125,78.125,62.5,50.0,28.125
2025,NYG,16,leading_two_plus_scores,125,strong,stable_team_sample,100.0,1.0,54.03225806451613,53.62903225806451,63.97849462365591,20.967741935483872,54.41532258064515,54.41532258064515,close_to_baseline_run_pass_split,faster_than_baseline,more_shotgun_than_baseline,more_efficient_than_baseline,0.448,0.4563,-0.008299999999999974,0.552,0.5437,0.008300000000000085,0.448,0.4563,-0.008299999999999974,0.76,0.5937,0.1663,0.176,0.0586,0.11739999999999999,0.0692,0.0204,0.048799999999999996,0.424,0.4256,-0.0015999999999999903,0.144,0.1375,0.006499999999999978,0.032,0.0203,0.011700000000000002,0.048,0.0278,0.020200000000000003,19.35483870967742,80.64516129032258,96.7741935483871,19.35483870967742,64.51612903225806,48.38709677419355,53.2258064516129,48.38709677419355,70.96774193548387,46.774193548387096,74.19354838709677,19.35483870967742,22.58064516129032
2025,NYG,17,trailing_one_score,316,strong,stable_team_sample,100.0,1.0,64.84375,40.625,29.166666666666668,53.125,54.0234375,54.0234375,more_run_heavy_than_baseline,faster_than_baseline,close_to_baseline_shotgun_usage,close_to_baseline_efficiency,0.5158,0.5968,-0.08099999999999996,0.4842,0.4032,0.08100000000000002,0.5158,0.5968,-0.08099999999999996,0.7184,0.7163,0.0020999999999999908,0.1772,0.1048,0.07239999999999999,0.0019,0.0002,0.0017,0.4209,0.4393,-0.018400000000000027,0.1076,0.1338,-0.0262,0.0222,0.029,-0.0068000000000000005,0.0538,0.0417,0.0121,90.625,3.125,75.0,90.625,46.875,31.25,37.5,46.875,12.5,9.375,65.625,71.875,34.375
2025,NYG,18,trailing_two_plus_scores,238,strong,stable_team_sample,100.0,1.0,57.03125,28.125,56.25,81.25,54.2578125,54.2578125,more_run_heavy_than_baseline,faster_than_baseline,more_shotgun_than_baseline,close_to_baseline_efficiency,0.6092,0.677,-0.06780000000000008,0.3908,0.323,0.06779999999999997,0.6092,0.677,-0.06780000000000008,0.8655,0.7976,0.06790000000000007,0.2353,0.1909,0.04440000000000002,-0.0456,-0.0509,0.005299999999999999,0.4202,0.4324,-0.012199999999999989,0.1345,0.1286,0.005900000000000016,0.0168,0.0349,-0.0181,0.0378,0.0546,-0.016800000000000002,75.0,43.75,34.375,75.0,43.75,28.125,15.625,25.0,53.125,43.75,71.875,90.625,71.875
2025,NYG,19,tied_early_down,119,strong,stable_team_sample,100.0,1.0,69.53125,64.0625,57.291666666666664,40.625,64.9609375,64.9609375,close_to_baseline_run_pass_split,faster_than_baseline,more_shotgun_than_baseline,close_to_baseline_efficiency,0.5378,0.4983,0.039499999999999924,0.4622,0.5017,-0.039500000000000035,0.5378,0.4983,0.039499999999999924,0.7563,0.6059,0.15039999999999998,0.3193,0.0718,0.24749999999999997,0.0281,0.0018,0.0263,0.4202,0.4418,-0.021600000000000008,0.1261,0.1285,-0.0024000000000000132,0.0252,0.0219,0.003300000000000001,0.0252,0.0267,-0.0015000000000000013,53.125,75.0,96.875,53.125,65.625,28.125,81.25,81.25,59.375,50.0,62.5,37.5,43.75
2025,NYG,20,leading_early_down,285,strong,stable_team_sample,100.0,1.0,71.875,36.328125,62.5,10.9375,56.89453125,56.89453125,close_to_baseline_run_pass_split,faster_than_baseline,more_shotgun_than_baseline,close_to_baseline_efficiency,0.407,0.4468,-0.0398,0.593,0.5532,0.03979999999999995,0.407,0.4468,-0.0398,0.7193,0.5755,0.14380000000000004,0.2386,0.0709,0.16770000000000002,-0.0149,0.0115,-0.0264,0.3965,0.4235,-0.02699999999999997,0.1439,0.1332,0.010699999999999987,0.0281,0.0206,0.0075,0.0526,0.0228,0.0298,62.5,65.625,96.875,62.5,35.9375,28.125,34.375,46.875,62.5,56.25,68.75,18.75,3.125
2025,NYG,21,trailing_early_down,409,strong,stable_team_sample,100.0,1.0,73.4375,30.46875,32.291666666666664,59.375,56.4453125,56.4453125,more_run_heavy_than_baseline,faster_than_baseline,close_to_baseline_shotgun_usage,close_to_baseline_efficiency,0.5012,0.5899,-0.0887,0.4988,0.4101,0.0887,0.5012,0.5899,-0.0887,0.7311,0.7068,0.02429999999999999,0.2543,0.15,0.10430000000000003,-0.0173,-0.0058,-0.0115,0.4254,0.438,-0.0126,0.1149,0.1307,-0.01580000000000001,0.0147,0.0281,-0.0134,0.0416,0.0355,0.006100000000000001,90.625,18.75,93.75,90.625,40.625,28.125,21.875,31.25,21.875,15.625,59.375,90.625,28.125
2025,NYJ,1,all_offense,1001,strong,stable_team_sample,100.0,1.0,33.59375,10.9375,23.958333333333332,20.3125,28.4765625,28.4765625,close_to_baseline_run_pass_split,close_to_baseline_tempo,close_to_baseline_shotgun_usage,less_efficient_than_baseline,0.5504,0.5737,-0.023299999999999987,0.4496,0.4263,0.023299999999999987,0.5504,0.5737,-0.023299999999999987,0.7373,0.6967,0.04059999999999997,0.0979,0.1039,-0.006000000000000005,-0.1319,-0.0054,-0.1265,0.4046,0.4345,-0.029899999999999982,0.1009,0.1328,-0.0319,0.028,0.0274,0.0005999999999999998,0.0599,0.0401,0.019800000000000005,48.4375,31.25,6.25,48.4375,12.5,12.5,12.5,6.25,3.125,3.125,65.625,31.25,9.375
2025,NYJ,2,early_down,731,strong,stable_team_sample,100.0,1.0,29.6875,14.0625,23.958333333333332,28.125,28.28125,28.28125,close_to_baseline_run_pass_split,close_to_baseline_tempo,close_to_baseline_shotgun_usage,less_efficient_than_baseline,0.5021,0.5246,-0.022499999999999964,0.4979,0.4754,0.02250000000000002,0.5021,0.5246,-0.022499999999999964,0.6799,0.6436,0.0363,0.1081,0.1086,-0.0005000000000000004,-0.0824,0.0014,-0.0838,0.4159,0.4339,-0.018000000000000016,0.1026,0.1311,-0.028499999999999998,0.0233,0.0244,-0.0011000000000000003,0.0438,0.0296,0.014199999999999997,46.875,21.875,3.125,46.875,12.5,25.0,12.5,6.25,6.25,3.125,62.5,43.75,12.5
2025,NYJ,3,third_down,229,strong,stable_team_sample,100.0,1.0,63.671875,13.28125,23.958333333333332,28.125,43.37890625,43.37890625,more_run_heavy_than_baseline,close_to_baseline_tempo,close_to_baseline_shotgun_usage,less_efficient_than_baseline,0.6769,0.7494,-0.07250000000000001,0.3231,0.2506,0.07250000000000001,0.6769,0.7494,-0.07250000000000001,0.9389,0.8953,0.04359999999999997,0.0699,0.0875,-0.01759999999999999,-0.2743,-0.0507,-0.2236,0.3624,0.4242,-0.06180000000000002,0.083,0.1404,-0.05739999999999999,0.0349,0.0359,-0.0010000000000000009,0.1048,0.0778,0.02700000000000001,87.5,64.0625,15.625,87.5,15.625,12.5,18.75,6.25,6.25,3.125,62.5,40.625,15.625
2025,NYJ,4,fourth_down,41,thin,small_team_sample,55.0,0.75,35.9375,32.03125,76.04166666666667,26.5625,40.9921875,30.744140625,more_dropback_heavy_than_baseline,slower_than_baseline,close_to_baseline_shotgun_usage,less_efficient_than_baseline,0.7073,0.6225,0.08479999999999999,0.2927,0.3775,-0.08479999999999999,0.7073,0.6225,0.08479999999999999,0.6341,0.675,-0.04090000000000005,0.0732,0.0943,-0.021099999999999994,-0.2202,0.1649,-0.3851,0.439,0.5443,-0.1053,0.1707,0.1209,0.0498,0.0732,0.0492,0.024,0.0976,0.0504,0.047200000000000006,56.25,18.75,12.5,56.25,21.875,21.875,15.625,68.75,81.25,68.75,78.125,34.375,18.75
2025,NYJ,5,short_yardage,90,good,usable_team_sample,80.0,0.9,56.25,66.40625,47.395833333333336,36.71875,56.6953125,51.02578125,more_run_heavy_than_baseline,faster_than_baseline,more_shotgun_than_baseline,more_efficient_than_baseline,0.2889,0.3476,-0.05870000000000003,0.7111,0.6524,0.058699999999999974,0.2889,0.3476,-0.05870000000000003,0.6111,0.5322,0.07889999999999997,0.2333,0.1642,0.0691,0.1616,0.0647,0.0969,0.6667,0.5961,0.0706,0.0778,0.0906,-0.012800000000000006,0.0111,0.0214,-0.010299999999999998,0.0556,0.0229,0.03269999999999999,59.375,43.75,62.5,59.375,65.625,90.625,84.375,25.0,37.5,23.4375,81.25,68.75,4.6875
2025,NYJ,6,red_zone,121,strong,stable_team_sample,100.0,1.0,7.03125,11.71875,18.75,35.9375,17.5,17.5,close_to_baseline_run_pass_split,close_to_baseline_tempo,close_to_baseline_shotgun_usage,less_efficient_than_baseline,0.5041,0.5029,0.0011999999999999789,0.4959,0.4971,-0.0011999999999999789,0.5041,0.5029,0.0011999999999999789,0.6777,0.6589,0.018799999999999928,0.0826,0.0945,-0.011899999999999994,-0.2002,-0.0022,-0.19799999999999998,0.3967,0.4224,-0.0257,0.0248,0.0512,-0.026400000000000003,0.0413,0.0258,0.015500000000000003,0.0248,0.0328,-0.008000000000000004,3.125,12.5,9.375,3.125,6.25,25.0,12.5,3.125,15.625,31.25,9.375,3.125,68.75
2025,NYJ,7,goal_to_go,37,thin,small_team_sample,55.0,0.75,34.375,32.8125,79.16666666666667,12.5,39.546875,29.66015625,close_to_baseline_run_pass_split,slower_than_baseline,close_to_baseline_shotgun_usage,less_efficient_than_baseline,0.4324,0.4757,-0.043300000000000005,0.5676,0.5243,0.043300000000000005,0.4324,0.4757,-0.043300000000000005,0.6216,0.611,0.010600000000000054,0.0541,0.0861,-0.031999999999999994,-0.3744,0.0097,-0.3841,0.4324,0.438,-0.005599999999999994,0.027,0.0074,0.0196,0.0811,0.0243,0.0568,0.0541,0.0306,0.023500000000000004,40.625,9.375,46.875,40.625,6.25,53.125,50.0,21.875,96.875,43.75,96.875,3.125,21.875
2025,NYJ,8,two_minute_half,138,strong,stable_team_sample,100.0,1.0,57.03125,9.375,27.083333333333332,14.84375,38.5546875,38.5546875,more_dropback_heavy_than_baseline,close_to_baseline_tempo,more_shotgun_than_baseline,less_efficient_than_baseline,0.7899,0.7349,0.05500000000000005,0.2101,0.2651,-0.05499999999999999,0.7899,0.7349,0.05500000000000005,0.971,0.8778,0.09319999999999995,0.1739,0.1634,0.01050000000000001,-0.2916,0.0083,-0.2999,0.3261,0.4231,-0.09699999999999998,0.087,0.1271,-0.0401,0.0435,0.0356,0.007899999999999997,0.1232,0.0516,0.0716,56.25,84.375,31.25,56.25,3.125,9.375,3.125,21.875,3.125,3.125,75.0,26.5625,3.125
2025,NYJ,9,two_minute_game,54,good,usable_team_sample,80.0,0.9,70.3125,32.03125,35.416666666666664,13.28125,50.2890625,45.26015625,more_dropback_heavy_than_baseline,faster_than_baseline,more_shotgun_than_baseline,less_efficient_than_baseline,0.8333,0.6818,0.15150000000000008,0.1667,0.3182,-0.1515,0.8333,0.6818,0.15150000000000008,0.963,0.8173,0.14569999999999994,0.2222,0.1726,0.049600000000000005,-0.2688,-0.06,-0.20879999999999999,0.3148,0.3942,-0.07939999999999997,0.1111,0.1268,-0.015699999999999992,0.0556,0.0394,0.0162,0.1111,0.0504,0.060700000000000004,78.125,68.75,56.25,78.125,9.375,9.375,15.625,93.75,31.25,18.75,56.25,21.875,4.6875
2025,NYJ,10,one_score,469,strong,stable_team_sample,100.0,1.0,64.84375,4.6875,30.208333333333332,50.0,44.8828125,44.8828125,more_run_heavy_than_baseline,slower_than_baseline,close_to_baseline_shotgun_usage,less_efficient_than_baseline,0.4542,0.565,-0.11079999999999995,0.5458,0.435,0.11079999999999995,0.4542,0.565,-0.11079999999999995,0.71,0.6859,0.02410000000000001,0.0512,0.0863,-0.0351,-0.2052,0.0035,-0.2087,0.3731,0.4369,-0.06380000000000002,0.0853,0.1332,-0.04790000000000001,0.0171,0.0265,-0.009399999999999999,0.0618,0.0381,0.0237,100.0,12.5,46.875,100.0,3.125,9.375,3.125,3.125,3.125,3.125,84.375,93.75,6.25
2025,NYJ,11,neutral_early_down,289,strong,stable_team_sample,100.0,1.0,63.28125,25.0,27.083333333333332,35.9375,47.3828125,47.3828125,more_run_heavy_than_baseline,slower_than_baseline,close_to_baseline_shotgun_usage,less_efficient_than_baseline,0.4014,0.5215,-0.12009999999999998,0.5986,0.4785,0.12010000000000004,0.4014,0.5215,-0.12009999999999998,0.6332,0.6282,0.0050000000000000044,0.0415,0.0855,-0.044000000000000004,-0.1171,0.013,-0.1301,0.3875,0.4391,-0.05159999999999998,0.1003,0.1443,-0.04400000000000001,0.0208,0.0226,-0.0017999999999999995,0.0381,0.0278,0.010300000000000004,100.0,3.125,50.0,100.0,9.375,12.5,6.25,71.875,3.125,3.125,75.0,46.875,25.0
2025,NYJ,12,tied,185,strong,stable_team_sample,100.0,1.0,64.0625,11.71875,28.125,93.75,50.3515625,50.3515625,more_run_heavy_than_baseline,slower_than_baseline,close_to_baseline_shotgun_usage,less_efficient_than_baseline,0.4378,0.5522,-0.1144,0.5622,0.4478,0.11440000000000006,0.4378,0.5522,-0.1144,0.6649,0.6675,-0.0025999999999999357,0.027,0.0716,-0.0446,-0.0994,-0.0028,-0.0966,0.3568,0.4433,-0.08650000000000002,0.0865,0.1307,-0.04420000000000002,0.0,0.0252,-0.0252,0.0216,0.0369,-0.015300000000000001,96.875,6.25,56.25,96.875,18.75,9.375,9.375,9.375,12.5,3.125,68.75,100.0,87.5
2025,NYJ,13,leading,63,good,usable_team_sample,80.0,0.9,68.75,5.46875,44.791666666666664,32.8125,46.3046875,41.67421875,more_run_heavy_than_baseline,slower_than_baseline,more_shotgun_than_baseline,less_efficient_than_baseline,0.381,0.504,-0.123,0.619,0.496,0.123,0.381,0.504,-0.123,0.746,0.6358,0.11019999999999996,0.0476,0.0687,-0.021099999999999994,-0.3062,0.0162,-0.3224,0.3175,0.4269,-0.1094,0.127,0.1357,-0.008699999999999986,0.0159,0.0228,-0.0069,0.0794,0.0318,0.047599999999999996,100.0,59.375,15.625,100.0,6.25,6.25,6.25,3.125,34.375,3.125,96.875,62.5,3.125
2025,NYJ,14,trailing,753,strong,stable_team_sample,100.0,1.0,41.40625,17.1875,28.645833333333332,18.75,34.1015625,34.1015625,close_to_baseline_run_pass_split,slower_than_baseline,close_to_baseline_shotgun_usage,less_efficient_than_baseline,0.5923,0.6309,-0.03859999999999997,0.4077,0.3691,0.03860000000000002,0.5923,0.6309,-0.03859999999999997,0.7543,0.7508,0.0034999999999999476,0.1195,0.1414,-0.021900000000000003,-0.1253,-0.0215,-0.1038,0.4236,0.4364,-0.012800000000000034,0.1023,0.1316,-0.029299999999999993,0.0359,0.0315,0.004400000000000001,0.0677,0.0472,0.020499999999999997,65.625,3.125,31.25,65.625,15.625,28.125,12.5,12.5,3.125,3.125,79.6875,25.0,12.5
2025,NYJ,15,leading_one_score,63,good,usable_team_sample,80.0,0.9,68.75,5.46875,45.833333333333336,28.125,45.9921875,41.39296875,more_run_heavy_than_baseline,slower_than_baseline,more_shotgun_than_baseline,less_efficient_than_baseline,0.381,0.5341,-0.1531,0.619,0.4659,0.1531,0.381,0.5341,-0.1531,0.746,0.6624,0.08360000000000001,0.0476,0.075,-0.027399999999999994,-0.3062,0.0136,-0.31980000000000003,0.3175,0.4278,-0.11030000000000001,0.127,0.1347,-0.007699999999999985,0.0159,0.0244,-0.0085,0.0794,0.0343,0.0451,100.0,50.0,25.0,100.0,6.25,9.375,3.125,3.125,34.375,3.125,100.0,53.125,3.125
2025,NYJ,17,trailing_one_score,221,strong,stable_team_sample,100.0,1.0,64.84375,11.71875,21.875,17.1875,42.109375,42.109375,more_run_heavy_than_baseline,slower_than_baseline,close_to_baseline_shotgun_usage,less_efficient_than_baseline,0.4887,0.5968,-0.10809999999999997,0.5113,0.4032,0.10809999999999997,0.4887,0.5968,-0.10809999999999997,0.7376,0.7163,0.021299999999999986,0.0724,0.1048,-0.0324,-0.2649,0.0002,-0.2651,0.4027,0.4393,-0.03660000000000002,0.0724,0.1338,-0.061399999999999996,0.0317,0.029,0.0026999999999999975,0.0905,0.0417,0.048799999999999996,100.0,21.875,37.5,100.0,3.125,12.5,6.25,25.0,3.125,3.125,59.375,31.25,3.125
2025,NYJ,18,trailing_two_plus_scores,532,strong,stable_team_sample,100.0,1.0,42.1875,26.5625,37.5,26.5625,38.90625,38.90625,close_to_baseline_run_pass_split,slower_than_baseline,close_to_baseline_shotgun_usage,close_to_baseline_efficiency,0.6353,0.677,-0.04170000000000007,0.3647,0.323,0.041700000000000015,0.6353,0.677,-0.04170000000000007,0.7613,0.7976,-0.0363,0.1391,0.1909,-0.051799999999999985,-0.0674,-0.0509,-0.0165,0.4323,0.4324,-9.999999999998899e-05,0.1147,0.1286,-0.013899999999999996,0.0376,0.0349,0.002700000000000001,0.0583,0.0546,0.003699999999999995,50.0,28.125,40.625,50.0,34.375,34.375,25.0,12.5,25.0,9.375,78.125,31.25,21.875
2025,NYJ,19,tied_early_down,138,strong,stable_team_sample,100.0,1.0,65.625,10.15625,15.625,82.03125,47.6171875,47.6171875,more_run_heavy_than_baseline,slower_than_baseline,close_to_baseline_shotgun_usage,less_efficient_than_baseline,0.3768,0.4983,-0.1215,0.6232,0.5017,0.12149999999999994,0.3768,0.4983,-0.1215,0.5725,0.6059,-0.033399999999999985,0.0362,0.0718,-0.0356,-0.1078,0.0018,-0.1096,0.3333,0.4418,-0.10850000000000004,0.0725,0.1285,-0.05600000000000001,0.0,0.0219,-0.0219,0.0217,0.0267,-0.005000000000000001,96.875,18.75,50.0,96.875,12.5,3.125,3.125,21.875,3.125,6.25,37.5,98.4375,65.625
2025,NYJ,20,leading_early_down,47,thin,small_team_sample,55.0,0.75,65.625,15.625,38.541666666666664,67.1875,48.6875,36.515625,more_run_heavy_than_baseline,slower_than_baseline,more_shotgun_than_baseline,less_efficient_than_baseline,0.3191,0.4468,-0.12769999999999998,0.6809,0.5532,0.12769999999999992,0.3191,0.4468,-0.12769999999999998,0.6596,0.5755,0.08409999999999995,0.0426,0.0709,-0.028300000000000006,-0.214,0.0115,-0.2255,0.3617,0.4235,-0.061799999999999966,0.1064,0.1332,-0.026800000000000018,0.0213,0.0206,0.0006999999999999992,0.0,0.0228,-0.0228,96.875,40.625,28.125,96.875,9.375,15.625,21.875,15.625,25.0,3.125,87.5,34.375,100.0
2025,NYJ,21,trailing_early_down,546,strong,stable_team_sample,100.0,1.0,42.96875,23.4375,37.5,21.875,38.0078125,38.0078125,close_to_baseline_run_pass_split,close_to_baseline_tempo,close_to_baseline_shotgun_usage,less_efficient_than_baseline,0.5495,0.5899,-0.04039999999999999,0.4505,0.4101,0.04039999999999999,0.5495,0.5899,-0.04039999999999999,0.7088,0.7068,0.0020000000000000018,0.1319,0.15,-0.018100000000000005,-0.0646,-0.0058,-0.058800000000000005,0.4414,0.438,0.003400000000000014,0.1099,0.1307,-0.020800000000000013,0.0293,0.0281,0.0011999999999999997,0.0531,0.0355,0.017600000000000005,68.75,3.125,31.25,68.75,18.75,46.875,15.625,12.5,15.625,3.125,93.75,34.375,9.375
2025,PHI,1,all_offense,992,strong,stable_team_sample,100.0,1.0,71.09375,48.4375,59.375,77.34375,65.7421875,65.7421875,close_to_baseline_run_pass_split,faster_than_baseline,more_shotgun_than_baseline,more_efficient_than_baseline,0.5343,0.5737,-0.03939999999999999,0.4657,0.4263,0.03939999999999999,0.5343,0.5737,-0.03939999999999999,0.7772,0.6967,0.08050000000000002,0.1935,0.1039,0.0896,0.0268,-0.0054,0.0322,0.4315,0.4345,-0.0030000000000000027,0.1351,0.1328,0.0022999999999999965,0.0171,0.0274,-0.0103,0.0353,0.0401,-0.004799999999999999,68.75,56.25,90.625,68.75,56.25,40.625,40.625,56.25,53.125,46.875,78.125,93.75,60.9375
2025,PHI,2,early_down,765,strong,stable_team_sample,100.0,1.0,68.359375,48.4375,54.166666666666664,72.65625,63.26171875,63.26171875,close_to_baseline_run_pass_split,faster_than_baseline,more_shotgun_than_baseline,close_to_baseline_efficiency,0.4915,0.5246,-0.03309999999999996,0.5085,0.4754,0.03309999999999996,0.4915,0.5246,-0.03309999999999996,0.7503,0.6436,0.10670000000000002,0.234,0.1086,0.1254,0.0048,0.0014,0.0033999999999999994,0.4366,0.4339,0.00269999999999998,0.1307,0.1311,-0.0003999999999999837,0.0144,0.0244,-0.010000000000000002,0.0261,0.0296,-0.0034999999999999996,59.375,60.9375,93.75,59.375,37.5,40.625,46.875,68.75,56.25,21.875,84.375,90.625,54.6875
2025,PHI,3,third_down,207,strong,stable_team_sample,100.0,1.0,47.65625,44.53125,66.66666666666667,59.375,53.515625,53.515625,close_to_baseline_run_pass_split,slower_than_baseline,close_to_baseline_shotgun_usage,more_efficient_than_baseline,0.7005,0.7494,-0.048899999999999944,0.2995,0.2506,0.0489,0.7005,0.7494,-0.048899999999999944,0.8986,0.8953,0.0032999999999999696,0.058,0.0875,-0.02949999999999999,0.051,-0.0507,0.1017,0.401,0.4242,-0.0232,0.1546,0.1404,0.01419999999999999,0.029,0.0359,-0.0069,0.0725,0.0778,-0.005299999999999999,75.0,12.5,28.125,75.0,68.75,28.125,37.5,43.75,78.125,81.25,40.625,71.875,46.875
2025,PHI,4,fourth_down,20,thin,small_team_sample,55.0,0.75,69.921875,60.546875,53.645833333333336,89.0625,66.3046875,49.728515625,more_run_heavy_than_baseline,slower_than_baseline,less_shotgun_than_baseline,more_efficient_than_baseline,0.45,0.6225,-0.17250000000000004,0.55,0.3775,0.17250000000000004,0.45,0.6225,-0.17250000000000004,0.55,0.675,-0.125,0.05,0.0943,-0.04429999999999999,0.6139,0.1649,0.449,0.55,0.5443,0.005700000000000038,0.1,0.1209,-0.020899999999999988,0.0,0.0492,-0.0492,0.0,0.0504,-0.0504,90.625,64.0625,34.375,90.625,75.0,45.3125,43.75,78.125,46.875,31.25,82.8125,92.1875,85.9375
2025,PHI,5,short_yardage,86,good,usable_team_sample,80.0,0.9,41.40625,61.328125,47.395833333333336,55.46875,50.62109375,45.558984375,more_run_heavy_than_baseline,faster_than_baseline,close_to_baseline_shotgun_usage,close_to_baseline_efficiency,0.2907,0.3476,-0.056900000000000006,0.7093,0.6524,0.05690000000000006,0.2907,0.3476,-0.056900000000000006,0.5,0.5322,-0.032200000000000006,0.2093,0.1642,0.0451,0.0901,0.0647,0.025400000000000006,0.6279,0.5961,0.03180000000000005,0.0814,0.0906,-0.0092,0.0233,0.0214,0.0019000000000000024,0.0116,0.0229,-0.011300000000000001,56.25,15.625,37.5,56.25,56.25,64.0625,40.625,84.375,43.75,40.625,57.8125,48.4375,62.5
2025,PHI,6,red_zone,151,strong,stable_team_sample,100.0,1.0,68.75,81.640625,58.854166666666664,54.6875,70.64453125,70.64453125,more_run_heavy_than_baseline,faster_than_baseline,close_to_baseline_shotgun_usage,more_efficient_than_baseline,0.4106,0.5029,-0.0923,0.5894,0.4971,0.09230000000000005,0.4106,0.5029,-0.0923,0.6887,0.6589,0.029799999999999938,0.1854,0.0945,0.09090000000000001,0.1103,-0.0022,0.11249999999999999,0.4702,0.4224,0.04780000000000001,0.053,0.0512,0.001799999999999996,0.0331,0.0258,0.0072999999999999975,0.0132,0.0328,-0.019600000000000003,81.25,18.75,93.75,81.25,84.375,92.1875,87.5,62.5,62.5,73.4375,40.625,18.75,90.625
2025,PHI,7,goal_to_go,55,good,usable_team_sample,80.0,0.9,51.5625,93.75,76.04166666666667,71.875,69.234375,62.3109375,more_run_heavy_than_baseline,faster_than_baseline,close_to_baseline_shotgun_usage,more_efficient_than_baseline,0.3636,0.4757,-0.11210000000000003,0.6364,0.5243,0.11209999999999998,0.3636,0.4757,-0.11210000000000003,0.6182,0.611,0.007199999999999984,0.1091,0.0861,0.023000000000000007,0.3247,0.0097,0.315,0.5091,0.438,0.0711,0.0182,0.0074,0.0108,0.0,0.0243,-0.0243,0.0182,0.0306,-0.012399999999999998,84.375,3.125,34.375,84.375,93.75,87.5,96.875,96.875,90.625,96.875,40.625,87.5,56.25
2025,PHI,8,two_minute_half,122,strong,stable_team_sample,100.0,1.0,50.0,20.3125,22.916666666666668,73.4375,43.359375,43.359375,more_run_heavy_than_baseline,close_to_baseline_tempo,close_to_baseline_shotgun_usage,less_efficient_than_baseline,0.6311,0.7349,-0.1038,0.3689,0.2651,0.1038,0.6311,0.7349,-0.1038,0.877,0.8778,-0.0008000000000000229,0.1639,0.1634,0.0005000000000000004,-0.0525,0.0083,-0.0608,0.3689,0.4231,-0.05419999999999997,0.0984,0.1271,-0.02869999999999999,0.0164,0.0356,-0.0192,0.041,0.0516,-0.010599999999999998,96.875,3.125,3.125,96.875,21.875,12.5,9.375,37.5,12.5,18.75,37.5,90.625,56.25
2025,PHI,9,two_minute_game,48,thin,small_team_sample,55.0,0.75,64.0625,9.375,42.708333333333336,61.71875,46.5,34.875,more_run_heavy_than_baseline,slower_than_baseline,less_shotgun_than_baseline,less_efficient_than_baseline,0.5208,0.6818,-0.16099999999999992,0.4792,0.3182,0.16100000000000003,0.5208,0.6818,-0.16099999999999992,0.75,0.8173,-0.06730000000000003,0.1042,0.1726,-0.0684,-0.2598,-0.06,-0.19979999999999998,0.2917,0.3942,-0.10249999999999998,0.125,0.1268,-0.001799999999999996,0.0,0.0394,-0.0394,0.0625,0.0504,0.0121,81.25,25.0,68.75,81.25,15.625,6.25,3.125,12.5,40.625,56.25,31.25,89.0625,34.375
2025,PHI,10,one_score,738,strong,stable_team_sample,100.0,1.0,55.46875,37.5,51.041666666666664,70.3125,54.0234375,54.0234375,close_to_baseline_run_pass_split,faster_than_baseline,more_shotgun_than_baseline,close_to_baseline_efficiency,0.5488,0.565,-0.016199999999999992,0.4512,0.435,0.016199999999999992,0.5488,0.565,-0.016199999999999992,0.7886,0.6859,0.10270000000000001,0.1911,0.0863,0.10479999999999999,0.0151,0.0035,0.011600000000000001,0.4201,0.4369,-0.016800000000000037,0.1287,0.1332,-0.004500000000000004,0.0163,0.0265,-0.0102,0.0366,0.0381,-0.0015000000000000013,34.375,62.5,90.625,34.375,43.75,28.125,31.25,46.875,43.75,28.125,81.25,96.875,43.75
2025,PHI,11,neutral_early_down,465,strong,stable_team_sample,100.0,1.0,46.875,49.21875,56.25,60.9375,52.9296875,52.9296875,close_to_baseline_run_pass_split,faster_than_baseline,more_shotgun_than_baseline,close_to_baseline_efficiency,0.5269,0.5215,0.005400000000000071,0.4731,0.4785,-0.00539999999999996,0.5269,0.5215,0.005400000000000071,0.7742,0.6282,0.14600000000000002,0.243,0.0855,0.15749999999999997,0.003,0.013,-0.009999999999999998,0.4344,0.4391,-0.004699999999999982,0.1376,0.1443,-0.0067000000000000115,0.0151,0.0226,-0.007499999999999998,0.0301,0.0278,0.0023,7.8125,78.125,93.75,7.8125,37.5,43.75,50.0,65.625,56.25,28.125,84.375,78.125,43.75
2025,PHI,12,tied,223,strong,stable_team_sample,100.0,1.0,51.5625,51.5625,35.416666666666664,67.1875,53.125,53.125,close_to_baseline_run_pass_split,faster_than_baseline,more_shotgun_than_baseline,more_efficient_than_baseline,0.5426,0.5522,-0.009600000000000053,0.4574,0.4478,0.009599999999999997,0.5426,0.5522,-0.009600000000000053,0.7758,0.6675,0.10830000000000006,0.1749,0.0716,0.1033,0.0403,-0.0028,0.0431,0.4305,0.4433,-0.012800000000000034,0.1166,0.1307,-0.014100000000000015,0.0224,0.0252,-0.0028000000000000004,0.0269,0.0369,-0.010000000000000002,25.0,62.5,93.75,25.0,59.375,31.25,37.5,78.125,34.375,34.375,37.5,56.25,78.125
2025,PHI,13,leading,457,strong,stable_team_sample,100.0,1.0,61.71875,40.625,46.875,60.9375,56.0546875,56.0546875,close_to_baseline_run_pass_split,faster_than_baseline,more_shotgun_than_baseline,close_to_baseline_efficiency,0.4705,0.504,-0.03350000000000003,0.5295,0.496,0.033499999999999974,0.4705,0.504,-0.03350000000000003,0.7309,0.6358,0.09509999999999996,0.1269,0.0687,0.058200000000000016,0.0131,0.0162,-0.0030999999999999986,0.4114,0.4269,-0.015500000000000014,0.1313,0.1357,-0.004399999999999987,0.0066,0.0228,-0.0162,0.0394,0.0318,0.007599999999999996,53.125,53.125,87.5,53.125,43.75,37.5,37.5,43.75,40.625,34.375,65.625,90.625,31.25
2025,PHI,14,trailing,312,strong,stable_team_sample,100.0,1.0,50.78125,64.453125,77.08333333333333,59.375,61.46484375,61.46484375,close_to_baseline_run_pass_split,faster_than_baseline,more_shotgun_than_baseline,more_efficient_than_baseline,0.6218,0.6309,-0.009099999999999997,0.3782,0.3691,0.009099999999999997,0.6218,0.6309,-0.009099999999999997,0.8462,0.7508,0.09539999999999993,0.3045,0.1414,0.1631,0.037,-0.0215,0.058499999999999996,0.4615,0.4364,0.02510000000000001,0.1538,0.1316,0.022199999999999998,0.0288,0.0315,-0.002700000000000001,0.0353,0.0472,-0.0119,21.875,62.5,96.875,21.875,62.5,65.625,62.5,67.1875,81.25,59.375,90.625,53.125,65.625
2025,PHI,15,leading_one_score,267,strong,stable_team_sample,100.0,1.0,46.484375,30.46875,35.416666666666664,57.8125,44.62890625,44.62890625,close_to_baseline_run_pass_split,faster_than_baseline,more_shotgun_than_baseline,close_to_baseline_efficiency,0.5206,0.5341,-0.013500000000000068,0.4794,0.4659,0.013500000000000012,0.5206,0.5341,-0.013500000000000068,0.7678,0.6624,0.10540000000000005,0.1273,0.075,0.0523,-0.007,0.0136,-0.0206,0.3858,0.4278,-0.04200000000000004,0.1236,0.1347,-0.011099999999999985,0.0037,0.0244,-0.020700000000000003,0.0449,0.0343,0.010600000000000005,21.875,68.75,73.4375,21.875,40.625,21.875,31.25,28.125,28.125,31.25,46.875,93.75,21.875
2025,PHI,16,leading_two_plus_scores,190,strong,stable_team_sample,100.0,1.0,66.93548387096774,61.29032258064517,62.365591397849464,56.45161290322581,65.44354838709677,65.44354838709677,more_run_heavy_than_baseline,faster_than_baseline,more_shotgun_than_baseline,close_to_baseline_efficiency,0.4,0.4563,-0.05629999999999996,0.6,0.5437,0.05630000000000002,0.4,0.4563,-0.05629999999999996,0.6789,0.5937,0.08519999999999994,0.1263,0.0586,0.0677,0.0414,0.0204,0.020999999999999998,0.4474,0.4256,0.02180000000000004,0.1421,0.1375,0.004599999999999993,0.0105,0.0203,-0.009799999999999998,0.0316,0.0278,0.0038000000000000048,64.51612903225806,45.16129032258064,93.54838709677419,64.51612903225806,58.06451612903226,70.96774193548387,48.38709677419355,67.74193548387096,67.74193548387096,58.06451612903226,61.29032258064516,61.29032258064516,51.61290322580645
2025,PHI,17,trailing_one_score,248,strong,stable_team_sample,100.0,1.0,48.4375,48.4375,66.66666666666667,57.8125,54.6875,54.6875,close_to_baseline_run_pass_split,faster_than_baseline,more_shotgun_than_baseline,close_to_baseline_efficiency,0.5847,0.5968,-0.0121,0.4153,0.4032,0.0121,0.5847,0.5968,-0.0121,0.8226,0.7163,0.10629999999999995,0.2742,0.1048,0.1694,0.0163,0.0002,0.0161,0.4476,0.4393,0.008299999999999974,0.1452,0.1338,0.011399999999999993,0.0242,0.029,-0.004800000000000002,0.0363,0.0417,-0.005400000000000002,15.625,65.625,96.875,15.625,50.0,56.25,46.875,40.625,68.75,31.25,100.0,56.25,59.375
2025,PHI,18,trailing_two_plus_scores,64,good,usable_team_sample,80.0,0.9,85.9375,90.625,67.70833333333333,53.125,80.796875,72.71718750000001,more_dropback_heavy_than_baseline,faster_than_baseline,more_shotgun_than_baseline,more_efficient_than_baseline,0.7656,0.677,0.0885999999999999,0.2344,0.323,-0.08860000000000001,0.7656,0.677,0.0885999999999999,0.9375,0.7976,0.13990000000000002,0.4219,0.1909,0.231,0.1175,-0.0509,0.1684,0.5156,0.4324,0.08319999999999994,0.1875,0.1286,0.05890000000000001,0.0469,0.0349,0.011999999999999997,0.0313,0.0546,-0.0233,81.25,84.375,96.875,81.25,81.25,87.5,96.875,96.875,96.875,96.875,9.375,25.0,81.25
2025,PHI,19,tied_early_down,168,strong,stable_team_sample,100.0,1.0,58.59375,49.21875,39.583333333333336,60.9375,55.703125,55.703125,close_to_baseline_run_pass_split,faster_than_baseline,more_shotgun_than_baseline,close_to_baseline_efficiency,0.5119,0.4983,0.013600000000000001,0.4881,0.5017,-0.013600000000000056,0.5119,0.4983,0.013600000000000001,0.7381,0.6059,0.13219999999999998,0.2202,0.0718,0.1484,0.0118,0.0018,0.01,0.4286,0.4418,-0.013200000000000045,0.1131,0.1285,-0.015399999999999997,0.0179,0.0219,-0.004,0.0238,0.0267,-0.0029,37.5,65.625,93.75,37.5,50.0,37.5,37.5,71.875,34.375,43.75,40.625,65.625,56.25
2025,PHI,20,leading_early_down,351,strong,stable_team_sample,100.0,1.0,55.46875,48.4375,47.916666666666664,65.625,55.8203125,55.8203125,close_to_baseline_run_pass_split,faster_than_baseline,more_shotgun_than_baseline,close_to_baseline_efficiency,0.4245,0.4468,-0.022299999999999986,0.5755,0.5532,0.022299999999999986,0.4245,0.4468,-0.022299999999999986,0.7009,0.5755,0.12539999999999996,0.1652,0.0709,0.09430000000000001,0.0054,0.0115,-0.0060999999999999995,0.4217,0.4235,-0.0017999999999999683,0.1311,0.1332,-0.0021000000000000185,0.0028,0.0206,-0.0178,0.0285,0.0228,0.0057,34.375,59.375,93.75,34.375,56.25,40.625,43.75,53.125,46.875,34.375,62.5,93.75,37.5
2025,PHI,21,trailing_early_down,246,strong,stable_team_sample,100.0,1.0,58.59375,58.984375,62.5,54.6875,60.95703125,60.95703125,close_to_baseline_run_pass_split,faster_than_baseline,more_shotgun_than_baseline,close_to_baseline_efficiency,0.5732,0.5899,-0.016699999999999937,0.4268,0.4101,0.016699999999999993,0.5732,0.5899,-0.016699999999999937,0.8293,0.7068,0.12250000000000005,0.3415,0.15,0.19150000000000003,-0.0007,-0.0058,0.0050999999999999995,0.4634,0.438,0.025399999999999978,0.1423,0.1307,0.0116,0.0285,0.0281,0.00040000000000000105,0.0244,0.0355,-0.011099999999999995,37.5,62.5,96.875,37.5,45.3125,65.625,71.875,53.125,62.5,28.125,96.875,40.625,68.75
2025,PIT,1,all_offense,974,strong,stable_team_sample,100.0,1.0,30.46875,49.21875,28.645833333333332,67.1875,42.03125,42.03125,close_to_baseline_run_pass_split,close_to_baseline_tempo,close_to_baseline_shotgun_usage,more_efficient_than_baseline,0.5945,0.5737,0.02080000000000004,0.4055,0.4263,-0.020799999999999985,0.5945,0.5737,0.02080000000000004,0.6684,0.6967,-0.028299999999999992,0.116,0.1039,0.0121,0.0246,-0.0054,0.03,0.4394,0.4345,0.0049000000000000155,0.1211,0.1328,-0.011700000000000002,0.0236,0.0274,-0.0038000000000000013,0.0318,0.0401,-0.008299999999999995,43.75,21.875,12.5,43.75,53.125,50.0,31.25,62.5,21.875,23.4375,40.625,65.625,68.75
2025,PIT,2,early_down,743,strong,stable_team_sample,100.0,1.0,31.25,45.3125,38.541666666666664,64.0625,42.578125,42.578125,close_to_baseline_run_pass_split,close_to_baseline_tempo,close_to_baseline_shotgun_usage,close_to_baseline_efficiency,0.5437,0.5246,0.019100000000000006,0.4563,0.4754,-0.019100000000000006,0.5437,0.5246,0.019100000000000006,0.6003,0.6436,-0.043300000000000005,0.1184,0.1086,0.009800000000000003,0.0118,0.0014,0.0104,0.4401,0.4339,0.006199999999999983,0.1198,0.1311,-0.01129999999999999,0.0242,0.0244,-0.00020000000000000226,0.0202,0.0296,-0.009400000000000002,37.5,34.375,15.625,37.5,46.875,46.875,28.125,59.375,40.625,18.75,56.25,40.625,87.5
2025,PIT,3,third_down,208,strong,stable_team_sample,100.0,1.0,50.0,69.140625,40.625,68.75,57.75390625,57.75390625,close_to_baseline_run_pass_split,close_to_baseline_tempo,close_to_baseline_shotgun_usage,more_efficient_than_baseline,0.7885,0.7494,0.039100000000000024,0.2115,0.2506,-0.039099999999999996,0.7885,0.7494,0.039100000000000024,0.9279,0.8953,0.03259999999999996,0.1058,0.0875,0.01830000000000001,0.0629,-0.0507,0.1136,0.4279,0.4242,0.003699999999999981,0.1298,0.1404,-0.010599999999999998,0.0192,0.0359,-0.016700000000000003,0.0769,0.0778,-0.000899999999999998,62.5,56.25,18.75,62.5,75.0,48.4375,59.375,93.75,40.625,68.75,12.5,93.75,43.75
2025,PIT,4,fourth_down,23,thin,small_team_sample,55.0,0.75,65.625,33.984375,47.395833333333336,68.75,54.76171875,41.0712890625,more_run_heavy_than_baseline,faster_than_baseline,less_shotgun_than_baseline,less_efficient_than_baseline,0.4783,0.6225,-0.14420000000000005,0.5217,0.3775,0.14420000000000005,0.4783,0.6225,-0.14420000000000005,0.5217,0.675,-0.1533,0.1304,0.0943,0.03609999999999999,0.0896,0.1649,-0.07529999999999999,0.5217,0.5443,-0.022599999999999953,0.087,0.1209,-0.0339,0.0435,0.0492,-0.005700000000000004,0.0,0.0504,-0.0504,81.25,75.0,25.0,81.25,46.875,40.625,40.625,7.8125,43.75,23.4375,75.0,51.5625,85.9375
2025,PIT,5,short_yardage,109,strong,stable_team_sample,100.0,1.0,35.9375,69.140625,34.375,79.6875,51.58203125,51.58203125,more_run_heavy_than_baseline,slower_than_baseline,close_to_baseline_shotgun_usage,more_efficient_than_baseline,0.2936,0.3476,-0.05399999999999999,0.7064,0.6524,0.05400000000000005,0.2936,0.3476,-0.05399999999999999,0.5321,0.5322,-9.999999999998899e-05,0.1284,0.1642,-0.035800000000000026,0.1897,0.0647,0.125,0.633,0.5961,0.036900000000000044,0.0734,0.0906,-0.017199999999999993,0.0092,0.0214,-0.012199999999999999,0.0092,0.0229,-0.0137,53.125,3.125,34.375,53.125,71.875,68.75,73.4375,62.5,28.125,43.75,31.25,82.8125,76.5625
2025,PIT,6,red_zone,164,strong,stable_team_sample,100.0,1.0,21.09375,45.3125,33.333333333333336,87.5,39.5703125,39.5703125,close_to_baseline_run_pass_split,close_to_baseline_tempo,less_shotgun_than_baseline,close_to_baseline_efficiency,0.5122,0.5029,0.009299999999999975,0.4878,0.4971,-0.009299999999999975,0.5122,0.5029,0.009299999999999975,0.5671,0.6589,-0.09179999999999999,0.0915,0.0945,-0.0030000000000000027,0.0105,-0.0022,0.012700000000000001,0.4329,0.4224,0.01050000000000001,0.0366,0.0512,-0.014600000000000002,0.0122,0.0258,-0.0136,0.0122,0.0328,-0.0206,15.625,50.0,3.125,15.625,50.0,56.25,43.75,31.25,28.125,53.125,18.75,81.25,93.75
2025,PIT,7,goal_to_go,65,good,usable_team_sample,80.0,0.9,31.25,36.71875,39.0625,71.875,40.2890625,36.26015625,close_to_baseline_run_pass_split,slower_than_baseline,less_shotgun_than_baseline,less_efficient_than_baseline,0.4462,0.4757,-0.029500000000000026,0.5538,0.5243,0.02949999999999997,0.4462,0.4757,-0.029500000000000026,0.5538,0.611,-0.05720000000000003,0.0615,0.0861,-0.024599999999999997,-0.0346,0.0097,-0.0443,0.4154,0.438,-0.02260000000000001,0.0,0.0074,-0.0074,0.0154,0.0243,-0.008899999999999998,0.0,0.0306,-0.0306,25.0,37.5,37.5,25.0,40.625,40.625,31.25,34.375,32.8125,43.75,40.625,57.8125,85.9375
2025,PIT,8,two_minute_half,121,strong,stable_team_sample,100.0,1.0,29.6875,71.875,43.75,70.3125,49.921875,49.921875,close_to_baseline_run_pass_split,faster_than_baseline,close_to_baseline_shotgun_usage,more_efficient_than_baseline,0.7438,0.7349,0.008900000000000019,0.2562,0.2651,-0.008900000000000019,0.7438,0.7349,0.008900000000000019,0.8678,0.8778,-0.010000000000000009,0.2397,0.1634,0.0763,0.1383,0.0083,0.13,0.438,0.4231,0.014900000000000024,0.1157,0.1271,-0.011399999999999993,0.0248,0.0356,-0.0108,0.0331,0.0516,-0.018500000000000003,12.5,9.375,84.375,12.5,81.25,59.375,71.875,75.0,37.5,21.875,71.875,71.875,68.75
2025,PIT,9,two_minute_game,37,thin,small_team_sample,55.0,0.75,86.71875,25.390625,58.333333333333336,65.625,63.43359375,47.5751953125,more_dropback_heavy_than_baseline,faster_than_baseline,more_shotgun_than_baseline,less_efficient_than_baseline,0.8649,0.6818,0.18310000000000004,0.1351,0.3182,-0.18309999999999998,0.8649,0.6818,0.18310000000000004,0.9459,0.8173,0.12859999999999994,0.3514,0.1726,0.1788,-0.1611,-0.06,-0.1011,0.3514,0.3942,-0.042800000000000005,0.1351,0.1268,0.008300000000000002,0.027,0.0394,-0.012399999999999998,0.027,0.0504,-0.0234,93.75,62.5,96.875,93.75,28.125,20.3125,18.75,34.375,56.25,68.75,50.0,59.375,71.875
2025,PIT,10,one_score,737,strong,stable_team_sample,100.0,1.0,32.8125,43.359375,21.875,60.15625,39.90234375,39.90234375,close_to_baseline_run_pass_split,close_to_baseline_tempo,close_to_baseline_shotgun_usage,close_to_baseline_efficiency,0.5929,0.565,0.027900000000000036,0.4071,0.435,-0.02789999999999998,0.5929,0.565,0.027900000000000036,0.6649,0.6859,-0.020999999999999908,0.0963,0.0863,0.009999999999999995,0.0125,0.0035,0.009000000000000001,0.441,0.4369,0.0040999999999999925,0.1153,0.1332,-0.017900000000000013,0.0217,0.0265,-0.004799999999999999,0.0326,0.0381,-0.005500000000000005,56.25,9.375,9.375,56.25,40.625,42.1875,34.375,56.25,18.75,15.625,31.25,57.8125,62.5
2025,PIT,11,neutral_early_down,459,strong,stable_team_sample,100.0,1.0,17.96875,50.390625,46.354166666666664,40.625,36.69921875,36.69921875,close_to_baseline_run_pass_split,close_to_baseline_tempo,close_to_baseline_shotgun_usage,close_to_baseline_efficiency,0.5381,0.5215,0.01660000000000006,0.4619,0.4785,-0.016600000000000004,0.5381,0.5215,0.01660000000000006,0.6013,0.6282,-0.026900000000000035,0.0893,0.0855,0.003799999999999998,0.0095,0.013,-0.0034999999999999996,0.4379,0.4391,-0.0011999999999999789,0.1285,0.1443,-0.01580000000000001,0.0261,0.0226,0.003500000000000003,0.0261,0.0278,-0.0016999999999999967,25.0,18.75,3.125,25.0,40.625,46.875,34.375,79.6875,43.75,14.0625,81.25,28.125,53.125
2025,PIT,12,tied,148,strong,stable_team_sample,100.0,1.0,19.53125,35.9375,54.166666666666664,28.90625,33.7890625,33.7890625,close_to_baseline_run_pass_split,slower_than_baseline,close_to_baseline_shotgun_usage,close_to_baseline_efficiency,0.5608,0.5522,0.008599999999999941,0.4392,0.4478,-0.008599999999999997,0.5608,0.5522,0.008599999999999941,0.6351,0.6675,-0.032399999999999984,0.0473,0.0716,-0.024299999999999995,-0.0322,-0.0028,-0.0294,0.4189,0.4433,-0.024400000000000033,0.1284,0.1307,-0.0023000000000000242,0.0338,0.0252,0.008599999999999997,0.0405,0.0369,0.003599999999999999,18.75,21.875,18.75,18.75,31.25,25.0,15.625,71.875,59.375,53.125,50.0,28.125,29.6875
2025,PIT,13,leading,381,strong,stable_team_sample,100.0,1.0,47.265625,60.9375,49.479166666666664,69.53125,55.87890625,55.87890625,more_dropback_heavy_than_baseline,faster_than_baseline,close_to_baseline_shotgun_usage,more_efficient_than_baseline,0.5564,0.504,0.0524,0.4436,0.496,-0.0524,0.5564,0.504,0.0524,0.6273,0.6358,-0.008500000000000063,0.0919,0.0687,0.0232,0.0851,0.0162,0.06889999999999999,0.4593,0.4269,0.032399999999999984,0.1339,0.1357,-0.001799999999999996,0.0157,0.0228,-0.007100000000000002,0.0262,0.0318,-0.005600000000000001,81.25,3.125,23.4375,81.25,65.625,78.125,50.0,50.0,50.0,42.1875,56.25,67.1875,71.875
2025,PIT,14,trailing,445,strong,stable_team_sample,100.0,1.0,23.4375,47.265625,17.708333333333332,65.625,36.58203125,36.58203125,close_to_baseline_run_pass_split,close_to_baseline_tempo,close_to_baseline_shotgun_usage,close_to_baseline_efficiency,0.6382,0.6309,0.007299999999999973,0.3618,0.3691,-0.007299999999999973,0.6382,0.6309,0.007299999999999973,0.7146,0.7508,-0.03620000000000001,0.1596,0.1414,0.018199999999999994,-0.0084,-0.0215,0.013099999999999999,0.4292,0.4364,-0.007199999999999984,0.1079,0.1316,-0.0237,0.027,0.0315,-0.0045000000000000005,0.0337,0.0472,-0.013499999999999998,15.625,37.5,25.0,15.625,53.125,37.5,31.25,67.1875,18.75,25.0,9.375,59.375,71.875
2025,PIT,15,leading_one_score,288,strong,stable_team_sample,100.0,1.0,31.25,69.53125,55.208333333333336,73.4375,52.0703125,52.0703125,close_to_baseline_run_pass_split,close_to_baseline_tempo,close_to_baseline_shotgun_usage,more_efficient_than_baseline,0.5729,0.5341,0.038799999999999946,0.4271,0.4659,-0.0388,0.5729,0.5341,0.038799999999999946,0.6424,0.6624,-0.020000000000000018,0.0868,0.075,0.011800000000000005,0.1015,0.0136,0.0879,0.4688,0.4278,0.04099999999999998,0.1424,0.1347,0.007700000000000012,0.0139,0.0244,-0.010500000000000002,0.0243,0.0343,-0.009999999999999998,53.125,9.375,9.375,53.125,75.0,78.125,65.625,59.375,53.125,43.75,68.75,62.5,84.375
2025,PIT,16,leading_two_plus_scores,93,good,usable_team_sample,80.0,0.9,47.58064516129032,50.0,27.956989247311828,46.774193548387096,46.78225806451613,42.104032258064514,close_to_baseline_run_pass_split,faster_than_baseline,close_to_baseline_shotgun_usage,close_to_baseline_efficiency,0.5054,0.4563,0.04909999999999998,0.4946,0.5437,-0.04909999999999998,0.5054,0.4563,0.04909999999999998,0.5806,0.5937,-0.0131,0.1075,0.0586,0.0489,0.0345,0.0204,0.014100000000000001,0.4301,0.4256,0.004500000000000004,0.1075,0.1375,-0.030000000000000013,0.0215,0.0203,0.0011999999999999997,0.0323,0.0278,0.004500000000000004,58.06451612903226,9.67741935483871,64.51612903225806,58.06451612903226,54.83870967741935,51.61290322580645,35.483870967741936,58.06451612903226,19.35483870967742,32.25806451612903,32.25806451612903,45.16129032258064,48.38709677419355
2025,PIT,17,trailing_one_score,301,strong,stable_team_sample,100.0,1.0,36.328125,36.71875,5.208333333333333,62.5,37.55859375,37.55859375,close_to_baseline_run_pass_split,faster_than_baseline,close_to_baseline_shotgun_usage,less_efficient_than_baseline,0.6279,0.5968,0.031100000000000017,0.3721,0.4032,-0.031100000000000017,0.6279,0.5968,0.031100000000000017,0.701,0.7163,-0.015300000000000091,0.1296,0.1048,0.02479999999999999,-0.0507,0.0002,-0.0509,0.4252,0.4393,-0.014100000000000001,0.0831,0.1338,-0.05070000000000001,0.0233,0.029,-0.0057,0.0365,0.0417,-0.005200000000000003,53.125,10.9375,28.125,53.125,31.25,34.375,28.125,53.125,6.25,6.25,3.125,68.75,56.25
2025,PIT,18,trailing_two_plus_scores,144,strong,stable_team_sample,100.0,1.0,27.34375,62.890625,79.16666666666667,64.0625,51.30859375,51.30859375,close_to_baseline_run_pass_split,faster_than_baseline,less_shotgun_than_baseline,more_efficient_than_baseline,0.6597,0.677,-0.017300000000000093,0.3403,0.323,0.017299999999999982,0.6597,0.677,-0.017300000000000093,0.7431,0.7976,-0.05449999999999999,0.2222,0.1909,0.03130000000000002,0.08,-0.0509,0.13090000000000002,0.4375,0.4324,0.005099999999999993,0.1597,0.1286,0.031100000000000017,0.0347,0.0349,-0.0001999999999999988,0.0278,0.0546,-0.026800000000000004,25.0,37.5,21.875,25.0,75.0,40.625,64.0625,71.875,84.375,78.125,75.0,40.625,87.5
2025,PIT,19,tied_early_down,111,strong,stable_team_sample,100.0,1.0,33.203125,27.734375,44.791666666666664,48.4375,38.4375,38.4375,close_to_baseline_run_pass_split,close_to_baseline_tempo,less_shotgun_than_baseline,less_efficient_than_baseline,0.4775,0.4983,-0.02080000000000004,0.5225,0.5017,0.02079999999999993,0.4775,0.4983,-0.02080000000000004,0.5495,0.6059,-0.056400000000000006,0.0541,0.0718,-0.0177,-0.0623,0.0018,-0.0641,0.4144,0.4418,-0.027400000000000035,0.1171,0.1285,-0.011400000000000007,0.036,0.0219,0.014099999999999998,0.018,0.0267,-0.008700000000000003,43.75,28.125,17.1875,43.75,25.0,25.0,15.625,45.3125,46.875,40.625,46.875,18.75,78.125
2025,PIT,20,leading_early_down,295,strong,stable_team_sample,100.0,1.0,48.4375,72.265625,50.0,62.5,58.61328125,58.61328125,more_dropback_heavy_than_baseline,faster_than_baseline,close_to_baseline_shotgun_usage,more_efficient_than_baseline,0.5051,0.4468,0.05830000000000002,0.4949,0.5532,-0.05830000000000002,0.5051,0.4468,0.05830000000000002,0.5458,0.5755,-0.02970000000000006,0.0949,0.0709,0.023999999999999994,0.0857,0.0115,0.0742,0.4746,0.4235,0.051100000000000034,0.1322,0.1332,-0.0010000000000000009,0.0102,0.0206,-0.0104,0.0203,0.0228,-0.0025000000000000022,76.5625,21.875,18.75,76.5625,67.1875,84.375,59.375,78.125,50.0,25.0,75.0,68.75,56.25
2025,PIT,21,trailing_early_down,337,strong,stable_team_sample,100.0,1.0,24.21875,26.5625,18.75,48.4375,30.1953125,30.1953125,close_to_baseline_run_pass_split,close_to_baseline_tempo,close_to_baseline_shotgun_usage,close_to_baseline_efficiency,0.5994,0.5899,0.009500000000000064,0.4006,0.4101,-0.009500000000000008,0.5994,0.5899,0.009500000000000064,0.6647,0.7068,-0.042100000000000026,0.1602,0.15,0.010200000000000015,-0.0284,-0.0058,-0.022600000000000002,0.4184,0.438,-0.019600000000000006,0.1098,0.1307,-0.020900000000000016,0.0326,0.0281,0.004499999999999997,0.0208,0.0355,-0.014699999999999998,21.875,37.5,15.625,21.875,28.125,18.75,18.75,40.625,12.5,25.0,18.75,21.875,75.0
2025,SEA,1,all_offense,994,strong,stable_team_sample,100.0,1.0,77.34375,71.875,75.0,46.875,73.7109375,73.7109375,more_run_heavy_than_baseline,slower_than_baseline,less_shotgun_than_baseline,more_efficient_than_baseline,0.507,0.5737,-0.06669999999999998,0.493,0.4263,0.06669999999999998,0.507,0.5737,-0.06669999999999998,0.4638,0.6967,-0.2329,0.0744,0.1039,-0.029500000000000012,0.0297,-0.0054,0.0351,0.4618,0.4345,0.02729999999999999,0.1469,0.1328,0.014100000000000001,0.0372,0.0274,0.009799999999999996,0.0272,0.0401,-0.012899999999999998,87.5,96.875,37.5,87.5,59.375,78.125,78.125,71.875,78.125,71.875,75.0,9.375,84.375
2025,SEA,2,early_down,780,strong,stable_team_sample,100.0,1.0,74.21875,74.609375,79.16666666666667,40.625,72.98828125,72.98828125,more_run_heavy_than_baseline,slower_than_baseline,less_shotgun_than_baseline,more_efficient_than_baseline,0.4654,0.5246,-0.059199999999999975,0.5346,0.4754,0.059199999999999975,0.4654,0.5246,-0.059199999999999975,0.3756,0.6436,-0.26799999999999996,0.0846,0.1086,-0.024000000000000007,0.0448,0.0014,0.0434,0.4603,0.4339,0.02639999999999998,0.1526,0.1311,0.02150000000000002,0.0308,0.0244,0.0063999999999999994,0.0231,0.0296,-0.006500000000000002,84.375,96.875,31.25,84.375,71.875,76.5625,78.125,71.875,78.125,87.5,71.875,15.625,65.625
2025,SEA,3,third_down,202,strong,stable_team_sample,100.0,1.0,88.28125,71.875,41.666666666666664,45.3125,73.4765625,73.4765625,more_run_heavy_than_baseline,slower_than_baseline,less_shotgun_than_baseline,close_to_baseline_efficiency,0.6634,0.7494,-0.08599999999999997,0.3366,0.2506,0.08600000000000002,0.6634,0.7494,-0.08599999999999997,0.802,0.8953,-0.09329999999999994,0.0297,0.0875,-0.05779999999999999,-0.0276,-0.0507,0.023100000000000002,0.4604,0.4242,0.036199999999999954,0.1238,0.1404,-0.016600000000000004,0.0594,0.0359,0.0235,0.0396,0.0778,-0.03819999999999999,100.0,93.75,59.375,100.0,53.125,78.125,71.875,84.375,31.25,28.125,65.625,6.25,84.375
2025,SEA,4,fourth_down,12,very_thin,small_team_sample,30.0,0.5,57.421875,51.953125,63.541666666666664,24.21875,52.28125,26.140625,close_to_baseline_run_pass_split,faster_than_baseline,less_shotgun_than_baseline,less_efficient_than_baseline,0.5833,0.6225,-0.03920000000000001,0.4167,0.3775,0.03920000000000001,0.5833,0.6225,-0.03920000000000001,0.5,0.675,-0.17500000000000004,0.1667,0.0943,0.07239999999999999,0.0165,0.1649,-0.14839999999999998,0.5833,0.5443,0.039000000000000035,0.1667,0.1209,0.045799999999999993,0.0833,0.0492,0.0341,0.0833,0.0504,0.0329,34.375,85.9375,75.0,34.375,43.75,64.0625,56.25,43.75,75.0,87.5,28.125,23.4375,25.0
2025,SEA,5,short_yardage,102,strong,stable_team_sample,100.0,1.0,40.625,44.53125,47.916666666666664,39.0625,45.5078125,45.5078125,close_to_baseline_run_pass_split,close_to_baseline_tempo,less_shotgun_than_baseline,less_efficient_than_baseline,0.3137,0.3476,-0.03390000000000004,0.6863,0.6524,0.03390000000000004,0.3137,0.3476,-0.03390000000000004,0.2941,0.5322,-0.23810000000000003,0.1471,0.1642,-0.017100000000000004,-0.0263,0.0647,-0.091,0.5686,0.5961,-0.02749999999999997,0.0882,0.0906,-0.0023999999999999994,0.0294,0.0214,0.008,0.0196,0.0229,-0.003300000000000001,26.5625,93.75,15.625,26.5625,34.375,40.625,37.5,65.625,50.0,54.6875,39.0625,35.9375,42.1875
2025,SEA,6,red_zone,166,strong,stable_team_sample,100.0,1.0,71.875,44.53125,48.958333333333336,75.0,63.3203125,63.3203125,more_run_heavy_than_baseline,slower_than_baseline,less_shotgun_than_baseline,close_to_baseline_efficiency,0.4277,0.5029,-0.07519999999999999,0.5723,0.4971,0.07520000000000004,0.4277,0.5029,-0.07519999999999999,0.3675,0.6589,-0.29140000000000005,0.0542,0.0945,-0.0403,-0.01,-0.0022,-0.0078,0.4036,0.4224,-0.018799999999999983,0.0482,0.0512,-0.0030000000000000027,0.0181,0.0258,-0.0076999999999999985,0.0241,0.0328,-0.008700000000000003,71.875,96.875,46.875,71.875,46.875,40.625,46.875,43.75,50.0,50.0,46.875,78.125,71.875
2025,SEA,7,goal_to_go,70,good,usable_team_sample,80.0,0.9,63.671875,46.09375,81.25,50.0,61.36328125,55.226953125,more_run_heavy_than_baseline,slower_than_baseline,less_shotgun_than_baseline,close_to_baseline_efficiency,0.4143,0.4757,-0.06140000000000001,0.5857,0.5243,0.06140000000000001,0.4143,0.4757,-0.06140000000000001,0.3429,0.611,-0.2681,0.0429,0.0861,-0.043199999999999995,0.0284,0.0097,0.0187,0.4143,0.438,-0.0237,0.0286,0.0074,0.0212,0.0143,0.0243,-0.009999999999999998,0.0429,0.0306,0.012300000000000002,53.125,93.75,54.6875,53.125,65.625,37.5,37.5,43.75,100.0,43.75,100.0,65.625,34.375
2025,SEA,8,two_minute_half,125,strong,stable_team_sample,100.0,1.0,59.375,40.234375,37.5,53.90625,52.79296875,52.79296875,more_run_heavy_than_baseline,close_to_baseline_tempo,close_to_baseline_shotgun_usage,less_efficient_than_baseline,0.632,0.7349,-0.10289999999999999,0.368,0.2651,0.10289999999999999,0.632,0.7349,-0.10289999999999999,0.832,0.8778,-0.04580000000000006,0.16,0.1634,-0.0033999999999999864,-0.026,0.0083,-0.0343,0.456,0.4231,0.03290000000000004,0.112,0.1271,-0.015099999999999988,0.04,0.0356,0.004400000000000001,0.032,0.0516,-0.0196,93.75,40.625,9.375,93.75,34.375,64.0625,59.375,3.125,25.0,31.25,56.25,34.375,73.4375
2025,SEA,9,two_minute_game,37,thin,small_team_sample,55.0,0.75,20.3125,17.578125,16.666666666666668,12.5,20.03515625,15.0263671875,close_to_baseline_run_pass_split,slower_than_baseline,less_shotgun_than_baseline,less_efficient_than_baseline,0.6486,0.6818,-0.03320000000000001,0.3514,0.3182,0.03320000000000001,0.6486,0.6818,-0.03320000000000001,0.7568,0.8173,-0.0605,0.1351,0.1726,-0.037500000000000006,-0.2647,-0.06,-0.2047,0.3514,0.3942,-0.042800000000000005,0.0811,0.1268,-0.04569999999999999,0.0811,0.0394,0.04170000000000001,0.0811,0.0504,0.030700000000000005,12.5,18.75,37.5,12.5,12.5,20.3125,34.375,3.125,6.25,31.25,12.5,6.25,18.75
2025,SEA,10,one_score,639,strong,stable_team_sample,100.0,1.0,57.8125,64.0625,70.83333333333333,32.8125,60.9375,60.9375,close_to_baseline_run_pass_split,close_to_baseline_tempo,less_shotgun_than_baseline,more_efficient_than_baseline,0.5321,0.565,-0.03289999999999993,0.4679,0.435,0.032899999999999985,0.5321,0.565,-0.03289999999999993,0.4742,0.6859,-0.21169999999999994,0.0704,0.0863,-0.015899999999999997,0.0384,0.0035,0.034899999999999994,0.4617,0.4369,0.02479999999999999,0.1487,0.1332,0.015499999999999986,0.036,0.0265,0.009499999999999998,0.0329,0.0381,-0.005200000000000003,59.375,96.875,15.625,59.375,56.25,71.875,65.625,62.5,78.125,87.5,46.875,6.25,59.375
2025,SEA,11,neutral_early_down,396,strong,stable_team_sample,100.0,1.0,51.5625,78.125,79.16666666666667,43.75,63.984375,63.984375,close_to_baseline_run_pass_split,close_to_baseline_tempo,less_shotgun_than_baseline,more_efficient_than_baseline,0.4874,0.5215,-0.034099999999999964,0.5126,0.4785,0.034099999999999964,0.4874,0.5215,-0.034099999999999964,0.3788,0.6282,-0.24939999999999996,0.0758,0.0855,-0.0097,0.0717,0.013,0.0587,0.4697,0.4391,0.030600000000000016,0.1768,0.1443,0.0325,0.0278,0.0226,0.0052,0.0253,0.0278,-0.0024999999999999988,50.0,93.75,12.5,50.0,68.75,84.375,84.375,75.0,87.5,96.875,53.125,21.875,65.625
2025,SEA,12,tied,213,strong,stable_team_sample,100.0,1.0,22.65625,46.09375,38.541666666666664,20.3125,34.53125,34.53125,close_to_baseline_run_pass_split,close_to_baseline_tempo,less_shotgun_than_baseline,close_to_baseline_efficiency,0.554,0.5522,0.0018000000000000238,0.446,0.4478,-0.0017999999999999683,0.554,0.5522,0.0018000000000000238,0.5258,0.6675,-0.14169999999999994,0.0657,0.0716,-0.0059000000000000025,-0.0233,-0.0028,-0.0205,0.4413,0.4433,-0.0020000000000000018,0.1174,0.1307,-0.013300000000000006,0.0376,0.0252,0.012400000000000001,0.0469,0.0369,0.009999999999999995,3.125,78.125,6.25,3.125,34.375,46.875,34.375,68.75,37.5,43.75,34.375,21.875,18.75
2025,SEA,13,leading,499,strong,stable_team_sample,100.0,1.0,73.4375,57.8125,82.29166666666667,35.9375,68.4375,68.4375,more_run_heavy_than_baseline,slower_than_baseline,less_shotgun_than_baseline,close_to_baseline_efficiency,0.4509,0.504,-0.05309999999999998,0.5491,0.496,0.053100000000000036,0.4509,0.504,-0.05309999999999998,0.4048,0.6358,-0.23100000000000004,0.0421,0.0687,-0.0266,0.0004,0.0162,-0.015799999999999998,0.4269,0.4269,0.0,0.1563,0.1357,0.020600000000000007,0.0361,0.0228,0.0133,0.0301,0.0318,-0.0017000000000000036,84.375,90.625,34.375,84.375,40.625,50.0,68.75,71.875,87.5,87.5,71.875,12.5,59.375
2025,SEA,14,trailing,282,strong,stable_team_sample,100.0,1.0,66.40625,82.03125,71.875,57.8125,71.953125,71.953125,more_run_heavy_than_baseline,close_to_baseline_tempo,less_shotgun_than_baseline,more_efficient_than_baseline,0.5709,0.6309,-0.06000000000000005,0.4291,0.3691,0.06,0.5709,0.6309,-0.06000000000000005,0.5213,0.7508,-0.22950000000000004,0.1383,0.1414,-0.0030999999999999917,0.1216,-0.0215,0.1431,0.539,0.4364,0.10260000000000002,0.1525,0.1316,0.020900000000000002,0.039,0.0315,0.0075,0.0071,0.0472,-0.0401,81.25,96.875,6.25,81.25,81.25,96.875,96.875,53.125,75.0,75.0,65.625,15.625,100.0
2025,SEA,15,leading_one_score,207,strong,stable_team_sample,100.0,1.0,61.71875,42.1875,57.291666666666664,28.90625,54.8046875,54.8046875,close_to_baseline_run_pass_split,slower_than_baseline,less_shotgun_than_baseline,close_to_baseline_efficiency,0.5024,0.5341,-0.03170000000000006,0.4976,0.4659,0.031700000000000006,0.5024,0.5341,-0.03170000000000006,0.4106,0.6624,-0.25179999999999997,0.0338,0.075,-0.0412,-0.0143,0.0136,-0.0279,0.401,0.4278,-0.02679999999999999,0.1498,0.1347,0.015100000000000002,0.029,0.0244,0.0046,0.0435,0.0343,0.0092,50.0,96.875,50.0,50.0,34.375,37.5,50.0,46.875,65.625,93.75,12.5,25.0,32.8125
2025,SEA,16,leading_two_plus_scores,292,strong,stable_team_sample,100.0,1.0,47.58064516129032,66.12903225806451,78.49462365591398,40.32258064516129,58.74999999999999,58.74999999999999,close_to_baseline_run_pass_split,close_to_baseline_tempo,less_shotgun_than_baseline,close_to_baseline_efficiency,0.4144,0.4563,-0.04189999999999999,0.5856,0.5437,0.04190000000000005,0.4144,0.4563,-0.04189999999999999,0.4007,0.5937,-0.193,0.0479,0.0586,-0.010700000000000001,0.0108,0.0204,-0.009600000000000001,0.4452,0.4256,0.019600000000000006,0.161,0.1375,0.023499999999999993,0.0411,0.0203,0.0208,0.0205,0.0278,-0.0072999999999999975,48.38709677419355,87.09677419354838,6.451612903225806,48.38709677419355,48.38709677419355,64.51612903225806,80.64516129032258,70.96774193548387,83.87096774193549,70.96774193548387,80.64516129032258,9.67741935483871,70.96774193548387
2025,SEA,17,trailing_one_score,219,strong,stable_team_sample,100.0,1.0,71.09375,83.59375,90.625,54.6875,76.953125,76.953125,more_run_heavy_than_baseline,close_to_baseline_tempo,less_shotgun_than_baseline,more_efficient_than_baseline,0.5388,0.5968,-0.05800000000000005,0.4612,0.4032,0.057999999999999996,0.5388,0.5968,-0.05800000000000005,0.484,0.7163,-0.23230000000000006,0.1096,0.1048,0.004799999999999999,0.1482,0.0002,0.148,0.5388,0.4393,0.09949999999999992,0.1781,0.1338,0.044300000000000006,0.0411,0.029,0.012099999999999996,0.0091,0.0417,-0.032600000000000004,87.5,96.875,12.5,87.5,81.25,96.875,96.875,59.375,93.75,84.375,93.75,9.375,100.0
2025,SEA,18,trailing_two_plus_scores,63,good,usable_team_sample,80.0,0.9,35.9375,67.96875,4.166666666666667,76.5625,45.4453125,40.90078125,close_to_baseline_run_pass_split,faster_than_baseline,less_shotgun_than_baseline,more_efficient_than_baseline,0.6825,0.677,0.005499999999999949,0.3175,0.323,-0.005500000000000005,0.6825,0.677,0.005499999999999949,0.6508,0.7976,-0.14679999999999993,0.2381,0.1909,0.04720000000000002,0.0292,-0.0509,0.0801,0.5397,0.4324,0.10729999999999995,0.0635,0.1286,-0.06509999999999999,0.0317,0.0349,-0.0032000000000000015,0.0,0.0546,-0.0546,9.375,87.5,37.5,9.375,62.5,96.875,93.75,18.75,3.125,6.25,3.125,53.125,100.0
2025,SEA,19,tied_early_down,162,strong,stable_team_sample,100.0,1.0,33.59375,33.984375,38.541666666666664,28.90625,37.28515625,37.28515625,close_to_baseline_run_pass_split,close_to_baseline_tempo,less_shotgun_than_baseline,less_efficient_than_baseline,0.4877,0.4983,-0.010599999999999998,0.5123,0.5017,0.010599999999999943,0.4877,0.4983,-0.010599999999999998,0.4198,0.6059,-0.1861,0.0617,0.0718,-0.010100000000000005,-0.0847,0.0018,-0.0865,0.4259,0.4418,-0.015900000000000025,0.1049,0.1285,-0.02360000000000001,0.0247,0.0219,0.0028000000000000004,0.037,0.0267,0.010299999999999997,18.75,87.5,9.375,18.75,18.75,32.8125,31.25,53.125,28.125,56.25,31.25,40.625,17.1875
2025,SEA,20,leading_early_down,391,strong,stable_team_sample,100.0,1.0,51.5625,55.46875,81.25,26.5625,56.9140625,56.9140625,close_to_baseline_run_pass_split,close_to_baseline_tempo,less_shotgun_than_baseline,close_to_baseline_efficiency,0.4118,0.4468,-0.034999999999999976,0.5882,0.5532,0.03499999999999992,0.4118,0.4468,-0.034999999999999976,0.3069,0.5755,-0.2686,0.0537,0.0709,-0.017200000000000007,0.0021,0.0115,-0.0094,0.4271,0.4235,0.003599999999999992,0.1611,0.1332,0.02789999999999998,0.0358,0.0206,0.015199999999999998,0.0256,0.0228,0.0028000000000000004,50.0,93.75,12.5,50.0,53.125,50.0,68.75,50.0,84.375,87.5,71.875,9.375,43.75
2025,SEA,21,trailing_early_down,227,strong,stable_team_sample,100.0,1.0,61.71875,92.96875,87.5,73.4375,76.484375,76.484375,close_to_baseline_run_pass_split,close_to_baseline_tempo,less_shotgun_than_baseline,more_efficient_than_baseline,0.5419,0.5899,-0.04799999999999993,0.4581,0.4101,0.04799999999999999,0.5419,0.5899,-0.04799999999999993,0.4626,0.7068,-0.24419999999999997,0.1542,0.15,0.004200000000000009,0.2105,-0.0058,0.2163,0.5419,0.438,0.10390000000000005,0.1718,0.1307,0.0411,0.0264,0.0281,-0.0017000000000000001,0.0088,0.0355,-0.026699999999999995,71.875,96.875,6.25,71.875,96.875,96.875,96.875,81.25,96.875,96.875,68.75,46.875,100.0
2025,SF,1,all_offense,1060,strong,stable_team_sample,100.0,1.0,46.09375,86.71875,44.791666666666664,70.3125,61.171875,61.171875,close_to_baseline_run_pass_split,slower_than_baseline,less_shotgun_than_baseline,more_efficient_than_baseline,0.5642,0.5737,-0.009499999999999953,0.4358,0.4263,0.009500000000000008,0.5642,0.5737,-0.009499999999999953,0.5415,0.6967,-0.1552,0.0368,0.1039,-0.0671,0.0891,-0.0054,0.0945,0.483,0.4345,0.04849999999999999,0.1264,0.1328,-0.006399999999999989,0.0255,0.0274,-0.0019000000000000024,0.0255,0.0401,-0.014599999999999998,15.625,81.25,71.875,15.625,84.375,90.625,96.875,75.0,43.75,56.25,34.375,53.125,87.5
2025,SF,2,early_down,829,strong,stable_team_sample,100.0,1.0,44.53125,72.65625,44.791666666666664,50.0,54.921875,54.921875,close_to_baseline_run_pass_split,slower_than_baseline,less_shotgun_than_baseline,more_efficient_than_baseline,0.5175,0.5246,-0.007099999999999995,0.4825,0.4754,0.007099999999999995,0.5175,0.5246,-0.007099999999999995,0.4644,0.6436,-0.17919999999999997,0.0422,0.1086,-0.0664,0.0316,0.0014,0.030200000000000005,0.4692,0.4339,0.0353,0.123,0.1311,-0.008099999999999996,0.0253,0.0244,0.000899999999999998,0.0229,0.0296,-0.006700000000000001,15.625,81.25,65.625,15.625,59.375,90.625,93.75,46.875,43.75,53.125,37.5,31.25,68.75
2025,SF,3,third_down,209,strong,stable_team_sample,100.0,1.0,41.015625,100.0,60.416666666666664,93.75,66.89453125,66.89453125,close_to_baseline_run_pass_split,slower_than_baseline,close_to_baseline_shotgun_usage,more_efficient_than_baseline,0.7464,0.7494,-0.0030000000000000027,0.2536,0.2506,0.0030000000000000027,0.7464,0.7494,-0.0030000000000000027,0.8517,0.8953,-0.04359999999999997,0.0144,0.0875,-0.0731,0.2845,-0.0507,0.3352,0.5263,0.4242,0.10209999999999997,0.1483,0.1404,0.00789999999999999,0.0191,0.0359,-0.016800000000000002,0.0383,0.0778,-0.03949999999999999,9.375,64.0625,81.25,9.375,100.0,100.0,100.0,100.0,68.75,65.625,46.875,96.875,90.625
2025,SF,4,fourth_down,22,thin,small_team_sample,55.0,0.75,45.703125,50.390625,25.0,50.78125,44.7421875,33.556640625,close_to_baseline_run_pass_split,slower_than_baseline,less_shotgun_than_baseline,more_efficient_than_baseline,0.5909,0.6225,-0.03160000000000007,0.4091,0.3775,0.03160000000000002,0.5909,0.6225,-0.03160000000000007,0.5,0.675,-0.17500000000000004,0.0455,0.0943,-0.048799999999999996,0.3971,0.1649,0.23220000000000002,0.5909,0.5443,0.046599999999999975,0.0455,0.1209,-0.0754,0.0909,0.0492,0.041699999999999994,0.0,0.0504,-0.0504,28.125,85.9375,40.625,28.125,62.5,68.75,62.5,7.8125,18.75,28.125,28.125,15.625,85.9375
2025,SF,5,short_yardage,108,strong,stable_team_sample,100.0,1.0,46.484375,78.125,65.625,96.09375,64.90234375,64.90234375,close_to_baseline_run_pass_split,slower_than_baseline,less_shotgun_than_baseline,more_efficient_than_baseline,0.3333,0.3476,-0.014300000000000035,0.6667,0.6524,0.01429999999999998,0.3333,0.3476,-0.014300000000000035,0.3704,0.5322,-0.1618,0.0556,0.1642,-0.10860000000000002,0.2202,0.0647,0.15550000000000003,0.6389,0.5961,0.04280000000000006,0.1019,0.0906,0.011300000000000004,0.0,0.0214,-0.0214,0.0,0.0229,-0.0229,12.5,71.875,89.0625,12.5,78.125,75.0,90.625,68.75,78.125,65.625,53.125,96.875,95.3125
2025,SF,6,red_zone,196,strong,stable_team_sample,100.0,1.0,45.3125,90.625,12.5,90.625,58.984375,58.984375,close_to_baseline_run_pass_split,slower_than_baseline,less_shotgun_than_baseline,more_efficient_than_baseline,0.4949,0.5029,-0.008000000000000007,0.5051,0.4971,0.008000000000000007,0.4949,0.5029,-0.008000000000000007,0.5153,0.6589,-0.14360000000000006,0.0153,0.0945,-0.0792,0.1946,-0.0022,0.1968,0.4643,0.4224,0.04189999999999999,0.0204,0.0512,-0.0308,0.0051,0.0258,-0.0207,0.0153,0.0328,-0.0175,12.5,75.0,81.25,12.5,100.0,84.375,93.75,84.375,6.25,3.125,28.125,96.875,84.375
2025,SF,7,goal_to_go,83,good,usable_team_sample,80.0,0.9,41.40625,77.34375,63.541666666666664,78.90625,59.390625,53.4515625,close_to_baseline_run_pass_split,slower_than_baseline,less_shotgun_than_baseline,more_efficient_than_baseline,0.4699,0.4757,-0.005800000000000027,0.5301,0.5243,0.005800000000000027,0.4699,0.4757,-0.005800000000000027,0.4578,0.611,-0.1532,0.012,0.0861,-0.0741,0.1892,0.0097,0.1795,0.506,0.438,0.068,0.012,0.0074,0.0046,0.012,0.0243,-0.012299999999999998,0.0,0.0306,-0.0306,9.375,68.75,78.125,9.375,78.125,84.375,75.0,71.875,65.625,43.75,81.25,71.875,85.9375
2025,SF,8,two_minute_half,126,strong,stable_team_sample,100.0,1.0,47.65625,63.28125,52.083333333333336,89.0625,58.984375,58.984375,close_to_baseline_run_pass_split,slower_than_baseline,less_shotgun_than_baseline,more_efficient_than_baseline,0.7698,0.7349,0.03490000000000004,0.2302,0.2651,-0.034900000000000014,0.7698,0.7349,0.03490000000000004,0.8175,0.8778,-0.06030000000000002,0.1032,0.1634,-0.06019999999999999,0.0961,0.0083,0.0878,0.4683,0.4231,0.04520000000000002,0.127,0.1271,-9.999999999998899e-05,0.0079,0.0356,-0.0277,0.0317,0.0516,-0.0199,34.375,56.25,65.625,34.375,75.0,71.875,93.75,12.5,50.0,53.125,53.125,100.0,78.125
2025,SF,9,two_minute_game,35,thin,small_team_sample,55.0,0.75,44.53125,51.5625,23.958333333333332,66.40625,45.9140625,34.435546875,more_run_heavy_than_baseline,close_to_baseline_tempo,less_shotgun_than_baseline,close_to_baseline_efficiency,0.6,0.6818,-0.08179999999999998,0.4,0.3182,0.08180000000000004,0.6,0.6818,-0.08179999999999998,0.6571,0.8173,-0.1602,0.1714,0.1726,-0.0012000000000000066,-0.0519,-0.06,0.008099999999999996,0.4286,0.3942,0.034399999999999986,0.0857,0.1268,-0.0411,0.0,0.0394,-0.0394,0.0571,0.0504,0.006699999999999998,48.4375,78.125,3.125,48.4375,40.625,59.375,68.75,37.5,9.375,9.375,53.125,89.0625,43.75
2025,SF,10,one_score,736,strong,stable_team_sample,100.0,1.0,42.1875,86.71875,41.145833333333336,70.3125,58.8671875,58.8671875,close_to_baseline_run_pass_split,slower_than_baseline,less_shotgun_than_baseline,more_efficient_than_baseline,0.5693,0.565,0.0043000000000000815,0.4307,0.435,-0.0042999999999999705,0.5693,0.565,0.0043000000000000815,0.5543,0.6859,-0.13159999999999994,0.0353,0.0863,-0.051000000000000004,0.1116,0.0035,0.1081,0.4905,0.4369,0.05359999999999998,0.1264,0.1332,-0.0068000000000000005,0.0245,0.0265,-0.0019999999999999983,0.0231,0.0381,-0.015000000000000003,12.5,78.125,65.625,12.5,84.375,93.75,96.875,71.875,40.625,42.1875,40.625,50.0,90.625
2025,SF,11,neutral_early_down,469,strong,stable_team_sample,100.0,1.0,62.5,65.234375,55.208333333333336,36.71875,61.38671875,61.38671875,close_to_baseline_run_pass_split,slower_than_baseline,less_shotgun_than_baseline,close_to_baseline_efficiency,0.5565,0.5215,0.03500000000000003,0.4435,0.4785,-0.034999999999999976,0.5565,0.5215,0.03500000000000003,0.4861,0.6282,-0.1421,0.0384,0.0855,-0.04710000000000001,0.0419,0.013,0.028900000000000002,0.4776,0.4391,0.038500000000000034,0.1386,0.1443,-0.005700000000000011,0.0299,0.0226,0.007300000000000001,0.0256,0.0278,-0.002199999999999997,56.25,75.0,62.5,56.25,53.125,90.625,87.5,29.6875,59.375,59.375,46.875,12.5,60.9375
2025,SF,12,tied,255,strong,stable_team_sample,100.0,1.0,33.59375,96.875,64.58333333333333,79.6875,61.9921875,61.9921875,close_to_baseline_run_pass_split,slower_than_baseline,less_shotgun_than_baseline,more_efficient_than_baseline,0.549,0.5522,-0.0031999999999999806,0.451,0.4478,0.003200000000000036,0.549,0.5522,-0.0031999999999999806,0.5412,0.6675,-0.12629999999999997,0.0314,0.0716,-0.0402,0.1368,-0.0028,0.1396,0.5216,0.4433,0.07829999999999993,0.1333,0.1307,0.002599999999999991,0.0157,0.0252,-0.009500000000000001,0.0235,0.0369,-0.013400000000000002,6.25,71.875,50.0,6.25,96.875,100.0,96.875,93.75,67.1875,40.625,85.9375,78.125,81.25
2025,SF,13,leading,442,strong,stable_team_sample,100.0,1.0,38.28125,68.75,11.458333333333334,64.0625,47.5390625,47.5390625,close_to_baseline_run_pass_split,slower_than_baseline,less_shotgun_than_baseline,more_efficient_than_baseline,0.4977,0.504,-0.006300000000000028,0.5023,0.496,0.006299999999999972,0.4977,0.504,-0.006300000000000028,0.4796,0.6358,-0.1562,0.0249,0.0687,-0.0438,0.0767,0.0162,0.060500000000000005,0.457,0.4269,0.030100000000000016,0.1041,0.1357,-0.03159999999999999,0.0249,0.0228,0.0020999999999999977,0.0204,0.0318,-0.0114,6.25,78.125,62.5,6.25,62.5,68.75,96.875,46.875,9.375,21.875,3.125,31.25,96.875
2025,SF,14,trailing,363,strong,stable_team_sample,100.0,1.0,60.9375,70.703125,63.541666666666664,54.6875,65.09765625,65.09765625,close_to_baseline_run_pass_split,slower_than_baseline,less_shotgun_than_baseline,more_efficient_than_baseline,0.6556,0.6309,0.024699999999999944,0.3444,0.3691,-0.0247,0.6556,0.6309,0.024699999999999944,0.6171,0.7508,-0.13370000000000004,0.0551,0.1414,-0.08629999999999999,0.0707,-0.0215,0.0922,0.4876,0.4364,0.05119999999999997,0.1488,0.1316,0.017199999999999993,0.0331,0.0315,0.0015999999999999973,0.0331,0.0472,-0.014100000000000001,46.875,75.0,75.0,46.875,71.875,81.25,82.8125,46.875,68.75,84.375,37.5,34.375,75.0
2025,SF,15,leading_one_score,272,strong,stable_team_sample,100.0,1.0,45.3125,76.5625,22.916666666666668,68.75,54.84375,54.84375,close_to_baseline_run_pass_split,slower_than_baseline,less_shotgun_than_baseline,more_efficient_than_baseline,0.5515,0.5341,0.01739999999999997,0.4485,0.4659,-0.01739999999999997,0.5515,0.5341,0.01739999999999997,0.5588,0.6624,-0.10360000000000003,0.0368,0.075,-0.0382,0.1319,0.0136,0.11829999999999999,0.4596,0.4278,0.031799999999999995,0.1103,0.1347,-0.02439999999999999,0.0257,0.0244,0.001299999999999999,0.011,0.0343,-0.023299999999999998,34.375,65.625,46.875,34.375,84.375,71.875,87.5,62.5,18.75,40.625,9.375,37.5,100.0
2025,SF,16,leading_two_plus_scores,170,strong,stable_team_sample,100.0,1.0,67.74193548387096,61.29032258064516,17.204301075268816,41.935483870967744,57.58064516129032,57.58064516129032,close_to_baseline_run_pass_split,slower_than_baseline,less_shotgun_than_baseline,less_efficient_than_baseline,0.4118,0.4563,-0.044499999999999984,0.5882,0.5437,0.044499999999999984,0.4118,0.4563,-0.044499999999999984,0.3529,0.5937,-0.24080000000000001,0.0059,0.0586,-0.0527,-0.0117,0.0204,-0.032100000000000004,0.4529,0.4256,0.027300000000000046,0.0941,0.1375,-0.04340000000000001,0.0235,0.0203,0.0032000000000000015,0.0353,0.0278,0.0075,51.61290322580645,93.54838709677419,74.19354838709677,51.61290322580645,38.70967741935484,80.64516129032258,87.09677419354838,38.70967741935484,9.67741935483871,22.58064516129032,19.35483870967742,41.935483870967744,41.935483870967744
2025,SF,17,trailing_one_score,209,strong,stable_team_sample,100.0,1.0,52.34375,60.15625,48.958333333333336,37.5,54.6875,54.6875,close_to_baseline_run_pass_split,slower_than_baseline,less_shotgun_than_baseline,more_efficient_than_baseline,0.6172,0.5968,0.020399999999999974,0.3828,0.4032,-0.02040000000000003,0.6172,0.5968,0.020399999999999974,0.5646,0.7163,-0.15170000000000006,0.0383,0.1048,-0.0665,0.0545,0.0002,0.0543,0.4928,0.4393,0.05349999999999999,0.1388,0.1338,0.0050000000000000044,0.0335,0.029,0.0045000000000000005,0.0383,0.0417,-0.0034000000000000002,28.125,84.375,68.75,28.125,59.375,81.25,68.75,31.25,50.0,50.0,46.875,28.125,46.875
2025,SF,18,trailing_two_plus_scores,154,strong,stable_team_sample,100.0,1.0,56.25,82.03125,72.91666666666667,70.3125,68.7890625,68.7890625,close_to_baseline_run_pass_split,slower_than_baseline,less_shotgun_than_baseline,more_efficient_than_baseline,0.7078,0.677,0.03079999999999994,0.2922,0.323,-0.030799999999999994,0.7078,0.677,0.03079999999999994,0.6883,0.7976,-0.10929999999999995,0.0779,0.1909,-0.11299999999999999,0.0925,-0.0509,0.1434,0.4805,0.4324,0.048099999999999976,0.1623,0.1286,0.03370000000000001,0.0325,0.0349,-0.0023999999999999994,0.026,0.0546,-0.028600000000000004,37.5,65.625,84.375,37.5,78.125,78.125,87.5,84.375,87.5,87.5,43.75,50.0,90.625
2025,SF,19,tied_early_down,201,strong,stable_team_sample,100.0,1.0,30.859375,88.28125,65.625,68.75,57.67578125,57.67578125,close_to_baseline_run_pass_split,slower_than_baseline,less_shotgun_than_baseline,more_efficient_than_baseline,0.5025,0.4983,0.004199999999999926,0.4975,0.5017,-0.004200000000000037,0.5025,0.4983,0.004199999999999926,0.4577,0.6059,-0.1482,0.0398,0.0718,-0.032,0.0756,0.0018,0.0738,0.5075,0.4418,0.06569999999999993,0.1294,0.1285,0.0008999999999999841,0.01,0.0219,-0.011899999999999999,0.0249,0.0267,-0.001800000000000003,9.375,70.3125,34.375,9.375,81.25,96.875,87.5,87.5,71.875,34.375,90.625,87.5,50.0
2025,SF,20,leading_early_down,343,strong,stable_team_sample,100.0,1.0,38.28125,45.3125,17.708333333333332,46.875,40.8984375,40.8984375,close_to_baseline_run_pass_split,slower_than_baseline,less_shotgun_than_baseline,less_efficient_than_baseline,0.4402,0.4468,-0.006599999999999995,0.5598,0.5532,0.006599999999999939,0.4402,0.4468,-0.006599999999999995,0.3878,0.5755,-0.18770000000000003,0.0292,0.0709,-0.0417,-0.0224,0.0115,-0.0339,0.4286,0.4235,0.005099999999999993,0.0991,0.1332,-0.03410000000000002,0.0262,0.0206,0.005600000000000001,0.0175,0.0228,-0.005299999999999999,9.375,75.0,59.375,9.375,28.125,53.125,71.875,28.125,18.75,28.125,6.25,25.0,68.75
2025,SF,21,trailing_early_down,285,strong,stable_team_sample,100.0,1.0,64.84375,75.0,62.5,39.0625,66.2109375,66.2109375,close_to_baseline_run_pass_split,slower_than_baseline,less_shotgun_than_baseline,more_efficient_than_baseline,0.6211,0.5899,0.031200000000000006,0.3789,0.4101,-0.031200000000000006,0.6211,0.5899,0.031200000000000006,0.5614,0.7068,-0.14539999999999997,0.0596,0.15,-0.0904,0.0655,-0.0058,0.0713,0.4912,0.438,0.053200000000000025,0.1474,0.1307,0.016699999999999993,0.0351,0.0281,0.006999999999999999,0.0281,0.0355,-0.007399999999999997,56.25,75.0,71.875,56.25,68.75,93.75,87.5,50.0,71.875,87.5,28.125,18.75,59.375
2025,TB,1,all_offense,1057,strong,stable_team_sample,100.0,1.0,32.03125,32.8125,32.8125,59.375,38.4765625,38.4765625,close_to_baseline_run_pass_split,slower_than_baseline,close_to_baseline_shotgun_usage,close_to_baseline_efficiency,0.5629,0.5737,-0.010800000000000032,0.4371,0.4263,0.010799999999999976,0.5629,0.5737,-0.010800000000000032,0.6556,0.6967,-0.041100000000000025,0.0624,0.1039,-0.04150000000000001,-0.0056,-0.0054,-0.00019999999999999966,0.4248,0.4345,-0.009699999999999986,0.122,0.1328,-0.010800000000000004,0.0246,0.0274,-0.0028000000000000004,0.036,0.0401,-0.0040999999999999995,21.875,34.375,50.0,21.875,43.75,28.125,21.875,37.5,25.0,28.125,45.3125,62.5,56.25
2025,TB,2,early_down,801,strong,stable_team_sample,100.0,1.0,25.0,34.765625,36.458333333333336,59.375,36.34765625,36.34765625,close_to_baseline_run_pass_split,slower_than_baseline,less_shotgun_than_baseline,close_to_baseline_efficiency,0.5256,0.5246,0.0010000000000000009,0.4744,0.4754,-0.0010000000000000009,0.5256,0.5246,0.0010000000000000009,0.588,0.6436,-0.05559999999999998,0.0649,0.1086,-0.0437,0.006,0.0014,0.0046,0.4145,0.4339,-0.01940000000000003,0.1186,0.1311,-0.012499999999999997,0.0225,0.0244,-0.0019000000000000024,0.0225,0.0296,-0.007100000000000002,3.125,40.625,53.125,3.125,40.625,20.3125,21.875,56.25,37.5,56.25,15.625,46.875,71.875
2025,TB,3,third_down,227,strong,stable_team_sample,100.0,1.0,53.90625,55.46875,59.375,50.0,57.03125,57.03125,more_run_heavy_than_baseline,slower_than_baseline,close_to_baseline_shotgun_usage,more_efficient_than_baseline,0.6872,0.7494,-0.06219999999999992,0.3128,0.2506,0.06220000000000003,0.6872,0.7494,-0.06219999999999992,0.8855,0.8953,-0.009800000000000031,0.0529,0.0875,-0.03459999999999999,0.0072,-0.0507,0.0579,0.4537,0.4242,0.02949999999999997,0.1454,0.1404,0.0050000000000000044,0.0308,0.0359,-0.0051,0.0793,0.0778,0.0015000000000000013,78.125,25.0,34.375,78.125,56.25,75.0,62.5,28.125,59.375,21.875,96.875,59.375,40.625
2025,TB,4,fourth_down,29,thin,small_team_sample,55.0,0.75,12.890625,23.046875,25.0,50.78125,23.140625,17.35546875,close_to_baseline_run_pass_split,slower_than_baseline,close_to_baseline_shotgun_usage,less_efficient_than_baseline,0.6207,0.6225,-0.0018000000000000238,0.3793,0.3775,0.0018000000000000238,0.6207,0.6225,-0.0018000000000000238,0.7241,0.675,0.04909999999999992,0.069,0.0943,-0.02529999999999999,-0.425,0.1649,-0.5899,0.4828,0.5443,-0.0615,0.0345,0.1209,-0.08639999999999999,0.0345,0.0492,-0.014699999999999998,0.069,0.0504,0.018600000000000005,3.125,29.6875,15.625,3.125,12.5,29.6875,18.75,31.25,7.8125,4.6875,62.5,67.1875,34.375
2025,TB,5,short_yardage,103,strong,stable_team_sample,100.0,1.0,23.4375,84.375,81.25,85.15625,57.34375,57.34375,close_to_baseline_run_pass_split,close_to_baseline_tempo,less_shotgun_than_baseline,more_efficient_than_baseline,0.3204,0.3476,-0.027200000000000002,0.6796,0.6524,0.027200000000000002,0.3204,0.3476,-0.027200000000000002,0.4466,0.5322,-0.08560000000000001,0.1553,0.1642,-0.008900000000000019,0.2993,0.0647,0.23460000000000003,0.6602,0.5961,0.06410000000000005,0.1165,0.0906,0.025900000000000006,0.0097,0.0214,-0.011699999999999999,0.0,0.0229,-0.0229,18.75,46.875,9.375,18.75,90.625,84.375,87.5,75.0,84.375,71.875,87.5,75.0,95.3125
2025,TB,6,red_zone,141,strong,stable_team_sample,100.0,1.0,35.9375,51.953125,90.625,56.25,53.37890625,53.37890625,close_to_baseline_run_pass_split,slower_than_baseline,close_to_baseline_shotgun_usage,close_to_baseline_efficiency,0.5461,0.5029,0.043200000000000016,0.4539,0.4971,-0.04319999999999996,0.5461,0.5029,0.043200000000000016,0.6454,0.6589,-0.013500000000000068,0.0496,0.0945,-0.0449,0.0227,-0.0022,0.024900000000000002,0.3972,0.4224,-0.0252,0.078,0.0512,0.026799999999999997,0.0213,0.0258,-0.0045000000000000005,0.0355,0.0328,0.002699999999999994,43.75,6.25,50.0,43.75,56.25,28.125,70.3125,53.125,93.75,84.375,93.75,71.875,40.625
2025,TB,7,goal_to_go,53,good,usable_team_sample,80.0,0.9,28.90625,48.828125,39.0625,46.09375,39.68359375,35.715234375,close_to_baseline_run_pass_split,close_to_baseline_tempo,less_shotgun_than_baseline,close_to_baseline_efficiency,0.4717,0.4757,-0.0040000000000000036,0.5283,0.5243,0.0040000000000000036,0.4717,0.4757,-0.0040000000000000036,0.3585,0.611,-0.2525,0.0943,0.0861,0.008199999999999999,0.0134,0.0097,0.0037,0.3774,0.438,-0.06059999999999999,0.0,0.0074,-0.0074,0.0189,0.0243,-0.0053999999999999986,0.0377,0.0306,0.007099999999999999,3.125,90.625,18.75,3.125,53.125,21.875,65.625,54.6875,32.8125,43.75,40.625,48.4375,43.75
2025,TB,8,two_minute_half,128,strong,stable_team_sample,100.0,1.0,38.28125,48.828125,40.625,23.4375,42.87109375,42.87109375,close_to_baseline_run_pass_split,slower_than_baseline,close_to_baseline_shotgun_usage,close_to_baseline_efficiency,0.7734,0.7349,0.03849999999999998,0.2266,0.2651,-0.038500000000000006,0.7734,0.7349,0.03849999999999998,0.8984,0.8778,0.02059999999999995,0.1094,0.1634,-0.05399999999999999,0.0286,0.0083,0.0203,0.4297,0.4231,0.00660000000000005,0.1172,0.1271,-0.009899999999999992,0.0469,0.0356,0.011299999999999998,0.0547,0.0516,0.0030999999999999986,37.5,18.75,59.375,37.5,53.125,51.5625,21.875,68.75,43.75,46.875,31.25,12.5,34.375
2025,TB,9,two_minute_game,56,good,usable_team_sample,80.0,0.9,28.515625,88.28125,72.91666666666667,57.03125,55.54296875,49.988671875,more_dropback_heavy_than_baseline,slower_than_baseline,close_to_baseline_shotgun_usage,more_efficient_than_baseline,0.75,0.6818,0.06820000000000004,0.25,0.3182,-0.06819999999999998,0.75,0.6818,0.06820000000000004,0.8571,0.8173,0.03979999999999995,0.1429,0.1726,-0.029700000000000004,0.1212,-0.06,0.1812,0.5,0.3942,0.1058,0.1607,0.1268,0.03390000000000001,0.0357,0.0394,-0.003699999999999995,0.0357,0.0504,-0.014699999999999998,34.375,15.625,29.6875,34.375,84.375,93.75,75.0,100.0,78.125,65.625,75.0,48.4375,65.625
2025,TB,10,one_score,791,strong,stable_team_sample,100.0,1.0,52.34375,50.78125,53.125,67.96875,56.015625,56.015625,close_to_baseline_run_pass_split,slower_than_baseline,less_shotgun_than_baseline,more_efficient_than_baseline,0.5247,0.565,-0.04029999999999989,0.4753,0.435,0.0403,0.5247,0.565,-0.04029999999999989,0.6321,0.6859,-0.05379999999999996,0.0569,0.0863,-0.029400000000000003,0.0463,0.0035,0.0428,0.4425,0.4369,0.005599999999999994,0.1315,0.1332,-0.001700000000000007,0.0177,0.0265,-0.008799999999999999,0.0341,0.0381,-0.0040000000000000036,68.75,37.5,34.375,68.75,65.625,46.875,40.625,50.0,50.0,53.125,56.25,82.8125,53.125
2025,TB,11,neutral_early_down,502,strong,stable_team_sample,100.0,1.0,40.625,41.015625,27.083333333333332,71.875,44.78515625,44.78515625,close_to_baseline_run_pass_split,slower_than_baseline,less_shotgun_than_baseline,close_to_baseline_efficiency,0.49,0.5215,-0.03149999999999997,0.51,0.4785,0.03150000000000003,0.49,0.5215,-0.03149999999999997,0.5558,0.6282,-0.07240000000000002,0.0438,0.0855,-0.04170000000000001,0.0264,0.013,0.0134,0.4323,0.4391,-0.006799999999999973,0.1215,0.1443,-0.022800000000000015,0.0159,0.0226,-0.006699999999999998,0.0239,0.0278,-0.0038999999999999972,40.625,34.375,46.875,40.625,50.0,37.5,25.0,51.5625,28.125,50.0,3.125,75.0,68.75
2025,TB,12,tied,215,strong,stable_team_sample,100.0,1.0,42.1875,56.25,64.58333333333333,78.125,55.546875,55.546875,close_to_baseline_run_pass_split,slower_than_baseline,less_shotgun_than_baseline,more_efficient_than_baseline,0.5256,0.5522,-0.026600000000000068,0.4744,0.4478,0.026600000000000013,0.5256,0.5522,-0.026600000000000068,0.5814,0.6675,-0.08609999999999995,0.0465,0.0716,-0.025099999999999997,0.0506,-0.0028,0.053399999999999996,0.4419,0.4433,-0.0014000000000000123,0.1349,0.1307,0.0041999999999999815,0.0093,0.0252,-0.0159,0.0326,0.0369,-0.004300000000000005,50.0,46.875,21.875,50.0,68.75,53.125,65.625,37.5,75.0,75.0,43.75,93.75,62.5
2025,TB,13,leading,343,strong,stable_team_sample,100.0,1.0,38.28125,14.0625,22.916666666666668,28.125,31.9921875,31.9921875,close_to_baseline_run_pass_split,slower_than_baseline,close_to_baseline_shotgun_usage,less_efficient_than_baseline,0.4752,0.504,-0.028799999999999992,0.5248,0.496,0.028800000000000048,0.4752,0.504,-0.028799999999999992,0.5948,0.6358,-0.041000000000000036,0.035,0.0687,-0.033699999999999994,-0.1047,0.0162,-0.12090000000000001,0.3761,0.4269,-0.05080000000000001,0.1137,0.1357,-0.021999999999999992,0.0262,0.0228,0.0034000000000000002,0.0408,0.0318,0.009000000000000001,43.75,21.875,43.75,43.75,15.625,15.625,15.625,9.375,18.75,9.375,40.625,28.125,28.125
2025,TB,14,trailing,499,strong,stable_team_sample,100.0,1.0,27.34375,65.625,29.166666666666668,55.46875,43.6328125,43.6328125,close_to_baseline_run_pass_split,slower_than_baseline,close_to_baseline_shotgun_usage,more_efficient_than_baseline,0.6393,0.6309,0.008399999999999963,0.3607,0.3691,-0.008399999999999963,0.6393,0.6309,0.008399999999999963,0.7295,0.7508,-0.021299999999999986,0.0882,0.1414,-0.0532,0.0384,-0.0215,0.059899999999999995,0.4509,0.4364,0.014500000000000013,0.1222,0.1316,-0.009399999999999992,0.0301,0.0315,-0.001400000000000002,0.0341,0.0472,-0.0131,18.75,25.0,46.875,18.75,65.625,59.375,56.25,81.25,25.0,28.125,34.375,42.1875,68.75
2025,TB,15,leading_one_score,285,strong,stable_team_sample,100.0,1.0,53.90625,20.3125,33.333333333333336,25.0,41.8359375,41.8359375,more_run_heavy_than_baseline,slower_than_baseline,less_shotgun_than_baseline,less_efficient_than_baseline,0.4737,0.5341,-0.06040000000000001,0.5263,0.4659,0.06040000000000001,0.4737,0.5341,-0.06040000000000001,0.6,0.6624,-0.06240000000000001,0.0421,0.075,-0.0329,-0.094,0.0136,-0.1076,0.3895,0.4278,-0.0383,0.1193,0.1347,-0.015399999999999983,0.0281,0.0244,0.0036999999999999984,0.0491,0.0343,0.0148,78.125,21.875,37.5,78.125,15.625,31.25,15.625,18.75,25.0,18.75,56.25,31.25,18.75
2025,TB,16,leading_two_plus_scores,58,good,usable_team_sample,80.0,0.9,44.35483870967742,11.290322580645162,13.978494623655914,75.80645161290323,36.45967741935485,32.81370967741936,close_to_baseline_run_pass_split,slower_than_baseline,close_to_baseline_shotgun_usage,less_efficient_than_baseline,0.4828,0.4563,0.026500000000000024,0.5172,0.5437,-0.026499999999999968,0.4828,0.4563,0.026500000000000024,0.569,0.5937,-0.024700000000000055,0.0,0.0586,-0.0586,-0.1568,0.0204,-0.1772,0.3103,0.4256,-0.11529999999999996,0.0862,0.1375,-0.05130000000000001,0.0172,0.0203,-0.0030999999999999986,0.0,0.0278,-0.0278,35.483870967741936,22.58064516129032,83.87096774193549,35.483870967741936,19.35483870967742,6.451612903225806,16.129032258064516,3.225806451612903,6.451612903225806,9.67741935483871,25.806451612903224,54.83870967741935,96.7741935483871
2025,TB,17,trailing_one_score,291,strong,stable_team_sample,100.0,1.0,30.078125,88.671875,58.333333333333336,92.1875,58.671875,58.671875,close_to_baseline_run_pass_split,slower_than_baseline,close_to_baseline_shotgun_usage,more_efficient_than_baseline,0.5739,0.5968,-0.02290000000000003,0.4261,0.4032,0.022899999999999976,0.5739,0.5968,-0.02290000000000003,0.701,0.7163,-0.015300000000000091,0.079,0.1048,-0.025800000000000003,0.1807,0.0002,0.1805,0.4948,0.4393,0.055499999999999994,0.1409,0.1338,0.007099999999999995,0.0137,0.029,-0.015300000000000001,0.0206,0.0417,-0.0211,39.0625,10.9375,31.25,39.0625,90.625,87.5,82.8125,93.75,62.5,56.25,56.25,96.875,87.5
2025,TB,18,trailing_two_plus_scores,208,strong,stable_team_sample,100.0,1.0,56.25,19.53125,21.875,26.5625,41.1328125,41.1328125,more_dropback_heavy_than_baseline,slower_than_baseline,close_to_baseline_shotgun_usage,less_efficient_than_baseline,0.7308,0.677,0.05379999999999996,0.2692,0.323,-0.053800000000000014,0.7308,0.677,0.05379999999999996,0.7692,0.7976,-0.02839999999999998,0.101,0.1909,-0.08989999999999998,-0.1608,-0.0509,-0.1099,0.3894,0.4324,-0.04299999999999998,0.0962,0.1286,-0.0324,0.0529,0.0349,0.018000000000000002,0.0529,0.0546,-0.0017000000000000001,65.625,21.875,71.875,65.625,25.0,12.5,12.5,28.125,15.625,18.75,31.25,15.625,37.5
2025,TB,19,tied_early_down,165,strong,stable_team_sample,100.0,1.0,38.28125,64.0625,48.4375,68.75,52.3828125,52.3828125,close_to_baseline_run_pass_split,slower_than_baseline,less_shotgun_than_baseline,more_efficient_than_baseline,0.5091,0.4983,0.010799999999999976,0.4909,0.5017,-0.010800000000000032,0.5091,0.4983,0.010799999999999976,0.5212,0.6059,-0.0847,0.0303,0.0718,-0.0415,0.0846,0.0018,0.0828,0.4424,0.4418,0.0005999999999999894,0.1152,0.1285,-0.013300000000000006,0.0121,0.0219,-0.0098,0.0242,0.0267,-0.0025000000000000022,23.4375,46.875,59.375,23.4375,90.625,43.75,71.875,50.0,43.75,67.1875,34.375,84.375,53.125
2025,TB,20,leading_early_down,255,strong,stable_team_sample,100.0,1.0,50.0,16.40625,21.875,57.03125,40.5859375,40.5859375,close_to_baseline_run_pass_split,slower_than_baseline,less_shotgun_than_baseline,less_efficient_than_baseline,0.4039,0.4468,-0.042899999999999994,0.5961,0.5532,0.04289999999999994,0.4039,0.4468,-0.042899999999999994,0.502,0.5755,-0.07350000000000001,0.0392,0.0709,-0.031700000000000006,-0.072,0.0115,-0.08349999999999999,0.3686,0.4235,-0.054900000000000004,0.102,0.1332,-0.03120000000000002,0.0157,0.0206,-0.004900000000000002,0.0196,0.0228,-0.0032000000000000015,65.625,31.25,37.5,65.625,21.875,18.75,15.625,9.375,21.875,31.25,12.5,54.6875,59.375
2025,TB,21,trailing_early_down,381,strong,stable_team_sample,100.0,1.0,40.625,51.5625,44.791666666666664,51.5625,48.046875,48.046875,close_to_baseline_run_pass_split,slower_than_baseline,close_to_baseline_shotgun_usage,more_efficient_than_baseline,0.6142,0.5899,0.02429999999999999,0.3858,0.4101,-0.024300000000000044,0.6142,0.5899,0.02429999999999999,0.6745,0.7068,-0.032299999999999995,0.0971,0.15,-0.05289999999999999,0.0242,-0.0058,0.03,0.4331,0.438,-0.0049000000000000155,0.1312,0.1307,0.0005000000000000004,0.0315,0.0281,0.0034000000000000002,0.0236,0.0355,-0.011899999999999997,43.75,28.125,46.875,43.75,59.375,31.25,31.25,84.375,43.75,53.125,37.5,31.25,71.875
2025,TEN,1,all_offense,995,strong,stable_team_sample,100.0,1.0,47.65625,9.375,15.625,40.625,35.1953125,35.1953125,more_dropback_heavy_than_baseline,close_to_baseline_tempo,close_to_baseline_shotgun_usage,less_efficient_than_baseline,0.6261,0.5737,0.0524,0.3739,0.4263,-0.0524,0.6261,0.5737,0.0524,0.7286,0.6967,0.03190000000000004,0.1015,0.1039,-0.0023999999999999994,-0.1597,-0.0054,-0.15430000000000002,0.3739,0.4345,-0.06059999999999999,0.1085,0.1328,-0.024300000000000002,0.0231,0.0274,-0.004300000000000002,0.0563,0.0401,0.016200000000000006,81.25,25.0,3.125,81.25,9.375,6.25,6.25,15.625,15.625,9.375,21.875,68.75,12.5
2025,TEN,2,early_down,728,strong,stable_team_sample,100.0,1.0,41.40625,10.9375,10.416666666666666,47.65625,32.6953125,32.6953125,close_to_baseline_run_pass_split,close_to_baseline_tempo,close_to_baseline_shotgun_usage,less_efficient_than_baseline,0.5701,0.5246,0.045500000000000096,0.4299,0.4754,-0.045499999999999985,0.5701,0.5246,0.045500000000000096,0.6758,0.6436,0.032200000000000006,0.1168,0.1086,0.008199999999999999,-0.093,0.0014,-0.0944,0.3791,0.4339,-0.054800000000000015,0.0975,0.1311,-0.03359999999999999,0.0206,0.0244,-0.0038000000000000013,0.0343,0.0296,0.004699999999999996,71.875,12.5,9.375,71.875,9.375,9.375,6.25,18.75,3.125,6.25,21.875,65.625,29.6875
2025,TEN,3,third_down,232,strong,stable_team_sample,100.0,1.0,38.28125,6.25,59.895833333333336,45.3125,37.3046875,37.3046875,close_to_baseline_run_pass_split,slower_than_baseline,close_to_baseline_shotgun_usage,less_efficient_than_baseline,0.7802,0.7494,0.03080000000000005,0.2198,0.2506,-0.030799999999999994,0.7802,0.7494,0.03080000000000005,0.9009,0.8953,0.005600000000000049,0.0517,0.0875,-0.03579999999999999,-0.3658,-0.0507,-0.3151,0.3491,0.4242,-0.0751,0.1466,0.1404,0.006200000000000011,0.0259,0.0359,-0.010000000000000002,0.1164,0.0778,0.03860000000000001,50.0,15.625,37.5,50.0,6.25,6.25,3.125,9.375,62.5,59.375,57.8125,78.125,12.5
2025,TEN,4,fourth_down,35,thin,small_team_sample,55.0,0.75,46.875,26.171875,39.583333333333336,29.6875,39.29296875,29.4697265625,more_dropback_heavy_than_baseline,faster_than_baseline,close_to_baseline_shotgun_usage,less_efficient_than_baseline,0.7714,0.6225,0.14889999999999992,0.2286,0.3775,-0.1489,0.7714,0.6225,0.14889999999999992,0.6857,0.675,0.010699999999999932,0.1143,0.0943,0.020000000000000004,-0.1793,0.1649,-0.34419999999999995,0.4286,0.5443,-0.11570000000000003,0.0857,0.1209,-0.035199999999999995,0.0571,0.0492,0.007899999999999997,0.1143,0.0504,0.0639,84.375,9.375,9.375,84.375,25.0,10.9375,21.875,46.875,40.625,50.0,28.125,43.75,15.625
2025,TEN,5,short_yardage,86,good,usable_team_sample,80.0,0.9,35.546875,35.9375,22.916666666666668,46.875,37.10546875,33.394921875,close_to_baseline_run_pass_split,faster_than_baseline,less_shotgun_than_baseline,less_efficient_than_baseline,0.3953,0.3476,0.047699999999999965,0.6047,0.6524,-0.047699999999999965,0.3953,0.3476,0.047699999999999965,0.4651,0.5322,-0.06709999999999999,0.186,0.1642,0.021799999999999986,-0.0331,0.0647,-0.0978,0.5698,0.5961,-0.02629999999999999,0.0581,0.0906,-0.0325,0.0116,0.0214,-0.0098,0.0233,0.0229,0.00040000000000000105,43.75,31.25,23.4375,43.75,31.25,43.75,15.625,53.125,12.5,28.125,28.125,65.625,28.125
2025,TEN,6,red_zone,101,strong,stable_team_sample,100.0,1.0,45.3125,66.40625,23.958333333333332,46.875,50.2734375,50.2734375,more_dropback_heavy_than_baseline,faster_than_baseline,close_to_baseline_shotgun_usage,more_efficient_than_baseline,0.5842,0.5029,0.08130000000000004,0.4158,0.4971,-0.08129999999999998,0.5842,0.5029,0.08130000000000004,0.6733,0.6589,0.014399999999999968,0.1188,0.0945,0.024300000000000002,0.0789,-0.0022,0.08109999999999999,0.4554,0.4224,0.03300000000000003,0.0297,0.0512,-0.021500000000000002,0.0198,0.0258,-0.005999999999999998,0.0495,0.0328,0.0167,75.0,9.375,21.875,75.0,81.25,71.875,62.5,50.0,18.75,15.625,37.5,75.0,18.75
2025,TEN,7,goal_to_go,53,good,usable_team_sample,80.0,0.9,39.84375,55.078125,39.0625,28.90625,44.44921875,40.004296875,more_dropback_heavy_than_baseline,slower_than_baseline,close_to_baseline_shotgun_usage,close_to_baseline_efficiency,0.5283,0.4757,0.05259999999999998,0.4717,0.5243,-0.05259999999999998,0.5283,0.4757,0.05259999999999998,0.6226,0.611,0.011600000000000055,0.0566,0.0861,-0.0295,0.0239,0.0097,0.0142,0.434,0.438,-0.0040000000000000036,0.0,0.0074,-0.0074,0.0189,0.0243,-0.0053999999999999986,0.0755,0.0306,0.044899999999999995,50.0,15.625,43.75,50.0,62.5,56.25,46.875,54.6875,32.8125,43.75,40.625,48.4375,9.375
2025,TEN,8,two_minute_half,133,strong,stable_team_sample,100.0,1.0,21.875,27.34375,21.875,43.75,29.3359375,29.3359375,close_to_baseline_run_pass_split,close_to_baseline_tempo,close_to_baseline_shotgun_usage,close_to_baseline_efficiency,0.7143,0.7349,-0.02059999999999995,0.2857,0.2651,0.020600000000000007,0.7143,0.7349,-0.02059999999999995,0.8571,0.8778,-0.02070000000000005,0.1729,0.1634,0.009500000000000008,-0.0191,0.0083,-0.0274,0.391,0.4231,-0.03209999999999996,0.0977,0.1271,-0.029399999999999996,0.0376,0.0356,0.0020000000000000018,0.0451,0.0516,-0.006499999999999999,18.75,21.875,28.125,18.75,40.625,25.0,18.75,25.0,9.375,9.375,46.875,40.625,46.875
2025,TEN,9,two_minute_game,46,thin,small_team_sample,55.0,0.75,31.25,72.265625,51.5625,37.5,46.36328125,34.7724609375,more_dropback_heavy_than_baseline,faster_than_baseline,close_to_baseline_shotgun_usage,more_efficient_than_baseline,0.7391,0.6818,0.05730000000000002,0.2609,0.3182,-0.05729999999999996,0.7391,0.6818,0.05730000000000002,0.8261,0.8173,0.008799999999999919,0.2391,0.1726,0.0665,0.1388,-0.06,0.1988,0.4783,0.3942,0.08410000000000001,0.1304,0.1268,0.003599999999999992,0.0652,0.0394,0.025799999999999997,0.0435,0.0504,-0.006900000000000003,28.125,3.125,65.625,28.125,90.625,90.625,53.125,54.6875,46.875,73.4375,34.375,17.1875,57.8125
2025,TEN,10,one_score,558,strong,stable_team_sample,100.0,1.0,17.1875,7.421875,27.604166666666668,42.1875,22.94921875,22.94921875,close_to_baseline_run_pass_split,slower_than_baseline,close_to_baseline_shotgun_usage,less_efficient_than_baseline,0.5699,0.565,0.0049000000000000155,0.4301,0.435,-0.0049000000000000155,0.5699,0.565,0.0049000000000000155,0.681,0.6859,-0.004899999999999904,0.0573,0.0863,-0.029000000000000005,-0.1425,0.0035,-0.146,0.3513,0.4369,-0.08560000000000001,0.1165,0.1332,-0.016700000000000007,0.0215,0.0265,-0.005000000000000001,0.0538,0.0381,0.0157,15.625,6.25,31.25,15.625,12.5,3.125,6.25,7.8125,26.5625,12.5,43.75,65.625,18.75
2025,TEN,11,neutral_early_down,362,strong,stable_team_sample,100.0,1.0,43.75,10.15625,27.083333333333332,64.0625,37.6953125,37.6953125,close_to_baseline_run_pass_split,slower_than_baseline,close_to_baseline_shotgun_usage,less_efficient_than_baseline,0.4751,0.5215,-0.04639999999999994,0.5249,0.4785,0.04640000000000005,0.4751,0.5215,-0.04639999999999994,0.6133,0.6282,-0.014900000000000024,0.0552,0.0855,-0.030300000000000007,-0.091,0.013,-0.104,0.3425,0.4391,-0.09659999999999996,0.1077,0.1443,-0.03660000000000001,0.0138,0.0226,-0.008799999999999999,0.0304,0.0278,0.0026000000000000016,65.625,12.5,31.25,65.625,12.5,3.125,3.125,21.875,6.25,6.25,68.75,87.5,40.625
2025,TEN,12,tied,173,strong,stable_team_sample,100.0,1.0,28.125,17.1875,67.70833333333333,49.21875,37.03125,37.03125,close_to_baseline_run_pass_split,slower_than_baseline,close_to_baseline_shotgun_usage,less_efficient_than_baseline,0.5434,0.5522,-0.00880000000000003,0.4566,0.4478,0.00880000000000003,0.5434,0.5522,-0.00880000000000003,0.6301,0.6675,-0.03739999999999999,0.0347,0.0716,-0.036899999999999995,-0.1179,-0.0028,-0.11510000000000001,0.3757,0.4433,-0.06760000000000005,0.1387,0.1307,0.00799999999999998,0.0173,0.0252,-0.0079,0.0405,0.0369,0.003599999999999999,21.875,25.0,43.75,21.875,12.5,15.625,28.125,12.5,78.125,84.375,40.625,68.75,29.6875
2025,TEN,13,leading,154,strong,stable_team_sample,100.0,1.0,21.484375,28.125,8.333333333333334,60.9375,29.04296875,29.04296875,close_to_baseline_run_pass_split,slower_than_baseline,close_to_baseline_shotgun_usage,less_efficient_than_baseline,0.4935,0.504,-0.01050000000000001,0.5065,0.496,0.010499999999999954,0.4935,0.504,-0.01050000000000001,0.5909,0.6358,-0.04490000000000005,0.0455,0.0687,-0.0232,-0.0745,0.0162,-0.0907,0.3506,0.4269,-0.07629999999999998,0.0974,0.1357,-0.03829999999999999,0.0195,0.0228,-0.003300000000000001,0.026,0.0318,-0.005800000000000003,18.75,25.0,23.4375,18.75,18.75,12.5,12.5,68.75,6.25,12.5,6.25,46.875,75.0
2025,TEN,14,trailing,668,strong,stable_team_sample,100.0,1.0,48.4375,6.25,19.791666666666668,39.0625,35.234375,35.234375,close_to_baseline_run_pass_split,close_to_baseline_tempo,close_to_baseline_shotgun_usage,less_efficient_than_baseline,0.6781,0.6309,0.04720000000000002,0.3219,0.3691,-0.047199999999999964,0.6781,0.6309,0.04720000000000002,0.7859,0.7508,0.03510000000000002,0.1317,0.1414,-0.009699999999999986,-0.1901,-0.0215,-0.1686,0.3787,0.4364,-0.05770000000000003,0.1033,0.1316,-0.028299999999999992,0.0254,0.0315,-0.006100000000000001,0.0674,0.0472,0.020200000000000003,75.0,34.375,9.375,75.0,6.25,6.25,3.125,9.375,12.5,6.25,40.625,62.5,15.625
2025,TEN,15,leading_one_score,131,strong,stable_team_sample,100.0,1.0,16.40625,31.25,6.25,71.875,28.3203125,28.3203125,close_to_baseline_run_pass_split,slower_than_baseline,less_shotgun_than_baseline,close_to_baseline_efficiency,0.5267,0.5341,-0.007400000000000073,0.4733,0.4659,0.007400000000000018,0.5267,0.5341,-0.007400000000000073,0.6031,0.6624,-0.05930000000000002,0.0458,0.075,-0.029199999999999997,-0.0152,0.0136,-0.0288,0.3435,0.4278,-0.08429999999999999,0.084,0.1347,-0.05069999999999998,0.0153,0.0244,-0.009100000000000002,0.0229,0.0343,-0.011399999999999997,9.375,18.75,28.125,9.375,31.25,12.5,12.5,68.75,3.125,9.375,6.25,56.25,87.5
2025,TEN,16,leading_two_plus_scores,23,thin,small_team_sample,55.0,0.75,61.29032258064517,25.403225806451612,89.24731182795699,16.129032258064516,51.68145161290323,38.76108870967742,more_run_heavy_than_baseline,close_to_baseline_tempo,less_shotgun_than_baseline,less_efficient_than_baseline,0.3043,0.4563,-0.15199999999999997,0.6957,0.5437,0.15200000000000002,0.3043,0.4563,-0.15199999999999997,0.5217,0.5937,-0.07199999999999995,0.0435,0.0586,-0.015100000000000002,-0.4126,0.0204,-0.43300000000000005,0.3913,0.4256,-0.0343,0.1739,0.1375,0.03639999999999999,0.0435,0.0203,0.0232,0.0435,0.0278,0.0157,96.7741935483871,41.935483870967744,9.67741935483871,96.7741935483871,3.225806451612903,25.806451612903224,11.29032258064516,61.29032258064516,96.7741935483871,87.09677419354838,83.87096774193549,6.451612903225806,25.806451612903224
2025,TEN,17,trailing_one_score,254,strong,stable_team_sample,100.0,1.0,27.34375,3.90625,39.0625,23.4375,26.484375,26.484375,close_to_baseline_run_pass_split,slower_than_baseline,close_to_baseline_shotgun_usage,less_efficient_than_baseline,0.6102,0.5968,0.013399999999999967,0.3898,0.4032,-0.013400000000000023,0.6102,0.5968,0.013399999999999967,0.7559,0.7163,0.03959999999999997,0.0787,0.1048,-0.026099999999999998,-0.225,0.0002,-0.2252,0.3386,0.4393,-0.10070000000000001,0.1181,0.1338,-0.015700000000000006,0.0276,0.029,-0.001400000000000002,0.0787,0.0417,0.037000000000000005,18.75,37.5,34.375,18.75,6.25,3.125,3.125,3.125,20.3125,12.5,84.375,40.625,6.25
2025,TEN,18,trailing_two_plus_scores,414,strong,stable_team_sample,100.0,1.0,34.375,16.40625,19.791666666666668,48.4375,32.3828125,32.3828125,close_to_baseline_run_pass_split,slower_than_baseline,close_to_baseline_shotgun_usage,less_efficient_than_baseline,0.7198,0.677,0.04279999999999995,0.2802,0.323,-0.042800000000000005,0.7198,0.677,0.04279999999999995,0.8043,0.7976,0.006700000000000039,0.1643,0.1909,-0.026599999999999985,-0.1688,-0.0509,-0.1179,0.4034,0.4324,-0.029000000000000026,0.0942,0.1286,-0.034399999999999986,0.0242,0.0349,-0.010700000000000001,0.0604,0.0546,0.0058,54.6875,9.375,18.75,54.6875,18.75,21.875,9.375,15.625,12.5,12.5,34.375,78.125,18.75
2025,TEN,19,tied_early_down,132,strong,stable_team_sample,100.0,1.0,46.875,34.375,65.10416666666667,65.625,51.015625,51.015625,more_run_heavy_than_baseline,slower_than_baseline,close_to_baseline_shotgun_usage,close_to_baseline_efficiency,0.447,0.4983,-0.05130000000000001,0.553,0.5017,0.05130000000000001,0.447,0.4983,-0.05130000000000001,0.5682,0.6059,-0.037699999999999956,0.0379,0.0718,-0.0339,-0.0113,0.0018,-0.013099999999999999,0.3864,0.4418,-0.055400000000000005,0.1288,0.1285,0.0002999999999999947,0.0152,0.0219,-0.006699999999999999,0.0227,0.0267,-0.004,62.5,21.875,40.625,62.5,46.875,18.75,46.875,25.0,67.1875,59.375,68.75,68.75,62.5
2025,TEN,20,leading_early_down,113,strong,stable_team_sample,100.0,1.0,48.4375,28.125,15.625,70.3125,43.203125,43.203125,close_to_baseline_run_pass_split,slower_than_baseline,less_shotgun_than_baseline,less_efficient_than_baseline,0.4071,0.4468,-0.03969999999999996,0.5929,0.5532,0.03969999999999996,0.4071,0.4468,-0.03969999999999996,0.5044,0.5755,-0.07110000000000005,0.0354,0.0709,-0.035500000000000004,-0.0795,0.0115,-0.091,0.3363,0.4235,-0.0872,0.0796,0.1332,-0.05360000000000001,0.0177,0.0206,-0.0029,0.0088,0.0228,-0.014,59.375,28.125,46.875,59.375,18.75,12.5,9.375,71.875,6.25,9.375,31.25,46.875,93.75
2025,TEN,21,trailing_early_down,483,strong,stable_team_sample,100.0,1.0,50.0,8.59375,8.333333333333334,41.40625,35.0390625,35.0390625,more_dropback_heavy_than_baseline,close_to_baseline_tempo,close_to_baseline_shotgun_usage,less_efficient_than_baseline,0.6418,0.5899,0.05190000000000006,0.3582,0.4101,-0.0519,0.6418,0.5899,0.05190000000000006,0.7453,0.7068,0.03849999999999998,0.1573,0.15,0.007300000000000001,-0.1185,-0.0058,-0.1127,0.3872,0.438,-0.05080000000000001,0.0932,0.1307,-0.037500000000000006,0.0228,0.0281,-0.005299999999999999,0.0435,0.0355,0.008,78.125,31.25,12.5,78.125,3.125,6.25,6.25,18.75,3.125,6.25,15.625,57.8125,25.0
2025,WAS,1,all_offense,972,strong,stable_team_sample,100.0,1.0,89.84375,56.25,68.75,32.03125,73.0078125,73.0078125,more_run_heavy_than_baseline,faster_than_baseline,more_shotgun_than_baseline,close_to_baseline_efficiency,0.5144,0.5737,-0.05930000000000002,0.4856,0.4263,0.059299999999999964,0.5144,0.5737,-0.05930000000000002,0.8848,0.6967,0.18810000000000004,0.6204,0.1039,0.5165,0.0072,-0.0054,0.0126,0.4568,0.4345,0.022299999999999986,0.1409,0.1328,0.008099999999999996,0.0319,0.0274,0.004499999999999997,0.0381,0.0401,-0.001999999999999995,84.375,90.625,100.0,84.375,46.875,71.875,53.125,53.125,68.75,43.75,93.75,17.1875,46.875
2025,WAS,2,early_down,759,strong,stable_team_sample,100.0,1.0,93.75,56.25,66.14583333333333,28.90625,74.0625,74.0625,more_run_heavy_than_baseline,faster_than_baseline,more_shotgun_than_baseline,more_efficient_than_baseline,0.4559,0.5246,-0.06869999999999993,0.5441,0.4754,0.06870000000000004,0.4559,0.5246,-0.06869999999999993,0.8682,0.6436,0.22460000000000002,0.6034,0.1086,0.4948,0.033,0.0014,0.0316,0.4598,0.4339,0.02589999999999998,0.141,0.1311,0.009899999999999992,0.0303,0.0244,0.005899999999999999,0.0329,0.0296,0.0032999999999999974,90.625,93.75,100.0,90.625,62.5,71.875,59.375,31.25,68.75,40.625,89.0625,18.75,39.0625
2025,WAS,3,third_down,187,strong,stable_team_sample,100.0,1.0,78.90625,45.3125,67.70833333333333,43.75,66.3671875,66.3671875,close_to_baseline_run_pass_split,faster_than_baseline,more_shotgun_than_baseline,less_efficient_than_baseline,0.7059,0.7494,-0.04349999999999998,0.2941,0.2506,0.04349999999999998,0.7059,0.7494,-0.04349999999999998,0.9572,0.8953,0.061900000000000066,0.6684,0.0875,0.5809,-0.1686,-0.0507,-0.1179,0.4225,0.4242,-0.0017000000000000348,0.1497,0.1404,0.009300000000000003,0.0374,0.0359,0.0015000000000000013,0.0642,0.0778,-0.013600000000000001,65.625,84.375,100.0,65.625,25.0,40.625,34.375,81.25,71.875,43.75,87.5,31.25,56.25
2025,WAS,4,fourth_down,26,thin,small_team_sample,55.0,0.75,92.1875,75.0,36.458333333333336,72.65625,75.71875,56.7890625,more_dropback_heavy_than_baseline,faster_than_baseline,more_shotgun_than_baseline,more_efficient_than_baseline,0.8462,0.6225,0.2236999999999999,0.1538,0.3775,-0.2237,0.8462,0.6225,0.2236999999999999,0.8462,0.675,0.1711999999999999,0.7692,0.0943,0.6749,0.5172,0.1649,0.3523,0.6154,0.5443,0.07109999999999994,0.0769,0.1209,-0.044,0.0385,0.0492,-0.010700000000000001,0.0,0.0504,-0.0504,93.75,81.25,100.0,93.75,65.625,78.125,75.0,81.25,37.5,43.75,28.125,59.375,85.9375
2025,WAS,5,short_yardage,100,strong,stable_team_sample,100.0,1.0,69.53125,24.21875,54.166666666666664,39.0625,54.375,54.375,close_to_baseline_run_pass_split,faster_than_baseline,more_shotgun_than_baseline,less_efficient_than_baseline,0.3,0.3476,-0.04760000000000003,0.7,0.6524,0.047599999999999976,0.3,0.3476,-0.04760000000000003,0.78,0.5322,0.24780000000000002,0.71,0.1642,0.5458,-0.1778,0.0647,-0.2425,0.55,0.5961,-0.04609999999999992,0.09,0.0906,-0.0006000000000000033,0.04,0.0214,0.018600000000000002,0.01,0.0229,-0.0129,40.625,96.875,100.0,40.625,15.625,28.125,12.5,40.625,53.125,18.75,90.625,10.9375,67.1875
2025,WAS,6,red_zone,151,strong,stable_team_sample,100.0,1.0,88.28125,80.078125,67.70833333333333,57.8125,80.68359375,80.68359375,more_run_heavy_than_baseline,faster_than_baseline,more_shotgun_than_baseline,more_efficient_than_baseline,0.3974,0.5029,-0.10550000000000004,0.6026,0.4971,0.10550000000000004,0.3974,0.5029,-0.10550000000000004,0.7947,0.6589,0.13579999999999992,0.5828,0.0945,0.48829999999999996,0.0738,-0.0022,0.076,0.4702,0.4224,0.04780000000000001,0.0662,0.0512,0.014999999999999993,0.0265,0.0258,0.0006999999999999992,0.0265,0.0328,-0.0063000000000000035,93.75,65.625,100.0,93.75,78.125,92.1875,75.0,75.0,81.25,21.875,100.0,56.25,59.375
2025,WAS,7,goal_to_go,63,good,usable_team_sample,80.0,0.9,74.21875,63.28125,73.4375,51.5625,69.390625,62.4515625,more_run_heavy_than_baseline,faster_than_baseline,more_shotgun_than_baseline,more_efficient_than_baseline,0.381,0.4757,-0.0947,0.619,0.5243,0.0947,0.381,0.4757,-0.0947,0.7143,0.611,0.10330000000000006,0.4603,0.0861,0.3742,0.1134,0.0097,0.1037,0.4762,0.438,0.03820000000000001,0.0159,0.0074,0.0085,0.0,0.0243,-0.0243,0.0635,0.0306,0.0329,68.75,59.375,100.0,68.75,71.875,68.75,53.125,59.375,82.8125,43.75,93.75,87.5,15.625
2025,WAS,8,two_minute_half,105,strong,stable_team_sample,100.0,1.0,75.0,67.1875,42.708333333333336,62.5,68.203125,68.203125,more_run_heavy_than_baseline,faster_than_baseline,more_shotgun_than_baseline,more_efficient_than_baseline,0.6762,0.7349,-0.058699999999999974,0.3238,0.2651,0.058699999999999974,0.6762,0.7349,-0.058699999999999974,0.9619,0.8778,0.08409999999999995,0.4952,0.1634,0.3318,0.0514,0.0083,0.0431,0.4762,0.4231,0.053100000000000036,0.1143,0.1271,-0.012799999999999992,0.0381,0.0356,0.0025000000000000022,0.0286,0.0516,-0.023,62.5,75.0,100.0,62.5,59.375,75.0,75.0,59.375,31.25,28.125,68.75,37.5,87.5
2025,WAS,9,two_minute_game,39,thin,small_team_sample,55.0,0.75,44.53125,69.53125,28.125,53.90625,49.78125,37.3359375,close_to_baseline_run_pass_split,faster_than_baseline,more_shotgun_than_baseline,more_efficient_than_baseline,0.641,0.6818,-0.04079999999999995,0.359,0.3182,0.0408,0.641,0.6818,-0.04079999999999995,0.9231,0.8173,0.1058,0.5128,0.1726,0.34020000000000006,0.0242,-0.06,0.0842,0.4615,0.3942,0.06730000000000003,0.1026,0.1268,-0.0242,0.0769,0.0394,0.0375,0.0,0.0504,-0.0504,15.625,46.875,100.0,15.625,62.5,84.375,59.375,71.875,18.75,53.125,12.5,12.5,95.3125
2025,WAS,10,one_score,551,strong,stable_team_sample,100.0,1.0,87.5,50.78125,81.25,51.5625,74.4140625,74.4140625,more_run_heavy_than_baseline,faster_than_baseline,more_shotgun_than_baseline,close_to_baseline_efficiency,0.5118,0.565,-0.053199999999999914,0.4882,0.435,0.053200000000000025,0.5118,0.565,-0.053199999999999914,0.8603,0.6859,0.1744,0.6152,0.0863,0.5288999999999999,0.0326,0.0035,0.029099999999999997,0.4519,0.4369,0.015000000000000013,0.1525,0.1332,0.019299999999999984,0.029,0.0265,0.0025000000000000022,0.029,0.0381,-0.0091,81.25,87.5,100.0,81.25,53.125,62.5,56.25,31.25,84.375,62.5,96.875,25.0,78.125
2025,WAS,11,neutral_early_down,352,strong,stable_team_sample,100.0,1.0,82.03125,51.953125,80.20833333333333,39.0625,70.83984375,70.83984375,close_to_baseline_run_pass_split,faster_than_baseline,more_shotgun_than_baseline,more_efficient_than_baseline,0.4744,0.5215,-0.047099999999999975,0.5256,0.4785,0.047099999999999975,0.4744,0.5215,-0.047099999999999975,0.875,0.6282,0.24680000000000002,0.6108,0.0855,0.5253,0.0452,0.013,0.0322,0.446,0.4391,0.006900000000000017,0.1733,0.1443,0.028999999999999998,0.0284,0.0226,0.005800000000000003,0.0256,0.0278,-0.002199999999999997,68.75,90.625,100.0,68.75,56.25,50.0,71.875,29.6875,81.25,68.75,90.625,17.1875,60.9375
2025,WAS,12,tied,136,strong,stable_team_sample,100.0,1.0,95.3125,78.125,86.45833333333333,65.625,86.953125,86.953125,more_run_heavy_than_baseline,faster_than_baseline,more_shotgun_than_baseline,more_efficient_than_baseline,0.4338,0.5522,-0.1184,0.5662,0.4478,0.11840000000000006,0.4338,0.5522,-0.1184,0.8162,0.6675,0.14870000000000005,0.5221,0.0716,0.4505,0.0727,-0.0028,0.0755,0.5147,0.4433,0.07140000000000002,0.1618,0.1307,0.03109999999999999,0.0294,0.0252,0.004199999999999999,0.0147,0.0369,-0.022200000000000004,100.0,81.25,100.0,100.0,78.125,96.875,75.0,62.5,93.75,71.875,93.75,37.5,93.75
2025,WAS,13,leading,205,strong,stable_team_sample,100.0,1.0,82.8125,53.125,87.5,26.5625,71.328125,71.328125,close_to_baseline_run_pass_split,faster_than_baseline,more_shotgun_than_baseline,close_to_baseline_efficiency,0.4683,0.504,-0.03570000000000001,0.5317,0.496,0.035699999999999954,0.4683,0.504,-0.03570000000000001,0.9171,0.6358,0.2813,0.5659,0.0687,0.4972,0.0132,0.0162,-0.002999999999999999,0.4537,0.4269,0.02679999999999999,0.1756,0.1357,0.03990000000000002,0.039,0.0228,0.0162,0.0341,0.0318,0.0022999999999999965,65.625,100.0,100.0,65.625,46.875,65.625,59.375,40.625,100.0,68.75,93.75,6.25,46.875
2025,WAS,14,trailing,631,strong,stable_team_sample,100.0,1.0,92.96875,46.484375,44.270833333333336,46.09375,69.70703125,69.70703125,more_run_heavy_than_baseline,faster_than_baseline,more_shotgun_than_baseline,close_to_baseline_efficiency,0.5468,0.6309,-0.08410000000000006,0.4532,0.3691,0.08410000000000001,0.5468,0.6309,-0.08410000000000006,0.8891,0.7508,0.13829999999999998,0.6593,0.1414,0.5179,-0.0089,-0.0215,0.012599999999999998,0.4453,0.4364,0.008899999999999963,0.1252,0.1316,-0.006399999999999989,0.0301,0.0315,-0.001400000000000002,0.0444,0.0472,-0.002799999999999997,96.875,78.125,100.0,96.875,50.0,56.25,37.5,42.1875,31.25,21.875,79.6875,42.1875,50.0
2025,WAS,15,leading_one_score,123,strong,stable_team_sample,100.0,1.0,82.03125,48.4375,84.375,32.8125,69.9609375,69.9609375,close_to_baseline_run_pass_split,faster_than_baseline,more_shotgun_than_baseline,close_to_baseline_efficiency,0.4878,0.5341,-0.04630000000000001,0.5122,0.4659,0.04630000000000001,0.4878,0.5341,-0.04630000000000001,0.9106,0.6624,0.24819999999999998,0.6016,0.075,0.5266000000000001,-0.0006,0.0136,-0.014199999999999999,0.4309,0.4278,0.0030999999999999917,0.1789,0.1347,0.04420000000000002,0.0407,0.0244,0.0163,0.0325,0.0343,-0.001799999999999996,67.1875,93.75,100.0,67.1875,43.75,50.0,46.875,53.125,96.875,59.375,96.875,9.375,56.25
2025,WAS,16,leading_two_plus_scores,82,good,usable_team_sample,80.0,0.9,62.903225806451616,66.12903225806451,86.02150537634408,27.41935483870968,64.48387096774195,58.03548387096776,close_to_baseline_run_pass_split,faster_than_baseline,more_shotgun_than_baseline,close_to_baseline_efficiency,0.439,0.4563,-0.017299999999999982,0.561,0.5437,0.017300000000000093,0.439,0.4563,-0.017299999999999982,0.9268,0.5937,0.33309999999999995,0.5122,0.0586,0.4536,0.0338,0.0204,0.013399999999999995,0.4878,0.4256,0.06220000000000003,0.1707,0.1375,0.03319999999999998,0.0366,0.0203,0.016300000000000002,0.0366,0.0278,0.008800000000000002,25.806451612903224,100.0,100.0,25.806451612903224,51.61290322580645,87.09677419354838,83.87096774193549,41.935483870967744,93.54838709677419,67.74193548387096,96.7741935483871,16.129032258064516,38.70967741935484
2025,WAS,17,trailing_one_score,292,strong,stable_team_sample,100.0,1.0,74.21875,44.140625,53.125,64.0625,63.80859375,63.80859375,close_to_baseline_run_pass_split,faster_than_baseline,more_shotgun_than_baseline,close_to_baseline_efficiency,0.5582,0.5968,-0.03859999999999997,0.4418,0.4032,0.03860000000000002,0.5582,0.5968,-0.03859999999999997,0.8596,0.7163,0.14329999999999998,0.6644,0.1048,0.5596,0.0278,0.0002,0.0276,0.4315,0.4393,-0.007800000000000029,0.137,0.1338,0.0032000000000000084,0.024,0.029,-0.005000000000000001,0.0342,0.0417,-0.0075,59.375,78.125,100.0,59.375,53.125,46.875,57.8125,18.75,43.75,34.375,81.25,62.5,65.625
2025,WAS,18,trailing_two_plus_scores,339,strong,stable_team_sample,100.0,1.0,93.359375,51.5625,37.5,34.375,68.96484375,68.96484375,more_run_heavy_than_baseline,faster_than_baseline,more_shotgun_than_baseline,close_to_baseline_efficiency,0.5369,0.677,-0.1401,0.4631,0.323,0.1401,0.5369,0.677,-0.1401,0.9145,0.7976,0.1169,0.6549,0.1909,0.4640000000000001,-0.0405,-0.0509,0.0104,0.4572,0.4324,0.02479999999999999,0.115,0.1286,-0.013599999999999987,0.0354,0.0349,0.0005000000000000004,0.0531,0.0546,-0.0015000000000000013,100.0,73.4375,100.0,100.0,46.875,62.5,21.875,75.0,28.125,21.875,62.5,34.375,34.375
2025,WAS,19,tied_early_down,104,strong,stable_team_sample,100.0,1.0,95.3125,66.015625,86.45833333333333,50.0,82.36328125,82.36328125,more_run_heavy_than_baseline,faster_than_baseline,more_shotgun_than_baseline,close_to_baseline_efficiency,0.375,0.4983,-0.12330000000000002,0.625,0.5017,0.12329999999999997,0.375,0.4983,-0.12330000000000002,0.7885,0.6059,0.18259999999999998,0.5096,0.0718,0.4378000000000001,0.0275,0.0018,0.0257,0.4904,0.4418,0.04859999999999998,0.1538,0.1285,0.02529999999999999,0.0385,0.0219,0.0166,0.0096,0.0267,-0.017100000000000004,100.0,81.25,100.0,100.0,62.5,84.375,54.6875,62.5,90.625,84.375,84.375,12.5,87.5
2025,WAS,20,leading_early_down,167,strong,stable_team_sample,100.0,1.0,78.125,67.96875,87.5,21.875,72.4609375,72.4609375,close_to_baseline_run_pass_split,faster_than_baseline,more_shotgun_than_baseline,more_efficient_than_baseline,0.4072,0.4468,-0.03959999999999997,0.5928,0.5532,0.03959999999999997,0.4072,0.4468,-0.03959999999999997,0.8982,0.5755,0.3227,0.5808,0.0709,0.5099,0.0858,0.0115,0.0743,0.4731,0.4235,0.04960000000000003,0.1856,0.1332,0.052399999999999974,0.0299,0.0206,0.0093,0.0299,0.0228,0.007099999999999999,56.25,100.0,100.0,56.25,71.875,81.25,84.375,34.375,96.875,68.75,96.875,12.5,31.25
2025,WAS,21,trailing_early_down,488,strong,stable_team_sample,100.0,1.0,91.40625,53.125,42.708333333333336,35.9375,69.4140625,69.4140625,more_run_heavy_than_baseline,faster_than_baseline,more_shotgun_than_baseline,close_to_baseline_efficiency,0.4898,0.5899,-0.10009999999999997,0.5102,0.4101,0.10009999999999997,0.4898,0.5899,-0.10009999999999997,0.875,0.7068,0.16820000000000002,0.6311,0.15,0.48109999999999997,0.0161,-0.0058,0.0219,0.4488,0.438,0.010799999999999976,0.123,0.1307,-0.007700000000000012,0.0287,0.0281,0.0005999999999999998,0.0389,0.0355,0.0034000000000000002,93.75,78.125,100.0,93.75,56.25,62.5,50.0,43.75,37.5,18.75,71.875,37.5,34.375
