profile_season,team,situation_order,situation_name,baseline_type,baseline_start_season,baseline_end_season,season_count,team_count,team_season_count,baseline_quality,team_play_count,team_sample_quality,sample_vs_baseline_context,team_meets_min_sample_50,team_meets_min_sample_20,meets_strong_team_sample,meets_usable_team_sample,dropback_rate_team,dropback_rate_baseline,dropback_rate_delta,dropback_rate_pct_delta,rush_rate_team,rush_rate_baseline,rush_rate_delta,rush_rate_pct_delta,pass_attempt_rate_team,pass_attempt_rate_baseline,pass_attempt_rate_delta,pass_attempt_rate_pct_delta,shotgun_rate_team,shotgun_rate_baseline,shotgun_rate_delta,shotgun_rate_pct_delta,no_huddle_rate_team,no_huddle_rate_baseline,no_huddle_rate_delta,no_huddle_rate_pct_delta,success_rate_team,success_rate_baseline,success_rate_delta,success_rate_pct_delta,first_down_rate_team,first_down_rate_baseline,first_down_rate_delta,first_down_rate_pct_delta,touchdown_rate_team,touchdown_rate_baseline,touchdown_rate_delta,touchdown_rate_pct_delta,turnover_rate_team,turnover_rate_baseline,turnover_rate_delta,turnover_rate_pct_delta,sack_rate_team,sack_rate_baseline,sack_rate_delta,sack_rate_pct_delta,explosive_play_rate_team,explosive_play_rate_baseline,explosive_play_rate_delta,explosive_play_rate_pct_delta,explosive_dropback_rate_team,explosive_dropback_rate_baseline,explosive_dropback_rate_delta,explosive_dropback_rate_pct_delta,explosive_run_rate_team,explosive_run_rate_baseline,explosive_run_rate_delta,explosive_run_rate_pct_delta,avg_yards_gained_team,avg_yards_gained_baseline,avg_yards_gained_delta,avg_yards_gained_pct_delta,avg_epa_team,avg_epa_baseline,avg_epa_delta,avg_epa_pct_delta,is_more_dropback_heavy,is_more_run_heavy,is_more_shotgun_heavy,is_more_no_huddle_heavy,is_more_efficient_epa,is_more_successful,is_more_explosive
2025,ARI,1,all_offense,league_multi_season,2023,2025,3,32,96,strong,1070,strong,stable_team_sample,1,1,1,1,0.6607,0.5737,0.08699999999999997,0.1516472023705769,0.3393,0.4263,-0.08700000000000002,-0.20408163265306126,0.6607,0.5737,0.08699999999999997,0.1516472023705769,0.7168,0.6967,0.020100000000000007,0.02885029424429454,0.1215,0.1039,0.01759999999999999,0.16939364773820972,0.4308,0.4345,-0.003699999999999981,-0.008515535097813534,0.2925,0.2932,-0.0007000000000000339,-0.0023874488403821076,0.0374,0.0402,-0.002799999999999997,-0.06965174129353226,0.0196,0.0274,-0.007800000000000001,-0.28467153284671537,0.0551,0.0401,0.015000000000000006,0.3740648379052371,0.129,0.1328,-0.003799999999999998,-0.028614457831325286,0.0963,0.0838,0.012499999999999997,0.1491646778042959,0.0327,0.049,-0.016300000000000002,-0.33265306122448984,5.1785,5.4305,-0.25200000000000067,-0.04640456679863745,-0.0169,-0.0054,-0.011499999999999998,-2.1296296296296293,1,0,1,1,0,0,0
2025,ARI,2,early_down,league_multi_season,2023,2025,3,32,96,strong,818,strong,stable_team_sample,1,1,1,1,0.632,0.5246,0.10740000000000005,0.2047274113610371,0.368,0.4754,-0.1074,-0.22591501893142615,0.632,0.5246,0.10740000000000005,0.2047274113610371,0.6687,0.6436,0.02510000000000001,0.038999378495960246,0.1333,0.1086,0.0247,0.2274401473296501,0.4267,0.4339,-0.007199999999999984,-0.016593685180917226,0.2518,0.2564,-0.004599999999999993,-0.01794071762870512,0.0342,0.0363,-0.0020999999999999977,-0.05785123966942143,0.0147,0.0244,-0.009700000000000002,-0.39754098360655743,0.0452,0.0296,0.015599999999999996,0.5270270270270269,0.1161,0.1311,-0.015,-0.11441647597254005,0.0844,0.0774,0.007000000000000006,0.0904392764857882,0.0318,0.0538,-0.022,-0.40892193308550184,5.0831,5.4816,-0.3985000000000003,-0.07269775248102749,0.0018,0.0014,0.00039999999999999996,0.2857142857142857,1,0,1,1,1,0,0
2025,ARI,3,third_down,league_multi_season,2023,2025,3,32,96,strong,224,strong,stable_team_sample,1,1,1,1,0.7545,0.7494,0.005099999999999993,0.006805444355484379,0.2455,0.2506,-0.005099999999999993,-0.02035115722266558,0.7545,0.7494,0.005099999999999993,0.006805444355484379,0.8884,0.8953,-0.006900000000000017,-0.00770691388361445,0.0893,0.0875,0.00180000000000001,0.020571428571428685,0.4464,0.4242,0.022199999999999998,0.05233380480905232,0.4241,0.3997,0.024399999999999977,0.06104578433825363,0.0446,0.0487,-0.0040999999999999995,-0.0841889117043121,0.0402,0.0359,0.004299999999999998,0.11977715877437321,0.0893,0.0778,0.01150000000000001,0.1478149100257071,0.1696,0.1404,0.029200000000000004,0.207977207977208,0.1295,0.107,0.022500000000000006,0.21028037383177575,0.0402,0.0333,0.006899999999999996,0.2072072072072071,5.5938,5.3482,0.2455999999999996,0.04592199244605654,-0.0652,-0.0507,-0.014499999999999992,-0.2859960552268243,1,0,0,1,0,1,1
2025,ARI,4,fourth_down,league_multi_season,2023,2025,3,32,96,good,28,thin,small_team_sample,0,1,0,0,0.75,0.6225,0.12749999999999995,0.20481927710843364,0.25,0.3775,-0.1275,-0.33774834437086093,0.75,0.6225,0.12749999999999995,0.20481927710843364,0.75,0.675,0.07499999999999996,0.11111111111111104,0.0357,0.0943,-0.05859999999999999,-0.6214209968186638,0.4286,0.5443,-0.11570000000000003,-0.21256659930185565,0.4286,0.5475,-0.1189,-0.21716894977168952,0.0714,0.0926,-0.021199999999999997,-0.22894168466522674,0.0,0.0492,-0.0492,-1.0,0.0714,0.0504,0.021000000000000005,0.41666666666666674,0.1786,0.1209,0.057700000000000015,0.47725392886683227,0.1786,0.0893,0.0893,1.0,0.0,0.0316,-0.0316,-1.0,4.6429,4.5242,0.11869999999999958,0.02623668272843808,-0.1766,0.1649,-0.3415,-2.070952092177077,1,0,1,0,0,0,1
2025,ARI,5,short_yardage,league_multi_season,2023,2025,3,32,96,strong,93,good,usable_team_sample,1,1,0,1,0.3118,0.3476,-0.0358,-0.10299194476409665,0.6882,0.6524,0.035800000000000054,0.054874310239117194,0.3118,0.3476,-0.0358,-0.10299194476409665,0.4839,0.5322,-0.04830000000000001,-0.09075535512965052,0.1828,0.1642,0.018599999999999978,0.11327649208282568,0.5591,0.5961,-0.03699999999999992,-0.06207012246267392,0.6559,0.6404,0.01550000000000007,0.02420362273579024,0.1075,0.1155,-0.008000000000000007,-0.06926406926406932,0.0108,0.0214,-0.010599999999999998,-0.49532710280373826,0.0215,0.0229,-0.001400000000000002,-0.06113537117903939,0.043,0.0906,-0.0476,-0.5253863134657837,0.0108,0.0453,-0.0345,-0.76158940397351,0.0323,0.0453,-0.012999999999999998,-0.28697571743929357,3.7204,3.8797,-0.1593,-0.041059875763589965,-0.0485,0.0647,-0.1132,-1.7496136012364762,0,1,0,1,0,0,0
2025,ARI,6,red_zone,league_multi_season,2023,2025,3,32,96,strong,165,strong,stable_team_sample,1,1,1,1,0.6909,0.5029,0.18799999999999994,0.37383177570093445,0.3091,0.4971,-0.188,-0.3781935224300946,0.6909,0.5029,0.18799999999999994,0.37383177570093445,0.8,0.6589,0.1411,0.21414478676582183,0.1273,0.0945,0.032799999999999996,0.34708994708994706,0.3879,0.4224,-0.034499999999999975,-0.08167613636363631,0.303,0.313,-0.010000000000000009,-0.03194888178913741,0.2061,0.1961,0.010000000000000009,0.050994390617032176,0.0303,0.0258,0.0045000000000000005,0.17441860465116282,0.0606,0.0328,0.0278,0.847560975609756,0.0727,0.0512,0.0215,0.41992187499999994,0.0606,0.0238,0.0368,1.5462184873949578,0.0121,0.0274,-0.015300000000000001,-0.5583941605839416,3.1455,3.0,0.14550000000000018,0.048500000000000064,-0.0824,-0.0022,-0.08020000000000001,-36.45454545454545,1,0,1,1,0,0,1
2025,ARI,7,goal_to_go,league_multi_season,2023,2025,3,32,96,strong,63,good,usable_team_sample,1,1,0,1,0.5873,0.4757,0.11160000000000003,0.23460163968887962,0.4127,0.5243,-0.11159999999999998,-0.21285523555216476,0.5873,0.4757,0.11160000000000003,0.23460163968887962,0.619,0.611,0.008000000000000007,0.013093289689034383,0.0794,0.0861,-0.006699999999999998,-0.07781649245063876,0.4127,0.438,-0.02529999999999999,-0.057762557077625544,0.3016,0.3303,-0.028700000000000003,-0.08689070541931579,0.3016,0.3289,-0.027300000000000046,-0.08300395256917009,0.0159,0.0243,-0.008399999999999998,-0.34567901234567894,0.0476,0.0306,0.017000000000000005,0.5555555555555557,0.0159,0.0074,0.0085,1.1486486486486487,0.0159,0.0033,0.0126,3.8181818181818183,0.0,0.0041,-0.0041,-1.0,1.7619,1.8044,-0.04249999999999998,-0.023553535801374408,-0.0632,0.0097,-0.0729,-7.515463917525774,1,0,1,0,0,0,1
2025,ARI,8,two_minute_half,league_multi_season,2023,2025,3,32,96,strong,128,strong,stable_team_sample,1,1,1,1,0.8203,0.7349,0.08540000000000003,0.11620628656960134,0.1797,0.2651,-0.0854,-0.32214258770275367,0.8203,0.7349,0.08540000000000003,0.11620628656960134,0.9297,0.8778,0.051899999999999946,0.05912508544087485,0.1719,0.1634,0.008500000000000008,0.0520195838433293,0.4297,0.4231,0.00660000000000005,0.015599149137319902,0.3203,0.3007,0.01959999999999995,0.06518124376454922,0.0469,0.0467,0.0001999999999999988,0.004282655246252651,0.0234,0.0356,-0.012199999999999999,-0.3426966292134831,0.0703,0.0516,0.0187,0.36240310077519383,0.1719,0.1271,0.044800000000000006,0.3524783634933124,0.1406,0.094,0.0466,0.4957446808510639,0.0313,0.0331,-0.001799999999999996,-0.05438066465256786,5.4375,5.26,0.1775000000000002,0.03374524714828901,0.0289,0.0083,0.0206,2.4819277108433737,1,0,1,1,1,1,1
2025,ARI,9,two_minute_game,league_multi_season,2023,2025,3,32,96,strong,40,thin,small_team_sample,0,1,0,0,0.925,0.6818,0.24320000000000008,0.35670284540921104,0.075,0.3182,-0.24319999999999997,-0.764299182903834,0.925,0.6818,0.24320000000000008,0.35670284540921104,1.0,0.8173,0.18269999999999997,0.22354092744402296,0.225,0.1726,0.0524,0.30359212050984935,0.375,0.3942,-0.019199999999999995,-0.048706240487062395,0.275,0.2947,-0.019699999999999995,-0.06684764166949438,0.05,0.045,0.0050000000000000044,0.11111111111111122,0.025,0.0394,-0.014399999999999996,-0.365482233502538,0.1,0.0504,0.049600000000000005,0.9841269841269842,0.2,0.1268,0.07320000000000002,0.577287066246057,0.2,0.0914,0.10860000000000002,1.1881838074398252,0.0,0.0354,-0.0354,-1.0,5.45,5.037,0.41300000000000026,0.08199324995036733,-0.1742,-0.06,-0.1142,-1.9033333333333333,1,0,1,1,0,0,1
2025,ARI,10,one_score,league_multi_season,2023,2025,3,32,96,strong,594,strong,stable_team_sample,1,1,1,1,0.6347,0.565,0.0697000000000001,0.12336283185840725,0.3653,0.435,-0.06969999999999998,-0.16022988505747124,0.6347,0.565,0.0697000000000001,0.12336283185840725,0.6498,0.6859,-0.03609999999999991,-0.05263157894736829,0.0556,0.0863,-0.030700000000000005,-0.3557358053302434,0.4259,0.4369,-0.01100000000000001,-0.025177386129549117,0.2896,0.2938,-0.0041999999999999815,-0.014295439074200073,0.032,0.0397,-0.0076999999999999985,-0.19395465994962213,0.0202,0.0265,-0.0063,-0.23773584905660378,0.0556,0.0381,0.017499999999999995,0.4593175853018371,0.1229,0.1332,-0.010300000000000017,-0.07732732732732744,0.0909,0.084,0.0068999999999999895,0.08214285714285702,0.032,0.0492,-0.0172,-0.34959349593495936,4.9832,5.4822,-0.49899999999999967,-0.09102185254095066,-0.0229,0.0035,-0.0264,-7.542857142857143,1,0,0,0,0,0,0
2025,ARI,11,neutral_early_down,league_multi_season,2023,2025,3,32,96,strong,377,strong,stable_team_sample,1,1,1,1,0.5836,0.5215,0.062100000000000044,0.11907957813998092,0.4164,0.4785,-0.06209999999999999,-0.12978056426332288,0.5836,0.5215,0.062100000000000044,0.11907957813998092,0.5464,0.6282,-0.08179999999999998,-0.13021330786373764,0.0504,0.0855,-0.035100000000000006,-0.41052631578947374,0.4138,0.4391,-0.02529999999999999,-0.05761785470280116,0.2361,0.2537,-0.017599999999999977,-0.06937327552227031,0.0027,0.0109,-0.008199999999999999,-0.7522935779816513,0.0186,0.0226,-0.004,-0.1769911504424779,0.0504,0.0278,0.022600000000000002,0.81294964028777,0.1167,0.1443,-0.027600000000000013,-0.19126819126819133,0.0743,0.0864,-0.0121,-0.14004629629629628,0.0424,0.058,-0.015600000000000003,-0.26896551724137935,5.1618,5.9339,-0.7721,-0.13011678659903267,-0.0381,0.013,-0.0511,-3.930769230769231,1,0,0,0,0,0,0
2025,ARI,12,tied,league_multi_season,2023,2025,3,32,96,strong,197,strong,stable_team_sample,1,1,1,1,0.6294,0.5522,0.07719999999999994,0.13980441868888072,0.3706,0.4478,-0.07719999999999999,-0.1723983921393479,0.6294,0.5522,0.07719999999999994,0.13980441868888072,0.6497,0.6675,-0.017799999999999927,-0.026666666666666557,0.0305,0.0716,-0.0411,-0.5740223463687151,0.4416,0.4433,-0.0017000000000000348,-0.0038348748026168166,0.2893,0.296,-0.006699999999999984,-0.02263513513513508,0.0254,0.0396,-0.014200000000000004,-0.3585858585858587,0.0305,0.0252,0.005299999999999999,0.2103174603174603,0.0406,0.0369,0.003699999999999995,0.10027100271002695,0.1066,0.1307,-0.02410000000000001,-0.18439173680183632,0.0812,0.0805,0.0006999999999999923,0.008695652173912948,0.0254,0.0502,-0.024800000000000003,-0.4940239043824702,4.7157,5.406,-0.6902999999999997,-0.12769145394006653,0.0056,-0.0028,0.0084,3.0,1,0,0,0,1,0,0
2025,ARI,13,leading,league_multi_season,2023,2025,3,32,96,strong,255,strong,stable_team_sample,1,1,1,1,0.5529,0.504,0.048899999999999944,0.09702380952380942,0.4471,0.496,-0.0489,-0.09858870967741935,0.5529,0.504,0.048899999999999944,0.09702380952380942,0.651,0.6358,0.015199999999999991,0.023906888958792057,0.0353,0.0687,-0.0334,-0.4861717612809316,0.3961,0.4269,-0.030799999999999994,-0.07214804403841647,0.2706,0.2876,-0.017000000000000015,-0.05910987482614748,0.0353,0.0419,-0.006600000000000002,-0.15751789976133657,0.0157,0.0228,-0.007100000000000002,-0.3114035087719299,0.0549,0.0318,0.023099999999999996,0.7264150943396225,0.1333,0.1357,-0.0023999999999999855,-0.01768607221812812,0.0745,0.0788,-0.004299999999999998,-0.05456852791878171,0.0588,0.0569,0.001899999999999999,0.033391915641476255,5.3569,5.5181,-0.16119999999999912,-0.029212953734074978,-0.0387,0.0162,-0.0549,-3.388888888888889,1,0,1,0,0,0,0
2025,ARI,14,trailing,league_multi_season,2023,2025,3,32,96,strong,618,strong,stable_team_sample,1,1,1,1,0.7152,0.6309,0.08429999999999993,0.13361864003804078,0.2848,0.3691,-0.08429999999999999,-0.22839338932538605,0.7152,0.6309,0.08429999999999993,0.13361864003804078,0.7654,0.7508,0.014599999999999946,0.019445924347362743,0.1861,0.1414,0.04469999999999999,0.31612446958981605,0.4417,0.4364,0.005299999999999971,0.012144821264894527,0.3026,0.2961,0.006500000000000006,0.021952043228638994,0.0421,0.0393,0.002799999999999997,0.07124681933842231,0.0178,0.0315,-0.0137,-0.43492063492063493,0.0599,0.0472,0.012700000000000003,0.26906779661016955,0.1343,0.1316,0.002700000000000008,0.020516717325228025,0.11,0.0886,0.021400000000000002,0.24153498871331833,0.0243,0.043,-0.018699999999999998,-0.43488372093023253,5.2524,5.3789,-0.12650000000000006,-0.0235178196285486,-0.0151,-0.0215,0.006399999999999998,0.2976744186046511,1,0,1,1,1,1,1
2025,ARI,15,leading_one_score,league_multi_season,2023,2025,3,32,96,strong,134,strong,stable_team_sample,1,1,1,1,0.5373,0.5341,0.0031999999999999806,0.005991387380640293,0.4627,0.4659,-0.0031999999999999806,-0.006868426701008759,0.5373,0.5341,0.0031999999999999806,0.005991387380640293,0.597,0.6624,-0.06540000000000001,-0.09873188405797104,0.0299,0.075,-0.0451,-0.6013333333333334,0.403,0.4278,-0.02479999999999999,-0.057971014492753596,0.2761,0.2878,-0.011699999999999988,-0.04065323141070184,0.0373,0.0405,-0.0032000000000000015,-0.07901234567901239,0.0075,0.0244,-0.016900000000000002,-0.6926229508196722,0.0448,0.0343,0.010500000000000002,0.30612244897959195,0.1343,0.1347,-0.0003999999999999837,-0.0029695619896064123,0.0896,0.0826,0.006999999999999992,0.0847457627118643,0.0448,0.052,-0.007199999999999998,-0.13846153846153844,5.4403,5.5713,-0.13100000000000023,-0.02351336312889276,0.0251,0.0136,0.011500000000000002,0.8455882352941179,1,0,0,0,1,0,0
2025,ARI,16,leading_two_plus_scores,league_multi_season,2023,2025,3,32,94,strong,121,strong,stable_team_sample,1,1,1,1,0.5702,0.4563,0.11390000000000006,0.2496164803857113,0.4298,0.5437,-0.11389999999999995,-0.20949052786463115,0.5702,0.4563,0.11390000000000006,0.2496164803857113,0.7107,0.5937,0.11699999999999999,0.19706922688226375,0.0413,0.0586,-0.017299999999999996,-0.2952218430034129,0.3884,0.4256,-0.037199999999999955,-0.08740601503759389,0.2645,0.2873,-0.022799999999999987,-0.0793595544726766,0.0331,0.0442,-0.011100000000000006,-0.2511312217194571,0.0248,0.0203,0.0045000000000000005,0.22167487684729067,0.0661,0.0278,0.03830000000000001,1.377697841726619,0.1322,0.1375,-0.005299999999999999,-0.038545454545454536,0.0579,0.0728,-0.014900000000000004,-0.20467032967032972,0.0744,0.0646,0.00979999999999999,0.15170278637770881,5.2645,5.4339,-0.16940000000000044,-0.031174662765233153,-0.1094,0.0204,-0.1298,-6.362745098039215,1,0,1,0,0,0,0
2025,ARI,17,trailing_one_score,league_multi_season,2023,2025,3,32,96,strong,263,strong,stable_team_sample,1,1,1,1,0.6882,0.5968,0.09140000000000004,0.15315013404825745,0.3118,0.4032,-0.09139999999999998,-0.22668650793650788,0.6882,0.5968,0.09140000000000004,0.15315013404825745,0.6768,0.7163,-0.03950000000000009,-0.055144492531062524,0.0875,0.1048,-0.01730000000000001,-0.1650763358778627,0.4259,0.4393,-0.013400000000000023,-0.030503073070794497,0.2966,0.2967,-0.0001000000000000445,-0.00033704078193476405,0.0342,0.0391,-0.004900000000000002,-0.12531969309462918,0.019,0.029,-0.010000000000000002,-0.3448275862068966,0.0722,0.0417,0.0305,0.7314148681055156,0.1293,0.1338,-0.004500000000000004,-0.03363228699551572,0.0989,0.0875,0.011400000000000007,0.13028571428571437,0.0304,0.0463,-0.0159,-0.3434125269978402,4.9506,5.4685,-0.5179,-0.0947060437048551,-0.0687,0.0002,-0.0689,-344.5,1,0,0,0,0,0,0
2025,ARI,18,trailing_two_plus_scores,league_multi_season,2023,2025,3,32,96,strong,355,strong,stable_team_sample,1,1,1,1,0.7352,0.677,0.05819999999999992,0.08596750369276206,0.2648,0.323,-0.05820000000000003,-0.18018575851393198,0.7352,0.677,0.05819999999999992,0.08596750369276206,0.831,0.7976,0.033399999999999985,0.041875626880641906,0.2592,0.1909,0.0683,0.35777894185437403,0.4535,0.4324,0.021100000000000008,0.04879740980573545,0.307,0.2953,0.011699999999999988,0.03962072468675919,0.0479,0.0395,0.008399999999999998,0.2126582278481012,0.0169,0.0349,-0.018000000000000002,-0.515759312320917,0.0507,0.0546,-0.0039000000000000007,-0.07142857142857144,0.138,0.1286,0.00940000000000002,0.07309486780715412,0.1183,0.0901,0.028200000000000003,0.3129855715871254,0.0197,0.0385,-0.0188,-0.48831168831168836,5.4761,5.2578,0.21830000000000016,0.04151926661341249,0.0246,-0.0509,0.0755,1.4833005893909625,1,0,1,1,1,1,1
2025,ARI,19,tied_early_down,league_multi_season,2023,2025,3,32,96,strong,156,strong,stable_team_sample,1,1,1,1,0.5897,0.4983,0.09139999999999998,0.1834236403772827,0.4103,0.5017,-0.09140000000000004,-0.1821805860075743,0.5897,0.4983,0.09139999999999998,0.1834236403772827,0.5962,0.6059,-0.009700000000000042,-0.01600924244924912,0.0385,0.0718,-0.0333,-0.46378830083565464,0.4295,0.4418,-0.012300000000000033,-0.027840651878678208,0.2372,0.2572,-0.01999999999999999,-0.07776049766718504,0.0321,0.0358,-0.003700000000000002,-0.10335195530726263,0.0321,0.0219,0.010199999999999997,0.4657534246575341,0.0256,0.0267,-0.0011000000000000003,-0.041198501872659186,0.0897,0.1285,-0.0388,-0.3019455252918288,0.0577,0.0731,-0.015399999999999997,-0.21067031463748287,0.0321,0.0554,-0.0233,-0.4205776173285199,4.6538,5.4023,-0.7484999999999999,-0.13855209818040462,-0.0116,0.0018,-0.013399999999999999,-7.444444444444444,1,0,0,0,0,0,0
2025,ARI,20,leading_early_down,league_multi_season,2023,2025,3,32,96,strong,196,strong,stable_team_sample,1,1,1,1,0.5051,0.4468,0.05830000000000002,0.1304834377797673,0.4949,0.5532,-0.05830000000000002,-0.10538684020245845,0.5051,0.4468,0.05830000000000002,0.1304834377797673,0.5969,0.5755,0.021399999999999975,0.03718505647263245,0.0408,0.0709,-0.030100000000000002,-0.4245416078984485,0.3827,0.4235,-0.0408,-0.09634002361275089,0.2347,0.2496,-0.014899999999999997,-0.05969551282051281,0.0255,0.0375,-0.012,-0.32,0.0051,0.0206,-0.0155,-0.7524271844660194,0.0459,0.0228,0.023100000000000002,1.0131578947368423,0.1224,0.1332,-0.010800000000000018,-0.08108108108108121,0.0714,0.0705,0.0009000000000000119,0.01276595744680868,0.051,0.0628,-0.011799999999999998,-0.1878980891719745,5.0714,5.5158,-0.4443999999999999,-0.08056854853330432,-0.009,0.0115,-0.020499999999999997,-1.7826086956521736,1,0,1,0,0,0,0
2025,ARI,21,trailing_early_down,league_multi_season,2023,2025,3,32,96,strong,466,strong,stable_team_sample,1,1,1,1,0.6996,0.5899,0.10970000000000002,0.1859637226648585,0.3004,0.4101,-0.10970000000000002,-0.2674957327481102,0.6996,0.5899,0.10970000000000002,0.1859637226648585,0.7232,0.7068,0.01639999999999997,0.02320316921335593,0.2039,0.15,0.0539,0.3593333333333334,0.4442,0.438,0.006199999999999983,0.014155251141552474,0.2639,0.2608,0.003100000000000047,0.011886503067484844,0.0386,0.0356,0.0030000000000000027,0.0842696629213484,0.0129,0.0281,-0.0152,-0.5409252669039146,0.0515,0.0355,0.016,0.45070422535211274,0.1223,0.1307,-0.008400000000000005,-0.06426931905126246,0.0987,0.0839,0.014799999999999994,0.1764004767580452,0.0236,0.0468,-0.023200000000000002,-0.49572649572649574,5.2318,5.4892,-0.2574000000000005,-0.04689207899147426,0.0108,-0.0058,0.0166,2.8620689655172415,1,0,1,1,1,1,0
2025,ATL,1,all_offense,league_multi_season,2023,2025,3,32,96,strong,1032,strong,stable_team_sample,1,1,1,1,0.5504,0.5737,-0.023299999999999987,-0.04061356109464875,0.4496,0.4263,0.023299999999999987,0.05465634529673936,0.5504,0.5737,-0.023299999999999987,-0.04061356109464875,0.8081,0.6967,0.11140000000000005,0.15989665566240857,0.1114,0.1039,0.007499999999999993,0.0721847930702598,0.437,0.4345,0.0025000000000000022,0.005753739930955126,0.2936,0.2932,0.00040000000000001146,0.00136425648021832,0.0368,0.0402,-0.0034000000000000002,-0.0845771144278607,0.0223,0.0274,-0.0051,-0.18613138686131386,0.0252,0.0401,-0.014899999999999997,-0.37157107231920194,0.1357,0.1328,0.002899999999999986,0.021837349397590255,0.0833,0.0838,-0.0005000000000000004,-0.005966587112171843,0.0523,0.049,0.0032999999999999974,0.06734693877551015,5.5019,5.4305,0.07139999999999969,0.013147960592947185,-0.0217,-0.0054,-0.016300000000000002,-3.0185185185185186,0,1,1,1,0,1,1
2025,ATL,2,early_down,league_multi_season,2023,2025,3,32,96,strong,799,strong,stable_team_sample,1,1,1,1,0.4919,0.5246,-0.03269999999999995,-0.06233320625238268,0.5081,0.4754,0.03270000000000001,0.06878418174169122,0.4919,0.5246,-0.03269999999999995,-0.06233320625238268,0.7885,0.6436,0.14490000000000003,0.22513983840894972,0.1039,0.1086,-0.004699999999999996,-0.04327808471454876,0.4556,0.4339,0.021699999999999997,0.05001152339248674,0.2741,0.2564,0.017699999999999994,0.06903276131045238,0.0375,0.0363,0.0011999999999999997,0.033057851239669415,0.0188,0.0244,-0.005600000000000001,-0.22950819672131148,0.0163,0.0296,-0.013300000000000003,-0.4493243243243244,0.1527,0.1311,0.021600000000000008,0.16475972540045775,0.0901,0.0774,0.012700000000000003,0.16408268733850134,0.0626,0.0538,0.008800000000000002,0.16356877323420077,6.0325,5.4816,0.5508999999999995,0.10049985405720947,0.068,0.0014,0.0666,47.57142857142858,0,1,1,0,1,1,1
2025,ATL,3,third_down,league_multi_season,2023,2025,3,32,96,strong,205,strong,stable_team_sample,1,1,1,1,0.7659,0.7494,0.01650000000000007,0.022017614091273112,0.2341,0.2506,-0.016499999999999987,-0.06584197924980043,0.7659,0.7494,0.01650000000000007,0.022017614091273112,0.8878,0.8953,-0.007499999999999951,-0.0083770803082765,0.1415,0.0875,0.05399999999999999,0.6171428571428571,0.3561,0.4242,-0.0681,-0.1605374823196605,0.3415,0.3997,-0.058199999999999974,-0.1456092069051788,0.0293,0.0487,-0.0194,-0.39835728952772076,0.0244,0.0359,-0.0115,-0.3203342618384401,0.0634,0.0778,-0.014399999999999996,-0.1850899742930591,0.0829,0.1404,-0.057499999999999996,-0.4095441595441595,0.0634,0.107,-0.0436,-0.4074766355140187,0.0195,0.0333,-0.013800000000000003,-0.41441441441441446,3.7366,5.3482,-1.6116000000000001,-0.3013350286077559,-0.3368,-0.0507,-0.28609999999999997,-5.6429980276134115,1,0,0,1,0,0,0
2025,ATL,4,fourth_down,league_multi_season,2023,2025,3,32,96,good,28,thin,small_team_sample,0,1,0,0,0.6429,0.6225,0.020399999999999974,0.032771084337349356,0.3571,0.3775,-0.02040000000000003,-0.05403973509933783,0.6429,0.6225,0.020399999999999974,0.032771084337349356,0.7857,0.675,0.11069999999999991,0.16399999999999987,0.1071,0.0943,0.012800000000000006,0.13573700954400855,0.5,0.5443,-0.044300000000000006,-0.08138893992283668,0.5,0.5475,-0.04749999999999999,-0.08675799086757989,0.0714,0.0926,-0.021199999999999997,-0.22894168466522674,0.1071,0.0492,0.0579,1.1768292682926829,0.0,0.0504,-0.0504,-1.0,0.0357,0.1209,-0.0852,-0.7047146401985112,0.0357,0.0893,-0.0536,-0.6002239641657334,0.0,0.0316,-0.0316,-1.0,3.2857,4.5242,-1.2385000000000006,-0.2737500552583883,-0.2732,0.1649,-0.4381,-2.6567616737416615,1,0,1,1,0,0,0
2025,ATL,5,short_yardage,league_multi_season,2023,2025,3,32,96,strong,96,good,usable_team_sample,1,1,0,1,0.25,0.3476,-0.09760000000000002,-0.28078250863060994,0.75,0.6524,0.09760000000000002,0.14960147148988354,0.25,0.3476,-0.09760000000000002,-0.28078250863060994,0.6042,0.5322,0.07199999999999995,0.13528748590755346,0.1771,0.1642,0.012899999999999995,0.07856272838002433,0.5833,0.5961,-0.012799999999999923,-0.02147290723033035,0.6667,0.6404,0.02629999999999999,0.04106808244846969,0.1146,0.1155,-0.0009000000000000119,-0.0077922077922078945,0.0313,0.0214,0.009900000000000003,0.4626168224299067,0.0,0.0229,-0.0229,-1.0,0.1354,0.0906,0.04479999999999999,0.4944812362030904,0.0625,0.0453,0.0172,0.37969094922737306,0.0729,0.0453,0.027600000000000006,0.6092715231788081,4.2708,3.8797,0.3911000000000002,0.10080676340954203,-0.0118,0.0647,-0.0765,-1.1823802163833077,0,1,1,1,0,0,1
2025,ATL,6,red_zone,league_multi_season,2023,2025,3,32,96,strong,138,strong,stable_team_sample,1,1,1,1,0.4855,0.5029,-0.017400000000000027,-0.03459932392125676,0.5145,0.4971,0.01739999999999997,0.03500301750150869,0.4855,0.5029,-0.017400000000000027,-0.03459932392125676,0.8696,0.6589,0.2107,0.3197753832144483,0.1232,0.0945,0.028700000000000003,0.30370370370370375,0.4203,0.4224,-0.0020999999999999908,-0.004971590909090887,0.3188,0.313,0.005799999999999972,0.01853035143769959,0.2246,0.1961,0.028499999999999998,0.14533401325854156,0.029,0.0258,0.0032000000000000015,0.12403100775193804,0.029,0.0328,-0.0038000000000000013,-0.1158536585365854,0.0507,0.0512,-0.0005000000000000004,-0.009765625000000009,0.0217,0.0238,-0.002100000000000001,-0.0882352941176471,0.029,0.0274,0.0016000000000000007,0.05839416058394163,2.9783,3.0,-0.021700000000000053,-0.007233333333333351,0.0288,-0.0022,0.031,14.09090909090909,0,1,1,1,1,0,0
2025,ATL,7,goal_to_go,league_multi_season,2023,2025,3,32,96,strong,60,good,usable_team_sample,1,1,0,1,0.4,0.4757,-0.07569999999999999,-0.15913390792516288,0.6,0.5243,0.07569999999999999,0.14438298683959563,0.4,0.4757,-0.07569999999999999,-0.15913390792516288,0.85,0.611,0.239,0.3911620294599018,0.1333,0.0861,0.047200000000000006,0.5481997677119629,0.4667,0.438,0.028700000000000003,0.06552511415525115,0.4,0.3303,0.06970000000000004,0.21102028458976702,0.3833,0.3289,0.05439999999999995,0.16539981757373046,0.0,0.0243,-0.0243,-1.0,0.0,0.0306,-0.0306,-1.0,0.0167,0.0074,0.0093,1.2567567567567566,0.0167,0.0033,0.013399999999999999,4.0606060606060606,0.0,0.0041,-0.0041,-1.0,2.3667,1.8044,0.5622999999999998,0.3116271336732431,0.3751,0.0097,0.3654,37.670103092783506,0,1,1,1,1,1,1
2025,ATL,8,two_minute_half,league_multi_season,2023,2025,3,32,96,strong,131,strong,stable_team_sample,1,1,1,1,0.6489,0.7349,-0.08599999999999997,-0.11702272418016052,0.3511,0.2651,0.08600000000000002,0.32440588457185976,0.6489,0.7349,-0.08599999999999997,-0.11702272418016052,0.8931,0.8778,0.01529999999999998,0.01742993848257004,0.0916,0.1634,-0.07179999999999999,-0.43941248470012234,0.4351,0.4231,0.01200000000000001,0.02836208934058145,0.3282,0.3007,0.02749999999999997,0.09145327569005643,0.0534,0.0467,0.0067000000000000046,0.14346895074946478,0.0229,0.0356,-0.0127,-0.35674157303370785,0.0153,0.0516,-0.0363,-0.7034883720930233,0.1527,0.1271,0.02560000000000001,0.2014162077104643,0.0992,0.094,0.005199999999999996,0.055319148936170175,0.0534,0.0331,0.020300000000000006,0.6132930513595168,6.0992,5.26,0.8392,0.15954372623574145,0.0549,0.0083,0.046599999999999996,5.614457831325301,0,1,1,0,1,1,1
2025,ATL,9,two_minute_game,league_multi_season,2023,2025,3,32,96,strong,53,good,usable_team_sample,1,1,0,1,0.5472,0.6818,-0.13459999999999994,-0.19741859782927537,0.4528,0.3182,0.1346,0.42300439974858584,0.5472,0.6818,-0.13459999999999994,-0.19741859782927537,0.8491,0.8173,0.03179999999999994,0.03890860149271986,0.0566,0.1726,-0.116,-0.6720741599073001,0.3585,0.3942,-0.03570000000000001,-0.09056316590563168,0.2642,0.2947,-0.030500000000000027,-0.10349507974211071,0.0189,0.045,-0.026099999999999998,-0.58,0.0377,0.0394,-0.0017000000000000001,-0.043147208121827416,0.0189,0.0504,-0.0315,-0.625,0.1321,0.1268,0.005299999999999999,0.0417981072555205,0.0566,0.0914,-0.0348,-0.3807439824945295,0.0755,0.0354,0.0401,1.1327683615819208,4.1509,5.037,-0.8860999999999999,-0.17591820528092117,-0.1262,-0.06,-0.06620000000000001,-1.1033333333333335,0,1,1,0,0,0,1
2025,ATL,10,one_score,league_multi_season,2023,2025,3,32,96,strong,806,strong,stable_team_sample,1,1,1,1,0.5546,0.565,-0.010399999999999965,-0.01840707964601764,0.4454,0.435,0.01040000000000002,0.02390804597701154,0.5546,0.565,-0.010399999999999965,-0.01840707964601764,0.8015,0.6859,0.11560000000000004,0.16853768770957872,0.0931,0.0863,0.0068000000000000005,0.07879490150637312,0.4454,0.4369,0.008500000000000008,0.019455252918287955,0.299,0.2938,0.005199999999999982,0.01769911504424773,0.036,0.0397,-0.003700000000000002,-0.09319899244332498,0.0174,0.0265,-0.0091,-0.3433962264150944,0.0298,0.0381,-0.008300000000000002,-0.21784776902887143,0.1328,0.1332,-0.00040000000000001146,-0.003003003003003089,0.0844,0.084,0.0003999999999999976,0.004761904761904733,0.0484,0.0492,-0.0008000000000000021,-0.01626016260162606,5.4231,5.4822,-0.05909999999999993,-0.010780343657655674,0.0307,0.0035,0.027200000000000002,7.771428571428572,0,1,1,1,1,1,0
2025,ATL,11,neutral_early_down,league_multi_season,2023,2025,3,32,96,strong,523,strong,stable_team_sample,1,1,1,1,0.4895,0.5215,-0.03199999999999997,-0.06136145733461165,0.5105,0.4785,0.03199999999999997,0.06687565308254959,0.4895,0.5215,-0.03199999999999997,-0.06136145733461165,0.7629,0.6282,0.13470000000000004,0.21442215854823313,0.0803,0.0855,-0.00520000000000001,-0.060818713450292515,0.4627,0.4391,0.02360000000000001,0.05374629924846279,0.2734,0.2537,0.019699999999999995,0.07765076862435946,0.0076,0.0109,-0.0033,-0.30275229357798167,0.0134,0.0226,-0.009199999999999998,-0.4070796460176991,0.0191,0.0278,-0.0087,-0.3129496402877698,0.1568,0.1443,0.012499999999999983,0.0866250866250865,0.0975,0.0864,0.011099999999999999,0.1284722222222222,0.0593,0.058,0.0012999999999999956,0.0224137931034482,6.3805,5.9339,0.4465999999999992,0.07526247493216927,0.0972,0.013,0.0842,6.476923076923077,0,1,1,0,1,1,1
2025,ATL,12,tied,league_multi_season,2023,2025,3,32,96,strong,253,strong,stable_team_sample,1,1,1,1,0.5178,0.5522,-0.034399999999999986,-0.06229626946758418,0.4822,0.4478,0.03440000000000004,0.07682000893255927,0.5178,0.5522,-0.034399999999999986,-0.06229626946758418,0.7115,0.6675,0.04400000000000004,0.06591760299625474,0.083,0.0716,0.011400000000000007,0.15921787709497218,0.4032,0.4433,-0.040100000000000025,-0.09045792916760664,0.2569,0.296,-0.03909999999999997,-0.1320945945945945,0.0316,0.0396,-0.008,-0.20202020202020202,0.0198,0.0252,-0.0053999999999999986,-0.21428571428571422,0.0356,0.0369,-0.0013000000000000025,-0.0352303523035231,0.1186,0.1307,-0.012100000000000014,-0.09257842387146145,0.0632,0.0805,-0.017299999999999996,-0.2149068322981366,0.0553,0.0502,0.0051,0.10159362549800798,4.9289,5.406,-0.4771000000000001,-0.0882537920828709,-0.0164,-0.0028,-0.013600000000000001,-4.857142857142858,0,1,1,1,0,0,0
2025,ATL,13,leading,league_multi_season,2023,2025,3,32,96,strong,372,strong,stable_team_sample,1,1,1,1,0.4704,0.504,-0.03360000000000002,-0.06666666666666671,0.5296,0.496,0.03359999999999996,0.06774193548387089,0.4704,0.504,-0.03360000000000002,-0.06666666666666671,0.7742,0.6358,0.13839999999999997,0.21767851525636986,0.086,0.0687,0.017299999999999996,0.2518195050946142,0.4301,0.4269,0.0031999999999999806,0.007495900679315954,0.2742,0.2876,-0.013400000000000023,-0.046592489568845694,0.0323,0.0419,-0.009599999999999997,-0.2291169451073985,0.0161,0.0228,-0.006700000000000001,-0.29385964912280704,0.0242,0.0318,-0.007600000000000003,-0.23899371069182396,0.1371,0.1357,0.0014000000000000123,0.010316875460574889,0.078,0.0788,-0.0007999999999999952,-0.01015228426395933,0.0591,0.0569,0.0022000000000000006,0.03866432337434096,5.6452,5.5181,0.12710000000000043,0.023033290444174705,-0.046,0.0162,-0.0622,-3.8395061728395063,0,1,1,1,0,1,1
2025,ATL,14,trailing,league_multi_season,2023,2025,3,32,96,strong,407,strong,stable_team_sample,1,1,1,1,0.6437,0.6309,0.012800000000000034,0.020288476779204364,0.3563,0.3691,-0.012799999999999978,-0.03467894879436461,0.6437,0.6309,0.012800000000000034,0.020288476779204364,0.8993,0.7508,0.14849999999999997,0.19778902503995732,0.1523,0.1414,0.010899999999999993,0.07708628005657704,0.4644,0.4364,0.02799999999999997,0.06416131989000909,0.3342,0.2961,0.03810000000000002,0.12867274569402237,0.0442,0.0393,0.004900000000000002,0.12468193384223922,0.0295,0.0315,-0.0020000000000000018,-0.06349206349206354,0.0197,0.0472,-0.0275,-0.5826271186440678,0.145,0.1316,0.013399999999999995,0.1018237082066869,0.1007,0.0886,0.0121,0.136568848758465,0.0442,0.043,0.0012000000000000066,0.027906976744186202,5.7273,5.3789,0.3483999999999998,0.0647716075777575,-0.0027,-0.0215,0.018799999999999997,0.8744186046511627,1,0,1,1,1,1,1
2025,ATL,15,leading_one_score,league_multi_season,2023,2025,3,32,96,strong,298,strong,stable_team_sample,1,1,1,1,0.5134,0.5341,-0.02070000000000005,-0.038756787118517225,0.4866,0.4659,0.020699999999999996,0.04443013522215067,0.5134,0.5341,-0.02070000000000005,-0.038756787118517225,0.802,0.6624,0.13960000000000006,0.2107487922705315,0.1007,0.075,0.0257,0.3426666666666667,0.4396,0.4278,0.011799999999999977,0.027582982702197233,0.2785,0.2878,-0.009299999999999975,-0.032314107018762944,0.0302,0.0405,-0.0103,-0.254320987654321,0.0101,0.0244,-0.014300000000000002,-0.5860655737704918,0.0302,0.0343,-0.004099999999999996,-0.1195335276967929,0.1342,0.1347,-0.0004999999999999727,-0.003711952487007964,0.0839,0.0826,0.0012999999999999956,0.015738498789346193,0.0503,0.052,-0.0017000000000000001,-0.032692307692307694,5.3356,5.5713,-0.23569999999999958,-0.042306104499847355,-0.0089,0.0136,-0.0225,-1.6544117647058825,0,1,1,1,0,1,0
2025,ATL,16,leading_two_plus_scores,league_multi_season,2023,2025,3,32,94,strong,74,good,usable_team_sample,1,1,0,1,0.2973,0.4563,-0.15899999999999997,-0.3484549638395792,0.7027,0.5437,0.15900000000000003,0.2924406842008461,0.2973,0.4563,-0.15899999999999997,-0.3484549638395792,0.6622,0.5937,0.0685,0.11537813710628264,0.027,0.0586,-0.0316,-0.5392491467576792,0.3919,0.4256,-0.03369999999999995,-0.07918233082706756,0.2568,0.2873,-0.030500000000000027,-0.10616080751827367,0.0405,0.0442,-0.003700000000000002,-0.08371040723981904,0.0405,0.0203,0.020200000000000003,0.995073891625616,0.0,0.0278,-0.0278,-1.0,0.1486,0.1375,0.011099999999999999,0.08072727272727272,0.0541,0.0728,-0.0187,-0.2568681318681319,0.0946,0.0646,0.03,0.4643962848297213,6.8919,5.4339,1.4579999999999993,0.26831557444929044,-0.1955,0.0204,-0.2159,-10.583333333333332,0,1,1,0,0,0,1
2025,ATL,17,trailing_one_score,league_multi_season,2023,2025,3,32,96,strong,255,strong,stable_team_sample,1,1,1,1,0.6392,0.5968,0.04239999999999999,0.0710455764075067,0.3608,0.4032,-0.04239999999999999,-0.10515873015873015,0.6392,0.5968,0.04239999999999999,0.0710455764075067,0.8902,0.7163,0.17389999999999994,0.24277537344687972,0.0941,0.1048,-0.010700000000000001,-0.10209923664122138,0.4941,0.4393,0.05479999999999996,0.12474391076712943,0.3647,0.2967,0.068,0.22918773171553758,0.0471,0.0391,0.008,0.20460358056265984,0.0235,0.029,-0.005500000000000001,-0.18965517241379315,0.0235,0.0417,-0.0182,-0.4364508393285372,0.1451,0.1338,0.011300000000000004,0.08445440956651722,0.1059,0.0875,0.0184,0.2102857142857143,0.0392,0.0463,-0.007100000000000002,-0.15334773218142553,6.0157,5.4685,0.5472000000000001,0.10006400292584806,0.1236,0.0002,0.1234,617.0,1,0,1,0,1,1,1
2025,ATL,18,trailing_two_plus_scores,league_multi_season,2023,2025,3,32,96,strong,152,strong,stable_team_sample,1,1,1,1,0.6513,0.677,-0.025700000000000056,-0.03796159527326448,0.3487,0.323,0.0257,0.07956656346749226,0.6513,0.677,-0.025700000000000056,-0.03796159527326448,0.9145,0.7976,0.1169,0.14656469408224676,0.25,0.1909,0.059100000000000014,0.30958617077003675,0.4145,0.4324,-0.017900000000000027,-0.04139685476410737,0.2829,0.2953,-0.012400000000000022,-0.041991195394514125,0.0395,0.0395,0.0,0.0,0.0395,0.0349,0.0046,0.1318051575931232,0.0132,0.0546,-0.041400000000000006,-0.7582417582417583,0.1447,0.1286,0.016100000000000003,0.125194401244168,0.0921,0.0901,0.0020000000000000018,0.022197558268590475,0.0526,0.0385,0.014100000000000001,0.3662337662337663,5.2434,5.2578,-0.014399999999999302,-0.0027387880862716923,-0.2146,-0.0509,-0.1637,-3.2161100196463654,0,1,1,1,0,0,1
2025,ATL,19,tied_early_down,league_multi_season,2023,2025,3,32,96,strong,196,strong,stable_team_sample,1,1,1,1,0.4286,0.4983,-0.06970000000000004,-0.13987557696166975,0.5714,0.5017,0.06969999999999998,0.13892764600358776,0.4286,0.4983,-0.06970000000000004,-0.13987557696166975,0.6735,0.6059,0.0676,0.11156956593497276,0.0663,0.0718,-0.005500000000000005,-0.07660167130919227,0.4082,0.4418,-0.03360000000000002,-0.07605251244907202,0.2245,0.2572,-0.03269999999999998,-0.12713841368584752,0.0204,0.0358,-0.015399999999999997,-0.43016759776536306,0.0204,0.0219,-0.0014999999999999979,-0.0684931506849314,0.0102,0.0267,-0.0165,-0.6179775280898876,0.1224,0.1285,-0.006100000000000008,-0.04747081712062263,0.0561,0.0731,-0.017,-0.23255813953488375,0.0663,0.0554,0.0109,0.19675090252707583,5.2857,5.4023,-0.11660000000000004,-0.021583399663106462,0.0203,0.0018,0.0185,10.277777777777777,0,1,1,0,1,0,0
2025,ATL,20,leading_early_down,league_multi_season,2023,2025,3,32,96,strong,288,strong,stable_team_sample,1,1,1,1,0.4271,0.4468,-0.019699999999999995,-0.044091316025067134,0.5729,0.5532,0.01969999999999994,0.035610990600144506,0.4271,0.4468,-0.019699999999999995,-0.044091316025067134,0.7674,0.5755,0.19189999999999996,0.3334491746307558,0.0764,0.0709,0.005499999999999991,0.07757404795486587,0.4514,0.4235,0.027900000000000036,0.06587957497048415,0.2569,0.2496,0.007300000000000029,0.029246794871794986,0.0417,0.0375,0.004200000000000002,0.11200000000000007,0.0139,0.0206,-0.006700000000000001,-0.32524271844660196,0.0243,0.0228,0.0014999999999999979,0.06578947368421043,0.1597,0.1332,0.026499999999999996,0.1989489489489489,0.0903,0.0705,0.019800000000000012,0.2808510638297874,0.0694,0.0628,0.006600000000000009,0.10509554140127403,6.3333,5.5158,0.8175000000000008,0.1482105950179486,0.0651,0.0115,0.05360000000000001,4.660869565217392,0,1,1,1,1,1,1
2025,ATL,21,trailing_early_down,league_multi_season,2023,2025,3,32,96,strong,315,strong,stable_team_sample,1,1,1,1,0.5905,0.5899,0.0006000000000000449,0.0010171215460248262,0.4095,0.4101,-0.0006000000000000449,-0.0014630577907828455,0.5905,0.5899,0.0006000000000000449,0.0010171215460248262,0.8794,0.7068,0.17259999999999998,0.24419920769666098,0.1524,0.15,0.0024000000000000132,0.01600000000000009,0.4889,0.438,0.0509,0.11621004566210046,0.3206,0.2608,0.05980000000000002,0.22929447852760745,0.0444,0.0356,0.008800000000000002,0.24719101123595513,0.0222,0.0281,-0.005899999999999999,-0.20996441281138786,0.0127,0.0355,-0.022799999999999997,-0.6422535211267606,0.1651,0.1307,0.034399999999999986,0.2631981637337413,0.1111,0.0839,0.027200000000000002,0.32419547079856975,0.054,0.0468,0.007199999999999998,0.1538461538461538,6.2222,5.4892,0.7329999999999997,0.1335349413393572,0.1003,-0.0058,0.1061,18.293103448275865,1,0,1,1,1,1,1
2025,BAL,1,all_offense,league_multi_season,2023,2025,3,32,96,strong,954,strong,stable_team_sample,1,1,1,1,0.4864,0.5737,-0.08729999999999999,-0.1521701237580617,0.5136,0.4263,0.08729999999999993,0.20478536242083023,0.4864,0.5737,-0.08729999999999999,-0.1521701237580617,0.6499,0.6967,-0.04679999999999995,-0.06717381943447676,0.0294,0.1039,-0.07450000000000001,-0.7170356111645814,0.4455,0.4345,0.01100000000000001,0.025316455696202556,0.304,0.2932,0.010799999999999976,0.0368349249658935,0.0493,0.0402,0.009099999999999997,0.22636815920398,0.0325,0.0274,0.0051,0.18613138686131386,0.0472,0.0401,0.007100000000000002,0.17705735660847888,0.153,0.1328,0.020199999999999996,0.15210843373493974,0.0786,0.0838,-0.005199999999999996,-0.06205250596658707,0.0744,0.049,0.025399999999999992,0.5183673469387753,5.9392,5.4305,0.5086999999999993,0.09367461559709037,0.0339,-0.0054,0.0393,7.277777777777778,0,1,0,0,1,1,1
2025,BAL,2,early_down,league_multi_season,2023,2025,3,32,96,strong,728,strong,stable_team_sample,1,1,1,1,0.4231,0.5246,-0.10149999999999998,-0.1934807472359893,0.5769,0.4754,0.10149999999999998,0.21350441733277237,0.4231,0.5246,-0.10149999999999998,-0.1934807472359893,0.592,0.6436,-0.05159999999999998,-0.08017402113113732,0.0275,0.1086,-0.0811,-0.7467771639042358,0.4464,0.4339,0.012500000000000011,0.028808481216870272,0.2637,0.2564,0.007299999999999973,0.028471138845553717,0.0426,0.0363,0.0063,0.17355371900826447,0.0316,0.0244,0.0072000000000000015,0.2950819672131148,0.0343,0.0296,0.004699999999999996,0.15878378378378363,0.158,0.1311,0.026900000000000007,0.20518688024408854,0.0755,0.0774,-0.001899999999999999,-0.024547803617571046,0.0824,0.0538,0.0286,0.5315985130111525,6.0495,5.4816,0.5678999999999998,0.10360113835376529,0.0386,0.0014,0.037200000000000004,26.571428571428573,0,1,0,0,1,1,1
2025,BAL,3,third_down,league_multi_season,2023,2025,3,32,96,strong,201,strong,stable_team_sample,1,1,1,1,0.6816,0.7494,-0.06779999999999997,-0.09047237790232182,0.3184,0.2506,0.06780000000000003,0.27055067837190755,0.6816,0.7494,-0.06779999999999997,-0.09047237790232182,0.8507,0.8953,-0.04459999999999997,-0.049815704233217885,0.0348,0.0875,-0.0527,-0.6022857142857143,0.4229,0.4242,-0.0013000000000000234,-0.0030645921735031195,0.4129,0.3997,0.01319999999999999,0.0330247685764323,0.0547,0.0487,0.005999999999999998,0.12320328542094452,0.0348,0.0359,-0.0011000000000000038,-0.030640668523676983,0.0945,0.0778,0.016700000000000007,0.2146529562982006,0.1343,0.1404,-0.006099999999999994,-0.04344729344729341,0.0896,0.107,-0.0174,-0.16261682242990652,0.0448,0.0333,0.011499999999999996,0.3453453453453452,5.4776,5.3482,0.12939999999999952,0.024195056280617685,-0.0651,-0.0507,-0.014400000000000003,-0.2840236686390533,0,1,0,0,0,0,0
2025,BAL,4,fourth_down,league_multi_season,2023,2025,3,32,96,good,25,thin,small_team_sample,0,1,0,0,0.76,0.6225,0.13749999999999996,0.2208835341365461,0.24,0.3775,-0.1375,-0.3642384105960265,0.76,0.6225,0.13749999999999996,0.2208835341365461,0.72,0.675,0.04499999999999993,0.06666666666666655,0.04,0.0943,-0.054299999999999994,-0.5758218451749735,0.6,0.5443,0.05569999999999997,0.10233327209259595,0.6,0.5475,0.05249999999999999,0.09589041095890409,0.2,0.0926,0.10740000000000001,1.1598272138228942,0.04,0.0492,-0.0092,-0.18699186991869918,0.04,0.0504,-0.0104,-0.20634920634920634,0.16,0.1209,0.03910000000000001,0.32340777502067836,0.08,0.0893,-0.009300000000000003,-0.10414333706606946,0.08,0.0316,0.0484,1.531645569620253,6.44,4.5242,1.9158,0.42345608063304,0.6946,0.1649,0.5297000000000001,3.212249848392966,1,0,1,0,1,1,1
2025,BAL,5,short_yardage,league_multi_season,2023,2025,3,32,96,strong,90,good,usable_team_sample,1,1,0,1,0.2222,0.3476,-0.1254,-0.3607594936708861,0.7778,0.6524,0.12540000000000007,0.19221336603310862,0.2222,0.3476,-0.1254,-0.3607594936708861,0.4222,0.5322,-0.10999999999999999,-0.20668921458098458,0.0556,0.1642,-0.10860000000000002,-0.6613885505481121,0.6222,0.5961,0.026100000000000012,0.04378459989934577,0.6556,0.6404,0.015199999999999991,0.02373516552154902,0.1778,0.1155,0.06230000000000001,0.5393939393939394,0.0222,0.0214,0.0008000000000000021,0.03738317757009356,0.0444,0.0229,0.021500000000000002,0.9388646288209608,0.1,0.0906,0.009400000000000006,0.10375275938189851,0.0222,0.0453,-0.0231,-0.509933774834437,0.0778,0.0453,0.032499999999999994,0.7174392935982339,4.4222,3.8797,0.5425,0.13983039925767454,0.2277,0.0647,0.16300000000000003,2.519319938176199,0,1,0,0,1,1,1
2025,BAL,6,red_zone,league_multi_season,2023,2025,3,32,96,strong,175,strong,stable_team_sample,1,1,1,1,0.3943,0.5029,-0.10860000000000003,-0.21594750447405056,0.6057,0.4971,0.10860000000000003,0.2184671092335547,0.3943,0.5029,-0.10860000000000003,-0.21594750447405056,0.56,0.6589,-0.09889999999999999,-0.1500986492639247,0.0343,0.0945,-0.060200000000000004,-0.6370370370370371,0.3714,0.4224,-0.05099999999999999,-0.12073863636363634,0.2571,0.313,-0.055900000000000005,-0.17859424920127798,0.16,0.1961,-0.03609999999999999,-0.18408975012748593,0.0286,0.0258,0.0028000000000000004,0.10852713178294575,0.0571,0.0328,0.024299999999999995,0.7408536585365851,0.0514,0.0512,0.0001999999999999988,0.003906249999999976,0.0114,0.0238,-0.012400000000000001,-0.5210084033613446,0.04,0.0274,0.0126,0.45985401459854014,2.3543,3.0,-0.6457000000000002,-0.2152333333333334,-0.153,-0.0022,-0.1508,-68.54545454545453,0,1,0,0,0,0,1
2025,BAL,7,goal_to_go,league_multi_season,2023,2025,3,32,96,strong,68,good,usable_team_sample,1,1,0,1,0.3824,0.4757,-0.0933,-0.19613201597645574,0.6176,0.5243,0.09330000000000005,0.17795155445355723,0.3824,0.4757,-0.0933,-0.19613201597645574,0.3971,0.611,-0.21389999999999998,-0.35008183306055646,0.0588,0.0861,-0.027299999999999998,-0.3170731707317073,0.3824,0.438,-0.05559999999999998,-0.12694063926940635,0.3088,0.3303,-0.021499999999999964,-0.06509234029669986,0.3088,0.3289,-0.020100000000000007,-0.061112800243235045,0.0294,0.0243,0.0051,0.20987654320987656,0.0735,0.0306,0.042899999999999994,1.4019607843137254,0.0,0.0074,-0.0074,-1.0,0.0,0.0033,-0.0033,-1.0,0.0,0.0041,-0.0041,-1.0,1.1324,1.8044,-0.6719999999999999,-0.3724229660829084,-0.0046,0.0097,-0.0143,-1.4742268041237112,0,1,0,0,0,0,0
2025,BAL,8,two_minute_half,league_multi_season,2023,2025,3,32,96,strong,106,strong,stable_team_sample,1,1,1,1,0.6509,0.7349,-0.08399999999999996,-0.11430126547829632,0.3491,0.2651,0.08400000000000002,0.31686156167483975,0.6509,0.7349,-0.08399999999999996,-0.11430126547829632,0.8302,0.8778,-0.047599999999999976,-0.05422647527910683,0.0566,0.1634,-0.10679999999999999,-0.653610771113831,0.4245,0.4231,0.0014000000000000123,0.003308910423067862,0.2925,0.3007,-0.00820000000000004,-0.027269704023944262,0.0472,0.0467,0.0005000000000000004,0.010706638115631701,0.0472,0.0356,0.0116,0.32584269662921345,0.0943,0.0516,0.042699999999999995,0.8275193798449612,0.1415,0.1271,0.014399999999999996,0.11329661683713609,0.0849,0.094,-0.009099999999999997,-0.09680851063829785,0.0566,0.0331,0.0235,0.7099697885196375,5.1604,5.26,-0.09959999999999969,-0.01893536121672998,-0.0733,0.0083,-0.0816,-9.83132530120482,0,1,0,0,0,1,1
2025,BAL,9,two_minute_game,league_multi_season,2023,2025,3,32,96,strong,38,thin,small_team_sample,0,1,0,0,0.6579,0.6818,-0.02389999999999992,-0.035054268113816255,0.3421,0.3182,0.023900000000000032,0.07510999371464498,0.6579,0.6818,-0.02389999999999992,-0.035054268113816255,0.7895,0.8173,-0.027800000000000047,-0.0340144377829439,0.1316,0.1726,-0.04100000000000001,-0.2375434530706837,0.3947,0.3942,0.0005000000000000004,0.0012683916793505847,0.2368,0.2947,-0.05790000000000001,-0.1964709874448592,0.0263,0.045,-0.018699999999999998,-0.4155555555555555,0.0263,0.0394,-0.013099999999999997,-0.33248730964467,0.1053,0.0504,0.054900000000000004,1.0892857142857144,0.1316,0.1268,0.004799999999999999,0.037854889589905356,0.1053,0.0914,0.01390000000000001,0.15207877461706795,0.0263,0.0354,-0.0091,-0.2570621468926554,5.9211,5.037,0.8841000000000001,0.17552114353782017,-0.0502,-0.06,0.009799999999999996,0.16333333333333327,0,1,0,0,1,1,1
2025,BAL,10,one_score,league_multi_season,2023,2025,3,32,96,strong,692,strong,stable_team_sample,1,1,1,1,0.4841,0.565,-0.08089999999999997,-0.14318584070796456,0.5159,0.435,0.08090000000000003,0.18597701149425294,0.4841,0.565,-0.08089999999999997,-0.14318584070796456,0.6546,0.6859,-0.031299999999999994,-0.04563347426738591,0.0202,0.0863,-0.0661,-0.7659327925840094,0.4523,0.4369,0.01539999999999997,0.035248340581368665,0.3064,0.2938,0.0126,0.04288631722260041,0.0491,0.0397,0.009399999999999999,0.23677581863979846,0.0318,0.0265,0.005300000000000003,0.2000000000000001,0.0462,0.0381,0.008099999999999996,0.2125984251968503,0.1546,0.1332,0.021399999999999975,0.16066066066066045,0.0838,0.084,-0.00020000000000000573,-0.002380952380952449,0.0708,0.0492,0.0216,0.43902439024390244,5.8526,5.4822,0.37040000000000006,0.06756411659552736,0.0452,0.0035,0.041699999999999994,11.914285714285713,0,1,0,0,1,1,1
2025,BAL,11,neutral_early_down,league_multi_season,2023,2025,3,32,96,strong,425,strong,stable_team_sample,1,1,1,1,0.4424,0.5215,-0.07909999999999995,-0.1516778523489932,0.5576,0.4785,0.0791,0.16530825496342738,0.4424,0.5215,-0.07909999999999995,-0.1516778523489932,0.6212,0.6282,-0.007000000000000006,-0.011142948105698833,0.0118,0.0855,-0.0737,-0.8619883040935672,0.4588,0.4391,0.019699999999999995,0.04486449555909815,0.2729,0.2537,0.019199999999999995,0.07567993693338587,0.0165,0.0109,0.005600000000000001,0.5137614678899083,0.0306,0.0226,0.008,0.3539823008849558,0.0306,0.0278,0.0028000000000000004,0.10071942446043168,0.1788,0.1443,0.034499999999999975,0.2390852390852389,0.0918,0.0864,0.005400000000000002,0.06250000000000001,0.0871,0.058,0.029099999999999994,0.5017241379310343,6.6118,5.9339,0.6778999999999993,0.11424189824567303,0.0592,0.013,0.046200000000000005,3.5538461538461545,0,1,0,0,1,1,1
2025,BAL,12,tied,league_multi_season,2023,2025,3,32,96,strong,183,strong,stable_team_sample,1,1,1,1,0.4536,0.5522,-0.09860000000000002,-0.1785584932995292,0.5464,0.4478,0.09860000000000002,0.22018758374274236,0.4536,0.5522,-0.09860000000000002,-0.1785584932995292,0.5738,0.6675,-0.0937,-0.140374531835206,0.0055,0.0716,-0.06609999999999999,-0.9231843575418994,0.4918,0.4433,0.04849999999999999,0.10940672230994808,0.3005,0.296,0.004500000000000004,0.015202702702702717,0.0437,0.0396,0.0040999999999999995,0.10353535353535351,0.0109,0.0252,-0.0143,-0.5674603174603174,0.0383,0.0369,0.0013999999999999985,0.037940379403793995,0.1257,0.1307,-0.0050000000000000044,-0.03825554705432291,0.0546,0.0805,-0.0259,-0.3217391304347826,0.071,0.0502,0.020799999999999992,0.41434262948207157,5.4262,5.406,0.020199999999999996,0.003736588975212726,0.0605,-0.0028,0.0633,22.607142857142854,0,1,0,0,1,1,0
2025,BAL,13,leading,league_multi_season,2023,2025,3,32,96,strong,351,strong,stable_team_sample,1,1,1,1,0.4245,0.504,-0.07950000000000002,-0.15773809523809526,0.5755,0.496,0.07950000000000002,0.16028225806451615,0.4245,0.504,-0.07950000000000002,-0.15773809523809526,0.6211,0.6358,-0.014700000000000046,-0.023120478137779246,0.0142,0.0687,-0.05449999999999999,-0.7933042212518194,0.4274,0.4269,0.0005000000000000004,0.001171234481143126,0.3134,0.2876,0.02579999999999999,0.08970792767732959,0.0598,0.0419,0.0179,0.42720763723150357,0.0313,0.0228,0.0085,0.37280701754385964,0.0456,0.0318,0.0138,0.43396226415094336,0.1738,0.1357,0.03810000000000002,0.28076639646278573,0.0741,0.0788,-0.004699999999999996,-0.05964467005076137,0.0997,0.0569,0.0428,0.7521968365553603,6.1026,5.5181,0.5845000000000002,0.10592414055562609,0.1126,0.0162,0.09640000000000001,5.950617283950619,0,1,0,0,1,1,1
2025,BAL,14,trailing,league_multi_season,2023,2025,3,32,96,strong,420,strong,stable_team_sample,1,1,1,1,0.5524,0.6309,-0.07850000000000001,-0.12442542399746397,0.4476,0.3691,0.07850000000000001,0.21267949065293962,0.5524,0.6309,-0.07850000000000001,-0.12442542399746397,0.7071,0.7508,-0.04370000000000007,-0.05820458177943536,0.0524,0.1414,-0.089,-0.6294200848656294,0.4405,0.4364,0.0040999999999999925,0.00939505041246561,0.2976,0.2961,0.0015000000000000013,0.005065856129685922,0.0429,0.0393,0.003599999999999999,0.09160305343511448,0.0429,0.0315,0.0114,0.3619047619047619,0.0524,0.0472,0.005200000000000003,0.1101694915254238,0.1476,0.1316,0.016000000000000014,0.12158054711246212,0.0929,0.0886,0.004299999999999998,0.04853273137697515,0.0548,0.043,0.011800000000000005,0.2744186046511629,6.0262,5.3789,0.6473000000000004,0.1203405900834744,-0.0435,-0.0215,-0.022,-1.0232558139534884,0,1,0,0,0,1,1
2025,BAL,15,leading_one_score,league_multi_season,2023,2025,3,32,96,strong,249,strong,stable_team_sample,1,1,1,1,0.4458,0.5341,-0.08830000000000005,-0.16532484553454418,0.5542,0.4659,0.08830000000000005,0.1895256492809617,0.4458,0.5341,-0.08830000000000005,-0.16532484553454418,0.6787,0.6624,0.01629999999999998,0.024607487922705285,0.0201,0.075,-0.0549,-0.732,0.4498,0.4278,0.021999999999999964,0.051425899953249095,0.3253,0.2878,0.03749999999999998,0.1302988186240444,0.0602,0.0405,0.019699999999999995,0.4864197530864196,0.0402,0.0244,0.015799999999999998,0.6475409836065572,0.0402,0.0343,0.0059000000000000025,0.17201166180758026,0.1647,0.1347,0.030000000000000027,0.22271714922049018,0.0843,0.0826,0.0016999999999999932,0.0205811138014527,0.0803,0.052,0.0283,0.5442307692307692,6.1285,5.5713,0.5571999999999999,0.1000125643925116,0.1182,0.0136,0.1046,7.6911764705882355,0,1,1,0,1,1,1
2025,BAL,16,leading_two_plus_scores,league_multi_season,2023,2025,3,32,94,strong,102,strong,stable_team_sample,1,1,1,1,0.3725,0.4563,-0.08379999999999999,-0.18365110672802978,0.6275,0.5437,0.08379999999999999,0.15412911532094903,0.3725,0.4563,-0.08379999999999999,-0.18365110672802978,0.4804,0.5937,-0.11330000000000001,-0.190837123126158,0.0,0.0586,-0.0586,-1.0,0.3725,0.4256,-0.05309999999999998,-0.12476503759398493,0.2843,0.2873,-0.0030000000000000027,-0.010442046641141673,0.0588,0.0442,0.014599999999999995,0.33031674208144784,0.0098,0.0203,-0.010499999999999999,-0.5172413793103449,0.0588,0.0278,0.031,1.1151079136690647,0.1961,0.1375,0.058599999999999985,0.42618181818181805,0.049,0.0728,-0.0238,-0.3269230769230769,0.1471,0.0646,0.0825,1.2770897832817336,6.0392,5.4339,0.6052999999999997,0.11139329027033984,0.0992,0.0204,0.0788,3.8627450980392153,0,1,0,0,1,0,1
2025,BAL,17,trailing_one_score,league_multi_season,2023,2025,3,32,96,strong,260,strong,stable_team_sample,1,1,1,1,0.5423,0.5968,-0.05449999999999999,-0.09132037533512063,0.4577,0.4032,0.05449999999999999,0.13516865079365079,0.5423,0.5968,-0.05449999999999999,-0.09132037533512063,0.6885,0.7163,-0.027800000000000047,-0.03881055423705158,0.0308,0.1048,-0.07400000000000001,-0.7061068702290078,0.4269,0.4393,-0.012400000000000022,-0.028226724334168042,0.2923,0.2967,-0.004400000000000015,-0.014829794405123069,0.0423,0.0391,0.0031999999999999945,0.08184143222506379,0.0385,0.029,0.009499999999999998,0.32758620689655166,0.0577,0.0417,0.016,0.38369304556354916,0.1654,0.1338,0.03159999999999999,0.23617339312406568,0.1038,0.0875,0.01630000000000001,0.1862857142857144,0.0615,0.0463,0.015199999999999998,0.32829373650107985,5.8885,5.4685,0.41999999999999993,0.07680351101764651,-0.0355,0.0002,-0.035699999999999996,-178.49999999999997,0,1,0,0,0,0,1
2025,BAL,18,trailing_two_plus_scores,league_multi_season,2023,2025,3,32,96,strong,160,strong,stable_team_sample,1,1,1,1,0.5688,0.677,-0.10820000000000007,-0.15982274741506658,0.4313,0.323,0.10830000000000001,0.33529411764705885,0.5688,0.677,-0.10820000000000007,-0.15982274741506658,0.7375,0.7976,-0.06009999999999993,-0.07535105315947835,0.0875,0.1909,-0.10339999999999999,-0.5416448402304872,0.4625,0.4324,0.030100000000000016,0.06961147086031456,0.3063,0.2953,0.01100000000000001,0.03725025397900444,0.0438,0.0395,0.004299999999999998,0.10886075949367084,0.05,0.0349,0.015100000000000002,0.4326647564469915,0.0438,0.0546,-0.010800000000000004,-0.19780219780219788,0.1188,0.1286,-0.00979999999999999,-0.07620528771384129,0.075,0.0901,-0.015100000000000002,-0.16759156492785796,0.0438,0.0385,0.005299999999999999,0.13766233766233765,6.25,5.2578,0.9922000000000004,0.1887101068888129,-0.0564,-0.0509,-0.005499999999999998,-0.10805500982318267,0,1,0,0,0,1,0
2025,BAL,19,tied_early_down,league_multi_season,2023,2025,3,32,96,strong,140,strong,stable_team_sample,1,1,1,1,0.3857,0.4983,-0.11260000000000003,-0.22596829219345782,0.6143,0.5017,0.11259999999999992,0.22443691449073133,0.3857,0.4983,-0.11260000000000003,-0.22596829219345782,0.5214,0.6059,-0.08450000000000002,-0.139461957418716,0.0071,0.0718,-0.06470000000000001,-0.9011142061281338,0.5,0.4418,0.058199999999999974,0.13173381620642818,0.25,0.2572,-0.007199999999999984,-0.027993779160186565,0.0214,0.0358,-0.0144,-0.4022346368715084,0.0071,0.0219,-0.014799999999999999,-0.6757990867579908,0.0286,0.0267,0.001899999999999999,0.07116104868913853,0.1143,0.1285,-0.014200000000000004,-0.11050583657587551,0.0357,0.0731,-0.037399999999999996,-0.5116279069767441,0.0786,0.0554,0.023200000000000005,0.41877256317689543,5.25,5.4023,-0.15230000000000032,-0.028191696129426413,0.0335,0.0018,0.0317,17.61111111111111,0,1,0,0,1,1,0
2025,BAL,20,leading_early_down,league_multi_season,2023,2025,3,32,96,strong,275,strong,stable_team_sample,1,1,1,1,0.3673,0.4468,-0.07949999999999996,-0.17793196060877342,0.6327,0.5532,0.07950000000000002,0.14370932754880697,0.3673,0.4468,-0.07949999999999996,-0.17793196060877342,0.5709,0.5755,-0.0046000000000000485,-0.007993049522154733,0.0145,0.0709,-0.056400000000000006,-0.7954866008462623,0.4291,0.4235,0.005599999999999994,0.013223140495867754,0.2873,0.2496,0.03770000000000001,0.1510416666666667,0.0655,0.0375,0.028000000000000004,0.7466666666666668,0.0291,0.0206,0.0085,0.412621359223301,0.0327,0.0228,0.009899999999999999,0.43421052631578944,0.1891,0.1332,0.05589999999999998,0.41966966966966945,0.0764,0.0705,0.0059000000000000025,0.08368794326241139,0.1127,0.0628,0.0499,0.7945859872611466,6.5564,5.5158,1.0406000000000004,0.1886580369121434,0.1519,0.0115,0.1404,12.208695652173914,0,1,0,0,1,1,1
2025,BAL,21,trailing_early_down,league_multi_season,2023,2025,3,32,96,strong,313,strong,stable_team_sample,1,1,1,1,0.4888,0.5899,-0.10109999999999997,-0.17138498050517031,0.5112,0.4101,0.10109999999999997,0.24652523774689092,0.4888,0.5899,-0.10109999999999997,-0.17138498050517031,0.6422,0.7068,-0.06459999999999999,-0.09139784946236558,0.0479,0.15,-0.1021,-0.6806666666666666,0.4377,0.438,-0.00030000000000002247,-0.0006849315068493664,0.2492,0.2608,-0.011599999999999971,-0.04447852760736186,0.0319,0.0356,-0.003700000000000002,-0.10393258426966298,0.0447,0.0281,0.016599999999999997,0.590747330960854,0.0383,0.0355,0.002800000000000004,0.07887323943661984,0.1502,0.1307,0.01949999999999999,0.14919663351185913,0.0927,0.0839,0.008800000000000002,0.10488676996424318,0.0575,0.0468,0.010700000000000001,0.22863247863247865,5.9617,5.4892,0.47250000000000014,0.086078117029804,-0.0588,-0.0058,-0.053,-9.13793103448276,0,1,0,0,0,0,1
2025,BUF,1,all_offense,league_multi_season,2023,2025,3,32,96,strong,1056,strong,stable_team_sample,1,1,1,1,0.5057,0.5737,-0.06799999999999995,-0.11852884782987616,0.4943,0.4263,0.068,0.15951208069434672,0.5057,0.5737,-0.06799999999999995,-0.11852884782987616,0.5019,0.6967,-0.19479999999999997,-0.2796038467058992,0.0616,0.1039,-0.042300000000000004,-0.40712223291626565,0.4877,0.4345,0.053200000000000025,0.12243958573072503,0.3295,0.2932,0.0363,0.123806275579809,0.0559,0.0402,0.0157,0.390547263681592,0.0256,0.0274,-0.0017999999999999995,-0.06569343065693428,0.0379,0.0401,-0.0021999999999999936,-0.054862842892767924,0.1591,0.1328,0.02629999999999999,0.19804216867469873,0.0947,0.0838,0.010900000000000007,0.13007159904534615,0.0644,0.049,0.015399999999999997,0.3142857142857142,6.0833,5.4305,0.6528,0.12020992542123193,0.141,-0.0054,0.14639999999999997,27.111111111111104,0,1,0,0,1,1,1
2025,BUF,2,early_down,league_multi_season,2023,2025,3,32,96,strong,819,strong,stable_team_sample,1,1,1,1,0.4567,0.5246,-0.06789999999999996,-0.12943194815097211,0.5433,0.4754,0.06790000000000002,0.14282709297433743,0.4567,0.5246,-0.06789999999999996,-0.12943194815097211,0.4298,0.6436,-0.21379999999999993,-0.3321939092604101,0.0635,0.1086,-0.0451,-0.4152854511970534,0.486,0.4339,0.05209999999999998,0.12007374971191515,0.2857,0.2564,0.029299999999999993,0.11427457098283927,0.0464,0.0363,0.010099999999999998,0.2782369146005509,0.022,0.0244,-0.002400000000000003,-0.09836065573770503,0.0256,0.0296,-0.004,-0.13513513513513514,0.1551,0.1311,0.023999999999999994,0.18306636155606404,0.0879,0.0774,0.01050000000000001,0.1356589147286823,0.0672,0.0538,0.013399999999999995,0.24907063197026014,6.0696,5.4816,0.5880000000000001,0.10726795096322242,0.1196,0.0014,0.1182,84.42857142857143,0,1,0,0,1,1,1
2025,BUF,3,third_down,league_multi_season,2023,2025,3,32,96,strong,205,strong,stable_team_sample,1,1,1,1,0.6732,0.7494,-0.07619999999999993,-0.10168134507606076,0.3268,0.2506,0.07619999999999999,0.3040702314445331,0.6732,0.7494,-0.07619999999999993,-0.10168134507606076,0.7756,0.8953,-0.11970000000000003,-0.13369820172009386,0.0585,0.0875,-0.02899999999999999,-0.33142857142857135,0.478,0.4242,0.05379999999999996,0.12682696841112673,0.4634,0.3997,0.06369999999999998,0.15936952714535896,0.0732,0.0487,0.0245,0.5030800821355236,0.0341,0.0359,-0.001800000000000003,-0.050139275766016796,0.0927,0.0778,0.01490000000000001,0.19151670951156827,0.1707,0.1404,0.030299999999999994,0.21581196581196577,0.1073,0.107,0.0003000000000000086,0.00280373831775709,0.0634,0.0333,0.030099999999999995,0.9039039039039036,5.9805,5.3482,0.6322999999999999,0.11822669309300322,0.1412,-0.0507,0.1919,3.7850098619329384,0,1,0,0,1,1,1
2025,BUF,4,fourth_down,league_multi_season,2023,2025,3,32,96,good,32,thin,small_team_sample,0,1,0,0,0.6875,0.6225,0.06499999999999995,0.10441767068273083,0.3125,0.3775,-0.065,-0.17218543046357615,0.6875,0.6225,0.06499999999999995,0.10441767068273083,0.5938,0.675,-0.08120000000000005,-0.12029629629629636,0.0313,0.0943,-0.063,-0.6680805938494168,0.5938,0.5443,0.04949999999999999,0.09094249494763915,0.5938,0.5475,0.04630000000000001,0.08456621004566212,0.1875,0.0926,0.0949,1.0248380129589632,0.0625,0.0492,0.0133,0.2703252032520325,0.0,0.0504,-0.0504,-1.0,0.1875,0.1209,0.0666,0.5508684863523574,0.1875,0.0893,0.0982,1.0996640537513998,0.0,0.0316,-0.0316,-1.0,7.0938,4.5242,2.5695999999999994,0.5679678175146986,0.6879,0.1649,0.5229999999999999,3.171619163129169,1,0,0,0,1,1,1
2025,BUF,5,short_yardage,league_multi_season,2023,2025,3,32,96,strong,128,strong,stable_team_sample,1,1,1,1,0.3047,0.3476,-0.042899999999999994,-0.12341772151898732,0.6953,0.6524,0.04290000000000005,0.06575720416922141,0.3047,0.3476,-0.042899999999999994,-0.12341772151898732,0.3281,0.5322,-0.2041,-0.38350244269071776,0.1875,0.1642,0.023299999999999987,0.14190012180267958,0.625,0.5961,0.028900000000000037,0.048481798355980606,0.6641,0.6404,0.023700000000000054,0.037008119925046934,0.1719,0.1155,0.05639999999999999,0.4883116883116882,0.0391,0.0214,0.017700000000000004,0.827102803738318,0.0156,0.0229,-0.007300000000000001,-0.31877729257641924,0.0938,0.0906,0.0031999999999999945,0.03532008830022069,0.0391,0.0453,-0.006199999999999997,-0.13686534216335536,0.0547,0.0453,0.009399999999999999,0.2075055187637969,3.8203,3.8797,-0.05940000000000012,-0.015310462149135272,0.0694,0.0647,0.00470000000000001,0.07264296754250402,0,1,0,1,1,1,1
2025,BUF,6,red_zone,league_multi_season,2023,2025,3,32,96,strong,190,strong,stable_team_sample,1,1,1,1,0.4158,0.5029,-0.08710000000000001,-0.17319546629548618,0.5842,0.4971,0.08710000000000007,0.17521625427479395,0.4158,0.5029,-0.08710000000000001,-0.17319546629548618,0.4105,0.6589,-0.24840000000000007,-0.37699195629078774,0.1474,0.0945,0.0529,0.5597883597883598,0.4947,0.4224,0.07229999999999998,0.17116477272727268,0.3526,0.313,0.039600000000000024,0.1265175718849841,0.2316,0.1961,0.035500000000000004,0.18103008669046408,0.0263,0.0258,0.0005000000000000004,0.019379844961240327,0.0263,0.0328,-0.006500000000000002,-0.19817073170731714,0.0421,0.0512,-0.009100000000000004,-0.17773437500000006,0.0368,0.0238,0.012999999999999998,0.5462184873949578,0.0053,0.0274,-0.0221,-0.8065693430656935,3.2895,3.0,0.28949999999999987,0.09649999999999996,0.1319,-0.0022,0.1341,60.954545454545446,0,1,0,1,1,1,0
2025,BUF,7,goal_to_go,league_multi_season,2023,2025,3,32,96,strong,76,good,usable_team_sample,1,1,0,1,0.3289,0.4757,-0.14679999999999999,-0.30859785579146515,0.6711,0.5243,0.14680000000000004,0.2799923707800878,0.3289,0.4757,-0.14679999999999999,-0.30859785579146515,0.2763,0.611,-0.3347,-0.5477905073649755,0.2237,0.0861,0.1376,1.5981416957026713,0.5395,0.438,0.10149999999999998,0.23173515981735154,0.3947,0.3303,0.06440000000000001,0.19497426581895252,0.3816,0.3289,0.05269999999999997,0.16023107327455144,0.0263,0.0243,0.0020000000000000018,0.08230452674897128,0.0132,0.0306,-0.0174,-0.5686274509803921,0.0,0.0074,-0.0074,-1.0,0.0,0.0033,-0.0033,-1.0,0.0,0.0041,-0.0041,-1.0,2.3026,1.8044,0.4982,0.2761028596763467,0.195,0.0097,0.18530000000000002,19.103092783505158,0,1,0,1,1,1,0
2025,BUF,8,two_minute_half,league_multi_season,2023,2025,3,32,96,strong,91,good,usable_team_sample,1,1,0,1,0.5934,0.7349,-0.14149999999999996,-0.19254320315689205,0.4066,0.2651,0.14150000000000001,0.5337608449641645,0.5934,0.7349,-0.14149999999999996,-0.19254320315689205,0.6374,0.8778,-0.24040000000000006,-0.27386648439280026,0.1099,0.1634,-0.05349999999999999,-0.32741738066095466,0.4615,0.4231,0.038400000000000045,0.09075868588986066,0.3187,0.3007,0.01799999999999996,0.05986032590621869,0.0659,0.0467,0.019200000000000002,0.411134903640257,0.044,0.0356,0.008399999999999998,0.23595505617977522,0.0659,0.0516,0.0143,0.2771317829457364,0.1429,0.1271,0.01580000000000001,0.1243115656963022,0.1209,0.094,0.026899999999999993,0.2861702127659574,0.022,0.0331,-0.011099999999999999,-0.33534743202416917,6.033,5.26,0.7730000000000006,0.1469581749049431,0.1271,0.0083,0.11879999999999999,14.313253012048191,0,1,0,0,1,1,1
2025,BUF,9,two_minute_game,league_multi_season,2023,2025,3,32,96,strong,51,good,usable_team_sample,1,1,0,1,0.549,0.6818,-0.13279999999999992,-0.19477852742739796,0.451,0.3182,0.13280000000000003,0.41734758013827794,0.549,0.6818,-0.13279999999999992,-0.19477852742739796,0.6275,0.8173,-0.18980000000000008,-0.23222806802887566,0.1569,0.1726,-0.015699999999999992,-0.09096176129779833,0.451,0.3942,0.05680000000000002,0.14408929477422633,0.3333,0.2947,0.03859999999999997,0.13098065829657266,0.0392,0.045,-0.0058,-0.1288888888888889,0.0392,0.0394,-0.0001999999999999988,-0.005076142131979665,0.0588,0.0504,0.008399999999999998,0.16666666666666663,0.1373,0.1268,0.01050000000000001,0.08280757097791806,0.098,0.0914,0.006600000000000009,0.07221006564551433,0.0392,0.0354,0.003799999999999998,0.10734463276836152,6.2941,5.037,1.2571000000000003,0.24957315862616644,0.0811,-0.06,0.1411,2.351666666666667,0,1,0,0,1,1,1
2025,BUF,10,one_score,league_multi_season,2023,2025,3,32,96,strong,649,strong,stable_team_sample,1,1,1,1,0.5085,0.565,-0.056499999999999995,-0.1,0.4915,0.435,0.056499999999999995,0.12988505747126436,0.5085,0.565,-0.056499999999999995,-0.1,0.5131,0.6859,-0.17279999999999995,-0.2519317684793701,0.0493,0.0863,-0.037000000000000005,-0.42873696407879497,0.4823,0.4369,0.045399999999999996,0.10391393911650262,0.3205,0.2938,0.0267,0.0908781484002723,0.0539,0.0397,0.014200000000000004,0.35768261964735526,0.0308,0.0265,0.004300000000000002,0.1622641509433963,0.0431,0.0381,0.0049999999999999975,0.13123359580052485,0.168,0.1332,0.0348,0.2612612612612612,0.1032,0.084,0.019199999999999995,0.2285714285714285,0.0647,0.0492,0.015499999999999993,0.3150406504065039,6.2126,5.4822,0.7304000000000004,0.13323118456094277,0.1118,0.0035,0.1083,30.94285714285714,0,1,0,0,1,1,1
2025,BUF,11,neutral_early_down,league_multi_season,2023,2025,3,32,96,strong,399,strong,stable_team_sample,1,1,1,1,0.4712,0.5215,-0.050299999999999956,-0.09645254074784268,0.5288,0.4785,0.05030000000000007,0.10512016718913285,0.4712,0.5215,-0.050299999999999956,-0.09645254074784268,0.4286,0.6282,-0.1996,-0.317733205985355,0.01,0.0855,-0.07550000000000001,-0.8830409356725147,0.4637,0.4391,0.02460000000000001,0.05602368480983833,0.2632,0.2537,0.009500000000000008,0.03744580212849826,0.0125,0.0109,0.0016000000000000007,0.14678899082568814,0.0276,0.0226,0.005000000000000001,0.2212389380530974,0.0226,0.0278,-0.0052,-0.18705035971223022,0.183,0.1443,0.038699999999999984,0.26819126819126804,0.1053,0.0864,0.0189,0.21875,0.0777,0.058,0.019700000000000002,0.3396551724137931,6.6541,5.9339,0.7201999999999993,0.12137043091390136,0.091,0.013,0.078,6.0,0,1,0,0,1,1,1
2025,BUF,12,tied,league_multi_season,2023,2025,3,32,96,strong,174,strong,stable_team_sample,1,1,1,1,0.454,0.5522,-0.09820000000000001,-0.1778341180731619,0.546,0.4478,0.09820000000000007,0.219294327824922,0.454,0.5522,-0.09820000000000001,-0.1778341180731619,0.4943,0.6675,-0.17319999999999997,-0.25947565543071155,0.0345,0.0716,-0.037099999999999994,-0.5181564245810055,0.5115,0.4433,0.06819999999999993,0.15384615384615366,0.3621,0.296,0.06609999999999999,0.2233108108108108,0.0632,0.0396,0.023600000000000003,0.595959595959596,0.0517,0.0252,0.026500000000000003,1.0515873015873016,0.0345,0.0369,-0.0023999999999999994,-0.06504065040650404,0.1839,0.1307,0.0532,0.40703902065799535,0.0862,0.0805,0.005699999999999997,0.07080745341614902,0.0977,0.0502,0.047499999999999994,0.9462151394422309,6.3103,5.406,0.9043000000000001,0.16727709951905292,0.1096,-0.0028,0.1124,40.142857142857146,0,1,0,0,1,1,1
2025,BUF,13,leading,league_multi_season,2023,2025,3,32,96,strong,384,strong,stable_team_sample,1,1,1,1,0.4375,0.504,-0.0665,-0.13194444444444445,0.5625,0.496,0.0665,0.1340725806451613,0.4375,0.504,-0.0665,-0.13194444444444445,0.388,0.6358,-0.24780000000000002,-0.38974520289399184,0.0443,0.0687,-0.024399999999999998,-0.3551673944687045,0.4766,0.4269,0.04970000000000002,0.11642070742562666,0.3203,0.2876,0.03269999999999995,0.11369958275382458,0.0521,0.0419,0.0102,0.243436754176611,0.0052,0.0228,-0.0176,-0.7719298245614036,0.0313,0.0318,-0.0005000000000000004,-0.015723270440251586,0.151,0.1357,0.015300000000000008,0.1127487103905675,0.0781,0.0788,-0.0006999999999999923,-0.00888324873096437,0.0729,0.0569,0.016000000000000007,0.28119507908611613,5.7604,5.5181,0.24230000000000018,0.04391004149979163,0.1451,0.0162,0.12890000000000001,7.956790123456791,0,1,0,0,1,1,1
2025,BUF,14,trailing,league_multi_season,2023,2025,3,32,96,strong,498,strong,stable_team_sample,1,1,1,1,0.5763,0.6309,-0.05459999999999998,-0.08654303376129335,0.4237,0.3691,0.05460000000000004,0.1479273909509619,0.5763,0.6309,-0.05459999999999998,-0.08654303376129335,0.5924,0.7508,-0.15839999999999999,-0.21097496004262117,0.0843,0.1414,-0.0571,-0.40381895332390383,0.488,0.4364,0.05159999999999998,0.11824014665444542,0.3253,0.2961,0.029200000000000004,0.09861533265788587,0.0562,0.0393,0.0169,0.4300254452926208,0.0321,0.0315,0.0005999999999999964,0.01904761904761893,0.0442,0.0472,-0.0029999999999999957,-0.06355932203389822,0.1566,0.1316,0.024999999999999994,0.18996960486322184,0.1104,0.0886,0.0218,0.24604966139954854,0.0462,0.043,0.0032000000000000015,0.07441860465116283,6.253,5.3789,0.8741000000000003,0.16250534495900656,0.1488,-0.0215,0.17029999999999998,7.920930232558139,0,1,0,0,1,1,1
2025,BUF,15,leading_one_score,league_multi_season,2023,2025,3,32,96,strong,211,strong,stable_team_sample,1,1,1,1,0.4739,0.5341,-0.06020000000000003,-0.11271297509829625,0.5261,0.4659,0.06020000000000003,0.12921227731272814,0.4739,0.5341,-0.06020000000000003,-0.11271297509829625,0.4455,0.6624,-0.21689999999999998,-0.327445652173913,0.0521,0.075,-0.022899999999999997,-0.3053333333333333,0.4645,0.4278,0.03670000000000001,0.08578775128564751,0.3033,0.2878,0.015500000000000014,0.05385684503127176,0.0474,0.0405,0.006899999999999996,0.17037037037037028,0.0047,0.0244,-0.019700000000000002,-0.8073770491803279,0.0427,0.0343,0.008400000000000005,0.24489795918367363,0.1659,0.1347,0.031200000000000006,0.23162583518930965,0.0948,0.0826,0.012199999999999989,0.14769975786924924,0.0711,0.052,0.0191,0.3673076923076923,5.7583,5.5713,0.18700000000000028,0.03356487713819042,0.0874,0.0136,0.0738,5.426470588235294,0,1,0,0,1,1,1
2025,BUF,16,leading_two_plus_scores,league_multi_season,2023,2025,3,32,94,strong,173,strong,stable_team_sample,1,1,1,1,0.3931,0.4563,-0.06319999999999998,-0.1385053692746,0.6069,0.5437,0.06320000000000003,0.11624057384587096,0.3931,0.4563,-0.06319999999999998,-0.1385053692746,0.3179,0.5937,-0.2758,-0.46454438268485765,0.0347,0.0586,-0.023899999999999998,-0.4078498293515358,0.4913,0.4256,0.06570000000000004,0.1543703007518798,0.341,0.2873,0.053700000000000025,0.18691263487643586,0.0578,0.0442,0.013599999999999994,0.30769230769230754,0.0058,0.0203,-0.014499999999999999,-0.7142857142857143,0.0173,0.0278,-0.010499999999999999,-0.3776978417266187,0.1329,0.1375,-0.004600000000000021,-0.033454545454545605,0.0578,0.0728,-0.015000000000000006,-0.20604395604395612,0.0751,0.0646,0.010499999999999995,0.16253869969040238,5.763,5.4339,0.3290999999999995,0.06056423563186652,0.2154,0.0204,0.195,9.558823529411764,0,1,0,0,1,1,0
2025,BUF,17,trailing_one_score,league_multi_season,2023,2025,3,32,96,strong,264,strong,stable_team_sample,1,1,1,1,0.572,0.5968,-0.024800000000000044,-0.041554959785522864,0.428,0.4032,0.02479999999999999,0.06150793650793648,0.572,0.5968,-0.024800000000000044,-0.041554959785522864,0.5795,0.7163,-0.13680000000000003,-0.19098143236074275,0.0568,0.1048,-0.048,-0.4580152671755725,0.4773,0.4393,0.03799999999999998,0.08650125199180508,0.3068,0.2967,0.010099999999999998,0.034041118975396016,0.053,0.0391,0.013899999999999996,0.35549872122762133,0.0379,0.029,0.008900000000000002,0.306896551724138,0.0492,0.0417,0.0075,0.17985611510791366,0.1591,0.1338,0.02529999999999999,0.1890881913303437,0.1212,0.0875,0.03370000000000001,0.38514285714285723,0.0379,0.0463,-0.008399999999999998,-0.18142548596112307,6.5114,5.4685,1.0429000000000004,0.1907104324769133,0.1327,0.0002,0.1325,662.5,0,1,0,0,1,1,1
2025,BUF,18,trailing_two_plus_scores,league_multi_season,2023,2025,3,32,96,strong,234,strong,stable_team_sample,1,1,1,1,0.5812,0.677,-0.0958,-0.141506646971935,0.4188,0.323,0.0958,0.296594427244582,0.5812,0.677,-0.0958,-0.141506646971935,0.6068,0.7976,-0.19079999999999997,-0.2392176529588766,0.1154,0.1909,-0.07549999999999998,-0.395495023572551,0.5,0.4324,0.0676,0.15633672525439407,0.3462,0.2953,0.0509,0.17236708432102946,0.0598,0.0395,0.0203,0.5139240506329114,0.0256,0.0349,-0.0093,-0.26647564469914037,0.0385,0.0546,-0.016100000000000003,-0.29487179487179493,0.1538,0.1286,0.0252,0.19595645412130638,0.0983,0.0901,0.008199999999999999,0.09100998890122085,0.0556,0.0385,0.017099999999999997,0.4441558441558441,5.9615,5.2578,0.7037000000000004,0.1338392483548253,0.1669,-0.0509,0.2178,4.278978388998035,0,1,0,0,1,1,1
2025,BUF,19,tied_early_down,league_multi_season,2023,2025,3,32,96,strong,141,strong,stable_team_sample,1,1,1,1,0.4184,0.4983,-0.07990000000000003,-0.16034517359020675,0.5816,0.5017,0.07989999999999997,0.15925852102850302,0.4184,0.4983,-0.07990000000000003,-0.16034517359020675,0.4255,0.6059,-0.1804,-0.29773890080871435,0.0355,0.0718,-0.036300000000000006,-0.5055710306406686,0.4894,0.4418,0.047599999999999976,0.10774105930285191,0.305,0.2572,0.04780000000000001,0.18584758942457236,0.0638,0.0358,0.027999999999999997,0.7821229050279329,0.0567,0.0219,0.0348,1.5890410958904109,0.0142,0.0267,-0.0125,-0.4681647940074906,0.1915,0.1285,0.063,0.490272373540856,0.0922,0.0731,0.019100000000000006,0.26128590971272236,0.0993,0.0554,0.0439,0.7924187725631769,6.156,5.4023,0.7536999999999994,0.13951465116709538,0.0248,0.0018,0.023,12.777777777777779,0,1,0,0,1,1,1
2025,BUF,20,leading_early_down,league_multi_season,2023,2025,3,32,96,strong,293,strong,stable_team_sample,1,1,1,1,0.3754,0.4468,-0.07139999999999996,-0.15980304386750216,0.6246,0.5532,0.07140000000000002,0.1290672451193059,0.3754,0.4468,-0.07139999999999996,-0.15980304386750216,0.3072,0.5755,-0.26830000000000004,-0.4662033014769766,0.0375,0.0709,-0.033400000000000006,-0.47108603667136817,0.4846,0.4235,0.06109999999999999,0.14427390791027153,0.2901,0.2496,0.040500000000000036,0.16225961538461553,0.041,0.0375,0.003500000000000003,0.09333333333333342,0.0034,0.0206,-0.0172,-0.8349514563106796,0.0205,0.0228,-0.0023,-0.10087719298245613,0.1604,0.1332,0.027199999999999974,0.204204204204204,0.0785,0.0705,0.008000000000000007,0.11347517730496465,0.0819,0.0628,0.019100000000000006,0.30414012738853513,6.2389,5.5158,0.7231000000000005,0.13109612386235914,0.1755,0.0115,0.16399999999999998,14.260869565217389,0,1,0,0,1,1,1
2025,BUF,21,trailing_early_down,league_multi_season,2023,2025,3,32,96,strong,385,strong,stable_team_sample,1,1,1,1,0.5325,0.5899,-0.05740000000000001,-0.09730462790303443,0.4675,0.4101,0.05740000000000001,0.13996586198488176,0.5325,0.5899,-0.05740000000000001,-0.09730462790303443,0.5247,0.7068,-0.18209999999999993,-0.2576400679117147,0.0935,0.15,-0.056499999999999995,-0.37666666666666665,0.4857,0.438,0.04770000000000002,0.10890410958904115,0.2753,0.2608,0.014500000000000013,0.05559815950920251,0.0442,0.0356,0.008600000000000003,0.24157303370786526,0.0234,0.0281,-0.004699999999999999,-0.16725978647686832,0.0338,0.0355,-0.0017000000000000001,-0.04788732394366198,0.1377,0.1307,0.0069999999999999785,0.053557765876051856,0.0935,0.0839,0.009599999999999997,0.1144219308700834,0.0442,0.0468,-0.002599999999999998,-0.05555555555555552,5.9091,5.4892,0.4198999999999993,0.07649566421336429,0.1117,-0.0058,0.1175,20.258620689655174,0,1,0,0,1,1,1
2025,CAR,1,all_offense,league_multi_season,2023,2025,3,32,96,strong,991,strong,stable_team_sample,1,1,1,1,0.553,0.5737,-0.02069999999999994,-0.03608157573644752,0.447,0.4263,0.020699999999999996,0.04855735397607318,0.553,0.5737,-0.02069999999999994,-0.03608157573644752,0.672,0.6967,-0.024699999999999944,-0.0354528491459738,0.0626,0.1039,-0.0413,-0.397497593840231,0.4319,0.4345,-0.002599999999999991,-0.005983889528193305,0.2856,0.2932,-0.007599999999999996,-0.025920873124147325,0.0343,0.0402,-0.0059000000000000025,-0.1467661691542289,0.0283,0.0274,0.000899999999999998,0.03284671532846708,0.0353,0.0401,-0.004799999999999999,-0.1197007481296758,0.1221,0.1328,-0.010700000000000001,-0.08057228915662651,0.0767,0.0838,-0.007099999999999995,-0.08472553699284004,0.0454,0.049,-0.003599999999999999,-0.07346938775510202,5.0918,5.4305,-0.3387000000000002,-0.062369947518644726,-0.0367,-0.0054,-0.0313,-5.796296296296296,0,1,0,0,0,0,0
2025,CAR,2,early_down,league_multi_season,2023,2025,3,32,96,strong,749,strong,stable_team_sample,1,1,1,1,0.502,0.5246,-0.022599999999999953,-0.043080442241707886,0.498,0.4754,0.02260000000000001,0.04753891459823309,0.502,0.5246,-0.022599999999999953,-0.043080442241707886,0.6075,0.6436,-0.03609999999999991,-0.0560907395898072,0.0748,0.1086,-0.0338,-0.31123388581952116,0.4352,0.4339,0.0012999999999999678,0.0029960820465544315,0.243,0.2564,-0.013400000000000023,-0.05226209048361943,0.0307,0.0363,-0.005599999999999997,-0.15426997245179055,0.0267,0.0244,0.0023,0.0942622950819672,0.0254,0.0296,-0.004200000000000002,-0.14189189189189197,0.1148,0.1311,-0.016299999999999995,-0.12433257055682682,0.0694,0.0774,-0.007999999999999993,-0.1033591731266149,0.0454,0.0538,-0.008399999999999998,-0.15613382899628248,5.0681,5.4816,-0.4135,-0.0754341798015178,-0.0413,0.0014,-0.0427,-30.5,0,1,0,0,0,1,0
2025,CAR,3,third_down,league_multi_season,2023,2025,3,32,96,strong,203,strong,stable_team_sample,1,1,1,1,0.7241,0.7494,-0.02529999999999999,-0.033760341606618616,0.2759,0.2506,0.02529999999999999,0.1009577015163607,0.7241,0.7494,-0.02529999999999999,-0.033760341606618616,0.9113,0.8953,0.016000000000000014,0.017871104657656667,0.0246,0.0875,-0.0629,-0.7188571428571429,0.3695,0.4242,-0.054700000000000026,-0.128948609146629,0.3645,0.3997,-0.03520000000000001,-0.08806604953715289,0.0296,0.0487,-0.0191,-0.3921971252566735,0.0394,0.0359,0.003499999999999996,0.09749303621169905,0.064,0.0778,-0.013799999999999993,-0.17737789203084825,0.1182,0.1404,-0.022199999999999998,-0.1581196581196581,0.0739,0.107,-0.033100000000000004,-0.3093457943925234,0.0443,0.0333,0.010999999999999996,0.33033033033033016,4.468,5.3482,-0.8802000000000003,-0.16457873677125018,-0.2716,-0.0507,-0.2209,-4.357001972386588,0,1,1,0,0,0,0
2025,CAR,4,fourth_down,league_multi_season,2023,2025,3,32,96,good,39,thin,small_team_sample,0,1,0,0,0.641,0.6225,0.01849999999999996,0.029718875502007965,0.359,0.3775,-0.018500000000000016,-0.04900662251655633,0.641,0.6225,0.01849999999999996,0.029718875502007965,0.6667,0.675,-0.008300000000000085,-0.012296296296296421,0.0256,0.0943,-0.0687,-0.7285259809119831,0.6923,0.5443,0.14800000000000002,0.2719088737828404,0.6923,0.5475,0.14480000000000004,0.26447488584474893,0.1282,0.0926,0.03560000000000001,0.3844492440604752,0.0,0.0492,-0.0492,-1.0,0.0769,0.0504,0.026499999999999996,0.5257936507936507,0.2821,0.1209,0.1612,1.3333333333333335,0.2308,0.0893,0.14150000000000001,1.5845464725643899,0.0513,0.0316,0.019699999999999995,0.6234177215189871,8.7949,4.5242,4.2707,0.9439679943415409,1.2734,0.1649,1.1085,6.722255912674349,1,0,0,0,1,1,1
2025,CAR,5,short_yardage,league_multi_season,2023,2025,3,32,96,strong,90,good,usable_team_sample,1,1,0,1,0.4,0.3476,0.0524,0.15074798619102417,0.6,0.6524,-0.0524,-0.0803188228080932,0.4,0.3476,0.0524,0.15074798619102417,0.5111,0.5322,-0.021100000000000008,-0.039646749342352516,0.1111,0.1642,-0.05310000000000001,-0.32338611449451893,0.5444,0.5961,-0.05169999999999997,-0.08673041436000667,0.6444,0.6404,0.0040000000000000036,0.00624609618988133,0.1111,0.1155,-0.004400000000000001,-0.038095238095238106,0.0222,0.0214,0.0008000000000000021,0.03738317757009356,0.0556,0.0229,0.03269999999999999,1.4279475982532748,0.1,0.0906,0.009400000000000006,0.10375275938189851,0.0667,0.0453,0.021399999999999995,0.47240618101545245,0.0333,0.0453,-0.011999999999999997,-0.26490066225165554,3.6333,3.8797,-0.24639999999999995,-0.06351006521122765,0.0095,0.0647,-0.05519999999999999,-0.8531684698608965,1,0,0,0,0,0,1
2025,CAR,6,red_zone,league_multi_season,2023,2025,3,32,96,strong,144,strong,stable_team_sample,1,1,1,1,0.5417,0.5029,0.038799999999999946,0.07715251541061831,0.4583,0.4971,-0.0388,-0.07805270569301952,0.5417,0.5029,0.038799999999999946,0.07715251541061831,0.6111,0.6589,-0.047800000000000065,-0.07254515100925794,0.0417,0.0945,-0.0528,-0.5587301587301587,0.4236,0.4224,0.0011999999999999789,0.0028409090909090407,0.3125,0.313,-0.0005000000000000004,-0.0015974440894568705,0.1667,0.1961,-0.02940000000000001,-0.1499235084140745,0.0347,0.0258,0.008900000000000002,0.3449612403100776,0.0347,0.0328,0.001899999999999999,0.057926829268292644,0.0208,0.0512,-0.030400000000000003,-0.59375,0.0069,0.0238,-0.016900000000000002,-0.7100840336134454,0.0139,0.0274,-0.013500000000000002,-0.49270072992700736,2.9167,3.0,-0.08329999999999993,-0.027766666666666644,-0.0732,-0.0022,-0.07100000000000001,-32.27272727272727,1,0,0,0,0,1,0
2025,CAR,7,goal_to_go,league_multi_season,2023,2025,3,32,96,strong,46,thin,small_team_sample,0,1,0,0,0.5652,0.4757,0.08950000000000002,0.18814378810174484,0.4348,0.5243,-0.08949999999999997,-0.1707037955369063,0.5652,0.4757,0.08950000000000002,0.18814378810174484,0.5435,0.611,-0.0675,-0.1104746317512275,0.0435,0.0861,-0.0426,-0.49477351916376305,0.4783,0.438,0.0403,0.09200913242009133,0.3913,0.3303,0.061,0.18468059339993945,0.3913,0.3289,0.062399999999999956,0.18972332015810262,0.0217,0.0243,-0.002599999999999998,-0.10699588477366248,0.0435,0.0306,0.012899999999999998,0.42156862745098034,0.0,0.0074,-0.0074,-1.0,0.0,0.0033,-0.0033,-1.0,0.0,0.0041,-0.0041,-1.0,1.9783,1.8044,0.17389999999999994,0.09637552649080024,0.177,0.0097,0.1673,17.24742268041237,1,0,0,0,1,1,0
2025,CAR,8,two_minute_half,league_multi_season,2023,2025,3,32,96,strong,123,strong,stable_team_sample,1,1,1,1,0.6748,0.7349,-0.06010000000000004,-0.08177983399101925,0.3252,0.2651,0.06009999999999999,0.22670690305545071,0.6748,0.7349,-0.06010000000000004,-0.08177983399101925,0.8211,0.8778,-0.05669999999999997,-0.06459330143540666,0.1545,0.1634,-0.008899999999999991,-0.05446756425948587,0.4146,0.4231,-0.008499999999999952,-0.02008981328291173,0.3089,0.3007,0.008199999999999985,0.027269704023944078,0.0407,0.0467,-0.005999999999999998,-0.12847965738758027,0.0569,0.0356,0.0213,0.598314606741573,0.0407,0.0516,-0.0109,-0.21124031007751937,0.1301,0.1271,0.0030000000000000027,0.023603461841070046,0.0813,0.094,-0.012700000000000003,-0.13510638297872343,0.0488,0.0331,0.015700000000000006,0.4743202416918431,5.0894,5.26,-0.17059999999999942,-0.03243346007604552,-0.0201,0.0083,-0.0284,-3.421686746987952,0,1,0,0,0,0,1
2025,CAR,9,two_minute_game,league_multi_season,2023,2025,3,32,96,strong,46,thin,small_team_sample,0,1,0,0,0.6304,0.6818,-0.0514,-0.0753886770313875,0.3696,0.3182,0.0514,0.16153362664990573,0.6304,0.6818,-0.0514,-0.0753886770313875,0.7391,0.8173,-0.07820000000000005,-0.09568090052612266,0.1304,0.1726,-0.042200000000000015,-0.2444959443800696,0.3696,0.3942,-0.02460000000000001,-0.06240487062404874,0.3478,0.2947,0.05309999999999998,0.180183237190363,0.0652,0.045,0.020199999999999996,0.44888888888888884,0.0652,0.0394,0.025799999999999997,0.6548223350253807,0.0435,0.0504,-0.006900000000000003,-0.13690476190476197,0.1087,0.1268,-0.01809999999999999,-0.14274447949526808,0.0652,0.0914,-0.0262,-0.28665207877461707,0.0435,0.0354,0.008099999999999996,0.2288135593220338,4.4783,5.037,-0.5587,-0.11091919793527893,0.0284,-0.06,0.0884,1.4733333333333334,0,1,0,0,1,0,0
2025,CAR,10,one_score,league_multi_season,2023,2025,3,32,96,strong,677,strong,stable_team_sample,1,1,1,1,0.5199,0.565,-0.04509999999999992,-0.07982300884955738,0.4801,0.435,0.04510000000000003,0.1036781609195403,0.5199,0.565,-0.04509999999999992,-0.07982300884955738,0.6322,0.6859,-0.05369999999999997,-0.07829129610730423,0.0295,0.0863,-0.0568,-0.6581691772885284,0.418,0.4369,-0.018900000000000028,-0.04325932707713442,0.2777,0.2938,-0.016100000000000003,-0.0547991831177672,0.031,0.0397,-0.0087,-0.21914357682619645,0.0281,0.0265,0.0016000000000000007,0.060377358490566066,0.031,0.0381,-0.007100000000000002,-0.18635170603674545,0.1256,0.1332,-0.007600000000000023,-0.05705705705705723,0.0724,0.084,-0.0116,-0.13809523809523808,0.0532,0.0492,0.003999999999999997,0.08130081300813001,5.0886,5.4822,-0.39360000000000017,-0.07179599430885414,-0.0505,0.0035,-0.054000000000000006,-15.42857142857143,0,1,0,0,0,0,0
2025,CAR,11,neutral_early_down,league_multi_season,2023,2025,3,32,96,strong,423,strong,stable_team_sample,1,1,1,1,0.4657,0.5215,-0.05579999999999996,-0.10699904122722907,0.5343,0.4785,0.055800000000000016,0.11661442006269597,0.4657,0.5215,-0.05579999999999996,-0.10699904122722907,0.5697,0.6282,-0.058499999999999996,-0.09312320916905444,0.0331,0.0855,-0.05240000000000001,-0.6128654970760234,0.4303,0.4391,-0.008799999999999975,-0.020040992940104703,0.2222,0.2537,-0.03149999999999997,-0.12416239653133612,0.0071,0.0109,-0.0037999999999999996,-0.34862385321100914,0.0213,0.0226,-0.001299999999999999,-0.057522123893805274,0.0189,0.0278,-0.008899999999999998,-0.3201438848920863,0.1253,0.1443,-0.019000000000000017,-0.13167013167013178,0.0709,0.0864,-0.0155,-0.17939814814814814,0.0544,0.058,-0.003600000000000006,-0.06206896551724148,5.2861,5.9339,-0.6478000000000002,-0.10916934899475894,-0.0429,0.013,-0.0559,-4.3,0,1,0,0,0,0,0
2025,CAR,12,tied,league_multi_season,2023,2025,3,32,96,strong,209,strong,stable_team_sample,1,1,1,1,0.5263,0.5522,-0.025900000000000034,-0.04690329590728003,0.4737,0.4478,0.025900000000000034,0.05783832067887458,0.5263,0.5522,-0.025900000000000034,-0.04690329590728003,0.6172,0.6675,-0.05030000000000001,-0.0753558052434457,0.0191,0.0716,-0.0525,-0.7332402234636871,0.4545,0.4433,0.011199999999999988,0.02526505752312201,0.3014,0.296,0.005400000000000016,0.018243243243243296,0.0335,0.0396,-0.006100000000000001,-0.15404040404040406,0.0335,0.0252,0.008300000000000002,0.3293650793650794,0.0335,0.0369,-0.0034000000000000002,-0.0921409214092141,0.134,0.1307,0.0032999999999999974,0.025248661055853078,0.0766,0.0805,-0.0039000000000000007,-0.048447204968944106,0.0574,0.0502,0.007199999999999998,0.1434262948207171,5.1053,5.406,-0.30069999999999997,-0.05562338142804291,-0.0192,-0.0028,-0.016399999999999998,-5.857142857142857,0,1,0,0,0,1,1
2025,CAR,13,leading,league_multi_season,2023,2025,3,32,96,strong,169,strong,stable_team_sample,1,1,1,1,0.4024,0.504,-0.10160000000000002,-0.20158730158730162,0.5976,0.496,0.10160000000000002,0.2048387096774194,0.4024,0.504,-0.10160000000000002,-0.20158730158730162,0.5207,0.6358,-0.11509999999999998,-0.18103177099716888,0.0178,0.0687,-0.0509,-0.7409024745269287,0.3787,0.4269,-0.04820000000000002,-0.11290700398219729,0.2426,0.2876,-0.04500000000000001,-0.15646731571627262,0.0178,0.0419,-0.0241,-0.5751789976133651,0.0,0.0228,-0.0228,-1.0,0.0355,0.0318,0.003699999999999995,0.11635220125786147,0.0888,0.1357,-0.04689999999999998,-0.34561532792925564,0.0414,0.0788,-0.037399999999999996,-0.4746192893401015,0.0473,0.0569,-0.009599999999999997,-0.16871704745166954,4.1006,5.5181,-1.4174999999999995,-0.25688189775466186,-0.1268,0.0162,-0.143,-8.82716049382716,0,1,0,0,0,0,0
2025,CAR,14,trailing,league_multi_season,2023,2025,3,32,96,strong,613,strong,stable_team_sample,1,1,1,1,0.6036,0.6309,-0.02729999999999999,-0.04327151688064668,0.3964,0.3691,0.02729999999999999,0.07396369547548087,0.6036,0.6309,-0.02729999999999999,-0.04327151688064668,0.7325,0.7508,-0.018299999999999983,-0.024374001065530077,0.0897,0.1414,-0.051699999999999996,-0.3656294200848656,0.4388,0.4364,0.0024000000000000132,0.005499541704857959,0.292,0.2961,-0.0040999999999999925,-0.013846673421141483,0.0392,0.0393,-0.00010000000000000286,-0.0025445292620865866,0.0343,0.0315,0.002799999999999997,0.0888888888888888,0.0359,0.0472,-0.011299999999999998,-0.2394067796610169,0.1272,0.1316,-0.004399999999999987,-0.03343465045592696,0.0865,0.0886,-0.0021000000000000046,-0.023702031602708857,0.0408,0.043,-0.0021999999999999936,-0.05116279069767427,5.3605,5.3789,-0.01839999999999975,-0.0034207737641524755,-0.0178,-0.0215,0.0036999999999999984,0.17209302325581388,0,1,0,0,1,1,0
2025,CAR,15,leading_one_score,league_multi_season,2023,2025,3,32,96,strong,121,strong,stable_team_sample,1,1,1,1,0.405,0.5341,-0.1291,-0.24171503463770827,0.595,0.4659,0.1291,0.27709808971882377,0.405,0.5341,-0.1291,-0.24171503463770827,0.5372,0.6624,-0.12519999999999998,-0.18900966183574877,0.0248,0.075,-0.050199999999999995,-0.6693333333333333,0.3884,0.4278,-0.03939999999999999,-0.09209911173445533,0.2562,0.2878,-0.03160000000000002,-0.1097984711605282,0.0165,0.0405,-0.024,-0.5925925925925926,0.0,0.0244,-0.0244,-1.0,0.0248,0.0343,-0.009499999999999998,-0.2769679300291545,0.1074,0.1347,-0.02729999999999999,-0.20267260579064583,0.0496,0.0826,-0.03300000000000001,-0.3995157384987894,0.0579,0.052,0.0059000000000000025,0.11346153846153852,4.6281,5.5713,-0.9432,-0.16929621452802757,-0.1148,0.0136,-0.1284,-9.441176470588236,0,1,0,0,0,0,0
2025,CAR,16,leading_two_plus_scores,league_multi_season,2023,2025,3,32,94,strong,48,thin,small_team_sample,0,1,0,0,0.3958,0.4563,-0.0605,-0.13258820951128644,0.6042,0.5437,0.0605,0.11127459996321501,0.3958,0.4563,-0.0605,-0.13258820951128644,0.4792,0.5937,-0.11449999999999999,-0.19285834596597606,0.0,0.0586,-0.0586,-1.0,0.3542,0.4256,-0.07139999999999996,-0.16776315789473675,0.2083,0.2873,-0.07899999999999999,-0.2749738948833971,0.0208,0.0442,-0.023400000000000004,-0.5294117647058824,0.0,0.0203,-0.0203,-1.0,0.0625,0.0278,0.0347,1.248201438848921,0.0417,0.1375,-0.09580000000000001,-0.6967272727272728,0.0208,0.0728,-0.052000000000000005,-0.7142857142857143,0.0208,0.0646,-0.043800000000000006,-0.6780185758513932,2.7708,5.4339,-2.6631000000000005,-0.49008999061447583,-0.1573,0.0204,-0.1777,-8.710784313725489,0,1,0,0,0,0,0
2025,CAR,17,trailing_one_score,league_multi_season,2023,2025,3,32,96,strong,347,strong,stable_team_sample,1,1,1,1,0.5562,0.5968,-0.04059999999999997,-0.06802949061662193,0.4438,0.4032,0.04059999999999997,0.10069444444444436,0.5562,0.5968,-0.04059999999999997,-0.06802949061662193,0.6744,0.7163,-0.04190000000000005,-0.05849504397598778,0.0375,0.1048,-0.0673,-0.642175572519084,0.4063,0.4393,-0.03300000000000003,-0.07511950830867295,0.2709,0.2967,-0.025800000000000045,-0.08695652173913059,0.0346,0.0391,-0.004500000000000004,-0.11508951406649626,0.0346,0.029,0.005599999999999997,0.19310344827586196,0.0317,0.0417,-0.010000000000000002,-0.23980815347721826,0.1268,0.1338,-0.007000000000000006,-0.052316890881913346,0.0778,0.0875,-0.0097,-0.11085714285714286,0.049,0.0463,0.002700000000000001,0.058315334773218166,5.2392,5.4685,-0.2292999999999994,-0.04193105970558643,-0.047,0.0002,-0.0472,-235.99999999999997,0,1,0,0,0,0,0
2025,CAR,18,trailing_two_plus_scores,league_multi_season,2023,2025,3,32,96,strong,266,strong,stable_team_sample,1,1,1,1,0.6654,0.677,-0.011600000000000055,-0.017134416543574674,0.3346,0.323,0.0116,0.03591331269349845,0.6654,0.677,-0.011600000000000055,-0.017134416543574674,0.8083,0.7976,0.010700000000000043,0.013415245737211689,0.1579,0.1909,-0.032999999999999974,-0.17286537454164472,0.4812,0.4324,0.04880000000000001,0.11285846438482888,0.3195,0.2953,0.0242,0.08195055875380967,0.0451,0.0395,0.005600000000000001,0.14177215189873418,0.0338,0.0349,-0.0011000000000000038,-0.03151862464183392,0.0414,0.0546,-0.013200000000000003,-0.24175824175824182,0.1278,0.1286,-0.0007999999999999952,-0.006220839813374768,0.0977,0.0901,0.007599999999999996,0.08435072142064368,0.0301,0.0385,-0.008400000000000001,-0.21818181818181823,5.5188,5.2578,0.2610000000000001,0.04964053406367685,0.0202,-0.0509,0.0711,1.3968565815324163,0,1,1,0,1,1,0
2025,CAR,19,tied_early_down,league_multi_season,2023,2025,3,32,96,strong,160,strong,stable_team_sample,1,1,1,1,0.5063,0.4983,0.007999999999999952,0.016054585591009335,0.4938,0.5017,-0.007900000000000018,-0.015746462029101092,0.5063,0.4983,0.007999999999999952,0.016054585591009335,0.5438,0.6059,-0.062100000000000044,-0.10249216042251204,0.025,0.0718,-0.0468,-0.6518105849582173,0.4563,0.4418,0.014499999999999957,0.032820280669986324,0.2563,0.2572,-0.0009000000000000119,-0.0034992223950233744,0.0375,0.0358,0.0017000000000000001,0.04748603351955308,0.0313,0.0219,0.009400000000000002,0.42922374429223753,0.025,0.0267,-0.0017000000000000001,-0.06367041198501873,0.125,0.1285,-0.003500000000000003,-0.027237354085603138,0.0625,0.0731,-0.010599999999999998,-0.1450068399452804,0.0625,0.0554,0.007100000000000002,0.128158844765343,5.0313,5.4023,-0.37100000000000044,-0.06867445347352062,-0.0309,0.0018,-0.0327,-18.166666666666668,1,0,0,0,0,1,0
2025,CAR,20,leading_early_down,league_multi_season,2023,2025,3,32,96,strong,124,strong,stable_team_sample,1,1,1,1,0.3145,0.4468,-0.13229999999999997,-0.29610564010743057,0.6855,0.5532,0.13229999999999997,0.23915401301518432,0.3145,0.4468,-0.13229999999999997,-0.29610564010743057,0.4194,0.5755,-0.15610000000000002,-0.27124239791485666,0.0161,0.0709,-0.0548,-0.7729196050775741,0.3871,0.4235,-0.03639999999999999,-0.08595041322314047,0.1935,0.2496,-0.05609999999999998,-0.22475961538461534,0.0161,0.0375,-0.0214,-0.5706666666666667,0.0,0.0206,-0.0206,-1.0,0.0161,0.0228,-0.006700000000000001,-0.29385964912280704,0.0726,0.1332,-0.060600000000000015,-0.454954954954955,0.0323,0.0705,-0.03819999999999999,-0.5418439716312056,0.0403,0.0628,-0.022499999999999992,-0.35828025477707,4.0645,5.5158,-1.4512999999999998,-0.26311686428079334,-0.1094,0.0115,-0.1209,-10.513043478260869,0,1,0,0,0,0,0
2025,CAR,21,trailing_early_down,league_multi_season,2023,2025,3,32,96,strong,465,strong,stable_team_sample,1,1,1,1,0.5505,0.5899,-0.03939999999999999,-0.0667909815222919,0.4495,0.4101,0.03939999999999999,0.09607412826139963,0.5505,0.5899,-0.03939999999999999,-0.0667909815222919,0.6796,0.7068,-0.027200000000000002,-0.038483305036785515,0.1075,0.15,-0.042499999999999996,-0.2833333333333333,0.4409,0.438,0.0029000000000000137,0.006621004566210077,0.2516,0.2608,-0.009199999999999986,-0.03527607361963185,0.0323,0.0356,-0.0032999999999999974,-0.09269662921348307,0.0323,0.0281,0.004200000000000002,0.14946619217081858,0.028,0.0355,-0.007499999999999996,-0.21126760563380273,0.1226,0.1307,-0.00810000000000001,-0.06197398622800313,0.0817,0.0839,-0.0022000000000000075,-0.026221692491060874,0.0409,0.0468,-0.0059000000000000025,-0.12606837606837612,5.3484,5.4892,-0.14080000000000048,-0.025650367995336383,-0.0267,-0.0058,-0.020900000000000002,-3.6034482758620694,0,1,0,0,0,1,0
2025,CHI,1,all_offense,league_multi_season,2023,2025,3,32,96,strong,1090,strong,stable_team_sample,1,1,1,1,0.5468,0.5737,-0.026900000000000035,-0.04688861774446581,0.4532,0.4263,0.02689999999999998,0.06310110250996946,0.5468,0.5737,-0.026900000000000035,-0.04688861774446581,0.5211,0.6967,-0.17559999999999998,-0.25204535668149847,0.0495,0.1039,-0.054400000000000004,-0.5235803657362849,0.4578,0.4345,0.023299999999999987,0.0536248561565017,0.3092,0.2932,0.01599999999999996,0.0545702592087311,0.044,0.0402,0.003799999999999998,0.09452736318407955,0.0183,0.0274,-0.0091,-0.33211678832116787,0.022,0.0401,-0.018099999999999998,-0.4513715710723192,0.1514,0.1328,0.018600000000000005,0.14006024096385547,0.0899,0.0838,0.006099999999999994,0.07279236276849635,0.0615,0.049,0.012499999999999997,0.2551020408163265,5.7697,5.4305,0.33919999999999995,0.06246202007181658,0.0796,-0.0054,0.085,15.74074074074074,0,1,0,0,1,1,1
2025,CHI,2,early_down,league_multi_season,2023,2025,3,32,96,strong,833,strong,stable_team_sample,1,1,1,1,0.5054,0.5246,-0.019199999999999995,-0.03659931376286694,0.4946,0.4754,0.019199999999999995,0.04038704249053428,0.5054,0.5246,-0.019199999999999995,-0.03659931376286694,0.4346,0.6436,-0.20899999999999996,-0.3247358607830951,0.0576,0.1086,-0.051000000000000004,-0.4696132596685083,0.4562,0.4339,0.022299999999999986,0.051394330490896485,0.2701,0.2564,0.01369999999999999,0.05343213728549138,0.036,0.0363,-0.00030000000000000165,-0.0082644628099174,0.0156,0.0244,-0.008800000000000002,-0.3606557377049181,0.0144,0.0296,-0.015200000000000002,-0.5135135135135136,0.1609,0.1311,0.029799999999999993,0.22730739893211285,0.0876,0.0774,0.0102,0.13178294573643412,0.0732,0.0538,0.0194,0.36059479553903345,5.8788,5.4816,0.3971999999999998,0.0724605954465849,0.0874,0.0014,0.08600000000000001,61.42857142857144,0,1,0,0,1,1,1
2025,CHI,3,third_down,league_multi_season,2023,2025,3,32,96,strong,228,strong,stable_team_sample,1,1,1,1,0.6754,0.7494,-0.07399999999999995,-0.09874566319722439,0.3246,0.2506,0.07400000000000001,0.2952913008778931,0.6754,0.7494,-0.07399999999999995,-0.09874566319722439,0.8114,0.8953,-0.08389999999999997,-0.09371160504858704,0.0219,0.0875,-0.06559999999999999,-0.7497142857142857,0.4605,0.4242,0.0363,0.08557284299858557,0.4254,0.3997,0.0257,0.06429822366775081,0.0658,0.0487,0.017099999999999997,0.3511293634496919,0.0219,0.0359,-0.014000000000000002,-0.3899721448467967,0.0482,0.0778,-0.029599999999999994,-0.3804627249357326,0.1272,0.1404,-0.01319999999999999,-0.09401709401709395,0.1053,0.107,-0.0016999999999999932,-0.015887850467289657,0.0219,0.0333,-0.011400000000000004,-0.3423423423423424,5.5965,5.3482,0.24829999999999952,0.04642683519688858,0.0826,-0.0507,0.1333,2.6291913214990137,0,1,0,0,1,1,0
2025,CHI,4,fourth_down,league_multi_season,2023,2025,3,32,96,good,29,thin,small_team_sample,0,1,0,0,0.7241,0.6225,0.10159999999999991,0.16321285140562233,0.2759,0.3775,-0.10160000000000002,-0.2691390728476822,0.7241,0.6225,0.10159999999999991,0.16321285140562233,0.7241,0.675,0.04909999999999992,0.07274074074074062,0.0345,0.0943,-0.05979999999999999,-0.6341463414634145,0.4828,0.5443,-0.0615,-0.11298916038949108,0.5172,0.5475,-0.030299999999999994,-0.05534246575342465,0.1034,0.0926,0.010800000000000004,0.11663066954643633,0.069,0.0492,0.019800000000000005,0.402439024390244,0.0345,0.0504,-0.015899999999999997,-0.3154761904761904,0.069,0.1209,-0.05189999999999999,-0.42928039702233245,0.0345,0.0893,-0.0548,-0.6136618141097424,0.0345,0.0316,0.0029,0.09177215189873417,4.0,4.5242,-0.5242000000000004,-0.11586578842668326,-0.1679,0.1649,-0.3328,-2.0181928441479684,1,0,1,0,0,0,0
2025,CHI,5,short_yardage,league_multi_season,2023,2025,3,32,96,strong,100,strong,stable_team_sample,1,1,1,1,0.41,0.3476,0.062399999999999956,0.17951668584579963,0.59,0.6524,-0.06240000000000001,-0.09564684242795833,0.41,0.3476,0.062399999999999956,0.17951668584579963,0.37,0.5322,-0.1622,-0.3047726418639609,0.1,0.1642,-0.06420000000000001,-0.3909866017052375,0.61,0.5961,0.013900000000000023,0.023318235195437048,0.64,0.6404,-0.00039999999999995595,-0.0006246096189880636,0.16,0.1155,0.0445,0.3852813852813852,0.04,0.0214,0.018600000000000002,0.869158878504673,0.01,0.0229,-0.0129,-0.5633187772925764,0.15,0.0906,0.059399999999999994,0.6556291390728476,0.11,0.0453,0.06470000000000001,1.4282560706401768,0.04,0.0453,-0.005299999999999999,-0.11699779249448122,4.67,3.8797,0.7902999999999998,0.20370131711214778,0.0622,0.0647,-0.0024999999999999953,-0.0386398763523956,1,0,0,0,0,1,1
2025,CHI,6,red_zone,league_multi_season,2023,2025,3,32,96,strong,174,strong,stable_team_sample,1,1,1,1,0.4483,0.5029,-0.05460000000000004,-0.10857029230463319,0.5517,0.4971,0.05459999999999998,0.10983705491852742,0.4483,0.5029,-0.05460000000000004,-0.10857029230463319,0.477,0.6589,-0.18190000000000006,-0.2760661708908788,0.0632,0.0945,-0.031299999999999994,-0.33121693121693113,0.4483,0.4224,0.02589999999999998,0.06131628787878783,0.2989,0.313,-0.014100000000000001,-0.04504792332268371,0.1839,0.1961,-0.012199999999999989,-0.06221315655277914,0.0287,0.0258,0.0029,0.11240310077519379,0.0287,0.0328,-0.004100000000000003,-0.12500000000000008,0.046,0.0512,-0.005200000000000003,-0.10156250000000006,0.0057,0.0238,-0.0181,-0.7605042016806722,0.0402,0.0274,0.012799999999999999,0.4671532846715328,2.8276,3.0,-0.1724000000000001,-0.0574666666666667,0.0293,-0.0022,0.0315,14.318181818181817,0,1,0,0,1,1,0
2025,CHI,7,goal_to_go,league_multi_season,2023,2025,3,32,96,strong,65,good,usable_team_sample,1,1,0,1,0.4615,0.4757,-0.01419999999999999,-0.029850746268656695,0.5385,0.5243,0.01419999999999999,0.02708373068853708,0.4615,0.4757,-0.01419999999999999,-0.029850746268656695,0.4154,0.611,-0.1956,-0.3201309328968903,0.0923,0.0861,0.006199999999999997,0.07200929152148662,0.4923,0.438,0.054300000000000015,0.12397260273972606,0.3385,0.3303,0.00820000000000004,0.024825915834090346,0.3385,0.3289,0.009599999999999997,0.02918820310124657,0.0154,0.0243,-0.008899999999999998,-0.36625514403292175,0.0308,0.0306,0.00020000000000000226,0.006535947712418375,0.0,0.0074,-0.0074,-1.0,0.0,0.0033,-0.0033,-1.0,0.0,0.0041,-0.0041,-1.0,1.6,1.8044,-0.20439999999999992,-0.11327865218355126,0.0186,0.0097,0.008899999999999998,0.917525773195876,0,1,0,1,1,1,0
2025,CHI,8,two_minute_half,league_multi_season,2023,2025,3,32,96,strong,143,strong,stable_team_sample,1,1,1,1,0.7273,0.7349,-0.007600000000000051,-0.010341543067084027,0.2727,0.2651,0.007599999999999996,0.028668427008675956,0.7273,0.7349,-0.007600000000000051,-0.010341543067084027,0.7762,0.8778,-0.10160000000000002,-0.11574390521758945,0.0839,0.1634,-0.07949999999999999,-0.48653610771113825,0.3776,0.4231,-0.045499999999999985,-0.10753958874970453,0.2587,0.3007,-0.04200000000000004,-0.13967409378117737,0.042,0.0467,-0.004699999999999996,-0.10064239828693781,0.014,0.0356,-0.0216,-0.6067415730337079,0.021,0.0516,-0.0306,-0.5930232558139534,0.1189,0.1271,-0.008199999999999985,-0.06451612903225795,0.0699,0.094,-0.024099999999999996,-0.2563829787234042,0.049,0.0331,0.015900000000000004,0.4803625377643506,5.2657,5.26,0.005700000000000038,0.0010836501901140758,-0.0051,0.0083,-0.0134,-1.6144578313253013,0,1,0,0,0,0,0
2025,CHI,9,two_minute_game,league_multi_season,2023,2025,3,32,96,strong,59,good,usable_team_sample,1,1,0,1,0.6102,0.6818,-0.0716,-0.10501613376356703,0.3898,0.3182,0.0716,0.2250157133878064,0.6102,0.6818,-0.0716,-0.10501613376356703,0.661,0.8173,-0.1563,-0.1912394469595008,0.1186,0.1726,-0.054000000000000006,-0.3128621089223639,0.4237,0.3942,0.029500000000000026,0.07483510908168449,0.3051,0.2947,0.010399999999999965,0.03529012555140809,0.0678,0.045,0.0228,0.5066666666666667,0.0339,0.0394,-0.005499999999999998,-0.13959390862944157,0.0169,0.0504,-0.0335,-0.6646825396825398,0.1525,0.1268,0.0257,0.2026813880126183,0.0678,0.0914,-0.023599999999999996,-0.25820568927789933,0.0847,0.0354,0.0493,1.3926553672316382,5.8983,5.037,0.8613,0.17099463966646813,0.0654,-0.06,0.1254,2.0900000000000003,0,1,0,0,1,1,1
2025,CHI,10,one_score,league_multi_season,2023,2025,3,32,96,strong,779,strong,stable_team_sample,1,1,1,1,0.5443,0.565,-0.02069999999999994,-0.03663716814159282,0.4557,0.435,0.020699999999999996,0.047586206896551714,0.5443,0.565,-0.02069999999999994,-0.03663716814159282,0.5058,0.6859,-0.18009999999999993,-0.26257471934684345,0.0359,0.0863,-0.0504,-0.5840092699884125,0.4698,0.4369,0.032899999999999985,0.07530327306019681,0.3081,0.2938,0.01429999999999998,0.048672566371681346,0.0475,0.0397,0.007800000000000001,0.19647355163727964,0.0218,0.0265,-0.004699999999999999,-0.17735849056603772,0.0167,0.0381,-0.021400000000000002,-0.5616797900262468,0.1476,0.1332,0.014399999999999996,0.10810810810810807,0.0886,0.084,0.004599999999999993,0.05476190476190468,0.0591,0.0492,0.009899999999999999,0.20121951219512194,5.9268,5.4822,0.44460000000000033,0.08109882893728801,0.0996,0.0035,0.09609999999999999,27.457142857142856,0,1,0,0,1,1,1
2025,CHI,11,neutral_early_down,league_multi_season,2023,2025,3,32,96,strong,484,strong,stable_team_sample,1,1,1,1,0.5186,0.5215,-0.0029000000000000137,-0.005560882070949211,0.4814,0.4785,0.0029000000000000137,0.006060606060606089,0.5186,0.5215,-0.0029000000000000137,-0.005560882070949211,0.4194,0.6282,-0.20879999999999999,-0.332378223495702,0.0413,0.0855,-0.0442,-0.5169590643274854,0.4752,0.4391,0.03610000000000002,0.08221361876565708,0.2769,0.2537,0.0232,0.09144659046117462,0.0165,0.0109,0.005600000000000001,0.5137614678899083,0.0186,0.0226,-0.004,-0.1769911504424779,0.0103,0.0278,-0.017499999999999998,-0.6294964028776978,0.1694,0.1443,0.025099999999999983,0.17394317394317382,0.0971,0.0864,0.010700000000000001,0.1238425925925926,0.0723,0.058,0.0143,0.24655172413793103,6.5021,5.9339,0.5682,0.09575489981293922,0.11,0.013,0.097,7.461538461538462,0,1,0,0,1,1,1
2025,CHI,12,tied,league_multi_season,2023,2025,3,32,96,strong,183,strong,stable_team_sample,1,1,1,1,0.5191,0.5522,-0.03310000000000002,-0.05994204998189065,0.4809,0.4478,0.03310000000000002,0.07391692719964274,0.5191,0.5522,-0.03310000000000002,-0.05994204998189065,0.459,0.6675,-0.20849999999999996,-0.3123595505617977,0.0219,0.0716,-0.049699999999999994,-0.6941340782122905,0.4372,0.4433,-0.00610000000000005,-0.013760433115271937,0.2842,0.296,-0.011799999999999977,-0.03986486486486479,0.0437,0.0396,0.0040999999999999995,0.10353535353535351,0.0219,0.0252,-0.003300000000000001,-0.130952380952381,0.0109,0.0369,-0.026000000000000002,-0.7046070460704608,0.1421,0.1307,0.011399999999999993,0.0872226472838561,0.0929,0.0805,0.012399999999999994,0.15403726708074528,0.0492,0.0502,-0.0010000000000000009,-0.01992031872509962,5.3388,5.406,-0.0671999999999997,-0.012430632630410601,-0.0612,-0.0028,-0.0584,-20.857142857142858,0,1,0,0,0,0,1
2025,CHI,13,leading,league_multi_season,2023,2025,3,32,96,strong,390,strong,stable_team_sample,1,1,1,1,0.4974,0.504,-0.006599999999999995,-0.013095238095238085,0.5026,0.496,0.00660000000000005,0.013306451612903327,0.4974,0.504,-0.006599999999999995,-0.013095238095238085,0.4641,0.6358,-0.17170000000000002,-0.2700534759358289,0.0308,0.0687,-0.037899999999999996,-0.5516739446870451,0.4179,0.4269,-0.009000000000000008,-0.021082220660576266,0.2949,0.2876,0.007299999999999973,0.025382475660639683,0.0333,0.0419,-0.008599999999999997,-0.20525059665871115,0.0103,0.0228,-0.0125,-0.5482456140350878,0.0333,0.0318,0.0015000000000000013,0.047169811320754755,0.1513,0.1357,0.015600000000000003,0.11495946941783348,0.0718,0.0788,-0.006999999999999992,-0.08883248730964458,0.0795,0.0569,0.022600000000000002,0.39718804920913886,5.4718,5.5181,-0.046299999999999564,-0.008390569217665423,0.0281,0.0162,0.0119,0.7345679012345679,0,1,0,0,1,0,1
2025,CHI,14,trailing,league_multi_season,2023,2025,3,32,96,strong,517,strong,stable_team_sample,1,1,1,1,0.5938,0.6309,-0.03710000000000002,-0.05880488191472503,0.4062,0.3691,0.03710000000000002,0.10051476564616642,0.5938,0.6309,-0.03710000000000002,-0.05880488191472503,0.5861,0.7508,-0.16470000000000007,-0.21936600958977098,0.0735,0.1414,-0.0679,-0.48019801980198024,0.4952,0.4364,0.05879999999999996,0.13473877176901916,0.3288,0.2961,0.03270000000000001,0.11043566362715303,0.0522,0.0393,0.012900000000000002,0.32824427480916035,0.0232,0.0315,-0.008300000000000002,-0.26349206349206356,0.0174,0.0472,-0.0298,-0.6313559322033898,0.1547,0.1316,0.02310000000000001,0.1755319148936171,0.1025,0.0886,0.013899999999999996,0.15688487584650107,0.0522,0.043,0.009200000000000007,0.2139534883720932,6.147,5.3789,0.7681000000000004,0.14279871349160617,0.1683,-0.0215,0.1898,8.827906976744186,0,1,0,0,1,1,1
2025,CHI,15,leading_one_score,league_multi_season,2023,2025,3,32,96,strong,241,strong,stable_team_sample,1,1,1,1,0.5228,0.5341,-0.011299999999999977,-0.021157086687886118,0.4772,0.4659,0.011300000000000032,0.024254131787937394,0.5228,0.5341,-0.011299999999999977,-0.021157086687886118,0.4606,0.6624,-0.20179999999999998,-0.30464975845410625,0.029,0.075,-0.046,-0.6133333333333334,0.4191,0.4278,-0.008700000000000041,-0.020336605890603182,0.2863,0.2878,-0.0015000000000000013,-0.005211952744961784,0.0373,0.0405,-0.0032000000000000015,-0.07901234567901239,0.0124,0.0244,-0.012000000000000002,-0.49180327868852464,0.029,0.0343,-0.005299999999999996,-0.15451895043731767,0.1535,0.1347,0.01880000000000001,0.13956941351150715,0.0747,0.0826,-0.007900000000000004,-0.09564164648910416,0.0788,0.052,0.026799999999999997,0.5153846153846153,5.8548,5.5713,0.2835000000000001,0.05088578967206937,0.0421,0.0136,0.028499999999999998,2.0955882352941178,0,1,0,0,1,0,1
2025,CHI,16,leading_two_plus_scores,league_multi_season,2023,2025,3,32,94,strong,149,strong,stable_team_sample,1,1,1,1,0.4564,0.4563,9.999999999998899e-05,0.00021915406530788732,0.5436,0.5437,-9.999999999998899e-05,-0.00018392495861686408,0.4564,0.4563,9.999999999998899e-05,0.00021915406530788732,0.4698,0.5937,-0.12390000000000001,-0.2086912582112178,0.0336,0.0586,-0.025,-0.42662116040955633,0.4161,0.4256,-0.009499999999999953,-0.02232142857142846,0.3087,0.2873,0.021399999999999975,0.07448659937347711,0.0268,0.0442,-0.017400000000000002,-0.39366515837104077,0.0067,0.0203,-0.013599999999999998,-0.6699507389162561,0.0403,0.0278,0.012500000000000004,0.4496402877697844,0.1477,0.1375,0.010199999999999987,0.07418181818181808,0.0671,0.0728,-0.005699999999999997,-0.07829670329670325,0.0805,0.0646,0.015899999999999997,0.24613003095975228,4.8523,5.4339,-0.5816000000000008,-0.10703178196139067,0.0055,0.0204,-0.014900000000000002,-0.7303921568627452,1,0,0,0,0,0,1
2025,CHI,17,trailing_one_score,league_multi_season,2023,2025,3,32,96,strong,355,strong,stable_team_sample,1,1,1,1,0.5718,0.5968,-0.025000000000000022,-0.04189008042895446,0.4282,0.4032,0.025000000000000022,0.06200396825396831,0.5718,0.5968,-0.025000000000000022,-0.04189008042895446,0.5606,0.7163,-0.15570000000000006,-0.2173670249895296,0.0479,0.1048,-0.056900000000000006,-0.54293893129771,0.5211,0.4393,0.08179999999999998,0.18620532665604367,0.3352,0.2967,0.03849999999999998,0.12976070104482634,0.0563,0.0391,0.0172,0.43989769820971864,0.0282,0.029,-0.0008000000000000021,-0.027586206896551797,0.0113,0.0417,-0.030400000000000003,-0.7290167865707434,0.1465,0.1338,0.012699999999999989,0.09491778774289977,0.0958,0.0875,0.008300000000000002,0.09485714285714289,0.0507,0.0463,0.004400000000000001,0.09503239740820736,6.2789,5.4685,0.8104000000000005,0.1481942031635733,0.2214,0.0002,0.2212,1106.0,0,1,0,0,1,1,1
2025,CHI,18,trailing_two_plus_scores,league_multi_season,2023,2025,3,32,96,strong,162,strong,stable_team_sample,1,1,1,1,0.642,0.677,-0.03500000000000003,-0.05169867060561304,0.358,0.323,0.034999999999999976,0.1083591331269349,0.642,0.677,-0.03500000000000003,-0.05169867060561304,0.642,0.7976,-0.15559999999999996,-0.19508525576730187,0.1296,0.1909,-0.06129999999999999,-0.32111052907281296,0.4383,0.4324,0.005900000000000016,0.013644773358001887,0.3148,0.2953,0.019500000000000017,0.06603454114459877,0.0432,0.0395,0.003700000000000002,0.09367088607594941,0.0123,0.0349,-0.022600000000000002,-0.6475644699140402,0.0309,0.0546,-0.023700000000000002,-0.4340659340659341,0.1728,0.1286,0.04420000000000002,0.3437013996889582,0.1173,0.0901,0.027200000000000002,0.30188679245283023,0.0556,0.0385,0.017099999999999997,0.4441558441558441,5.858,5.2578,0.6002000000000001,0.1141542089847465,0.0518,-0.0509,0.1027,2.017681728880157,0,1,0,0,1,1,1
2025,CHI,19,tied_early_down,league_multi_season,2023,2025,3,32,96,strong,139,strong,stable_team_sample,1,1,1,1,0.4676,0.4983,-0.030700000000000005,-0.0616094722054987,0.5324,0.5017,0.03069999999999995,0.06119194737891159,0.4676,0.4983,-0.030700000000000005,-0.0616094722054987,0.3525,0.6059,-0.2534,-0.4182208285195577,0.0288,0.0718,-0.043000000000000003,-0.5988857938718664,0.4748,0.4418,0.032999999999999974,0.0746944318696242,0.2734,0.2572,0.016199999999999992,0.06298600311041988,0.036,0.0358,0.0001999999999999988,0.005586592178770916,0.0144,0.0219,-0.0075,-0.3424657534246575,0.0072,0.0267,-0.019500000000000003,-0.7303370786516855,0.1439,0.1285,0.015399999999999997,0.11984435797665367,0.0863,0.0731,0.013200000000000003,0.18057455540355682,0.0576,0.0554,0.0022000000000000006,0.03971119133574008,5.5612,5.4023,0.15890000000000004,0.029413397997149367,0.0327,0.0018,0.0309,17.166666666666668,0,1,0,0,1,1,1
2025,CHI,20,leading_early_down,league_multi_season,2023,2025,3,32,96,strong,299,strong,stable_team_sample,1,1,1,1,0.4247,0.4468,-0.022099999999999953,-0.04946284691136964,0.5753,0.5532,0.02210000000000001,0.03994938539407088,0.4247,0.4468,-0.022099999999999953,-0.04946284691136964,0.3512,0.5755,-0.2243,-0.38974804517810596,0.0368,0.0709,-0.034100000000000005,-0.4809590973201693,0.4247,0.4235,0.0012000000000000344,0.00283353010625746,0.2709,0.2496,0.021299999999999986,0.08533653846153841,0.0334,0.0375,-0.0040999999999999995,-0.10933333333333332,0.0067,0.0206,-0.0139,-0.674757281553398,0.0134,0.0228,-0.0094,-0.41228070175438597,0.1773,0.1332,0.0441,0.33108108108108103,0.0769,0.0705,0.006400000000000003,0.09078014184397168,0.1003,0.0628,0.037500000000000006,0.5971337579617836,5.9766,5.5158,0.46080000000000076,0.08354182530186026,0.0906,0.0115,0.0791,6.878260869565218,0,1,0,0,1,1,1
2025,CHI,21,trailing_early_down,league_multi_season,2023,2025,3,32,96,strong,395,strong,stable_team_sample,1,1,1,1,0.5797,0.5899,-0.010199999999999987,-0.017291066282420726,0.4203,0.4101,0.010199999999999987,0.024871982443306476,0.5797,0.5899,-0.010199999999999987,-0.017291066282420726,0.5266,0.7068,-0.18020000000000003,-0.25495189586870404,0.0835,0.15,-0.06649999999999999,-0.4433333333333333,0.4734,0.438,0.03539999999999999,0.08082191780821915,0.2684,0.2608,0.007600000000000051,0.029141104294478727,0.038,0.0356,0.0023999999999999994,0.06741573033707864,0.0228,0.0281,-0.005299999999999999,-0.1886120996441281,0.0177,0.0355,-0.017799999999999996,-0.5014084507042254,0.1544,0.1307,0.0237,0.1813312930374904,0.0962,0.0839,0.012299999999999991,0.14660309892729428,0.0582,0.0468,0.0114,0.24358974358974358,5.9165,5.4892,0.4272999999999998,0.077843765940392,0.1042,-0.0058,0.11,18.965517241379313,0,1,0,0,1,1,1
2025,CIN,1,all_offense,league_multi_season,2023,2025,3,32,96,strong,1044,strong,stable_team_sample,1,1,1,1,0.6446,0.5737,0.07089999999999996,0.12358375457556207,0.3554,0.4263,-0.07090000000000002,-0.16631480178278213,0.6446,0.5737,0.07089999999999996,0.12358375457556207,0.8238,0.6967,0.1271,0.1824314626094445,0.0268,0.1039,-0.0771,-0.7420596727622714,0.455,0.4345,0.020500000000000018,0.047180667433832035,0.3036,0.2932,0.010399999999999965,0.035470668485675184,0.0536,0.0402,0.013400000000000002,0.33333333333333337,0.0278,0.0274,0.0003999999999999976,0.014598540145985313,0.0345,0.0401,-0.005599999999999994,-0.13965087281795496,0.1236,0.1328,-0.0092,-0.06927710843373494,0.0881,0.0838,0.004299999999999998,0.05131264916467779,0.0354,0.049,-0.013600000000000001,-0.27755102040816326,5.3774,5.4305,-0.05310000000000059,-0.00977810514685583,-0.0078,-0.0054,-0.0023999999999999994,-0.4444444444444443,1,0,1,0,0,1,0
2025,CIN,2,early_down,league_multi_season,2023,2025,3,32,96,strong,806,strong,stable_team_sample,1,1,1,1,0.6055,0.5246,0.08090000000000008,0.15421273351124684,0.3945,0.4754,-0.08089999999999997,-0.17017248632730328,0.6055,0.5246,0.08090000000000008,0.15421273351124684,0.7891,0.6436,0.14550000000000007,0.22607209446861418,0.0285,0.1086,-0.0801,-0.7375690607734807,0.4454,0.4339,0.01150000000000001,0.02650380271952065,0.2556,0.2564,-0.0008000000000000229,-0.0031201248049922887,0.0496,0.0363,0.0133,0.36639118457300274,0.0261,0.0244,0.0017000000000000001,0.06967213114754098,0.0285,0.0296,-0.0011000000000000003,-0.03716216216216217,0.1166,0.1311,-0.014499999999999999,-0.11060259344012204,0.0757,0.0774,-0.0016999999999999932,-0.021963824289405597,0.0409,0.0538,-0.012900000000000002,-0.23977695167286248,5.263,5.4816,-0.21860000000000035,-0.039878867483946354,-0.0519,0.0014,-0.0533,-38.07142857142857,1,0,1,0,0,1,0
2025,CIN,3,third_down,league_multi_season,2023,2025,3,32,96,strong,218,strong,stable_team_sample,1,1,1,1,0.7844,0.7494,0.03500000000000003,0.046704029890579174,0.2156,0.2506,-0.034999999999999976,-0.13966480446927365,0.7844,0.7494,0.03500000000000003,0.046704029890579174,0.9541,0.8953,0.05879999999999996,0.06567630961688815,0.0229,0.0875,-0.06459999999999999,-0.7382857142857142,0.4679,0.4242,0.04369999999999996,0.10301744460160292,0.445,0.3997,0.04530000000000001,0.11333500125093822,0.0642,0.0487,0.015499999999999993,0.3182751540041066,0.0367,0.0359,0.0008000000000000021,0.022284122562674154,0.0596,0.0778,-0.018199999999999994,-0.23393316195372746,0.1468,0.1404,0.006400000000000017,0.045584045584045704,0.1284,0.107,0.02139999999999999,0.1999999999999999,0.0183,0.0333,-0.015000000000000003,-0.4504504504504505,5.7385,5.3482,0.39029999999999987,0.07297782431472268,0.0593,-0.0507,0.11,2.1696252465483234,1,0,1,0,1,1,1
2025,CIN,4,fourth_down,league_multi_season,2023,2025,3,32,96,good,20,thin,small_team_sample,0,1,0,0,0.7,0.6225,0.0774999999999999,0.12449799196787131,0.3,0.3775,-0.07750000000000001,-0.20529801324503313,0.7,0.6225,0.0774999999999999,0.12449799196787131,0.8,0.675,0.125,0.18518518518518517,0.0,0.0943,-0.0943,-1.0,0.7,0.5443,0.15569999999999995,0.28605548410802856,0.7,0.5475,0.15249999999999997,0.27853881278538806,0.1,0.0926,0.007400000000000004,0.07991360691144712,0.0,0.0492,-0.0492,-1.0,0.0,0.0504,-0.0504,-1.0,0.15,0.1209,0.0291,0.24069478908188588,0.15,0.0893,0.06069999999999999,0.6797312430011196,0.0,0.0316,-0.0316,-1.0,6.05,4.5242,1.5257999999999994,0.3372529950046415,1.039,0.1649,0.8740999999999999,5.300788356579745,1,0,1,0,1,1,1
2025,CIN,5,short_yardage,league_multi_season,2023,2025,3,32,96,strong,109,strong,stable_team_sample,1,1,1,1,0.3761,0.3476,0.02849999999999997,0.08199079401611038,0.6239,0.6524,-0.02849999999999997,-0.04368485591661553,0.3761,0.3476,0.02849999999999997,0.08199079401611038,0.789,0.5322,0.25680000000000003,0.4825253664036077,0.0642,0.1642,-0.10000000000000002,-0.6090133982947625,0.6514,0.5961,0.055300000000000016,0.09276966951853718,0.6789,0.6404,0.03849999999999998,0.060118675827607715,0.1101,0.1155,-0.005400000000000002,-0.04675324675324677,0.0092,0.0214,-0.012199999999999999,-0.5700934579439252,0.0092,0.0229,-0.0137,-0.5982532751091704,0.0642,0.0906,-0.026400000000000007,-0.2913907284768213,0.0459,0.0453,0.0006000000000000033,0.013245033112582854,0.0183,0.0453,-0.027,-0.5960264900662252,3.4495,3.8797,-0.43020000000000014,-0.11088486223161588,0.211,0.0647,0.14629999999999999,2.2612055641421946,1,0,1,0,1,1,0
2025,CIN,6,red_zone,league_multi_season,2023,2025,3,32,96,strong,146,strong,stable_team_sample,1,1,1,1,0.6027,0.5029,0.0998,0.19844899582421952,0.3973,0.4971,-0.0998,-0.2007644337155502,0.6027,0.5029,0.0998,0.19844899582421952,0.8288,0.6589,0.16989999999999994,0.25785399908939133,0.0342,0.0945,-0.0603,-0.638095238095238,0.4658,0.4224,0.043399999999999994,0.10274621212121211,0.3767,0.313,0.06369999999999998,0.20351437699680505,0.2603,0.1961,0.06419999999999998,0.32738398776134614,0.0274,0.0258,0.0016000000000000007,0.06201550387596902,0.0205,0.0328,-0.012300000000000002,-0.375,0.0616,0.0512,0.0104,0.20312499999999997,0.0342,0.0238,0.0104,0.43697478991596633,0.0274,0.0274,0.0,0.0,3.5411,3.0,0.5411000000000001,0.1803666666666667,0.0737,-0.0022,0.0759,34.49999999999999,1,0,1,0,1,1,1
2025,CIN,7,goal_to_go,league_multi_season,2023,2025,3,32,96,strong,61,good,usable_team_sample,1,1,0,1,0.6393,0.4757,0.16359999999999997,0.3439142316586083,0.3607,0.5243,-0.16359999999999997,-0.3120350944115964,0.6393,0.4757,0.16359999999999997,0.3439142316586083,0.8525,0.611,0.24150000000000005,0.39525368248772513,0.0,0.0861,-0.0861,-1.0,0.4098,0.438,-0.028200000000000003,-0.06438356164383563,0.3607,0.3303,0.030400000000000038,0.0920375416288224,0.3934,0.3289,0.0645,0.19610823958650045,0.0492,0.0243,0.024900000000000002,1.0246913580246915,0.0164,0.0306,-0.014199999999999997,-0.46405228758169925,0.0,0.0074,-0.0074,-1.0,0.0,0.0033,-0.0033,-1.0,0.0,0.0041,-0.0041,-1.0,2.082,1.8044,0.27759999999999985,0.15384615384615377,-0.2483,0.0097,-0.258,-26.5979381443299,1,0,1,0,0,0,0
2025,CIN,8,two_minute_half,league_multi_season,2023,2025,3,32,96,strong,137,strong,stable_team_sample,1,1,1,1,0.7737,0.7349,0.03880000000000006,0.05279629881616554,0.2263,0.2651,-0.0388,-0.14635986420218786,0.7737,0.7349,0.03880000000000006,0.05279629881616554,0.9416,0.8778,0.06379999999999997,0.0726817042606516,0.0949,0.1634,-0.06849999999999999,-0.41921664626682986,0.4891,0.4231,0.066,0.15599149137319784,0.3431,0.3007,0.04239999999999999,0.14100432324575987,0.073,0.0467,0.026299999999999997,0.5631691648822269,0.0365,0.0356,0.000899999999999998,0.025280898876404438,0.0292,0.0516,-0.0224,-0.43410852713178294,0.1679,0.1271,0.0408,0.32100708103855236,0.1387,0.094,0.04469999999999999,0.4755319148936169,0.0292,0.0331,-0.0038999999999999972,-0.1178247734138972,5.8248,5.26,0.5648,0.10737642585551331,0.0711,0.0083,0.0628,7.566265060240963,1,0,1,0,1,1,1
2025,CIN,9,two_minute_game,league_multi_season,2023,2025,3,32,96,strong,63,good,usable_team_sample,1,1,0,1,0.7778,0.6818,0.09600000000000009,0.1408037547667939,0.2222,0.3182,-0.09599999999999997,-0.3016970458830923,0.7778,0.6818,0.09600000000000009,0.1408037547667939,0.9365,0.8173,0.11919999999999997,0.1458460785513275,0.1429,0.1726,-0.029700000000000004,-0.17207415990730013,0.4603,0.3942,0.06609999999999999,0.16768138001014712,0.3492,0.2947,0.05449999999999999,0.18493383101459107,0.0635,0.045,0.018500000000000003,0.4111111111111112,0.0159,0.0394,-0.023499999999999997,-0.5964467005076142,0.0159,0.0504,-0.0345,-0.6845238095238095,0.1905,0.1268,0.0637,0.5023659305993692,0.1746,0.0914,0.08320000000000001,0.9102844638949673,0.0159,0.0354,-0.0195,-0.5508474576271186,5.5873,5.037,0.5503,0.10925153861425452,0.1526,-0.06,0.2126,3.5433333333333334,1,0,1,0,1,1,1
2025,CIN,10,one_score,league_multi_season,2023,2025,3,32,96,strong,704,strong,stable_team_sample,1,1,1,1,0.6392,0.565,0.07420000000000004,0.13132743362831867,0.3608,0.435,-0.07419999999999999,-0.17057471264367813,0.6392,0.565,0.07420000000000004,0.13132743362831867,0.8054,0.6859,0.11950000000000005,0.17422364776206453,0.0114,0.0863,-0.0749,-0.8679026651216685,0.4673,0.4369,0.030399999999999983,0.06958113984893564,0.3125,0.2938,0.018699999999999994,0.06364874063989107,0.0526,0.0397,0.012900000000000002,0.32493702770780863,0.0213,0.0265,-0.0052,-0.1962264150943396,0.0313,0.0381,-0.0068000000000000005,-0.1784776902887139,0.1165,0.1332,-0.016700000000000007,-0.1253753753753754,0.081,0.084,-0.0030000000000000027,-0.03571428571428575,0.0355,0.0492,-0.013700000000000004,-0.2784552845528456,5.419,5.4822,-0.06320000000000014,-0.011528218598372943,0.0106,0.0035,0.0071,2.0285714285714285,1,0,1,0,1,1,0
2025,CIN,11,neutral_early_down,league_multi_season,2023,2025,3,32,96,strong,444,strong,stable_team_sample,1,1,1,1,0.5856,0.5215,0.06410000000000005,0.12291466922339415,0.4144,0.4785,-0.06409999999999999,-0.13396029258098222,0.5856,0.5215,0.06410000000000005,0.12291466922339415,0.75,0.6282,0.12180000000000002,0.19388729703915955,0.0045,0.0855,-0.081,-0.9473684210526315,0.4527,0.4391,0.013600000000000001,0.03097244363470736,0.2387,0.2537,-0.014999999999999986,-0.059124950729207676,0.0225,0.0109,0.0116,1.0642201834862384,0.0203,0.0226,-0.0023,-0.10176991150442478,0.0293,0.0278,0.0015000000000000013,0.053956834532374154,0.1171,0.1443,-0.027200000000000016,-0.1884961884961886,0.0698,0.0864,-0.016600000000000004,-0.19212962962962965,0.0473,0.058,-0.010700000000000001,-0.18448275862068966,5.5113,5.9339,-0.4226000000000001,-0.0712179173899122,-0.0602,0.013,-0.0732,-5.630769230769231,1,0,1,0,0,1,0
2025,CIN,12,tied,league_multi_season,2023,2025,3,32,96,strong,159,strong,stable_team_sample,1,1,1,1,0.5723,0.5522,0.020100000000000007,0.036399855124954736,0.4277,0.4478,-0.02009999999999995,-0.04488610987047779,0.5723,0.5522,0.020100000000000007,0.036399855124954736,0.7987,0.6675,0.13119999999999998,0.19655430711610486,0.0,0.0716,-0.0716,-1.0,0.4969,0.4433,0.05359999999999998,0.12091134671779828,0.3208,0.296,0.02479999999999999,0.08378378378378375,0.0377,0.0396,-0.0019000000000000059,-0.04797979797979812,0.0126,0.0252,-0.0126,-0.5,0.0189,0.0369,-0.018000000000000002,-0.48780487804878053,0.0755,0.1307,-0.05520000000000001,-0.42234123947972463,0.0503,0.0805,-0.030200000000000005,-0.3751552795031056,0.0252,0.0502,-0.025,-0.49800796812749004,5.1132,5.406,-0.2927999999999997,-0.054162042175360664,0.0825,-0.0028,0.0853,30.464285714285715,1,0,1,0,1,1,0
2025,CIN,13,leading,league_multi_season,2023,2025,3,32,96,strong,289,strong,stable_team_sample,1,1,1,1,0.5606,0.504,0.056599999999999984,0.11230158730158726,0.4394,0.496,-0.056599999999999984,-0.11411290322580642,0.5606,0.504,0.056599999999999984,0.11230158730158726,0.7474,0.6358,0.11159999999999992,0.1755268952500785,0.0069,0.0687,-0.061799999999999994,-0.8995633187772926,0.4948,0.4269,0.06790000000000002,0.1590536425392364,0.3287,0.2876,0.04109999999999997,0.1429068150208622,0.0761,0.0419,0.0342,0.8162291169451075,0.0138,0.0228,-0.009000000000000001,-0.39473684210526316,0.0346,0.0318,0.002799999999999997,0.0880503144654087,0.1453,0.1357,0.009600000000000025,0.07074428887251309,0.083,0.0788,0.004200000000000009,0.05329949238578692,0.0623,0.0569,0.005400000000000002,0.09490333919156418,5.5848,5.5181,0.06670000000000087,0.012087493883764499,0.0962,0.0162,0.07999999999999999,4.938271604938271,1,0,1,0,1,1,1
2025,CIN,14,trailing,league_multi_season,2023,2025,3,32,96,strong,596,strong,stable_team_sample,1,1,1,1,0.7047,0.6309,0.07379999999999998,0.11697574893009982,0.2953,0.3691,-0.07379999999999998,-0.19994581414250875,0.7047,0.6309,0.07379999999999998,0.11697574893009982,0.8674,0.7508,0.11659999999999993,0.15530101225359605,0.0436,0.1414,-0.0978,-0.6916548797736917,0.4245,0.4364,-0.011900000000000022,-0.027268560953253945,0.2869,0.2961,-0.009199999999999986,-0.03107058426207358,0.047,0.0393,0.0076999999999999985,0.19592875318066152,0.0386,0.0315,0.007100000000000002,0.22539682539682546,0.0386,0.0472,-0.008599999999999997,-0.1822033898305084,0.1258,0.1316,-0.0058,-0.044072948328267476,0.1007,0.0886,0.0121,0.136568848758465,0.0252,0.043,-0.017799999999999996,-0.41395348837209295,5.3473,5.3789,-0.03160000000000007,-0.005874807116696736,-0.0823,-0.0215,-0.0608,-2.8279069767441865,1,0,1,0,0,0,0
2025,CIN,15,leading_one_score,league_multi_season,2023,2025,3,32,96,strong,207,strong,stable_team_sample,1,1,1,1,0.599,0.5341,0.06489999999999996,0.1215128253136116,0.401,0.4659,-0.06489999999999996,-0.13930027902983463,0.599,0.5341,0.06489999999999996,0.1215128253136116,0.7633,0.6624,0.10089999999999999,0.15232487922705312,0.0048,0.075,-0.0702,-0.936,0.5266,0.4278,0.09879999999999994,0.23094904160822802,0.343,0.2878,0.05520000000000003,0.19179986101459356,0.0773,0.0405,0.03679999999999999,0.9086419753086418,0.0145,0.0244,-0.0099,-0.4057377049180328,0.0435,0.0343,0.0092,0.26822157434402333,0.1449,0.1347,0.010200000000000015,0.0757238307349667,0.0821,0.0826,-0.0005000000000000004,-0.006053268765133177,0.0628,0.052,0.010799999999999997,0.20769230769230765,5.5652,5.5713,-0.006099999999999994,-0.0010948970617270645,0.0736,0.0136,0.06,4.411764705882353,1,0,1,0,1,1,1
2025,CIN,16,leading_two_plus_scores,league_multi_season,2023,2025,3,32,94,strong,82,good,usable_team_sample,1,1,0,1,0.4634,0.4563,0.007099999999999995,0.015559938636861705,0.5366,0.5437,-0.007099999999999995,-0.013058672061798778,0.4634,0.4563,0.007099999999999995,0.015559938636861705,0.7073,0.5937,0.11360000000000003,0.19134242883611258,0.0122,0.0586,-0.0464,-0.7918088737201364,0.4146,0.4256,-0.010999999999999954,-0.02584586466165403,0.2927,0.2873,0.005400000000000016,0.01879568395405505,0.0732,0.0442,0.028999999999999998,0.6561085972850678,0.0122,0.0203,-0.008099999999999998,-0.39901477832512305,0.0122,0.0278,-0.015599999999999998,-0.5611510791366906,0.1463,0.1375,0.008800000000000002,0.06400000000000002,0.0854,0.0728,0.0126,0.17307692307692307,0.061,0.0646,-0.003600000000000006,-0.05572755417956665,5.6341,5.4339,0.2001999999999997,0.036842783268002666,0.1533,0.0204,0.1329,6.51470588235294,1,0,1,0,1,0,1
2025,CIN,17,trailing_one_score,league_multi_season,2023,2025,3,32,96,strong,338,strong,stable_team_sample,1,1,1,1,0.6953,0.5968,0.09850000000000003,0.16504691689008047,0.3047,0.4032,-0.09849999999999998,-0.24429563492063486,0.6953,0.5968,0.09850000000000003,0.16504691689008047,0.8343,0.7163,0.118,0.1647354460421611,0.0207,0.1048,-0.08410000000000001,-0.8024809160305344,0.4172,0.4393,-0.02210000000000001,-0.050307307079444585,0.2899,0.2967,-0.006800000000000028,-0.02291877317155385,0.0444,0.0391,0.005299999999999999,0.13554987212276212,0.0296,0.029,0.0005999999999999998,0.020689655172413786,0.0296,0.0417,-0.0121,-0.290167865707434,0.1183,0.1338,-0.0155,-0.11584454409566516,0.0947,0.0875,0.007200000000000012,0.08228571428571443,0.0237,0.0463,-0.022600000000000002,-0.4881209503239741,5.4734,5.4685,0.0049000000000001265,0.0008960409618725659,-0.0618,0.0002,-0.062,-310.0,1,0,1,0,0,0,0
2025,CIN,18,trailing_two_plus_scores,league_multi_season,2023,2025,3,32,96,strong,258,strong,stable_team_sample,1,1,1,1,0.7171,0.677,0.040099999999999913,0.05923190546528791,0.2829,0.323,-0.040100000000000025,-0.12414860681114559,0.7171,0.677,0.040099999999999913,0.05923190546528791,0.9109,0.7976,0.11330000000000007,0.14205115346038122,0.0736,0.1909,-0.11729999999999999,-0.6144578313253012,0.4341,0.4324,0.0016999999999999793,0.003931544865864892,0.2829,0.2953,-0.012400000000000022,-0.041991195394514125,0.0504,0.0395,0.0109,0.27594936708860757,0.0504,0.0349,0.0155,0.44412607449856734,0.0504,0.0546,-0.004200000000000002,-0.07692307692307697,0.1357,0.1286,0.007099999999999995,0.055209953343701365,0.1085,0.0901,0.0184,0.20421753607103219,0.0271,0.0385,-0.0114,-0.2961038961038961,5.1822,5.2578,-0.07559999999999967,-0.014378637452927018,-0.1092,-0.0509,-0.058300000000000005,-1.1453831041257367,1,0,1,0,0,1,1
2025,CIN,19,tied_early_down,league_multi_season,2023,2025,3,32,96,strong,122,strong,stable_team_sample,1,1,1,1,0.5,0.4983,0.0016999999999999793,0.0034115994380894627,0.5,0.5017,-0.0017000000000000348,-0.003388479170819284,0.5,0.4983,0.0016999999999999793,0.0034115994380894627,0.7541,0.6059,0.1482,0.24459481762667107,0.0,0.0718,-0.0718,-1.0,0.4754,0.4418,0.03359999999999996,0.0760525124490719,0.2459,0.2572,-0.011299999999999977,-0.04393468118195948,0.041,0.0358,0.005200000000000003,0.1452513966480448,0.0,0.0219,-0.0219,-1.0,0.0082,0.0267,-0.018500000000000003,-0.6928838951310862,0.0738,0.1285,-0.0547,-0.42568093385214006,0.041,0.0731,-0.0321,-0.43912448700410395,0.0328,0.0554,-0.022599999999999995,-0.4079422382671479,5.1066,5.4023,-0.2957000000000001,-0.054735945800862607,0.0907,0.0018,0.0889,49.38888888888889,1,0,1,0,1,1,0
2025,CIN,20,leading_early_down,league_multi_season,2023,2025,3,32,96,strong,231,strong,stable_team_sample,1,1,1,1,0.5281,0.4468,0.08130000000000004,0.18196060877350054,0.4719,0.5532,-0.08130000000000004,-0.14696312364425168,0.5281,0.4468,0.08130000000000004,0.18196060877350054,0.71,0.5755,0.13449999999999995,0.23370981754995648,0.0087,0.0709,-0.062200000000000005,-0.8772919605077574,0.4805,0.4235,0.056999999999999995,0.1345926800472255,0.2814,0.2496,0.031799999999999995,0.12740384615384615,0.0693,0.0375,0.0318,0.8480000000000001,0.013,0.0206,-0.007600000000000001,-0.3689320388349515,0.026,0.0228,0.003199999999999998,0.14035087719298237,0.1342,0.1332,0.0010000000000000009,0.0075075075075075135,0.0649,0.0705,-0.005599999999999994,-0.0794326241134751,0.0693,0.0628,0.006500000000000006,0.1035031847133759,5.3593,5.5158,-0.15649999999999942,-0.028373037456035286,-0.0184,0.0115,-0.0299,-2.6,1,0,1,0,0,1,1
2025,CIN,21,trailing_early_down,league_multi_season,2023,2025,3,32,96,strong,453,strong,stable_team_sample,1,1,1,1,0.6733,0.5899,0.08340000000000003,0.1413798948974403,0.3267,0.4101,-0.08340000000000003,-0.20336503291880034,0.6733,0.5899,0.08340000000000003,0.1413798948974403,0.8389,0.7068,0.1321,0.1868986983588002,0.0464,0.15,-0.1036,-0.6906666666666667,0.4194,0.438,-0.018600000000000005,-0.04246575342465755,0.245,0.2608,-0.01579999999999998,-0.060582822085889505,0.0419,0.0356,0.0063,0.17696629213483148,0.0397,0.0281,0.0116,0.4128113879003558,0.0353,0.0355,-0.0001999999999999988,-0.005633802816901375,0.1192,0.1307,-0.01150000000000001,-0.08798775822494269,0.0905,0.0839,0.006599999999999995,0.0786650774731823,0.0287,0.0468,-0.0181,-0.38675213675213677,5.2561,5.4892,-0.2331000000000003,-0.04246520440137001,-0.1074,-0.0058,-0.1016,-17.517241379310345,1,0,1,0,0,0,0
2025,CLE,1,all_offense,league_multi_season,2023,2025,3,32,96,strong,1024,strong,stable_team_sample,1,1,1,1,0.5928,0.5737,0.019100000000000006,0.033292661669862306,0.4072,0.4263,-0.019100000000000006,-0.044804128547970924,0.5928,0.5737,0.019100000000000006,0.033292661669862306,0.6758,0.6967,-0.02090000000000003,-0.02999856466197794,0.0898,0.1039,-0.014100000000000001,-0.13570741097208855,0.3457,0.4345,-0.08879999999999999,-0.20437284234752587,0.2344,0.2932,-0.05880000000000002,-0.20054570259208737,0.0264,0.0402,-0.0138,-0.34328358208955223,0.0264,0.0274,-0.0010000000000000009,-0.036496350364963535,0.0498,0.0401,0.0097,0.24189526184538657,0.1064,0.1328,-0.026400000000000007,-0.19879518072289162,0.0664,0.0838,-0.0174,-0.20763723150357993,0.04,0.049,-0.009000000000000001,-0.1836734693877551,4.3555,5.4305,-1.0750000000000002,-0.19795598931958386,-0.1892,-0.0054,-0.18380000000000002,-34.03703703703704,1,0,0,0,0,0,0
2025,CLE,2,early_down,league_multi_season,2023,2025,3,32,96,strong,760,strong,stable_team_sample,1,1,1,1,0.5434,0.5246,0.01880000000000004,0.03583682805947396,0.4566,0.4754,-0.018799999999999983,-0.039545645771981455,0.5434,0.5246,0.01880000000000004,0.03583682805947396,0.6092,0.6436,-0.034399999999999986,-0.053449347420758214,0.0961,0.1086,-0.012499999999999997,-0.11510128913443828,0.3342,0.4339,-0.09970000000000001,-0.2297764461857571,0.1934,0.2564,-0.06300000000000003,-0.24570982839313582,0.0263,0.0363,-0.009999999999999998,-0.2754820936639118,0.0224,0.0244,-0.0020000000000000018,-0.08196721311475416,0.0329,0.0296,0.0032999999999999974,0.11148648648648639,0.1039,0.1311,-0.027199999999999988,-0.2074752097635392,0.0592,0.0774,-0.018199999999999994,-0.23514211886304903,0.0447,0.0538,-0.009100000000000004,-0.16914498141263948,4.3421,5.4816,-1.1395,-0.20787726211325158,-0.1538,0.0014,-0.1552,-110.85714285714286,1,0,0,0,0,0,0
2025,CLE,3,third_down,league_multi_season,2023,2025,3,32,96,strong,235,strong,stable_team_sample,1,1,1,1,0.7574,0.7494,0.008000000000000007,0.010675206832132383,0.2426,0.2506,-0.00799999999999998,-0.03192338387869106,0.7574,0.7494,0.008000000000000007,0.010675206832132383,0.8979,0.8953,0.0026000000000000467,0.002904054506869258,0.0766,0.0875,-0.010899999999999993,-0.1245714285714285,0.3745,0.4242,-0.04970000000000002,-0.1171617161716172,0.3447,0.3997,-0.05499999999999999,-0.13760320240180132,0.0128,0.0487,-0.0359,-0.7371663244353183,0.0298,0.0359,-0.006100000000000001,-0.16991643454039,0.0894,0.0778,0.0116,0.14910025706940874,0.1234,0.1404,-0.017,-0.12108262108262109,0.0936,0.107,-0.013399999999999995,-0.12523364485981303,0.0298,0.0333,-0.003500000000000003,-0.10510510510510519,4.8468,5.3482,-0.5014000000000003,-0.09375116861747883,-0.2335,-0.0507,-0.18280000000000002,-3.6055226824457596,1,0,1,0,0,0,0
2025,CLE,4,fourth_down,league_multi_season,2023,2025,3,32,96,good,29,thin,small_team_sample,0,1,0,0,0.5517,0.6225,-0.07080000000000009,-0.11373493975903627,0.4483,0.3775,0.07079999999999997,0.18754966887417213,0.5517,0.6225,-0.07080000000000009,-0.11373493975903627,0.6207,0.675,-0.054300000000000015,-0.08044444444444446,0.0345,0.0943,-0.05979999999999999,-0.6341463414634145,0.4138,0.5443,-0.1305,-0.23975748668013963,0.4138,0.5475,-0.13369999999999999,-0.2442009132420091,0.1379,0.0926,0.04529999999999999,0.48920086393088547,0.1034,0.0492,0.054200000000000005,1.1016260162601628,0.1724,0.0504,0.122,2.4206349206349205,0.0345,0.1209,-0.08639999999999999,-0.7146401985111662,0.0345,0.0893,-0.0548,-0.6136618141097424,0.0,0.0316,-0.0316,-1.0,0.7241,4.5242,-3.8001000000000005,-0.8399496043499404,-0.7582,0.1649,-0.9231,-5.5979381443298974,0,1,0,0,0,0,0
2025,CLE,5,short_yardage,league_multi_season,2023,2025,3,32,96,strong,86,good,usable_team_sample,1,1,0,1,0.2093,0.3476,-0.1383,-0.3978711162255466,0.7907,0.6524,0.13829999999999998,0.2119865113427345,0.2093,0.3476,-0.1383,-0.3978711162255466,0.407,0.5322,-0.12520000000000003,-0.23524990605035706,0.186,0.1642,0.021799999999999986,0.13276492082825814,0.6279,0.5961,0.03180000000000005,0.05334675390035238,0.6744,0.6404,0.03400000000000003,0.0530918176139913,0.093,0.1155,-0.022500000000000006,-0.19480519480519484,0.0233,0.0214,0.0019000000000000024,0.08878504672897208,0.0349,0.0229,0.012,0.5240174672489083,0.0465,0.0906,-0.0441,-0.4867549668874172,0.0,0.0453,-0.0453,-1.0,0.0465,0.0453,0.0011999999999999997,0.026490066225165556,2.8372,3.8797,-1.0425,-0.2687063432739645,0.0869,0.0647,0.02220000000000001,0.3431221020092738,0,1,0,1,1,1,0
2025,CLE,6,red_zone,league_multi_season,2023,2025,3,32,96,strong,125,strong,stable_team_sample,1,1,1,1,0.528,0.5029,0.02510000000000001,0.04991051898985884,0.472,0.4971,-0.02510000000000001,-0.05049285857976265,0.528,0.5029,0.02510000000000001,0.04991051898985884,0.64,0.6589,-0.018900000000000028,-0.028684170587342583,0.112,0.0945,0.0175,0.1851851851851852,0.352,0.4224,-0.07040000000000002,-0.1666666666666667,0.272,0.313,-0.04099999999999998,-0.13099041533546318,0.16,0.1961,-0.03609999999999999,-0.18408975012748593,0.0,0.0258,-0.0258,-1.0,0.048,0.0328,0.015199999999999998,0.4634146341463414,0.024,0.0512,-0.027200000000000002,-0.53125,0.024,0.0238,0.0001999999999999988,0.008403361344537764,0.0,0.0274,-0.0274,-1.0,2.232,3.0,-0.7679999999999998,-0.25599999999999995,-0.0724,-0.0022,-0.07020000000000001,-31.909090909090914,1,0,0,1,0,0,0
2025,CLE,7,goal_to_go,league_multi_season,2023,2025,3,32,96,strong,54,good,usable_team_sample,1,1,0,1,0.4815,0.4757,0.005799999999999972,0.012192558335085079,0.5185,0.5243,-0.005800000000000027,-0.01106236887278281,0.4815,0.4757,0.005799999999999972,0.012192558335085079,0.6296,0.611,0.01860000000000006,0.03044189852700501,0.0926,0.0861,0.006500000000000006,0.075493612078978,0.3148,0.438,-0.12319999999999998,-0.2812785388127853,0.2593,0.3303,-0.07100000000000001,-0.21495610051468367,0.2593,0.3289,-0.06960000000000005,-0.21161447248403784,0.0,0.0243,-0.0243,-1.0,0.0926,0.0306,0.062,2.026143790849673,0.0,0.0074,-0.0074,-1.0,0.0,0.0033,-0.0033,-1.0,0.0,0.0041,-0.0041,-1.0,0.8889,1.8044,-0.9155,-0.5073708712037243,-0.0867,0.0097,-0.0964,-9.938144329896907,1,0,1,1,0,0,0
2025,CLE,8,two_minute_half,league_multi_season,2023,2025,3,32,96,strong,124,strong,stable_team_sample,1,1,1,1,0.8145,0.7349,0.0796,0.10831405633419514,0.1855,0.2651,-0.0796,-0.3002640513013957,0.8145,0.7349,0.0796,0.10831405633419514,0.9032,0.8778,0.025399999999999978,0.028935976304397332,0.1129,0.1634,-0.05049999999999999,-0.3090575275397796,0.3226,0.4231,-0.10049999999999998,-0.23753249822736938,0.2581,0.3007,-0.04260000000000003,-0.1416694379780513,0.0242,0.0467,-0.0225,-0.4817987152034261,0.0242,0.0356,-0.0114,-0.3202247191011236,0.0484,0.0516,-0.0032000000000000015,-0.06201550387596902,0.1048,0.1271,-0.022299999999999986,-0.17545239968528709,0.0968,0.094,0.002799999999999997,0.029787234042553158,0.0081,0.0331,-0.024999999999999998,-0.7552870090634441,4.371,5.26,-0.8889999999999993,-0.16901140684410634,-0.084,0.0083,-0.09230000000000001,-11.120481927710845,1,0,1,0,0,0,0
2025,CLE,9,two_minute_game,league_multi_season,2023,2025,3,32,96,strong,52,good,usable_team_sample,1,1,0,1,0.8077,0.6818,0.1259,0.1846582575535348,0.1923,0.3182,-0.12589999999999998,-0.3956631049654305,0.8077,0.6818,0.1259,0.1846582575535348,0.9038,0.8173,0.08650000000000002,0.10583629022390802,0.1346,0.1726,-0.038000000000000006,-0.22016222479721903,0.3846,0.3942,-0.009599999999999997,-0.024353120243531198,0.2692,0.2947,-0.025500000000000023,-0.08652867322701059,0.0385,0.045,-0.006499999999999999,-0.14444444444444443,0.0192,0.0394,-0.0202,-0.5126903553299492,0.0577,0.0504,0.007300000000000001,0.14484126984126985,0.0769,0.1268,-0.0499,-0.39353312302839116,0.0769,0.0914,-0.014499999999999999,-0.1586433260393873,0.0,0.0354,-0.0354,-1.0,4.4808,5.037,-0.5561999999999996,-0.11042287075640254,-0.2308,-0.06,-0.1708,-2.8466666666666667,1,0,1,0,0,0,0
2025,CLE,10,one_score,league_multi_season,2023,2025,3,32,96,strong,648,strong,stable_team_sample,1,1,1,1,0.5432,0.565,-0.02179999999999993,-0.038584070796460056,0.4568,0.435,0.021799999999999986,0.0501149425287356,0.5432,0.565,-0.02179999999999993,-0.038584070796460056,0.6358,0.6859,-0.05009999999999992,-0.07304271759731729,0.054,0.0863,-0.0323,-0.37427578215527235,0.3565,0.4369,-0.08040000000000003,-0.18402380407415891,0.2392,0.2938,-0.05460000000000001,-0.1858407079646018,0.0278,0.0397,-0.0119,-0.29974811083123426,0.0216,0.0265,-0.004899999999999998,-0.18490566037735842,0.0494,0.0381,0.011299999999999998,0.29658792650918625,0.1157,0.1332,-0.017500000000000016,-0.13138138138138147,0.0741,0.084,-0.009900000000000006,-0.11785714285714292,0.0417,0.0492,-0.0075,-0.1524390243902439,4.483,5.4822,-0.9992000000000001,-0.18226259530845285,-0.155,0.0035,-0.1585,-45.285714285714285,0,1,0,0,0,0,0
2025,CLE,11,neutral_early_down,league_multi_season,2023,2025,3,32,96,strong,413,strong,stable_team_sample,1,1,1,1,0.4891,0.5215,-0.032399999999999984,-0.06212847555129432,0.5109,0.4785,0.03240000000000004,0.0677115987460816,0.4891,0.5215,-0.032399999999999984,-0.06212847555129432,0.5496,0.6282,-0.0786,-0.12511938872970393,0.0533,0.0855,-0.032200000000000006,-0.37660818713450295,0.3438,0.4391,-0.0953,-0.21703484399908904,0.1985,0.2537,-0.05519999999999997,-0.21757981868348433,0.0121,0.0109,0.0011999999999999997,0.11009174311926602,0.0194,0.0226,-0.003199999999999998,-0.14159292035398222,0.0339,0.0278,0.006100000000000001,0.21942446043165473,0.1235,0.1443,-0.020800000000000013,-0.14414414414414423,0.0726,0.0864,-0.013800000000000007,-0.1597222222222223,0.0508,0.058,-0.007200000000000005,-0.12413793103448284,4.7264,5.9339,-1.2075000000000005,-0.20349180134481545,-0.1456,0.013,-0.15860000000000002,-12.200000000000003,0,1,0,0,0,0,0
2025,CLE,12,tied,league_multi_season,2023,2025,3,32,96,strong,176,strong,stable_team_sample,1,1,1,1,0.5455,0.5522,-0.006700000000000039,-0.012133285041651646,0.4545,0.4478,0.006700000000000039,0.014962036623492719,0.5455,0.5522,-0.006700000000000039,-0.012133285041651646,0.642,0.6675,-0.025499999999999967,-0.03820224719101119,0.0398,0.0716,-0.031799999999999995,-0.44413407821229045,0.3523,0.4433,-0.09100000000000003,-0.2052785923753666,0.2443,0.296,-0.051699999999999996,-0.17466216216216215,0.0341,0.0396,-0.005500000000000005,-0.138888888888889,0.017,0.0252,-0.008199999999999999,-0.32539682539682535,0.0227,0.0369,-0.0142,-0.38482384823848237,0.1193,0.1307,-0.011400000000000007,-0.0872226472838562,0.0682,0.0805,-0.012300000000000005,-0.15279503105590067,0.0511,0.0502,0.000899999999999998,0.0179282868525896,4.6932,5.406,-0.7127999999999997,-0.13185349611542724,-0.1171,-0.0028,-0.1143,-40.82142857142857,0,1,0,0,0,0,0
2025,CLE,13,leading,league_multi_season,2023,2025,3,32,96,strong,225,strong,stable_team_sample,1,1,1,1,0.4844,0.504,-0.019600000000000006,-0.0388888888888889,0.5156,0.496,0.01959999999999995,0.039516129032257964,0.4844,0.504,-0.019600000000000006,-0.0388888888888889,0.5822,0.6358,-0.05359999999999998,-0.08430324001258253,0.0311,0.0687,-0.037599999999999995,-0.5473071324599709,0.2889,0.4269,-0.138,-0.3232607167955025,0.1822,0.2876,-0.10540000000000002,-0.3664812239221141,0.0222,0.0419,-0.0197,-0.4701670644391408,0.04,0.0228,0.0172,0.7543859649122807,0.0578,0.0318,0.025999999999999995,0.8176100628930816,0.1067,0.1357,-0.028999999999999984,-0.21370670596904928,0.0667,0.0788,-0.0121,-0.1535532994923858,0.04,0.0569,-0.0169,-0.29701230228471,4.0267,5.5181,-1.4913999999999996,-0.2702741885794023,-0.304,0.0162,-0.3202,-19.765432098765434,0,1,0,0,0,0,0
2025,CLE,14,trailing,league_multi_season,2023,2025,3,32,96,strong,623,strong,stable_team_sample,1,1,1,1,0.6453,0.6309,0.014399999999999968,0.0228245363766048,0.3547,0.3691,-0.014399999999999968,-0.03901381739366017,0.6453,0.6309,0.014399999999999968,0.0228245363766048,0.7191,0.7508,-0.03170000000000006,-0.04222163026105496,0.1252,0.1414,-0.016199999999999992,-0.11456859971711451,0.3644,0.4364,-0.07200000000000001,-0.16498625114573787,0.2504,0.2961,-0.04569999999999996,-0.15433975008443082,0.0257,0.0393,-0.013600000000000001,-0.3460559796437659,0.0241,0.0315,-0.0074,-0.23492063492063492,0.0546,0.0472,0.007400000000000004,0.15677966101694923,0.1027,0.1316,-0.028899999999999995,-0.21960486322188447,0.0658,0.0886,-0.0228,-0.25733634311512416,0.0369,0.043,-0.006099999999999994,-0.14186046511627895,4.3788,5.3789,-1.0000999999999998,-0.18593020877874655,-0.1682,-0.0215,-0.1467,-6.823255813953489,1,0,0,0,0,0,0
2025,CLE,15,leading_one_score,league_multi_season,2023,2025,3,32,96,strong,167,strong,stable_team_sample,1,1,1,1,0.491,0.5341,-0.04310000000000003,-0.08069649878299949,0.509,0.4659,0.04310000000000003,0.09250912212921233,0.491,0.5341,-0.04310000000000003,-0.08069649878299949,0.5808,0.6624,-0.0816,-0.12318840579710146,0.0419,0.075,-0.0331,-0.4413333333333333,0.3174,0.4278,-0.1104,-0.25806451612903225,0.1916,0.2878,-0.09620000000000001,-0.33425990271021544,0.018,0.0405,-0.022500000000000003,-0.5555555555555556,0.0359,0.0244,0.0115,0.47131147540983603,0.0659,0.0343,0.0316,0.9212827988338194,0.1018,0.1347,-0.032899999999999985,-0.24424647364513724,0.0599,0.0826,-0.022700000000000005,-0.27481840193704604,0.0419,0.052,-0.010099999999999998,-0.1942307692307692,3.982,5.5713,-1.5892999999999997,-0.2852655574102992,-0.2811,0.0136,-0.2947,-21.669117647058826,0,1,0,0,0,0,0
2025,CLE,16,leading_two_plus_scores,league_multi_season,2023,2025,3,32,94,strong,58,good,usable_team_sample,1,1,0,1,0.4655,0.4563,0.009200000000000041,0.020162174008327947,0.5345,0.5437,-0.009199999999999986,-0.01692109619275333,0.4655,0.4563,0.009200000000000041,0.020162174008327947,0.5862,0.5937,-0.007499999999999951,-0.01263264274886298,0.0,0.0586,-0.0586,-1.0,0.2069,0.4256,-0.21869999999999998,-0.5138627819548872,0.1552,0.2873,-0.1321,-0.45979812043160456,0.0345,0.0442,-0.0097,-0.21945701357466063,0.0517,0.0203,0.031400000000000004,1.5467980295566506,0.0345,0.0278,0.0067000000000000046,0.24100719424460448,0.1207,0.1375,-0.01680000000000001,-0.12218181818181824,0.0862,0.0728,0.013399999999999995,0.184065934065934,0.0345,0.0646,-0.030100000000000002,-0.46594427244582043,4.1552,5.4339,-1.2787000000000006,-0.23531901580816733,-0.3701,0.0204,-0.39049999999999996,-19.142156862745093,1,0,0,0,0,0,0
2025,CLE,17,trailing_one_score,league_multi_season,2023,2025,3,32,96,strong,305,strong,stable_team_sample,1,1,1,1,0.5705,0.5968,-0.02629999999999999,-0.044068364611260034,0.4295,0.4032,0.02629999999999999,0.06522817460317458,0.5705,0.5968,-0.02629999999999999,-0.044068364611260034,0.6623,0.7163,-0.05400000000000005,-0.07538740751081956,0.0689,0.1048,-0.0359,-0.3425572519083969,0.3803,0.4393,-0.059,-0.1343045754609606,0.2623,0.2967,-0.03440000000000004,-0.11594202898550737,0.0295,0.0391,-0.009600000000000004,-0.2455242966751919,0.0164,0.029,-0.0126,-0.43448275862068964,0.0557,0.0417,0.013999999999999999,0.3357314148681055,0.1213,0.1338,-0.012499999999999997,-0.09342301943198802,0.0852,0.0875,-0.0022999999999999965,-0.026285714285714246,0.0361,0.0463,-0.0102,-0.22030237580993522,4.6361,5.4685,-0.8323999999999998,-0.15221724421687846,-0.108,0.0002,-0.1082,-541.0,0,1,0,0,0,0,0
2025,CLE,18,trailing_two_plus_scores,league_multi_season,2023,2025,3,32,96,strong,318,strong,stable_team_sample,1,1,1,1,0.717,0.677,0.039999999999999925,0.05908419497784331,0.283,0.323,-0.040000000000000036,-0.12383900928792581,0.717,0.677,0.039999999999999925,0.05908419497784331,0.7736,0.7976,-0.02400000000000002,-0.03009027081243734,0.1792,0.1909,-0.011699999999999988,-0.06128863279203766,0.3491,0.4324,-0.08329999999999999,-0.19264569842738202,0.239,0.2953,-0.05630000000000002,-0.19065357263799532,0.022,0.0395,-0.0175,-0.44303797468354433,0.0314,0.0349,-0.003500000000000003,-0.10028653295128949,0.0535,0.0546,-0.0011000000000000038,-0.020146520146520214,0.0849,0.1286,-0.04369999999999999,-0.3398133748055987,0.0472,0.0901,-0.0429,-0.47613762486126526,0.0377,0.0385,-0.0008000000000000021,-0.020779220779220835,4.1321,5.2578,-1.1256999999999993,-0.21410095477195773,-0.2259,-0.0509,-0.175,-3.4381139489194497,1,0,0,0,0,0,0
2025,CLE,19,tied_early_down,league_multi_season,2023,2025,3,32,96,strong,133,strong,stable_team_sample,1,1,1,1,0.4962,0.4983,-0.0021000000000000463,-0.004214328717640069,0.5038,0.5017,0.0020999999999999908,0.00418576838748254,0.4962,0.4983,-0.0021000000000000463,-0.004214328717640069,0.5789,0.6059,-0.027000000000000024,-0.04456180887935307,0.0376,0.0718,-0.0342,-0.4763231197771588,0.3534,0.4418,-0.08840000000000003,-0.20009053870529658,0.2105,0.2572,-0.04669999999999999,-0.18157076205287712,0.0376,0.0358,0.001800000000000003,0.05027932960893863,0.015,0.0219,-0.0069,-0.3150684931506849,0.0301,0.0267,0.0033999999999999968,0.12734082397003732,0.1353,0.1285,0.0068000000000000005,0.05291828793774319,0.0677,0.0731,-0.005400000000000002,-0.0738714090287278,0.0677,0.0554,0.012299999999999998,0.22202166064981949,4.7519,5.4023,-0.6504000000000003,-0.12039316587379455,-0.0976,0.0018,-0.0994,-55.22222222222222,0,1,0,0,0,0,1
2025,CLE,20,leading_early_down,league_multi_season,2023,2025,3,32,96,strong,166,strong,stable_team_sample,1,1,1,1,0.4157,0.4468,-0.03109999999999996,-0.06960608773500439,0.5843,0.5532,0.031100000000000017,0.056218365871294314,0.4157,0.4468,-0.03109999999999996,-0.06960608773500439,0.4699,0.5755,-0.10560000000000003,-0.18349261511728937,0.0241,0.0709,-0.04680000000000001,-0.6600846262341327,0.2831,0.4235,-0.14039999999999997,-0.3315230224321133,0.1566,0.2496,-0.093,-0.37259615384615385,0.0241,0.0375,-0.013399999999999999,-0.35733333333333334,0.0361,0.0206,0.0155,0.7524271844660194,0.0422,0.0228,0.0194,0.8508771929824561,0.0964,0.1332,-0.03680000000000001,-0.2762762762762763,0.0542,0.0705,-0.016299999999999995,-0.2312056737588652,0.0422,0.0628,-0.020599999999999993,-0.3280254777070063,3.6145,5.5158,-1.9012999999999995,-0.34470067805214105,-0.3096,0.0115,-0.3211,-27.921739130434784,0,1,0,0,0,0,0
2025,CLE,21,trailing_early_down,league_multi_season,2023,2025,3,32,96,strong,461,strong,stable_team_sample,1,1,1,1,0.603,0.5899,0.0131,0.02220715375487371,0.397,0.4101,-0.0131,-0.031943428432089735,0.603,0.5899,0.0131,0.02220715375487371,0.6681,0.7068,-0.03869999999999996,-0.0547538200339558,0.1388,0.15,-0.011199999999999988,-0.07466666666666659,0.3471,0.438,-0.09089999999999998,-0.20753424657534242,0.2017,0.2608,-0.059099999999999986,-0.22661042944785273,0.0239,0.0356,-0.011699999999999999,-0.3286516853932584,0.0195,0.0281,-0.0086,-0.30604982206405695,0.0304,0.0355,-0.005099999999999997,-0.14366197183098584,0.0976,0.1307,-0.033100000000000004,-0.25325172149961744,0.0586,0.0839,-0.025300000000000003,-0.3015494636471991,0.039,0.0468,-0.007800000000000001,-0.16666666666666669,4.4859,5.4892,-1.0033000000000003,-0.18277708955767694,-0.1139,-0.0058,-0.1081,-18.63793103448276,1,0,0,0,0,0,0
2025,DAL,1,all_offense,league_multi_season,2023,2025,3,32,96,strong,1101,strong,stable_team_sample,1,1,1,1,0.5922,0.5737,0.01849999999999996,0.03224681889489273,0.4078,0.4263,-0.018500000000000016,-0.043396669012432595,0.5922,0.5737,0.01849999999999996,0.03224681889489273,0.6267,0.6967,-0.06999999999999995,-0.10047366154729431,0.0917,0.1039,-0.012200000000000003,-0.11742059672762273,0.465,0.4345,0.030500000000000027,0.07019562715765254,0.3224,0.2932,0.029200000000000004,0.09959072305593453,0.0445,0.0402,0.004299999999999998,0.10696517412935319,0.0282,0.0274,0.0007999999999999986,0.029197080291970753,0.0282,0.0401,-0.011899999999999997,-0.29675810473815456,0.1353,0.1328,0.0025000000000000022,0.018825301204819293,0.0936,0.0838,0.009800000000000003,0.11694510739856806,0.0418,0.049,-0.007200000000000005,-0.14693877551020418,6.0627,5.4305,0.6322000000000001,0.11641653623054968,0.0952,-0.0054,0.10060000000000001,18.62962962962963,1,0,0,0,1,1,1
2025,DAL,2,early_down,league_multi_season,2023,2025,3,32,96,strong,862,strong,stable_team_sample,1,1,1,1,0.5278,0.5246,0.0032000000000000917,0.006099885627144666,0.4722,0.4754,-0.0031999999999999806,-0.006731173748422341,0.5278,0.5246,0.0032000000000000917,0.006099885627144666,0.551,0.6436,-0.0925999999999999,-0.14387818520820372,0.0951,0.1086,-0.013499999999999998,-0.12430939226519334,0.4652,0.4339,0.031299999999999994,0.07213643696704308,0.2842,0.2564,0.02779999999999999,0.1084243369734789,0.0476,0.0363,0.011300000000000004,0.31129476584022053,0.0255,0.0244,0.0010999999999999968,0.045081967213114624,0.022,0.0296,-0.007600000000000003,-0.25675675675675685,0.1334,0.1311,0.0022999999999999965,0.017543859649122782,0.0835,0.0774,0.006100000000000008,0.07881136950904404,0.0499,0.0538,-0.0039000000000000007,-0.07249070631970261,5.9872,5.4816,0.5055999999999994,0.09223584354932855,0.088,0.0014,0.0866,61.857142857142854,1,0,0,0,1,1,1
2025,DAL,3,third_down,league_multi_season,2023,2025,3,32,96,strong,205,strong,stable_team_sample,1,1,1,1,0.8293,0.7494,0.07990000000000008,0.10661862823592219,0.1707,0.2506,-0.0799,-0.3188347964884278,0.8293,0.7494,0.07990000000000008,0.10661862823592219,0.9122,0.8953,0.016900000000000026,0.01887635429464987,0.0829,0.0875,-0.004599999999999993,-0.05257142857142849,0.4341,0.4242,0.009899999999999964,0.023338048090523252,0.4293,0.3997,0.029600000000000015,0.07405554165624222,0.0293,0.0487,-0.0194,-0.39835728952772076,0.0293,0.0359,-0.006600000000000002,-0.1838440111420613,0.0537,0.0778,-0.024099999999999996,-0.30976863753213363,0.1415,0.1404,0.0010999999999999899,0.007834757834757762,0.1317,0.107,0.024700000000000014,0.23084112149532723,0.0098,0.0333,-0.023500000000000004,-0.7057057057057058,6.3561,5.3482,1.0078999999999994,0.1884559290976402,0.0355,-0.0507,0.0862,1.700197238658777,1,0,1,0,1,1,1
2025,DAL,4,fourth_down,league_multi_season,2023,2025,3,32,96,good,34,thin,small_team_sample,0,1,0,0,0.7941,0.6225,0.17159999999999997,0.2756626506024096,0.2059,0.3775,-0.1716,-0.45456953642384107,0.7941,0.6225,0.17159999999999997,0.2756626506024096,0.8235,0.675,0.14849999999999997,0.21999999999999995,0.0588,0.0943,-0.0355,-0.376458112407211,0.6471,0.5443,0.1028,0.18886643395186478,0.6471,0.5475,0.09960000000000002,0.18191780821917813,0.0588,0.0926,-0.033800000000000004,-0.36501079913606915,0.0882,0.0492,0.039,0.7926829268292683,0.0294,0.0504,-0.021,-0.4166666666666667,0.1471,0.1209,0.026200000000000015,0.2167080231596362,0.1176,0.0893,0.028299999999999992,0.31690929451287786,0.0294,0.0316,-0.002200000000000004,-0.06962025316455708,6.2059,4.5242,1.6816999999999993,0.37171212590071157,0.6383,0.1649,0.4734,2.870830806549424,1,0,1,0,1,1,1
2025,DAL,5,short_yardage,league_multi_season,2023,2025,3,32,96,strong,115,strong,stable_team_sample,1,1,1,1,0.4261,0.3476,0.07849999999999996,0.22583429228998836,0.5739,0.6524,-0.07850000000000001,-0.12032495401594116,0.4261,0.3476,0.07849999999999996,0.22583429228998836,0.4696,0.5322,-0.06259999999999999,-0.11762495302517849,0.1043,0.1642,-0.05990000000000001,-0.36479902557856275,0.6348,0.5961,0.03870000000000007,0.06492199295420244,0.7043,0.6404,0.06390000000000007,0.09978138663335426,0.1826,0.1155,0.0671,0.580952380952381,0.0087,0.0214,-0.0127,-0.5934579439252337,0.0174,0.0229,-0.005500000000000001,-0.24017467248908303,0.113,0.0906,0.022400000000000003,0.2472406181015453,0.087,0.0453,0.041699999999999994,0.9205298013245031,0.0261,0.0453,-0.0192,-0.42384105960264895,5.1217,3.8797,1.2419999999999995,0.320127844936464,0.3443,0.0647,0.2796,4.321483771251932,1,0,0,0,1,1,1
2025,DAL,6,red_zone,league_multi_season,2023,2025,3,32,96,strong,196,strong,stable_team_sample,1,1,1,1,0.5612,0.5029,0.05830000000000002,0.11592761980513028,0.4388,0.4971,-0.05829999999999996,-0.11728022530677924,0.5612,0.5029,0.05830000000000002,0.11592761980513028,0.5918,0.6589,-0.06710000000000005,-0.10183639398998337,0.0663,0.0945,-0.028200000000000003,-0.29841269841269846,0.4031,0.4224,-0.019299999999999984,-0.04569128787878784,0.301,0.313,-0.01200000000000001,-0.03833865814696489,0.1888,0.1961,-0.007300000000000001,-0.03722590515043346,0.0408,0.0258,0.015000000000000003,0.5813953488372094,0.0306,0.0328,-0.002200000000000004,-0.06707317073170743,0.0561,0.0512,0.004899999999999995,0.09570312499999989,0.0306,0.0238,0.006799999999999997,0.2857142857142856,0.0255,0.0274,-0.0019000000000000024,-0.06934306569343074,2.8724,3.0,-0.12760000000000016,-0.04253333333333339,-0.0805,-0.0022,-0.07830000000000001,-35.59090909090909,1,0,0,0,0,0,1
2025,DAL,7,goal_to_go,league_multi_season,2023,2025,3,32,96,strong,74,good,usable_team_sample,1,1,0,1,0.5,0.4757,0.02429999999999999,0.05108261509354633,0.5,0.5243,-0.02429999999999999,-0.046347510967003604,0.5,0.4757,0.02429999999999999,0.05108261509354633,0.5135,0.611,-0.09750000000000003,-0.15957446808510645,0.1081,0.0861,0.022000000000000006,0.2555168408826946,0.473,0.438,0.034999999999999976,0.0799086757990867,0.3378,0.3303,0.007500000000000007,0.022706630336058152,0.3378,0.3289,0.008899999999999963,0.027059896625113905,0.0405,0.0243,0.016200000000000003,0.6666666666666669,0.0405,0.0306,0.009900000000000003,0.32352941176470595,0.0,0.0074,-0.0074,-1.0,0.0,0.0033,-0.0033,-1.0,0.0,0.0041,-0.0041,-1.0,1.6081,1.8044,-0.19629999999999992,-0.1087896253602305,-0.1413,0.0097,-0.15100000000000002,-15.567010309278352,1,0,0,1,0,1,0
2025,DAL,8,two_minute_half,league_multi_season,2023,2025,3,32,96,strong,118,strong,stable_team_sample,1,1,1,1,0.6949,0.7349,-0.040000000000000036,-0.054429174037284034,0.3051,0.2651,0.03999999999999998,0.15088645794039976,0.6949,0.7349,-0.040000000000000036,-0.054429174037284034,0.8051,0.8778,-0.07269999999999999,-0.08282068808384596,0.2034,0.1634,0.04000000000000001,0.24479804161566715,0.5424,0.4231,0.11930000000000002,0.28196643819428036,0.4576,0.3007,0.15689999999999998,0.5217825074825406,0.0763,0.0467,0.029600000000000008,0.6338329764453964,0.0424,0.0356,0.0068000000000000005,0.1910112359550562,0.0424,0.0516,-0.0092,-0.17829457364341084,0.2119,0.1271,0.08480000000000001,0.6671911880409128,0.1525,0.094,0.058499999999999996,0.6223404255319148,0.0593,0.0331,0.0262,0.7915407854984895,8.0424,5.26,2.782400000000001,0.5289733840304185,0.3735,0.0083,0.3652,44.0,0,1,0,1,1,1,1
2025,DAL,9,two_minute_game,league_multi_season,2023,2025,3,32,96,strong,50,good,usable_team_sample,1,1,0,1,0.62,0.6818,-0.061799999999999966,-0.09064241713112345,0.38,0.3182,0.06180000000000002,0.19421747328724082,0.62,0.6818,-0.061799999999999966,-0.09064241713112345,0.74,0.8173,-0.07730000000000004,-0.09457971369142301,0.16,0.1726,-0.0126,-0.07300115874855156,0.46,0.3942,0.06580000000000003,0.16692034500253686,0.4,0.2947,0.1053,0.35731252120800816,0.04,0.045,-0.0049999999999999975,-0.11111111111111106,0.08,0.0394,0.040600000000000004,1.0304568527918783,0.04,0.0504,-0.0104,-0.20634920634920634,0.26,0.1268,0.1332,1.050473186119874,0.22,0.0914,0.1286,1.4070021881838075,0.04,0.0354,0.0046,0.12994350282485875,7.12,5.037,2.083,0.41353980543974594,0.0694,-0.06,0.12940000000000002,2.156666666666667,0,1,0,0,1,1,1
2025,DAL,10,one_score,league_multi_season,2023,2025,3,32,96,strong,677,strong,stable_team_sample,1,1,1,1,0.582,0.565,0.017000000000000015,0.03008849557522127,0.418,0.435,-0.017000000000000015,-0.03908045977011498,0.582,0.565,0.017000000000000015,0.03008849557522127,0.6086,0.6859,-0.07729999999999992,-0.11269864411721815,0.0665,0.0863,-0.019799999999999998,-0.22943221320973345,0.4653,0.4369,0.02839999999999998,0.0650034332799267,0.3161,0.2938,0.022299999999999986,0.07590197413206258,0.0458,0.0397,0.006100000000000001,0.1536523929471033,0.0177,0.0265,-0.008799999999999999,-0.3320754716981132,0.0266,0.0381,-0.011500000000000003,-0.30183727034120744,0.1403,0.1332,0.007099999999999995,0.05330330330330326,0.0975,0.084,0.013499999999999998,0.16071428571428567,0.0428,0.0492,-0.006400000000000003,-0.1300813008130082,6.0709,5.4822,0.5887000000000002,0.10738389697566675,0.1262,0.0035,0.1227,35.05714285714286,1,0,0,0,1,1,1
2025,DAL,11,neutral_early_down,league_multi_season,2023,2025,3,32,96,strong,418,strong,stable_team_sample,1,1,1,1,0.5311,0.5215,0.009600000000000053,0.018408437200383612,0.4689,0.4785,-0.009599999999999997,-0.020062695924764885,0.5311,0.5215,0.009600000000000053,0.018408437200383612,0.5239,0.6282,-0.10429999999999995,-0.16602992677491238,0.0598,0.0855,-0.025700000000000008,-0.3005847953216375,0.4665,0.4391,0.027400000000000035,0.0624003643816899,0.2679,0.2537,0.014200000000000046,0.055971620023650165,0.012,0.0109,0.0011000000000000003,0.10091743119266057,0.0144,0.0226,-0.008199999999999999,-0.3628318584070796,0.0191,0.0278,-0.0087,-0.3129496402877698,0.134,0.1443,-0.010300000000000004,-0.0713790713790714,0.0837,0.0864,-0.002700000000000008,-0.03125000000000009,0.0502,0.058,-0.007800000000000001,-0.13448275862068967,6.4043,5.9339,0.4703999999999997,0.07927332782824106,0.1099,0.013,0.0969,7.453846153846154,1,0,0,0,1,1,0
2025,DAL,12,tied,league_multi_season,2023,2025,3,32,96,strong,210,strong,stable_team_sample,1,1,1,1,0.5381,0.5522,-0.014100000000000001,-0.025534226729445855,0.4619,0.4478,0.014100000000000001,0.031487271103171066,0.5381,0.5522,-0.014100000000000001,-0.025534226729445855,0.5714,0.6675,-0.09609999999999996,-0.14397003745318346,0.0381,0.0716,-0.033499999999999995,-0.467877094972067,0.481,0.4433,0.037699999999999956,0.08504398826979462,0.319,0.296,0.02300000000000002,0.07770270270270277,0.0476,0.0396,0.008,0.20202020202020202,0.0286,0.0252,0.0034000000000000002,0.13492063492063494,0.0286,0.0369,-0.008300000000000002,-0.22493224932249326,0.1333,0.1307,0.002599999999999991,0.019892884468247825,0.0952,0.0805,0.014700000000000005,0.18260869565217397,0.0381,0.0502,-0.0121,-0.24103585657370516,5.5619,5.406,0.15589999999999993,0.028838327783943754,0.0516,-0.0028,0.0544,19.428571428571427,0,1,0,0,1,1,1
2025,DAL,13,leading,league_multi_season,2023,2025,3,32,96,strong,265,strong,stable_team_sample,1,1,1,1,0.5094,0.504,0.00539999999999996,0.010714285714285636,0.4906,0.496,-0.005400000000000016,-0.01088709677419358,0.5094,0.504,0.00539999999999996,0.010714285714285636,0.5509,0.6358,-0.08490000000000009,-0.13353255740799005,0.0453,0.0687,-0.023399999999999997,-0.34061135371179035,0.4453,0.4269,0.018399999999999972,0.04310142890606693,0.3019,0.2876,0.01429999999999998,0.049721835883170994,0.0453,0.0419,0.0034000000000000002,0.081145584725537,0.0075,0.0228,-0.015300000000000001,-0.6710526315789473,0.0302,0.0318,-0.0016000000000000007,-0.05031446540880505,0.1321,0.1357,-0.003599999999999992,-0.02652910832719228,0.083,0.0788,0.004200000000000009,0.05329949238578692,0.0491,0.0569,-0.007800000000000001,-0.13708260105448158,6.3245,5.5181,0.8064,0.1461372573893188,0.139,0.0162,0.12280000000000002,7.580246913580249,1,0,0,0,1,1,0
2025,DAL,14,trailing,league_multi_season,2023,2025,3,32,96,strong,626,strong,stable_team_sample,1,1,1,1,0.6454,0.6309,0.014499999999999957,0.022983040101442316,0.3546,0.3691,-0.014499999999999957,-0.03928474668111612,0.6454,0.6309,0.014499999999999957,0.022983040101442316,0.6773,0.7508,-0.07350000000000001,-0.09789557805007992,0.1294,0.1414,-0.01200000000000001,-0.08486562942008494,0.4681,0.4364,0.031700000000000006,0.07263978001833182,0.3323,0.2961,0.03620000000000001,0.12225599459642017,0.0431,0.0393,0.003799999999999998,0.09669211195928747,0.0367,0.0315,0.005200000000000003,0.1650793650793652,0.0272,0.0472,-0.02,-0.42372881355932207,0.1374,0.1316,0.0058,0.044072948328267476,0.0974,0.0886,0.008800000000000002,0.09932279909706548,0.0399,0.043,-0.0030999999999999986,-0.07209302325581393,6.1198,5.3789,0.7408999999999999,0.1377419174924241,0.0913,-0.0215,0.11280000000000001,5.246511627906978,1,0,0,0,1,1,1
2025,DAL,15,leading_one_score,league_multi_season,2023,2025,3,32,96,strong,140,strong,stable_team_sample,1,1,1,1,0.5214,0.5341,-0.012700000000000045,-0.02377831866691639,0.4786,0.4659,0.012700000000000045,0.02725906846962877,0.5214,0.5341,-0.012700000000000045,-0.02377831866691639,0.5429,0.6624,-0.11949999999999994,-0.1804045893719806,0.0429,0.075,-0.0321,-0.428,0.45,0.4278,0.022199999999999998,0.05189340813464235,0.3071,0.2878,0.019299999999999984,0.0670604586518415,0.0357,0.0405,-0.004799999999999999,-0.11851851851851848,0.0071,0.0244,-0.017300000000000003,-0.709016393442623,0.0357,0.0343,0.0014000000000000054,0.04081632653061241,0.15,0.1347,0.015300000000000008,0.11358574610244997,0.1,0.0826,0.0174,0.21065375302663436,0.05,0.052,-0.001999999999999995,-0.038461538461538367,6.6071,5.5713,1.0358,0.18591711090768762,0.166,0.0136,0.1524,11.205882352941178,0,1,0,0,1,1,1
2025,DAL,16,leading_two_plus_scores,league_multi_season,2023,2025,3,32,94,strong,125,strong,stable_team_sample,1,1,1,1,0.496,0.4563,0.03970000000000001,0.08700416392724088,0.504,0.5437,-0.03969999999999996,-0.07301820857090299,0.496,0.4563,0.03970000000000001,0.08700416392724088,0.56,0.5937,-0.03369999999999995,-0.05676267475155795,0.048,0.0586,-0.010599999999999998,-0.18088737201365185,0.44,0.4256,0.014400000000000024,0.033834586466165474,0.296,0.2873,0.008699999999999986,0.030281935259310774,0.056,0.0442,0.011799999999999998,0.26696832579185514,0.008,0.0203,-0.012299999999999998,-0.605911330049261,0.024,0.0278,-0.003799999999999998,-0.13669064748201432,0.112,0.1375,-0.02550000000000001,-0.1854545454545455,0.064,0.0728,-0.008800000000000002,-0.12087912087912091,0.048,0.0646,-0.016600000000000004,-0.25696594427244585,6.008,5.4339,0.5740999999999996,0.10565155781298875,0.1088,0.0204,0.08839999999999999,4.333333333333333,1,0,0,0,1,1,0
2025,DAL,17,trailing_one_score,league_multi_season,2023,2025,3,32,96,strong,327,strong,stable_team_sample,1,1,1,1,0.6361,0.5968,0.0393,0.06585120643431636,0.3639,0.4032,-0.0393,-0.0974702380952381,0.6361,0.5968,0.0393,0.06585120643431636,0.6606,0.7163,-0.05570000000000008,-0.07776071478430836,0.0948,0.1048,-0.010000000000000009,-0.09541984732824435,0.4618,0.4393,0.022499999999999964,0.05121784657409507,0.318,0.2967,0.021299999999999986,0.07178968655207275,0.0489,0.0391,0.009799999999999996,0.2506393861892582,0.0153,0.029,-0.013700000000000002,-0.47241379310344833,0.0214,0.0417,-0.020300000000000002,-0.486810551558753,0.1407,0.1338,0.0068999999999999895,0.05156950672645732,0.0979,0.0875,0.010400000000000006,0.11885714285714294,0.0428,0.0463,-0.003500000000000003,-0.07559395248380137,6.1682,5.4685,0.6997,0.12795099204535065,0.157,0.0002,0.1568,783.9999999999999,1,0,0,0,1,1,1
2025,DAL,18,trailing_two_plus_scores,league_multi_season,2023,2025,3,32,96,strong,299,strong,stable_team_sample,1,1,1,1,0.6555,0.677,-0.021500000000000075,-0.03175775480059095,0.3445,0.323,0.021499999999999964,0.06656346749225994,0.6555,0.677,-0.021500000000000075,-0.03175775480059095,0.6957,0.7976,-0.10189999999999999,-0.1277582748244734,0.1672,0.1909,-0.0237,-0.12414876898899947,0.4749,0.4324,0.04249999999999998,0.09828862164662346,0.3478,0.2953,0.05249999999999999,0.1777853030816119,0.0368,0.0395,-0.002700000000000001,-0.06835443037974687,0.0602,0.0349,0.025299999999999996,0.7249283667621775,0.0334,0.0546,-0.021200000000000004,-0.38827838827838834,0.1338,0.1286,0.00520000000000001,0.040435458786936315,0.097,0.0901,0.006900000000000003,0.07658157602663711,0.0368,0.0385,-0.0017000000000000001,-0.04415584415584416,6.0669,5.2578,0.8091000000000008,0.1538856555973983,0.0195,-0.0509,0.0704,1.3831041257367387,0,1,0,0,1,1,1
2025,DAL,19,tied_early_down,league_multi_season,2023,2025,3,32,96,strong,162,strong,stable_team_sample,1,1,1,1,0.4444,0.4983,-0.0539,-0.10816777041942605,0.5556,0.5017,0.05389999999999995,0.10743472194538557,0.4444,0.4983,-0.0539,-0.10816777041942605,0.4753,0.6059,-0.1306,-0.2155471199867965,0.0309,0.0718,-0.040900000000000006,-0.5696378830083566,0.4938,0.4418,0.05199999999999999,0.1177003168854685,0.284,0.2572,0.02679999999999999,0.10419906687402797,0.0494,0.0358,0.013600000000000001,0.3798882681564246,0.0309,0.0219,0.009000000000000001,0.41095890410958913,0.0185,0.0267,-0.008200000000000002,-0.30711610486891394,0.1296,0.1285,0.0010999999999999899,0.008560311284046614,0.0802,0.0731,0.007099999999999995,0.09712722298221609,0.0494,0.0554,-0.005999999999999998,-0.1083032490974729,5.5679,5.4023,0.16559999999999953,0.03065361049923172,0.061,0.0018,0.059199999999999996,32.888888888888886,0,1,0,0,1,1,1
2025,DAL,20,leading_early_down,league_multi_season,2023,2025,3,32,96,strong,203,strong,stable_team_sample,1,1,1,1,0.4483,0.4468,0.0015000000000000013,0.003357206803939126,0.5517,0.5532,-0.0015000000000000568,-0.0027114967462040073,0.4483,0.4468,0.0015000000000000013,0.003357206803939126,0.4631,0.5755,-0.1124,-0.19530842745438748,0.0443,0.0709,-0.026600000000000006,-0.3751763046544429,0.4384,0.4235,0.014900000000000024,0.035182998819362515,0.2512,0.2496,0.0015999999999999903,0.006410256410256372,0.0493,0.0375,0.011799999999999998,0.31466666666666665,0.0049,0.0206,-0.0157,-0.762135922330097,0.0296,0.0228,0.0068000000000000005,0.2982456140350877,0.1281,0.1332,-0.005100000000000021,-0.038288288288288445,0.069,0.0705,-0.0014999999999999875,-0.021276595744680674,0.0591,0.0628,-0.003699999999999995,-0.058917197452229224,6.2266,5.5158,0.7108000000000008,0.12886616628594236,0.1266,0.0115,0.1151,10.008695652173913,1,0,0,0,1,1,0
2025,DAL,21,trailing_early_down,league_multi_season,2023,2025,3,32,96,strong,497,strong,stable_team_sample,1,1,1,1,0.5875,0.5899,-0.0023999999999999577,-0.0040684861840989284,0.4125,0.4101,0.0023999999999999577,0.005852231163130841,0.5875,0.5899,-0.0023999999999999577,-0.0040684861840989284,0.6117,0.7068,-0.09509999999999996,-0.1345500848896434,0.1368,0.15,-0.01319999999999999,-0.08799999999999994,0.4668,0.438,0.028799999999999992,0.06575342465753423,0.2978,0.2608,0.03700000000000003,0.14187116564417193,0.0463,0.0356,0.010700000000000001,0.300561797752809,0.0322,0.0281,0.0040999999999999995,0.14590747330960852,0.0201,0.0355,-0.015399999999999997,-0.43380281690140843,0.1368,0.1307,0.006099999999999994,0.046671767406273865,0.0905,0.0839,0.006599999999999995,0.0786650774731823,0.0463,0.0468,-0.0005000000000000004,-0.010683760683760693,6.0262,5.4892,0.5369999999999999,0.09782846316403117,0.081,-0.0058,0.0868,14.965517241379311,0,1,0,0,1,1,1
2025,DEN,1,all_offense,league_multi_season,2023,2025,3,32,96,strong,1073,strong,stable_team_sample,1,1,1,1,0.5918,0.5737,0.018100000000000005,0.03154959037824648,0.4082,0.4263,-0.018100000000000005,-0.042458362655407,0.5918,0.5737,0.018100000000000005,0.03154959037824648,0.6552,0.6967,-0.04149999999999998,-0.0595665279173245,0.1295,0.1039,0.025599999999999998,0.24639076034648696,0.4408,0.4345,0.006300000000000028,0.014499424626006969,0.2926,0.2932,-0.0005999999999999894,-0.0020463847203273855,0.0401,0.0402,-0.00010000000000000286,-0.0024875621890547974,0.0168,0.0274,-0.010600000000000002,-0.38686131386861317,0.0214,0.0401,-0.018699999999999998,-0.46633416458852867,0.1249,0.1328,-0.007900000000000004,-0.05948795180722895,0.0774,0.0838,-0.006400000000000003,-0.07637231503579955,0.0475,0.049,-0.0015000000000000013,-0.03061224489795921,5.4455,5.4305,0.01499999999999968,0.0027621765951569245,0.0478,-0.0054,0.053200000000000004,9.851851851851853,1,0,0,1,1,1,0
2025,DEN,2,early_down,league_multi_season,2023,2025,3,32,96,strong,821,strong,stable_team_sample,1,1,1,1,0.5335,0.5246,0.008900000000000019,0.016965306900495653,0.4665,0.4754,-0.008899999999999963,-0.01872107698779967,0.5335,0.5246,0.008900000000000019,0.016965306900495653,0.6029,0.6436,-0.04069999999999996,-0.06323803604723424,0.1181,0.1086,0.009499999999999995,0.08747697974217306,0.4373,0.4339,0.003400000000000014,0.00783590689098874,0.2497,0.2564,-0.0067000000000000115,-0.026131045241809717,0.0378,0.0363,0.0015000000000000013,0.04132231404958681,0.011,0.0244,-0.013400000000000002,-0.5491803278688525,0.0171,0.0296,-0.0125,-0.4222972972972973,0.1133,0.1311,-0.017799999999999996,-0.13577421815408083,0.0621,0.0774,-0.015299999999999994,-0.1976744186046511,0.0512,0.0538,-0.002599999999999998,-0.04832713754646837,5.3057,5.4816,-0.1759000000000004,-0.032089171044950446,0.0406,0.0014,0.0392,28.0,1,0,0,1,1,1,0
2025,DEN,3,third_down,league_multi_season,2023,2025,3,32,96,strong,232,strong,stable_team_sample,1,1,1,1,0.7974,0.7494,0.04800000000000004,0.0640512409927943,0.2026,0.2506,-0.04799999999999999,-0.1915403032721468,0.7974,0.7494,0.04800000000000004,0.0640512409927943,0.8621,0.8953,-0.03320000000000001,-0.037082542164637564,0.1767,0.0875,0.0892,1.0194285714285716,0.4483,0.4242,0.024099999999999955,0.056812824139556704,0.4267,0.3997,0.027000000000000024,0.06755066299724799,0.0474,0.0487,-0.0013000000000000025,-0.02669404517453804,0.0302,0.0359,-0.0057,-0.15877437325905291,0.0388,0.0778,-0.03899999999999999,-0.5012853470437018,0.1595,0.1404,0.019100000000000006,0.1360398860398861,0.1207,0.107,0.013700000000000004,0.12803738317757013,0.0388,0.0333,0.005499999999999998,0.16516516516516508,5.7931,5.3482,0.44489999999999963,0.08318686660932643,0.0476,-0.0507,0.0983,1.9388560157790926,1,0,0,1,1,1,1
2025,DEN,4,fourth_down,league_multi_season,2023,2025,3,32,96,good,20,thin,small_team_sample,0,1,0,0,0.6,0.6225,-0.022500000000000075,-0.03614457831325313,0.4,0.3775,0.02250000000000002,0.05960264900662257,0.6,0.6225,-0.022500000000000075,-0.03614457831325313,0.4,0.675,-0.275,-0.40740740740740744,0.05,0.0943,-0.04429999999999999,-0.4697773064687168,0.5,0.5443,-0.044300000000000006,-0.08138893992283668,0.5,0.5475,-0.04749999999999999,-0.08675799086757989,0.05,0.0926,-0.0426,-0.46004319654427644,0.1,0.0492,0.050800000000000005,1.0325203252032522,0.0,0.0504,-0.0504,-1.0,0.2,0.1209,0.07910000000000002,0.654259718775848,0.2,0.0893,0.1107,1.2396416573348263,0.0,0.0316,-0.0316,-1.0,7.15,4.5242,2.6258,0.5803899031873038,0.347,0.1649,0.18209999999999998,1.104305639781686,0,1,0,0,1,0,1
2025,DEN,5,short_yardage,league_multi_season,2023,2025,3,32,96,strong,117,strong,stable_team_sample,1,1,1,1,0.359,0.3476,0.011399999999999966,0.03279631760644409,0.641,0.6524,-0.011399999999999966,-0.017473942366646178,0.359,0.3476,0.011399999999999966,0.03279631760644409,0.3932,0.5322,-0.139,-0.2611800075159715,0.1709,0.1642,0.006699999999999984,0.040803897685748984,0.547,0.5961,-0.04909999999999992,-0.08236873007884571,0.6068,0.6404,-0.03359999999999996,-0.05246720799500307,0.094,0.1155,-0.021500000000000005,-0.18614718614718617,0.0256,0.0214,0.004200000000000002,0.1962616822429908,0.0085,0.0229,-0.0144,-0.62882096069869,0.1197,0.0906,0.0291,0.3211920529801325,0.0855,0.0453,0.04020000000000001,0.8874172185430464,0.0342,0.0453,-0.011099999999999999,-0.24503311258278143,4.5726,3.8797,0.6929000000000003,0.17859628321777463,0.0963,0.0647,0.0316,0.4884080370942814,1,0,0,1,1,0,1
2025,DEN,6,red_zone,league_multi_season,2023,2025,3,32,96,strong,164,strong,stable_team_sample,1,1,1,1,0.5549,0.5029,0.051999999999999935,0.10340027838536475,0.4451,0.4971,-0.05199999999999999,-0.10460671897002613,0.5549,0.5029,0.051999999999999935,0.10340027838536475,0.6098,0.6589,-0.04910000000000003,-0.07451813628775236,0.0976,0.0945,0.0031000000000000055,0.032804232804232863,0.439,0.4224,0.016600000000000004,0.03929924242424243,0.3293,0.313,0.01629999999999998,0.05207667731629387,0.2012,0.1961,0.005099999999999993,0.02600713921468635,0.0061,0.0258,-0.0197,-0.7635658914728681,0.0183,0.0328,-0.014500000000000002,-0.4420731707317074,0.061,0.0512,0.009799999999999996,0.19140624999999992,0.0305,0.0238,0.006699999999999998,0.2815126050420167,0.0305,0.0274,0.0030999999999999986,0.1131386861313868,3.6463,3.0,0.6463000000000001,0.21543333333333337,0.1406,-0.0022,0.1428,64.9090909090909,1,0,0,1,1,1,1
2025,DEN,7,goal_to_go,league_multi_season,2023,2025,3,32,96,strong,56,good,usable_team_sample,1,1,0,1,0.4821,0.4757,0.006399999999999961,0.01345385747319731,0.5179,0.5243,-0.006399999999999961,-0.01220675185962228,0.4821,0.4757,0.006399999999999961,0.01345385747319731,0.5179,0.611,-0.09309999999999996,-0.1523731587561374,0.0893,0.0861,0.0032000000000000084,0.03716608594657385,0.4643,0.438,0.02629999999999999,0.0600456621004566,0.3036,0.3303,-0.0267,-0.08083560399636695,0.3036,0.3289,-0.025300000000000045,-0.07692307692307705,0.0,0.0243,-0.0243,-1.0,0.0,0.0306,-0.0306,-1.0,0.0,0.0074,-0.0074,-1.0,0.0,0.0033,-0.0033,-1.0,0.0,0.0041,-0.0041,-1.0,1.9643,1.8044,0.15989999999999993,0.0886167146974063,0.0913,0.0097,0.0816,8.412371134020619,1,0,0,1,1,1,0
2025,DEN,8,two_minute_half,league_multi_season,2023,2025,3,32,96,strong,107,strong,stable_team_sample,1,1,1,1,0.7757,0.7349,0.04079999999999995,0.05551775751802959,0.2243,0.2651,-0.0408,-0.15390418709920786,0.7757,0.7349,0.04079999999999995,0.05551775751802959,0.8318,0.8778,-0.04600000000000004,-0.05240373661426297,0.1682,0.1634,0.004799999999999999,0.029375764993880043,0.4206,0.4231,-0.0025000000000000022,-0.005908768612621135,0.2991,0.3007,-0.0016000000000000458,-0.005320917858330714,0.0748,0.0467,0.028100000000000007,0.6017130620985013,0.0093,0.0356,-0.0263,-0.7387640449438202,0.0187,0.0516,-0.0329,-0.6375968992248062,0.1121,0.1271,-0.014999999999999986,-0.11801730920535002,0.0748,0.094,-0.019199999999999995,-0.2042553191489361,0.0374,0.0331,0.004300000000000005,0.12990936555891255,5.6262,5.26,0.3662000000000001,0.0696197718631179,0.1572,0.0083,0.1489,17.93975903614458,1,0,0,1,1,0,0
2025,DEN,9,two_minute_game,league_multi_season,2023,2025,3,32,96,strong,34,thin,small_team_sample,0,1,0,0,0.5,0.6818,-0.18179999999999996,-0.26664711058961565,0.5,0.3182,0.18180000000000002,0.5713387806411063,0.5,0.6818,-0.18179999999999996,-0.26664711058961565,0.5588,0.8173,-0.25850000000000006,-0.31628532974428003,0.0588,0.1726,-0.11380000000000001,-0.6593279258400928,0.3824,0.3942,-0.011799999999999977,-0.029934043632673712,0.2941,0.2947,-0.0006000000000000449,-0.0020359687818121645,0.0588,0.045,0.0138,0.3066666666666667,0.0,0.0394,-0.0394,-1.0,0.0294,0.0504,-0.021,-0.4166666666666667,0.1471,0.1268,0.020300000000000012,0.16009463722397488,0.0882,0.0914,-0.0031999999999999945,-0.03501094091903714,0.0588,0.0354,0.023399999999999997,0.6610169491525423,5.8235,5.037,0.7865000000000002,0.1561445304744888,-0.0447,-0.06,0.015300000000000001,0.255,0,1,0,0,1,0,1
2025,DEN,10,one_score,league_multi_season,2023,2025,3,32,96,strong,806,strong,stable_team_sample,1,1,1,1,0.5906,0.565,0.025600000000000067,0.04530973451327446,0.4094,0.435,-0.02560000000000001,-0.058850574712643704,0.5906,0.565,0.025600000000000067,0.04530973451327446,0.6514,0.6859,-0.034499999999999975,-0.05029887738737422,0.1228,0.0863,0.036500000000000005,0.4229432213209734,0.4355,0.4369,-0.0014000000000000123,-0.0032043945983062767,0.2878,0.2938,-0.006000000000000005,-0.020422055820285927,0.0397,0.0397,0.0,0.0,0.0174,0.0265,-0.0091,-0.3433962264150944,0.0186,0.0381,-0.019500000000000003,-0.5118110236220473,0.129,0.1332,-0.004200000000000009,-0.0315315315315316,0.0819,0.084,-0.0021000000000000046,-0.025000000000000053,0.0471,0.0492,-0.0020999999999999977,-0.04268292682926825,5.3933,5.4822,-0.08889999999999976,-0.016216117617015025,0.0424,0.0035,0.0389,11.114285714285714,1,0,0,1,1,0,0
2025,DEN,11,neutral_early_down,league_multi_season,2023,2025,3,32,96,strong,511,strong,stable_team_sample,1,1,1,1,0.5479,0.5215,0.02640000000000009,0.050623202301054826,0.4521,0.4785,-0.02639999999999998,-0.055172413793103406,0.5479,0.5215,0.02640000000000009,0.050623202301054826,0.6027,0.6282,-0.025499999999999967,-0.040592168099331374,0.1155,0.0855,0.03,0.3508771929824561,0.4188,0.4391,-0.020299999999999985,-0.046230926895923445,0.2172,0.2537,-0.03649999999999998,-0.14387071344107205,0.0137,0.0109,0.0028000000000000004,0.25688073394495414,0.0137,0.0226,-0.008899999999999998,-0.3938053097345132,0.0157,0.0278,-0.0121,-0.4352517985611511,0.1135,0.1443,-0.030800000000000008,-0.2134442134442135,0.0665,0.0864,-0.0199,-0.23032407407407407,0.047,0.058,-0.011000000000000003,-0.18965517241379315,5.319,5.9339,-0.6149000000000004,-0.10362493469724808,-0.0108,0.013,-0.0238,-1.830769230769231,1,0,0,1,0,0,0
2025,DEN,12,tied,league_multi_season,2023,2025,3,32,96,strong,254,strong,stable_team_sample,1,1,1,1,0.5748,0.5522,0.022599999999999953,0.040927200289750006,0.4252,0.4478,-0.022599999999999953,-0.050468959356855636,0.5748,0.5522,0.022599999999999953,0.040927200289750006,0.6654,0.6675,-0.0020999999999999908,-0.0031460674157303232,0.1299,0.0716,0.05829999999999999,0.8142458100558658,0.4606,0.4433,0.017299999999999982,0.03902549063839382,0.2835,0.296,-0.012500000000000011,-0.04222972972972977,0.0157,0.0396,-0.023900000000000005,-0.6035353535353536,0.0236,0.0252,-0.0016000000000000007,-0.06349206349206352,0.0276,0.0369,-0.009300000000000003,-0.2520325203252033,0.0984,0.1307,-0.03230000000000001,-0.24713083397092583,0.0512,0.0805,-0.0293,-0.3639751552795031,0.0472,0.0502,-0.0030000000000000027,-0.059760956175298856,4.7953,5.406,-0.6106999999999996,-0.11296707362190152,-0.0685,-0.0028,-0.06570000000000001,-23.46428571428572,1,0,0,1,0,1,0
2025,DEN,13,leading,league_multi_season,2023,2025,3,32,96,strong,397,strong,stable_team_sample,1,1,1,1,0.539,0.504,0.03500000000000003,0.0694444444444445,0.461,0.496,-0.034999999999999976,-0.07056451612903221,0.539,0.504,0.03500000000000003,0.0694444444444445,0.5668,0.6358,-0.06900000000000006,-0.1085246932997799,0.0856,0.0687,0.0169,0.24599708879184862,0.4106,0.4269,-0.01629999999999998,-0.038182244085265826,0.2695,0.2876,-0.018100000000000005,-0.06293463143254521,0.0327,0.0419,-0.0092,-0.21957040572792363,0.0202,0.0228,-0.0026000000000000016,-0.11403508771929831,0.0252,0.0318,-0.006600000000000002,-0.2075471698113208,0.1134,0.1357,-0.022299999999999986,-0.16433308769344132,0.0605,0.0788,-0.018299999999999997,-0.23223350253807104,0.0529,0.0569,-0.003999999999999997,-0.07029876977152894,4.9849,5.5181,-0.5331999999999999,-0.09662746235117159,-0.0283,0.0162,-0.0445,-2.746913580246914,1,0,0,1,0,0,0
2025,DEN,14,trailing,league_multi_season,2023,2025,3,32,96,strong,422,strong,stable_team_sample,1,1,1,1,0.6517,0.6309,0.02079999999999993,0.032968774766206896,0.3483,0.3691,-0.020799999999999985,-0.05635329179084255,0.6517,0.6309,0.02079999999999993,0.032968774766206896,0.7322,0.7508,-0.01860000000000006,-0.02477357485348969,0.1706,0.1414,0.029200000000000004,0.20650636492220653,0.4573,0.4364,0.020899999999999974,0.047891842346471064,0.3199,0.2961,0.023800000000000043,0.0803782505910167,0.0616,0.0393,0.0223,0.5674300254452926,0.0095,0.0315,-0.022,-0.6984126984126984,0.0142,0.0472,-0.033,-0.6991525423728814,0.1517,0.1316,0.020100000000000007,0.15273556231003046,0.109,0.0886,0.0204,0.23024830699774268,0.0427,0.043,-0.0002999999999999947,-0.006976744186046389,6.2701,5.3789,0.8912000000000004,0.165684433620257,0.1895,-0.0215,0.211,9.813953488372093,1,0,0,1,1,1,1
2025,DEN,15,leading_one_score,league_multi_season,2023,2025,3,32,96,strong,246,strong,stable_team_sample,1,1,1,1,0.5447,0.5341,0.010599999999999943,0.019846470698370984,0.4553,0.4659,-0.010599999999999998,-0.022751663447091647,0.5447,0.5341,0.010599999999999943,0.019846470698370984,0.565,0.6624,-0.09740000000000004,-0.14704106280193244,0.0854,0.075,0.010400000000000006,0.13866666666666677,0.3821,0.4278,-0.04570000000000002,-0.10682561944834039,0.248,0.2878,-0.0398,-0.13829047949965254,0.0325,0.0405,-0.008,-0.19753086419753085,0.0285,0.0244,0.0040999999999999995,0.16803278688524587,0.0163,0.0343,-0.018,-0.5247813411078718,0.1179,0.1347,-0.01679999999999998,-0.12472160356347427,0.065,0.0826,-0.017600000000000005,-0.21307506053268768,0.0528,0.052,0.0008000000000000021,0.015384615384615425,4.7764,5.5713,-0.7949000000000002,-0.1426776515355483,-0.0807,0.0136,-0.0943,-6.9338235294117645,1,0,0,1,0,0,0
2025,DEN,16,leading_two_plus_scores,league_multi_season,2023,2025,3,32,94,strong,151,strong,stable_team_sample,1,1,1,1,0.5298,0.4563,0.07350000000000007,0.16107823800131507,0.4702,0.5437,-0.07349999999999995,-0.1351848445834099,0.5298,0.4563,0.07350000000000007,0.16107823800131507,0.5695,0.5937,-0.0242,-0.04076132726966481,0.0861,0.0586,0.027499999999999997,0.4692832764505119,0.457,0.4256,0.03140000000000004,0.0737781954887219,0.3046,0.2873,0.017299999999999982,0.060215802297250196,0.0331,0.0442,-0.011100000000000006,-0.2511312217194571,0.0066,0.0203,-0.013699999999999999,-0.6748768472906403,0.0397,0.0278,0.0119,0.4280575539568346,0.106,0.1375,-0.031500000000000014,-0.22909090909090918,0.053,0.0728,-0.019800000000000005,-0.271978021978022,0.053,0.0646,-0.011600000000000006,-0.17956656346749233,5.3245,5.4339,-0.10940000000000083,-0.020132869578019623,0.057,0.0204,0.0366,1.7941176470588234,1,0,0,1,1,1,0
2025,DEN,17,trailing_one_score,league_multi_season,2023,2025,3,32,96,strong,306,strong,stable_team_sample,1,1,1,1,0.6405,0.5968,0.04369999999999996,0.07322386058981227,0.3595,0.4032,-0.04370000000000002,-0.10838293650793655,0.6405,0.5968,0.04369999999999996,0.07322386058981227,0.7092,0.7163,-0.007099999999999995,-0.009912048024570703,0.1471,0.1048,0.042300000000000004,0.4036259541984733,0.4575,0.4393,0.018199999999999994,0.0414295470066014,0.3235,0.2967,0.02679999999999999,0.09032692955847654,0.0654,0.0391,0.026299999999999997,0.6726342710997442,0.0033,0.029,-0.0257,-0.8862068965517241,0.0131,0.0417,-0.0286,-0.6858513189448441,0.1634,0.1338,0.029599999999999987,0.2212257100149476,0.1209,0.0875,0.0334,0.38171428571428573,0.0425,0.0463,-0.003799999999999998,-0.08207343412526993,6.3856,5.4685,0.9171000000000005,0.16770595227210397,0.2335,0.0002,0.2333,1166.5,1,0,0,1,1,1,1
2025,DEN,18,trailing_two_plus_scores,league_multi_season,2023,2025,3,32,96,strong,116,strong,stable_team_sample,1,1,1,1,0.681,0.677,0.0040000000000000036,0.005908419497784347,0.319,0.323,-0.0040000000000000036,-0.01238390092879258,0.681,0.677,0.0040000000000000036,0.005908419497784347,0.7931,0.7976,-0.0044999999999999485,-0.005641925777331931,0.2328,0.1909,0.04190000000000002,0.21948664222105826,0.4569,0.4324,0.024499999999999966,0.05666049953746523,0.3103,0.2953,0.015000000000000013,0.050795800880460595,0.0517,0.0395,0.012200000000000003,0.3088607594936709,0.0259,0.0349,-0.009000000000000001,-0.2578796561604585,0.0172,0.0546,-0.0374,-0.684981684981685,0.1207,0.1286,-0.00789999999999999,-0.061430793157076134,0.0776,0.0901,-0.012499999999999997,-0.1387347391786903,0.0431,0.0385,0.0046,0.11948051948051948,5.9655,5.2578,0.7077,0.13460002282323405,0.0733,-0.0509,0.1242,2.4400785854616895,1,0,0,1,1,1,0
2025,DEN,19,tied_early_down,league_multi_season,2023,2025,3,32,96,strong,193,strong,stable_team_sample,1,1,1,1,0.5285,0.4983,0.03019999999999995,0.060606060606060504,0.4715,0.5017,-0.03020000000000006,-0.060195335858082635,0.5285,0.4983,0.03019999999999995,0.060606060606060504,0.6166,0.6059,0.010700000000000043,0.017659679815151087,0.0933,0.0718,0.02149999999999999,0.299442896935933,0.456,0.4418,0.01419999999999999,0.03214124038026254,0.2228,0.2572,-0.034399999999999986,-0.13374805598755826,0.0104,0.0358,-0.0254,-0.7094972067039106,0.0207,0.0219,-0.0011999999999999997,-0.054794520547945195,0.0207,0.0267,-0.006000000000000002,-0.22471910112359555,0.1036,0.1285,-0.024900000000000005,-0.1937743190661479,0.0466,0.0731,-0.026499999999999996,-0.362517099863201,0.057,0.0554,0.0016000000000000042,0.028880866425992857,4.9482,5.4023,-0.4541000000000004,-0.08405679062621482,-0.0614,0.0018,-0.0632,-35.111111111111114,1,0,1,1,0,1,0
2025,DEN,20,leading_early_down,league_multi_season,2023,2025,3,32,96,strong,300,strong,stable_team_sample,1,1,1,1,0.46,0.4468,0.013200000000000045,0.02954341987466438,0.54,0.5532,-0.01319999999999999,-0.02386117136659434,0.46,0.4468,0.013200000000000045,0.02954341987466438,0.5067,0.5755,-0.06879999999999997,-0.11954821894005208,0.0833,0.0709,0.012399999999999994,0.1748942172073342,0.4133,0.4235,-0.010199999999999987,-0.02408500590318769,0.2367,0.2496,-0.012899999999999995,-0.05168269230769229,0.0267,0.0375,-0.010799999999999997,-0.2879999999999999,0.0067,0.0206,-0.0139,-0.674757281553398,0.0167,0.0228,-0.006100000000000001,-0.26754385964912286,0.0967,0.1332,-0.03650000000000002,-0.27402402402402415,0.04,0.0705,-0.030499999999999992,-0.43262411347517726,0.0567,0.0628,-0.006099999999999994,-0.09713375796178336,4.8533,5.5158,-0.6624999999999996,-0.12010950360781748,-0.005,0.0115,-0.0165,-1.4347826086956523,1,0,0,1,0,0,0
2025,DEN,21,trailing_early_down,league_multi_season,2023,2025,3,32,96,strong,328,strong,stable_team_sample,1,1,1,1,0.6037,0.5899,0.013800000000000034,0.023393795558569307,0.3963,0.4101,-0.013800000000000034,-0.03365032918800301,0.6037,0.5899,0.013800000000000034,0.023393795558569307,0.6829,0.7068,-0.023900000000000032,-0.0338143746462932,0.1646,0.15,0.014600000000000002,0.09733333333333336,0.4482,0.438,0.010199999999999987,0.023287671232876683,0.2774,0.2608,0.016600000000000004,0.06365030674846628,0.064,0.0356,0.0284,0.7977528089887641,0.0091,0.0281,-0.019,-0.6761565836298932,0.0152,0.0355,-0.0203,-0.571830985915493,0.1341,0.1307,0.0033999999999999864,0.02601377199693945,0.0915,0.0839,0.007599999999999996,0.09058402860548266,0.0427,0.0468,-0.0040999999999999995,-0.08760683760683759,5.9299,5.4892,0.44069999999999965,0.08028492312176631,0.1423,-0.0058,0.1481,25.534482758620694,1,0,0,1,1,1,1
2025,DET,1,all_offense,league_multi_season,2023,2025,3,32,96,strong,1050,strong,stable_team_sample,1,1,1,1,0.5895,0.5737,0.015800000000000036,0.02754052640753013,0.4105,0.4263,-0.015800000000000036,-0.03706310110251005,0.5895,0.5737,0.015800000000000036,0.02754052640753013,0.5152,0.6967,-0.1815,-0.2605138510119133,0.061,0.1039,-0.04290000000000001,-0.41289701636188647,0.4524,0.4345,0.017900000000000027,0.04119677790563873,0.3162,0.2932,0.022999999999999965,0.07844474761255103,0.0533,0.0402,0.0131,0.32587064676616917,0.0181,0.0274,-0.0093,-0.33941605839416056,0.0371,0.0401,-0.0029999999999999957,-0.07481296758104729,0.1476,0.1328,0.014800000000000008,0.11144578313253017,0.1057,0.0838,0.021900000000000003,0.26133651551312653,0.0419,0.049,-0.007100000000000002,-0.1448979591836735,6.0524,5.4305,0.6218999999999992,0.1145198416352084,0.0813,-0.0054,0.0867,16.055555555555554,1,0,0,0,1,1,1
2025,DET,2,early_down,league_multi_season,2023,2025,3,32,96,strong,806,strong,stable_team_sample,1,1,1,1,0.5335,0.5246,0.008900000000000019,0.016965306900495653,0.4665,0.4754,-0.008899999999999963,-0.01872107698779967,0.5335,0.5246,0.008900000000000019,0.016965306900495653,0.4194,0.6436,-0.22419999999999995,-0.34835301429459287,0.0682,0.1086,-0.040400000000000005,-0.37200736648250465,0.4603,0.4339,0.02639999999999998,0.06084351233002991,0.2866,0.2564,0.030200000000000005,0.11778471138845555,0.0459,0.0363,0.009600000000000004,0.2644628099173555,0.0136,0.0244,-0.010800000000000002,-0.4426229508196722,0.0261,0.0296,-0.0034999999999999996,-0.11824324324324323,0.1514,0.1311,0.020300000000000012,0.15484363081617097,0.103,0.0774,0.025599999999999998,0.3307493540051679,0.0484,0.0538,-0.005400000000000002,-0.10037174721189594,6.2792,5.4816,0.7976000000000001,0.1455049620548745,0.1029,0.0014,0.1015,72.5,1,0,0,0,1,1,1
2025,DET,3,third_down,league_multi_season,2023,2025,3,32,96,strong,213,strong,stable_team_sample,1,1,1,1,0.7793,0.7494,0.029900000000000038,0.039898585535094795,0.2207,0.2506,-0.029899999999999982,-0.11931364724660808,0.7793,0.7494,0.029900000000000038,0.039898585535094795,0.8685,0.8953,-0.026799999999999935,-0.02993410030157482,0.0376,0.0875,-0.04989999999999999,-0.5702857142857143,0.4038,0.4242,-0.02040000000000003,-0.048090523338048155,0.3897,0.3997,-0.010000000000000009,-0.025018764073054815,0.0563,0.0487,0.007600000000000003,0.15605749486652984,0.0376,0.0359,0.0017000000000000001,0.04735376044568245,0.0798,0.0778,0.0020000000000000018,0.025706940874036015,0.1362,0.1404,-0.004200000000000009,-0.02991452991452998,0.1127,0.107,0.005699999999999997,0.05327102803738315,0.0235,0.0333,-0.009800000000000003,-0.2942942942942944,5.1549,5.3482,-0.1933000000000007,-0.03614300138364322,-0.0713,-0.0507,-0.0206,-0.4063116370808678,1,0,0,0,0,0,0
2025,DET,4,fourth_down,league_multi_season,2023,2025,3,32,96,good,31,thin,small_team_sample,0,1,0,0,0.7419,0.6225,0.11939999999999995,0.19180722891566254,0.2581,0.3775,-0.1194,-0.31629139072847684,0.7419,0.6225,0.11939999999999995,0.19180722891566254,0.5806,0.675,-0.09440000000000004,-0.1398518518518519,0.0323,0.0943,-0.06199999999999999,-0.6574761399787911,0.5806,0.5443,0.0363,0.06669116296160206,0.5806,0.5475,0.03310000000000002,0.060456621004566245,0.2258,0.0926,0.13319999999999999,1.4384449244060473,0.0,0.0492,-0.0492,-1.0,0.0323,0.0504,-0.018099999999999998,-0.3591269841269841,0.129,0.1209,0.00810000000000001,0.06699751861042193,0.129,0.0893,0.0397,0.44456886898096304,0.0,0.0316,-0.0316,-1.0,6.3226,4.5242,1.7984,0.3975067415233632,0.5681,0.1649,0.40320000000000006,2.4451182534869624,1,0,0,0,1,1,1
2025,DET,5,short_yardage,league_multi_season,2023,2025,3,32,96,strong,105,strong,stable_team_sample,1,1,1,1,0.3905,0.3476,0.042899999999999994,0.12341772151898732,0.6095,0.6524,-0.04289999999999994,-0.06575720416922125,0.3905,0.3476,0.042899999999999994,0.12341772151898732,0.3905,0.5322,-0.1417,-0.26625328823750466,0.0857,0.1642,-0.07850000000000001,-0.4780755176613886,0.619,0.5961,0.02290000000000003,0.038416373091763184,0.6571,0.6404,0.016700000000000048,0.026077451592754604,0.1048,0.1155,-0.010700000000000001,-0.09264069264069265,0.0095,0.0214,-0.011899999999999999,-0.5560747663551402,0.019,0.0229,-0.0039000000000000007,-0.17030567685589523,0.0952,0.0906,0.004600000000000007,0.05077262693156741,0.0571,0.0453,0.011799999999999998,0.260485651214128,0.0381,0.0453,-0.007199999999999998,-0.15894039735099333,5.1048,3.8797,1.2250999999999999,0.3157718380287135,0.1454,0.0647,0.08070000000000001,1.2472952086553326,1,0,0,0,1,1,1
2025,DET,6,red_zone,league_multi_season,2023,2025,3,32,96,strong,190,strong,stable_team_sample,1,1,1,1,0.5316,0.5029,0.028699999999999948,0.05706899980115321,0.4684,0.4971,-0.028700000000000003,-0.057734862200764445,0.5316,0.5029,0.028699999999999948,0.05706899980115321,0.5316,0.6589,-0.12730000000000008,-0.19320078919411152,0.0684,0.0945,-0.026099999999999998,-0.27619047619047615,0.4053,0.4224,-0.017100000000000004,-0.04048295454545456,0.3263,0.313,0.013299999999999979,0.04249201277955265,0.2158,0.1961,0.019699999999999995,0.10045894951555327,0.0105,0.0258,-0.0153,-0.5930232558139534,0.0263,0.0328,-0.006500000000000002,-0.19817073170731714,0.0632,0.0512,0.012000000000000004,0.23437500000000006,0.0368,0.0238,0.012999999999999998,0.5462184873949578,0.0263,0.0274,-0.0011000000000000003,-0.04014598540145986,3.3,3.0,0.2999999999999998,0.09999999999999994,0.1444,-0.0022,0.1466,66.63636363636364,1,0,0,0,1,0,1
2025,DET,7,goal_to_go,league_multi_season,2023,2025,3,32,96,strong,76,good,usable_team_sample,1,1,0,1,0.5132,0.4757,0.03749999999999998,0.07883119613201593,0.4868,0.5243,-0.03749999999999998,-0.07152393667747468,0.5132,0.4757,0.03749999999999998,0.07883119613201593,0.5132,0.611,-0.0978,-0.16006546644844516,0.1053,0.0861,0.01920000000000001,0.22299651567944262,0.4079,0.438,-0.030100000000000016,-0.06872146118721464,0.2763,0.3303,-0.05399999999999999,-0.16348773841961853,0.2632,0.3289,-0.06570000000000004,-0.19975676497415637,0.0,0.0243,-0.0243,-1.0,0.0132,0.0306,-0.0174,-0.5686274509803921,0.0,0.0074,-0.0074,-1.0,0.0,0.0033,-0.0033,-1.0,0.0,0.0041,-0.0041,-1.0,1.9474,1.8044,0.14300000000000002,0.0792507204610951,0.016,0.0097,0.0063,0.6494845360824743,1,0,0,1,1,0,0
2025,DET,8,two_minute_half,league_multi_season,2023,2025,3,32,96,strong,113,strong,stable_team_sample,1,1,1,1,0.8319,0.7349,0.09699999999999998,0.13199074704041364,0.1681,0.2651,-0.097,-0.3658996605054696,0.8319,0.7349,0.09699999999999998,0.13199074704041364,0.7965,0.8778,-0.08130000000000004,-0.09261790840738213,0.115,0.1634,-0.048399999999999985,-0.29620563035495706,0.4779,0.4231,0.054800000000000015,0.1295202079886552,0.3628,0.3007,0.06209999999999999,0.2065181243764549,0.0708,0.0467,0.024100000000000003,0.5160599571734477,0.0177,0.0356,-0.0179,-0.5028089887640449,0.0177,0.0516,-0.0339,-0.6569767441860465,0.1416,0.1271,0.014500000000000013,0.11408339889850522,0.1327,0.094,0.03870000000000001,0.4117021276595746,0.0088,0.0331,-0.024299999999999995,-0.7341389728096676,6.6726,5.26,1.4126000000000003,0.26855513307984796,0.2857,0.0083,0.27740000000000004,33.42168674698796,1,0,0,0,1,1,1
2025,DET,9,two_minute_game,league_multi_season,2023,2025,3,32,96,strong,41,thin,small_team_sample,0,1,0,0,0.6829,0.6818,0.0010999999999999899,0.0016133763567028306,0.3171,0.3182,-0.0010999999999999899,-0.003456945317410402,0.6829,0.6818,0.0010999999999999899,0.0016133763567028306,0.7073,0.8173,-0.10999999999999999,-0.1345895020188425,0.1707,0.1726,-0.0019000000000000128,-0.011008111239861024,0.439,0.3942,0.044800000000000006,0.1136478944698123,0.4146,0.2947,0.1199,0.40685442823210044,0.0732,0.045,0.028200000000000003,0.6266666666666667,0.0,0.0394,-0.0394,-1.0,0.0,0.0504,-0.0504,-1.0,0.1707,0.1268,0.043899999999999995,0.3462145110410094,0.1463,0.0914,0.05490000000000002,0.6006564551422322,0.0244,0.0354,-0.011,-0.3107344632768361,7.7805,5.037,2.7435,0.5446694460988684,0.3838,-0.06,0.4438,7.3966666666666665,1,0,0,0,1,1,1
2025,DET,10,one_score,league_multi_season,2023,2025,3,32,96,strong,630,strong,stable_team_sample,1,1,1,1,0.573,0.565,0.008000000000000007,0.014159292035398244,0.427,0.435,-0.008000000000000007,-0.018390804597701167,0.573,0.565,0.008000000000000007,0.014159292035398244,0.4889,0.6859,-0.19699999999999995,-0.2872138795742819,0.054,0.0863,-0.0323,-0.37427578215527235,0.4476,0.4369,0.010699999999999987,0.02449073014419773,0.3111,0.2938,0.017299999999999982,0.05888359428182431,0.0524,0.0397,0.012700000000000003,0.3198992443324938,0.0206,0.0265,-0.005899999999999999,-0.22264150943396224,0.0365,0.0381,-0.0016000000000000042,-0.04199475065616809,0.1397,0.1332,0.006499999999999978,0.04879879879879863,0.1016,0.084,0.01759999999999999,0.2095238095238094,0.0381,0.0492,-0.011099999999999999,-0.22560975609756095,6.0143,5.4822,0.5321000000000007,0.09705957462332652,0.0531,0.0035,0.0496,14.17142857142857,1,0,0,0,1,1,1
2025,DET,11,neutral_early_down,league_multi_season,2023,2025,3,32,96,strong,391,strong,stable_team_sample,1,1,1,1,0.5269,0.5215,0.005400000000000071,0.01035474592521586,0.4731,0.4785,-0.00539999999999996,-0.011285266457680168,0.5269,0.5215,0.005400000000000071,0.01035474592521586,0.376,0.6282,-0.2522,-0.4014645017510347,0.046,0.0855,-0.03950000000000001,-0.4619883040935673,0.4552,0.4391,0.016100000000000003,0.03666590753814622,0.2685,0.2537,0.014800000000000035,0.05833661805281843,0.0153,0.0109,0.004399999999999999,0.40366972477064217,0.0179,0.0226,-0.004699999999999999,-0.2079646017699115,0.0307,0.0278,0.0029000000000000033,0.10431654676259006,0.1458,0.1443,0.0015000000000000013,0.010395010395010404,0.1049,0.0864,0.01849999999999999,0.21412037037037024,0.0409,0.058,-0.017100000000000004,-0.2948275862068966,6.5524,5.9339,0.6184999999999992,0.10423161832858645,0.0531,0.013,0.040100000000000004,3.084615384615385,1,0,0,0,1,1,1
2025,DET,12,tied,league_multi_season,2023,2025,3,32,96,strong,204,strong,stable_team_sample,1,1,1,1,0.5245,0.5522,-0.027700000000000058,-0.050162984425932734,0.4755,0.4478,0.027700000000000002,0.061857972309066554,0.5245,0.5522,-0.027700000000000058,-0.050162984425932734,0.4069,0.6675,-0.2606,-0.3904119850187266,0.0392,0.0716,-0.0324,-0.45251396648044695,0.5049,0.4433,0.06159999999999999,0.13895781637717117,0.348,0.296,0.05199999999999999,0.17567567567567566,0.0637,0.0396,0.024100000000000003,0.6085858585858587,0.0245,0.0252,-0.0006999999999999992,-0.02777777777777775,0.0343,0.0369,-0.002600000000000005,-0.0704607046070462,0.1324,0.1307,0.0016999999999999793,0.013006885998469619,0.1029,0.0805,0.022400000000000003,0.27826086956521745,0.0294,0.0502,-0.020800000000000003,-0.41434262948207173,6.5392,5.406,1.1332000000000004,0.2096189419163893,0.1653,-0.0028,0.1681,60.035714285714285,0,1,0,0,1,1,1
2025,DET,13,leading,league_multi_season,2023,2025,3,32,96,strong,376,strong,stable_team_sample,1,1,1,1,0.5319,0.504,0.027900000000000036,0.05535714285714293,0.4681,0.496,-0.02789999999999998,-0.05624999999999996,0.5319,0.504,0.027900000000000036,0.05535714285714293,0.4628,0.6358,-0.17300000000000004,-0.27209814407046246,0.0479,0.0687,-0.0208,-0.3027656477438137,0.4734,0.4269,0.046499999999999986,0.10892480674631058,0.3271,0.2876,0.03949999999999998,0.13734353268428365,0.0638,0.0419,0.021899999999999996,0.5226730310262528,0.0106,0.0228,-0.0122,-0.5350877192982456,0.0293,0.0318,-0.0025000000000000022,-0.07861635220125793,0.1489,0.1357,0.013200000000000017,0.09727339719970537,0.0878,0.0788,0.009000000000000008,0.11421319796954325,0.0612,0.0569,0.004299999999999998,0.07557117750439364,6.6011,5.5181,1.0830000000000002,0.1962632065384825,0.1648,0.0162,0.1486,9.17283950617284,1,0,0,0,1,1,1
2025,DET,14,trailing,league_multi_season,2023,2025,3,32,96,strong,470,strong,stable_team_sample,1,1,1,1,0.6638,0.6309,0.03289999999999993,0.052147725471548466,0.3362,0.3691,-0.032899999999999985,-0.0891357355730154,0.6638,0.6309,0.03289999999999993,0.052147725471548466,0.6043,0.7508,-0.14650000000000007,-0.19512519978689408,0.0809,0.1414,-0.0605,-0.42786421499292787,0.4128,0.4364,-0.02360000000000001,-0.054078826764436316,0.2936,0.2961,-0.0024999999999999467,-0.008443093549476349,0.0404,0.0393,0.0010999999999999968,0.02798982188295157,0.0213,0.0315,-0.0102,-0.3238095238095238,0.0447,0.0472,-0.0025000000000000022,-0.0529661016949153,0.1532,0.1316,0.021600000000000008,0.1641337386018238,0.1213,0.0886,0.03270000000000001,0.36907449209932286,0.0319,0.043,-0.011099999999999999,-0.25813953488372093,5.4021,5.3789,0.02320000000000011,0.0043131495287140695,-0.022,-0.0215,-0.0005000000000000004,-0.023255813953488396,1,0,0,0,0,0,1
2025,DET,15,leading_one_score,league_multi_season,2023,2025,3,32,96,strong,181,strong,stable_team_sample,1,1,1,1,0.5801,0.5341,0.04599999999999993,0.0861261935967046,0.4199,0.4659,-0.045999999999999985,-0.09873363382700147,0.5801,0.5341,0.04599999999999993,0.0861261935967046,0.4972,0.6624,-0.1652,-0.2493961352657005,0.0718,0.075,-0.0031999999999999945,-0.042666666666666596,0.5028,0.4278,0.07500000000000001,0.17531556802244042,0.3481,0.2878,0.06030000000000002,0.20952050034746358,0.0718,0.0405,0.0313,0.7728395061728395,0.011,0.0244,-0.013400000000000002,-0.5491803278688525,0.0331,0.0343,-0.0011999999999999997,-0.034985422740524776,0.1602,0.1347,0.025500000000000023,0.18930957683741667,0.0939,0.0826,0.01129999999999999,0.13680387409200956,0.0663,0.052,0.0143,0.275,6.9558,5.5713,1.3845,0.24850573474772497,0.2166,0.0136,0.20299999999999999,14.926470588235293,1,0,0,0,1,1,1
2025,DET,16,leading_two_plus_scores,league_multi_season,2023,2025,3,32,94,strong,195,strong,stable_team_sample,1,1,1,1,0.4872,0.4563,0.03090000000000004,0.06771860618014473,0.5128,0.5437,-0.030899999999999928,-0.05683281221261712,0.4872,0.4563,0.03090000000000004,0.06771860618014473,0.4308,0.5937,-0.1629,-0.27438100050530567,0.0256,0.0586,-0.033,-0.5631399317406144,0.4462,0.4256,0.020600000000000007,0.048402255639097766,0.3077,0.2873,0.020399999999999974,0.07100591715976322,0.0564,0.0442,0.012199999999999996,0.2760180995475112,0.0103,0.0203,-0.009999999999999998,-0.4926108374384236,0.0256,0.0278,-0.002199999999999997,-0.07913669064748191,0.1385,0.1375,0.0010000000000000009,0.007272727272727279,0.0821,0.0728,0.009300000000000003,0.12774725274725277,0.0564,0.0646,-0.008200000000000006,-0.12693498452012392,6.2718,5.4339,0.8378999999999994,0.15419864185943785,0.1167,0.0204,0.0963,4.720588235294117,1,0,0,0,1,1,1
2025,DET,17,trailing_one_score,league_multi_season,2023,2025,3,32,96,strong,245,strong,stable_team_sample,1,1,1,1,0.6082,0.5968,0.011399999999999966,0.01910187667560316,0.3918,0.4032,-0.011400000000000021,-0.028273809523809576,0.6082,0.5968,0.011399999999999966,0.01910187667560316,0.551,0.7163,-0.1653,-0.23076923076923075,0.0531,0.1048,-0.0517,-0.49332061068702293,0.3592,0.4393,-0.0801,-0.18233553380377873,0.2531,0.2967,-0.04360000000000003,-0.1469497809234918,0.0286,0.0391,-0.010500000000000002,-0.2685421994884911,0.0245,0.029,-0.0045000000000000005,-0.15517241379310345,0.0408,0.0417,-0.000899999999999998,-0.021582733812949593,0.1306,0.1338,-0.0032000000000000084,-0.023916292974589002,0.1061,0.0875,0.018600000000000005,0.21257142857142863,0.0245,0.0463,-0.0218,-0.4708423326133909,4.8816,5.4685,-0.5869,-0.10732376337203986,-0.1611,0.0002,-0.1613,-806.5,1,0,0,0,0,0,0
2025,DET,18,trailing_two_plus_scores,league_multi_season,2023,2025,3,32,96,strong,225,strong,stable_team_sample,1,1,1,1,0.7244,0.677,0.0474,0.07001477104874446,0.2756,0.323,-0.0474,-0.14674922600619195,0.7244,0.677,0.0474,0.07001477104874446,0.6622,0.7976,-0.13539999999999996,-0.16975927783350045,0.1111,0.1909,-0.07979999999999998,-0.41801990570979564,0.4711,0.4324,0.03870000000000001,0.08950046253469013,0.3378,0.2953,0.04249999999999998,0.14392143582797148,0.0533,0.0395,0.0138,0.3493670886075949,0.0178,0.0349,-0.0171,-0.4899713467048711,0.0489,0.0546,-0.005700000000000004,-0.10439560439560445,0.1778,0.1286,0.04920000000000002,0.3825816485225507,0.1378,0.0901,0.047700000000000006,0.5294117647058825,0.04,0.0385,0.0015000000000000013,0.038961038961038995,5.9689,5.2578,0.7111000000000001,0.13524668112138158,0.1294,-0.0509,0.1803,3.542239685658153,1,0,0,0,1,1,1
2025,DET,19,tied_early_down,league_multi_season,2023,2025,3,32,96,strong,163,strong,stable_team_sample,1,1,1,1,0.4785,0.4983,-0.01980000000000004,-0.03973509933774842,0.5215,0.5017,0.01979999999999993,0.039465816224835415,0.4785,0.4983,-0.01980000000000004,-0.03973509933774842,0.319,0.6059,-0.2869,-0.47351048027727344,0.0368,0.0718,-0.035,-0.48746518105849584,0.5092,0.4418,0.06739999999999996,0.15255771842462643,0.319,0.2572,0.06180000000000002,0.24027993779160198,0.0675,0.0358,0.031700000000000006,0.8854748603351957,0.0123,0.0219,-0.0096,-0.4383561643835616,0.0307,0.0267,0.004,0.149812734082397,0.1288,0.1285,0.0002999999999999947,0.0023346303501945113,0.1043,0.0731,0.031200000000000006,0.4268125854993161,0.0245,0.0554,-0.030899999999999997,-0.5577617328519855,6.5951,5.4023,1.1928,0.22079484663939433,0.1665,0.0018,0.1647,91.50000000000001,0,1,0,0,1,1,1
2025,DET,20,leading_early_down,league_multi_season,2023,2025,3,32,96,strong,296,strong,stable_team_sample,1,1,1,1,0.4628,0.4468,0.016000000000000014,0.03581020590868401,0.5372,0.5532,-0.016000000000000014,-0.028922631959508338,0.4628,0.4468,0.016000000000000014,0.03581020590868401,0.3682,0.5755,-0.20729999999999998,-0.3602085143353605,0.0574,0.0709,-0.013500000000000005,-0.19040902679830754,0.4899,0.4235,0.06640000000000001,0.15678866587957502,0.3108,0.2496,0.06120000000000003,0.24519230769230782,0.0608,0.0375,0.0233,0.6213333333333334,0.0101,0.0206,-0.0105,-0.5097087378640777,0.0169,0.0228,-0.0059000000000000025,-0.2587719298245615,0.1689,0.1332,0.03569999999999998,0.26801801801801783,0.0912,0.0705,0.02070000000000001,0.2936170212765959,0.0777,0.0628,0.01490000000000001,0.23726114649681548,7.0878,5.5158,1.572,0.2849994561079082,0.2192,0.0115,0.2077,18.06086956521739,1,0,0,0,1,1,1
2025,DET,21,trailing_early_down,league_multi_season,2023,2025,3,32,96,strong,347,strong,stable_team_sample,1,1,1,1,0.6196,0.5899,0.02970000000000006,0.05034751652822522,0.3804,0.4101,-0.029700000000000004,-0.07242136064374544,0.6196,0.5899,0.02970000000000006,0.05034751652822522,0.5101,0.7068,-0.19669999999999999,-0.2782965478211658,0.0922,0.15,-0.05779999999999999,-0.3853333333333333,0.4121,0.438,-0.02589999999999998,-0.059132420091324155,0.2507,0.2608,-0.010099999999999998,-0.03872699386503067,0.0231,0.0356,-0.0125,-0.351123595505618,0.0173,0.0281,-0.0108,-0.3843416370106762,0.0317,0.0355,-0.003799999999999998,-0.10704225352112672,0.147,0.1307,0.01629999999999998,0.12471308339709243,0.1124,0.0839,0.028499999999999998,0.33969010727056015,0.0346,0.0468,-0.012200000000000003,-0.26068376068376076,5.4409,5.4892,-0.04830000000000023,-0.008799096407491115,-0.0262,-0.0058,-0.0204,-3.517241379310345,1,0,0,0,0,0,1
2025,GB,1,all_offense,league_multi_season,2023,2025,3,32,96,strong,991,strong,stable_team_sample,1,1,1,1,0.5217,0.5737,-0.051999999999999935,-0.09063970716402289,0.4783,0.4263,0.05199999999999999,0.12197982641332393,0.5217,0.5737,-0.051999999999999935,-0.09063970716402289,0.6307,0.6967,-0.06599999999999995,-0.09473230945887749,0.0878,0.1039,-0.016100000000000003,-0.15495668912415786,0.4763,0.4345,0.041800000000000004,0.09620253164556963,0.3128,0.2932,0.019600000000000006,0.06684856753069579,0.0444,0.0402,0.004200000000000002,0.10447761194029857,0.0252,0.0274,-0.0022000000000000006,-0.08029197080291972,0.0293,0.0401,-0.010799999999999997,-0.2693266832917705,0.1554,0.1328,0.02260000000000001,0.17018072289156633,0.0979,0.0838,0.014100000000000001,0.16825775656324585,0.0575,0.049,0.0085,0.17346938775510204,5.7225,5.4305,0.2919999999999998,0.05377037105238924,0.113,-0.0054,0.1184,21.925925925925927,0,1,0,0,1,1,1
2025,GB,2,early_down,league_multi_season,2023,2025,3,32,96,strong,760,strong,stable_team_sample,1,1,1,1,0.4724,0.5246,-0.05219999999999997,-0.09950438429279446,0.5276,0.4754,0.05219999999999997,0.10980227177114003,0.4724,0.5246,-0.05219999999999997,-0.09950438429279446,0.5763,0.6436,-0.06729999999999992,-0.10456805469235537,0.0711,0.1086,-0.037500000000000006,-0.345303867403315,0.4645,0.4339,0.030600000000000016,0.0705231620188984,0.2579,0.2564,0.0015000000000000013,0.005850234009360379,0.0395,0.0363,0.0032000000000000015,0.08815426997245183,0.025,0.0244,0.0005999999999999998,0.024590163934426222,0.0211,0.0296,-0.0085,-0.28716216216216217,0.1408,0.1311,0.009700000000000014,0.07398932112890934,0.0816,0.0774,0.004200000000000009,0.05426356589147299,0.0592,0.0538,0.005400000000000002,0.10037174721189594,5.4592,5.4816,-0.022400000000000198,-0.004086398131932318,0.0752,0.0014,0.0738,52.714285714285715,0,1,0,0,1,1,1
2025,GB,3,third_down,league_multi_season,2023,2025,3,32,96,strong,206,strong,stable_team_sample,1,1,1,1,0.6845,0.7494,-0.06489999999999996,-0.08660261542567382,0.3155,0.2506,0.06490000000000001,0.25897845171588196,0.6845,0.7494,-0.06489999999999996,-0.08660261542567382,0.8204,0.8953,-0.07489999999999997,-0.08365910867865517,0.1262,0.0875,0.03870000000000001,0.44228571428571445,0.5097,0.4242,0.08550000000000002,0.2015558698727016,0.4854,0.3997,0.0857,0.21441080810607954,0.0583,0.0487,0.009599999999999997,0.19712525667351125,0.0194,0.0359,-0.0165,-0.4596100278551532,0.0583,0.0778,-0.019499999999999997,-0.2506426735218509,0.2087,0.1404,0.0683,0.4864672364672365,0.1553,0.107,0.048299999999999996,0.4514018691588785,0.0534,0.0333,0.0201,0.6036036036036035,6.8689,5.3482,1.5206999999999997,0.28433865599640995,0.2407,-0.0507,0.2914,5.747534516765286,0,1,0,1,1,1,1
2025,GB,4,fourth_down,league_multi_season,2023,2025,3,32,96,good,25,thin,small_team_sample,0,1,0,0,0.68,0.6225,0.057499999999999996,0.09236947791164657,0.32,0.3775,-0.057499999999999996,-0.152317880794702,0.68,0.6225,0.057499999999999996,0.09236947791164657,0.72,0.675,0.04499999999999993,0.06666666666666655,0.28,0.0943,0.18570000000000003,1.969247083775186,0.56,0.5443,0.015700000000000047,0.028844387286423016,0.56,0.5475,0.012500000000000067,0.022831050228310626,0.08,0.0926,-0.0126,-0.13606911447084233,0.08,0.0492,0.0308,0.6260162601626016,0.04,0.0504,-0.0104,-0.20634920634920634,0.16,0.1209,0.03910000000000001,0.32340777502067836,0.12,0.0893,0.03069999999999999,0.3437849944008957,0.04,0.0316,0.008399999999999998,0.2658227848101265,4.28,4.5242,-0.2442000000000002,-0.05397639361655103,0.2098,0.1649,0.044899999999999995,0.27228623408126135,1,0,1,1,1,1,1
2025,GB,5,short_yardage,league_multi_season,2023,2025,3,32,96,strong,96,good,usable_team_sample,1,1,0,1,0.2813,0.3476,-0.06630000000000003,-0.1907364787111623,0.7188,0.6524,0.06640000000000001,0.10177805027590438,0.2813,0.3476,-0.06630000000000003,-0.1907364787111623,0.4792,0.5322,-0.05299999999999999,-0.09958662157083802,0.1667,0.1642,0.0024999999999999745,0.015225334957368905,0.6667,0.5961,0.0706,0.11843650394229156,0.6875,0.6404,0.04710000000000003,0.07354778263585264,0.1458,0.1155,0.030300000000000007,0.26233766233766237,0.0208,0.0214,-0.0005999999999999998,-0.028037383177570086,0.0313,0.0229,0.008400000000000001,0.36681222707423583,0.1563,0.0906,0.0657,0.7251655629139072,0.0625,0.0453,0.0172,0.37969094922737306,0.0938,0.0453,0.048499999999999995,1.0706401766004414,4.4688,3.8797,0.5890999999999997,0.15184163723999272,0.2334,0.0647,0.16870000000000002,2.6074188562596605,0,1,0,1,1,1,1
2025,GB,6,red_zone,league_multi_season,2023,2025,3,32,96,strong,169,strong,stable_team_sample,1,1,1,1,0.4438,0.5029,-0.05910000000000004,-0.11751839331875132,0.5562,0.4971,0.05910000000000004,0.1188895594447798,0.4438,0.5029,-0.05910000000000004,-0.11751839331875132,0.6154,0.6589,-0.043500000000000094,-0.0660191227803917,0.1243,0.0945,0.029799999999999993,0.31534391534391526,0.4615,0.4224,0.039100000000000024,0.09256628787878793,0.3195,0.313,0.006500000000000006,0.020766773162939317,0.2012,0.1961,0.005099999999999993,0.02600713921468635,0.0296,0.0258,0.0038000000000000013,0.1472868217054264,0.0059,0.0328,-0.026900000000000004,-0.8201219512195123,0.0947,0.0512,0.043500000000000004,0.849609375,0.0533,0.0238,0.0295,1.2394957983193275,0.0414,0.0274,0.013999999999999999,0.510948905109489,3.5799,3.0,0.5798999999999999,0.19329999999999994,0.0728,-0.0022,0.075,34.090909090909086,0,1,0,1,1,1,1
2025,GB,7,goal_to_go,league_multi_season,2023,2025,3,32,96,strong,54,good,usable_team_sample,1,1,0,1,0.3704,0.4757,-0.1053,-0.22135799873870088,0.6296,0.5243,0.10530000000000006,0.20083921419034917,0.3704,0.4757,-0.1053,-0.22135799873870088,0.5185,0.611,-0.09250000000000003,-0.15139116202945996,0.1481,0.0861,0.06200000000000001,0.7200929152148666,0.6111,0.438,0.17309999999999998,0.39520547945205475,0.3889,0.3303,0.05860000000000004,0.177414471692401,0.3889,0.3289,0.06,0.1824262693827911,0.037,0.0243,0.0127,0.522633744855967,0.0,0.0306,-0.0306,-1.0,0.0,0.0074,-0.0074,-1.0,0.0,0.0033,-0.0033,-1.0,0.0,0.0041,-0.0041,-1.0,2.2963,1.8044,0.4919,0.2726113943693194,0.1955,0.0097,0.18580000000000002,19.154639175257735,0,1,0,1,1,1,0
2025,GB,8,two_minute_half,league_multi_season,2023,2025,3,32,96,strong,111,strong,stable_team_sample,1,1,1,1,0.7027,0.7349,-0.032200000000000006,-0.04381548510001362,0.2973,0.2651,0.032200000000000006,0.1214635986420219,0.7027,0.7349,-0.032200000000000006,-0.04381548510001362,0.7928,0.8778,-0.08500000000000008,-0.09683299156983376,0.1622,0.1634,-0.0011999999999999789,-0.007343941248469883,0.4775,0.4231,0.054400000000000004,0.1285748050106358,0.2973,0.3007,-0.003400000000000014,-0.011306950448952491,0.036,0.0467,-0.010700000000000001,-0.22912205567451824,0.045,0.0356,0.009399999999999999,0.2640449438202247,0.0631,0.0516,0.011500000000000003,0.22286821705426363,0.1171,0.1271,-0.009999999999999995,-0.07867820613690005,0.1081,0.094,0.014100000000000001,0.15000000000000002,0.009,0.0331,-0.024099999999999996,-0.72809667673716,4.7477,5.26,-0.5122999999999998,-0.09739543726235737,0.0515,0.0083,0.043199999999999995,5.204819277108433,0,1,0,0,1,1,0
2025,GB,9,two_minute_game,league_multi_season,2023,2025,3,32,96,strong,56,good,usable_team_sample,1,1,0,1,0.5714,0.6818,-0.11039999999999994,-0.16192431798181278,0.4286,0.3182,0.1104,0.34695160276555626,0.5714,0.6818,-0.11039999999999994,-0.16192431798181278,0.6429,0.8173,-0.1744,-0.2133855377462376,0.125,0.1726,-0.0476,-0.27578215527230593,0.4107,0.3942,0.016500000000000015,0.041856925418569293,0.25,0.2947,-0.04470000000000002,-0.15167967424499496,0.0357,0.045,-0.009299999999999996,-0.20666666666666658,0.0357,0.0394,-0.003699999999999995,-0.09390862944162424,0.0536,0.0504,0.0032000000000000015,0.06349206349206352,0.0893,0.1268,-0.03749999999999999,-0.2957413249211356,0.0893,0.0914,-0.0020999999999999908,-0.02297592997811806,0.0,0.0354,-0.0354,-1.0,3.2679,5.037,-1.7691,-0.35122096486003573,-0.0356,-0.06,0.024399999999999998,0.4066666666666667,0,1,0,0,1,1,0
2025,GB,10,one_score,league_multi_season,2023,2025,3,32,96,strong,784,strong,stable_team_sample,1,1,1,1,0.5306,0.565,-0.034399999999999986,-0.06088495575221237,0.4694,0.435,0.034399999999999986,0.07908045977011491,0.5306,0.565,-0.034399999999999986,-0.06088495575221237,0.6288,0.6859,-0.05709999999999993,-0.08324828692229178,0.0765,0.0863,-0.009800000000000003,-0.11355735805330247,0.486,0.4369,0.04909999999999998,0.1123826962691691,0.3214,0.2938,0.027600000000000013,0.09394145677331522,0.0497,0.0397,0.010000000000000002,0.25188916876574313,0.0281,0.0265,0.0016000000000000007,0.060377358490566066,0.0281,0.0381,-0.010000000000000002,-0.2624671916010499,0.162,0.1332,0.028799999999999992,0.21621621621621614,0.1084,0.084,0.02439999999999999,0.29047619047619033,0.0536,0.0492,0.004400000000000001,0.08943089430894312,5.8712,5.4822,0.38900000000000023,0.07095691510707385,0.1515,0.0035,0.148,42.285714285714285,0,1,0,0,1,1,1
2025,GB,11,neutral_early_down,league_multi_season,2023,2025,3,32,96,strong,478,strong,stable_team_sample,1,1,1,1,0.4812,0.5215,-0.04029999999999995,-0.07727708533077651,0.5188,0.4785,0.04030000000000006,0.08422152560083607,0.4812,0.5215,-0.04029999999999995,-0.07727708533077651,0.5607,0.6282,-0.0675,-0.10744985673352436,0.0502,0.0855,-0.035300000000000005,-0.41286549707602344,0.4582,0.4391,0.019100000000000006,0.04349806422227284,0.249,0.2537,-0.004699999999999982,-0.018525817895151685,0.0084,0.0109,-0.0025000000000000005,-0.22935779816513766,0.023,0.0226,0.00040000000000000105,0.017699115044247836,0.0209,0.0278,-0.0069,-0.24820143884892087,0.1548,0.1443,0.010499999999999982,0.07276507276507263,0.0962,0.0864,0.00979999999999999,0.11342592592592579,0.0586,0.058,0.0005999999999999964,0.010344827586206834,5.9728,5.9339,0.038899999999999935,0.0065555536830752,0.0888,0.013,0.0758,5.830769230769231,0,1,0,0,1,1,1
2025,GB,12,tied,league_multi_season,2023,2025,3,32,96,strong,219,strong,stable_team_sample,1,1,1,1,0.5205,0.5522,-0.03170000000000006,-0.057406736689605324,0.4795,0.4478,0.031700000000000006,0.07079053148727112,0.5205,0.5522,-0.03170000000000006,-0.057406736689605324,0.5845,0.6675,-0.08299999999999996,-0.12434456928838947,0.0685,0.0716,-0.0030999999999999917,-0.043296089385474745,0.4795,0.4433,0.036199999999999954,0.0816602752086622,0.2922,0.296,-0.00379999999999997,-0.012837837837837738,0.0274,0.0396,-0.012200000000000003,-0.3080808080808081,0.0411,0.0252,0.015899999999999997,0.6309523809523808,0.0411,0.0369,0.004199999999999995,0.11382113821138198,0.1279,0.1307,-0.002799999999999997,-0.021423106350420787,0.0913,0.0805,0.010800000000000004,0.13416149068322986,0.0365,0.0502,-0.013700000000000004,-0.27290836653386463,5.2283,5.406,-0.17769999999999975,-0.032870884202737656,0.0413,-0.0028,0.0441,15.75,0,1,0,0,1,1,0
2025,GB,13,leading,league_multi_season,2023,2025,3,32,96,strong,389,strong,stable_team_sample,1,1,1,1,0.4756,0.504,-0.02839999999999998,-0.05634920634920631,0.5244,0.496,0.02839999999999998,0.05725806451612899,0.4756,0.504,-0.02839999999999998,-0.05634920634920631,0.599,0.6358,-0.036800000000000055,-0.057879836426549314,0.0617,0.0687,-0.006999999999999999,-0.10189228529839883,0.4576,0.4269,0.030700000000000005,0.07191379714218787,0.3033,0.2876,0.015699999999999992,0.0545897079276773,0.0488,0.0419,0.006900000000000003,0.1646778042959428,0.018,0.0228,-0.004800000000000002,-0.21052631578947378,0.0283,0.0318,-0.003500000000000003,-0.11006289308176109,0.1697,0.1357,0.034,0.25055268975681655,0.1003,0.0788,0.021500000000000005,0.2728426395939087,0.0694,0.0569,0.012500000000000004,0.2196836555360282,5.8715,5.5181,0.3534000000000006,0.06404378318624175,0.1227,0.0162,0.10650000000000001,6.574074074074075,0,1,0,0,1,1,1
2025,GB,14,trailing,league_multi_season,2023,2025,3,32,96,strong,383,strong,stable_team_sample,1,1,1,1,0.5692,0.6309,-0.06169999999999998,-0.09779679822475824,0.4308,0.3691,0.06170000000000003,0.16716337036033604,0.5692,0.6309,-0.06169999999999998,-0.09779679822475824,0.6893,0.7508,-0.0615,-0.08191262653169952,0.1253,0.1414,-0.016100000000000003,-0.11386138613861388,0.4935,0.4364,0.057099999999999984,0.1308432630614115,0.3342,0.2961,0.03810000000000002,0.12867274569402237,0.0496,0.0393,0.010299999999999997,0.26208651399491084,0.0235,0.0315,-0.008,-0.25396825396825395,0.0235,0.0472,-0.0237,-0.5021186440677966,0.1567,0.1316,0.02510000000000001,0.19072948328267486,0.0992,0.0886,0.010599999999999998,0.11963882618510156,0.0574,0.043,0.014400000000000003,0.33488372093023266,5.8538,5.3789,0.4748999999999999,0.0882894272063061,0.1441,-0.0215,0.1656,7.70232558139535,0,1,0,0,1,1,1
2025,GB,15,leading_one_score,league_multi_season,2023,2025,3,32,96,strong,274,strong,stable_team_sample,1,1,1,1,0.4927,0.5341,-0.04139999999999999,-0.07751357423703424,0.5073,0.4659,0.04139999999999999,0.08886027044430134,0.4927,0.5341,-0.04139999999999999,-0.07751357423703424,0.5912,0.6624,-0.07120000000000004,-0.10748792270531407,0.0547,0.075,-0.0203,-0.27066666666666667,0.4964,0.4278,0.0686,0.1603553062178588,0.3394,0.2878,0.05159999999999998,0.17929117442668513,0.0657,0.0405,0.025199999999999993,0.622222222222222,0.0219,0.0244,-0.0025000000000000022,-0.10245901639344271,0.0328,0.0343,-0.0014999999999999944,-0.043731778425655815,0.1934,0.1347,0.0587,0.43578322197475877,0.1241,0.0826,0.041499999999999995,0.5024213075060532,0.0693,0.052,0.017300000000000003,0.3326923076923078,6.5876,5.5713,1.0163000000000002,0.18241703013659294,0.249,0.0136,0.2354,17.308823529411764,0,1,0,0,1,1,1
2025,GB,16,leading_two_plus_scores,league_multi_season,2023,2025,3,32,94,strong,115,strong,stable_team_sample,1,1,1,1,0.4348,0.4563,-0.021499999999999964,-0.04711812404120089,0.5652,0.5437,0.021500000000000075,0.03954386610263027,0.4348,0.4563,-0.021499999999999964,-0.04711812404120089,0.6174,0.5937,0.023699999999999943,0.03991915108640718,0.0783,0.0586,0.019699999999999995,0.3361774744027303,0.3652,0.4256,-0.060399999999999954,-0.1419172932330826,0.2174,0.2873,-0.06989999999999999,-0.24329968673860072,0.0087,0.0442,-0.035500000000000004,-0.8031674208144797,0.0087,0.0203,-0.0116,-0.5714285714285714,0.0174,0.0278,-0.0104,-0.37410071942446044,0.113,0.1375,-0.024500000000000008,-0.17818181818181822,0.0435,0.0728,-0.029300000000000007,-0.40247252747252754,0.0696,0.0646,0.0049999999999999906,0.07739938080495341,4.1652,5.4339,-1.2687000000000008,-0.2334787169436318,-0.1784,0.0204,-0.1988,-9.745098039215685,0,1,1,1,0,0,0
2025,GB,17,trailing_one_score,league_multi_season,2023,2025,3,32,96,strong,291,strong,stable_team_sample,1,1,1,1,0.5739,0.5968,-0.02290000000000003,-0.038371313672922305,0.4261,0.4032,0.022899999999999976,0.05679563492063486,0.5739,0.5968,-0.02290000000000003,-0.038371313672922305,0.6976,0.7163,-0.01870000000000005,-0.026106380008376447,0.1031,0.1048,-0.001700000000000007,-0.016221374045801592,0.4811,0.4393,0.041800000000000004,0.09515137719098567,0.3265,0.2967,0.029799999999999993,0.10043815301651497,0.0515,0.0391,0.012399999999999994,0.3171355498721226,0.0241,0.029,-0.004900000000000002,-0.16896551724137934,0.0137,0.0417,-0.028,-0.6714628297362111,0.1581,0.1338,0.02429999999999999,0.18161434977578467,0.1065,0.0875,0.019000000000000003,0.2171428571428572,0.0515,0.0463,0.005199999999999996,0.11231101511879041,5.6804,5.4685,0.21189999999999998,0.0387491999634269,0.1425,0.0002,0.14229999999999998,711.4999999999999,0,1,0,0,1,1,1
2025,GB,18,trailing_two_plus_scores,league_multi_season,2023,2025,3,32,96,strong,92,good,usable_team_sample,1,1,0,1,0.5543,0.677,-0.12270000000000003,-0.18124076809453474,0.4457,0.323,0.12269999999999998,0.379876160990712,0.5543,0.677,-0.12270000000000003,-0.18124076809453474,0.663,0.7976,-0.13459999999999994,-0.1687562688064192,0.1957,0.1909,0.0048000000000000265,0.025144054478784844,0.5326,0.4324,0.10019999999999996,0.23172987974098047,0.3587,0.2953,0.06340000000000001,0.21469691838807994,0.0435,0.0395,0.003999999999999997,0.10126582278481004,0.0217,0.0349,-0.0132,-0.3782234957020057,0.0543,0.0546,-0.00030000000000000165,-0.005494505494505524,0.1522,0.1286,0.02360000000000001,0.18351477449455686,0.0761,0.0901,-0.013999999999999999,-0.15538290788013318,0.0761,0.0385,0.0376,0.9766233766233767,6.4022,5.2578,1.1444,0.21765757541176922,0.149,-0.0509,0.1999,3.9273084479371314,0,1,0,1,1,1,1
2025,GB,19,tied_early_down,league_multi_season,2023,2025,3,32,96,strong,165,strong,stable_team_sample,1,1,1,1,0.4909,0.4983,-0.007400000000000018,-0.01485049167168376,0.5091,0.5017,0.007399999999999962,0.0147498505082718,0.4909,0.4983,-0.007400000000000018,-0.01485049167168376,0.5394,0.6059,-0.0665,-0.10975408483248061,0.0606,0.0718,-0.011200000000000002,-0.15598885793871867,0.4485,0.4418,0.006699999999999984,0.015165233137166102,0.2182,0.2572,-0.03899999999999998,-0.15163297045101082,0.0182,0.0358,-0.017599999999999998,-0.49162011173184356,0.0364,0.0219,0.014500000000000002,0.6621004566210047,0.0424,0.0267,0.0157,0.5880149812734081,0.0909,0.1285,-0.03760000000000001,-0.29260700389105065,0.0667,0.0731,-0.006400000000000003,-0.08755129958960332,0.0242,0.0554,-0.0312,-0.5631768953068592,4.5939,5.4023,-0.8084000000000007,-0.14963996816170902,-0.0395,0.0018,-0.0413,-22.944444444444446,0,1,0,0,0,1,0
2025,GB,20,leading_early_down,league_multi_season,2023,2025,3,32,96,strong,300,strong,stable_team_sample,1,1,1,1,0.41,0.4468,-0.0368,-0.08236347358997315,0.59,0.5532,0.036799999999999944,0.06652205350686902,0.41,0.4468,-0.0368,-0.08236347358997315,0.55,0.5755,-0.025499999999999967,-0.0443092962641181,0.0467,0.0709,-0.024200000000000006,-0.3413258110014105,0.45,0.4235,0.026500000000000024,0.06257378984651718,0.2567,0.2496,0.007099999999999995,0.028445512820512803,0.0433,0.0375,0.0058,0.15466666666666667,0.02,0.0206,-0.0005999999999999998,-0.029126213592233,0.0167,0.0228,-0.006100000000000001,-0.26754385964912286,0.16,0.1332,0.02679999999999999,0.2012012012012011,0.0867,0.0705,0.016200000000000006,0.2297872340425533,0.0733,0.0628,0.01050000000000001,0.16719745222929952,5.8433,5.5158,0.32750000000000057,0.05937488668914765,0.1173,0.0115,0.1058,9.200000000000001,0,1,0,0,1,1,1
2025,GB,21,trailing_early_down,league_multi_season,2023,2025,3,32,96,strong,295,strong,stable_team_sample,1,1,1,1,0.5254,0.5899,-0.0645,-0.10934056619766062,0.4746,0.4101,0.0645,0.1572787125091441,0.5254,0.5899,-0.0645,-0.10934056619766062,0.6237,0.7068,-0.08309999999999995,-0.1175721561969439,0.1017,0.15,-0.048299999999999996,-0.322,0.4881,0.438,0.05009999999999998,0.11438356164383556,0.2814,0.2608,0.020600000000000007,0.07898773006134972,0.0475,0.0356,0.0119,0.33426966292134835,0.0237,0.0281,-0.004400000000000001,-0.15658362989323849,0.0136,0.0355,-0.021899999999999996,-0.6169014084507042,0.1492,0.1307,0.01849999999999999,0.14154552410099455,0.0847,0.0839,0.0007999999999999952,0.009535160905840228,0.0644,0.0468,0.017599999999999998,0.376068376068376,5.5525,5.4892,0.06329999999999991,0.01153173504335785,0.0965,-0.0058,0.1023,17.63793103448276,0,1,0,0,1,1,1
2025,HOU,1,all_offense,league_multi_season,2023,2025,3,32,96,strong,1072,strong,stable_team_sample,1,1,1,1,0.569,0.5737,-0.0047000000000000375,-0.008192435070594454,0.431,0.4263,0.004699999999999982,0.01102509969505039,0.569,0.5737,-0.0047000000000000375,-0.008192435070594454,0.6213,0.6967,-0.07540000000000002,-0.10822448686665713,0.0373,0.1039,-0.0666,-0.6410009624639076,0.4142,0.4345,-0.020299999999999985,-0.04672036823935555,0.2705,0.2932,-0.022699999999999998,-0.07742155525238743,0.0317,0.0402,-0.0085,-0.21144278606965175,0.0149,0.0274,-0.0125,-0.4562043795620438,0.0289,0.0401,-0.011199999999999998,-0.2793017456359102,0.1175,0.1328,-0.015300000000000008,-0.11521084337349403,0.0774,0.0838,-0.006400000000000003,-0.07637231503579955,0.0401,0.049,-0.008900000000000005,-0.18163265306122459,5.1931,5.4305,-0.23740000000000006,-0.043716048246017866,-0.0096,-0.0054,-0.004199999999999999,-0.7777777777777776,0,1,0,0,0,0,0
2025,HOU,2,early_down,league_multi_season,2023,2025,3,32,96,strong,823,strong,stable_team_sample,1,1,1,1,0.52,0.5246,-0.0045999999999999375,-0.008768585589020087,0.48,0.4754,0.004599999999999993,0.009676062263357158,0.52,0.5246,-0.0045999999999999375,-0.008768585589020087,0.5565,0.6436,-0.08709999999999996,-0.13533250466128025,0.0377,0.1086,-0.0709,-0.6528545119705341,0.4083,0.4339,-0.02560000000000001,-0.05899976953215029,0.2333,0.2564,-0.02310000000000001,-0.09009360374414979,0.0267,0.0363,-0.009599999999999997,-0.2644628099173553,0.0146,0.0244,-0.009800000000000001,-0.40163934426229514,0.0207,0.0296,-0.008900000000000002,-0.3006756756756757,0.1166,0.1311,-0.014499999999999999,-0.11060259344012204,0.0741,0.0774,-0.0032999999999999974,-0.04263565891472865,0.0425,0.0538,-0.011299999999999998,-0.21003717472118955,5.2916,5.4816,-0.1900000000000004,-0.03466141272621139,0.0061,0.0014,0.0047,3.357142857142857,0,1,0,0,1,0,0
2025,HOU,3,third_down,league_multi_season,2023,2025,3,32,96,strong,230,strong,stable_team_sample,1,1,1,1,0.7478,0.7494,-0.0015999999999999348,-0.0021350413664263878,0.2522,0.2506,0.0015999999999999903,0.0063846767757381895,0.7478,0.7494,-0.0015999999999999348,-0.0021350413664263878,0.8652,0.8953,-0.030100000000000016,-0.033620015637216595,0.0348,0.0875,-0.0527,-0.6022857142857143,0.4217,0.4242,-0.0025000000000000022,-0.005893446487505899,0.3783,0.3997,-0.021399999999999975,-0.05354015511633719,0.0522,0.0487,0.003500000000000003,0.07186858316221773,0.0174,0.0359,-0.018500000000000003,-0.5153203342618385,0.0565,0.0778,-0.021299999999999993,-0.2737789203084832,0.1261,0.1404,-0.014300000000000007,-0.1018518518518519,0.0913,0.107,-0.015699999999999992,-0.14672897196261675,0.0348,0.0333,0.0014999999999999944,0.04504504504504487,5.0565,5.3482,-0.2917000000000005,-0.05454171496952255,-0.0608,-0.0507,-0.010099999999999998,-0.19921104536489148,0,1,0,0,0,0,0
2025,HOU,4,fourth_down,league_multi_season,2023,2025,3,32,96,good,19,very_thin,small_team_sample,0,0,0,0,0.5263,0.6225,-0.09620000000000006,-0.15453815261044185,0.4737,0.3775,0.09620000000000001,0.2548344370860927,0.5263,0.6225,-0.09620000000000006,-0.15453815261044185,0.4737,0.675,-0.20130000000000003,-0.2982222222222223,0.0526,0.0943,-0.041699999999999994,-0.4422057264050901,0.5789,0.5443,0.034599999999999964,0.06356788535733963,0.5789,0.5475,0.031399999999999983,0.057351598173515955,0.0,0.0926,-0.0926,-1.0,0.0,0.0492,-0.0492,-1.0,0.0526,0.0504,0.0022000000000000006,0.04365079365079366,0.0526,0.1209,-0.0683,-0.564929693961952,0.0526,0.0893,-0.0367,-0.4109742441209407,0.0,0.0316,-0.0316,-1.0,2.5789,4.5242,-1.9453000000000005,-0.4299765704433934,-0.0686,0.1649,-0.23349999999999999,-1.4160097028502123,0,1,0,0,0,1,0
2025,HOU,5,short_yardage,league_multi_season,2023,2025,3,32,96,strong,102,strong,stable_team_sample,1,1,1,1,0.2843,0.3476,-0.06330000000000002,-0.18210586881472962,0.7157,0.6524,0.06330000000000002,0.0970263641937462,0.2843,0.3476,-0.06330000000000002,-0.18210586881472962,0.3824,0.5322,-0.1498,-0.2814731304021044,0.098,0.1642,-0.06620000000000001,-0.4031668696711328,0.549,0.5961,-0.04709999999999992,-0.07901358832410657,0.6078,0.6404,-0.03259999999999996,-0.05090568394753273,0.0588,0.1155,-0.05670000000000001,-0.49090909090909096,0.0294,0.0214,0.008,0.3738317757009346,0.0196,0.0229,-0.003300000000000001,-0.1441048034934498,0.0686,0.0906,-0.022000000000000006,-0.24282560706401773,0.049,0.0453,0.003700000000000002,0.08167770419426053,0.0196,0.0453,-0.0257,-0.5673289183222958,3.7549,3.8797,-0.12480000000000002,-0.03216743562646597,-0.0896,0.0647,-0.1543,-2.384853168469861,0,1,0,0,0,0,0
2025,HOU,6,red_zone,league_multi_season,2023,2025,3,32,96,strong,160,strong,stable_team_sample,1,1,1,1,0.5313,0.5029,0.02839999999999998,0.056472459733545394,0.4688,0.4971,-0.028299999999999992,-0.05693019513176422,0.5313,0.5029,0.02839999999999998,0.056472459733545394,0.5625,0.6589,-0.09640000000000004,-0.1463044468052816,0.025,0.0945,-0.0695,-0.7354497354497355,0.3313,0.4224,-0.09110000000000001,-0.2156723484848485,0.25,0.313,-0.063,-0.2012779552715655,0.1563,0.1961,-0.0398,-0.20295767465578787,0.0063,0.0258,-0.0195,-0.7558139534883721,0.0438,0.0328,0.010999999999999996,0.33536585365853644,0.0188,0.0512,-0.0324,-0.6328124999999999,0.0063,0.0238,-0.0175,-0.7352941176470589,0.0125,0.0274,-0.0149,-0.5437956204379562,2.175,3.0,-0.8250000000000002,-0.2750000000000001,-0.0956,-0.0022,-0.09340000000000001,-42.45454545454546,1,0,0,0,0,0,0
2025,HOU,7,goal_to_go,league_multi_season,2023,2025,3,32,96,strong,70,good,usable_team_sample,1,1,0,1,0.5857,0.4757,0.10999999999999999,0.23123817532058016,0.4143,0.5243,-0.10999999999999999,-0.2098035475872592,0.5857,0.4757,0.10999999999999999,0.23123817532058016,0.6,0.611,-0.01100000000000001,-0.018003273322422277,0.0429,0.0861,-0.043199999999999995,-0.5017421602787456,0.3714,0.438,-0.06659999999999999,-0.15205479452054793,0.2714,0.3303,-0.05890000000000001,-0.17832273690584322,0.2714,0.3289,-0.05750000000000005,-0.17482517482517496,0.0143,0.0243,-0.009999999999999998,-0.4115226337448559,0.0286,0.0306,-0.0019999999999999983,-0.06535947712418295,0.0143,0.0074,0.0069,0.9324324324324323,0.0,0.0033,-0.0033,-1.0,0.0143,0.0041,0.0102,2.4878048780487805,1.6571,1.8044,-0.1473,-0.0816337840833518,-0.0479,0.0097,-0.0576,-5.9381443298969065,1,0,0,0,0,0,1
2025,HOU,8,two_minute_half,league_multi_season,2023,2025,3,32,96,strong,125,strong,stable_team_sample,1,1,1,1,0.688,0.7349,-0.04690000000000005,-0.06381820655871555,0.312,0.2651,0.0469,0.1769143719351188,0.688,0.7349,-0.04690000000000005,-0.06381820655871555,0.8,0.8778,-0.07779999999999998,-0.08863066757803598,0.064,0.1634,-0.09939999999999999,-0.6083231334149326,0.376,0.4231,-0.047099999999999975,-0.11132120066178203,0.288,0.3007,-0.012700000000000045,-0.04223478550049898,0.032,0.0467,-0.014699999999999998,-0.3147751605995717,0.032,0.0356,-0.003599999999999999,-0.10112359550561795,0.04,0.0516,-0.0116,-0.22480620155038758,0.168,0.1271,0.04090000000000002,0.3217938630999215,0.096,0.094,0.0020000000000000018,0.02127659574468087,0.072,0.0331,0.0389,1.1752265861027191,5.56,5.26,0.2999999999999998,0.05703422053231936,0.0065,0.0083,-0.0018000000000000004,-0.2168674698795181,0,1,0,0,0,0,1
2025,HOU,9,two_minute_game,league_multi_season,2023,2025,3,32,96,strong,45,thin,small_team_sample,0,1,0,0,0.5111,0.6818,-0.17069999999999996,-0.25036667644470517,0.4889,0.3182,0.17070000000000002,0.5364550597108737,0.5111,0.6818,-0.17069999999999996,-0.25036667644470517,0.6444,0.8173,-0.17290000000000005,-0.21155022635507165,0.0222,0.1726,-0.1504,-0.8713789107763615,0.3778,0.3942,-0.01639999999999997,-0.041603247082699066,0.3111,0.2947,0.01639999999999997,0.05564981336952823,0.0222,0.045,-0.022799999999999997,-0.5066666666666666,0.0444,0.0394,0.0050000000000000044,0.12690355329949252,0.0222,0.0504,-0.0282,-0.5595238095238095,0.1556,0.1268,0.028799999999999992,0.22712933753943212,0.0889,0.0914,-0.0024999999999999883,-0.027352297592997687,0.0667,0.0354,0.031299999999999994,0.8841807909604518,5.0222,5.037,-0.014800000000000146,-0.0029382568989478157,0.0137,-0.06,0.0737,1.2283333333333335,0,1,0,0,1,0,1
2025,HOU,10,one_score,league_multi_season,2023,2025,3,32,96,strong,771,strong,stable_team_sample,1,1,1,1,0.5486,0.565,-0.01639999999999997,-0.02902654867256632,0.4514,0.435,0.016400000000000026,0.03770114942528741,0.5486,0.565,-0.01639999999999997,-0.02902654867256632,0.6135,0.6859,-0.07239999999999991,-0.10555474558973599,0.0363,0.0863,-0.05,-0.5793742757821553,0.4008,0.4369,-0.03610000000000002,-0.08262760357061116,0.2594,0.2938,-0.034399999999999986,-0.11708645336963916,0.0272,0.0397,-0.0125,-0.3148614609571789,0.013,0.0265,-0.0135,-0.5094339622641509,0.0311,0.0381,-0.007000000000000003,-0.18372703412073496,0.1089,0.1332,-0.024300000000000016,-0.18243243243243254,0.0726,0.084,-0.011400000000000007,-0.1357142857142858,0.0363,0.0492,-0.012900000000000002,-0.2621951219512195,5.1206,5.4822,-0.36160000000000014,-0.06595892160081722,-0.0314,0.0035,-0.0349,-9.971428571428572,0,1,0,0,0,0,0
2025,HOU,11,neutral_early_down,league_multi_season,2023,2025,3,32,96,strong,491,strong,stable_team_sample,1,1,1,1,0.5092,0.5215,-0.012299999999999978,-0.02358581016299133,0.4908,0.4785,0.012300000000000033,0.025705329153605086,0.5092,0.5215,-0.012299999999999978,-0.02358581016299133,0.5519,0.6282,-0.07630000000000003,-0.12145813435211722,0.0387,0.0855,-0.04680000000000001,-0.5473684210526316,0.4175,0.4391,-0.021600000000000008,-0.0491915281257117,0.224,0.2537,-0.029699999999999976,-0.11706740244383121,0.0102,0.0109,-0.0006999999999999992,-0.06422018348623847,0.0143,0.0226,-0.008299999999999998,-0.36725663716814155,0.0204,0.0278,-0.007399999999999997,-0.26618705035971213,0.1263,0.1443,-0.018000000000000016,-0.12474012474012484,0.0815,0.0864,-0.004900000000000002,-0.05671296296296298,0.0448,0.058,-0.013200000000000003,-0.22758620689655176,5.7149,5.9339,-0.2190000000000003,-0.036906587573097,0.0197,0.013,0.006699999999999999,0.5153846153846153,0,1,0,0,1,0,0
2025,HOU,12,tied,league_multi_season,2023,2025,3,32,96,strong,220,strong,stable_team_sample,1,1,1,1,0.5727,0.5522,0.020499999999999963,0.03712423035132192,0.4273,0.4478,-0.020499999999999963,-0.04577936578829827,0.5727,0.5522,0.020499999999999963,0.03712423035132192,0.6045,0.6675,-0.06299999999999994,-0.09438202247191003,0.0136,0.0716,-0.057999999999999996,-0.8100558659217877,0.4045,0.4433,-0.0388,-0.0875253778479585,0.2545,0.296,-0.04149999999999998,-0.14020270270270266,0.0273,0.0396,-0.012300000000000002,-0.3106060606060606,0.0091,0.0252,-0.0161,-0.6388888888888888,0.0364,0.0369,-0.0005000000000000004,-0.013550135501355025,0.0818,0.1307,-0.04890000000000001,-0.3741392501912778,0.0818,0.0805,0.0012999999999999956,0.01614906832298131,0.0,0.0502,-0.0502,-1.0,5.3364,5.406,-0.06959999999999944,-0.01287458379578236,0.0162,-0.0028,0.019,6.785714285714286,1,0,0,0,1,0,0
2025,HOU,13,leading,league_multi_season,2023,2025,3,32,96,strong,496,strong,stable_team_sample,1,1,1,1,0.5262,0.504,0.022199999999999998,0.044047619047619044,0.4738,0.496,-0.022199999999999998,-0.04475806451612903,0.5262,0.504,0.022199999999999998,0.044047619047619044,0.6069,0.6358,-0.028900000000000037,-0.04545454545454551,0.0282,0.0687,-0.040499999999999994,-0.5895196506550218,0.4093,0.4269,-0.017600000000000005,-0.041227453736238005,0.2641,0.2876,-0.02350000000000002,-0.08171070931849798,0.0323,0.0419,-0.009599999999999997,-0.2291169451073985,0.0161,0.0228,-0.006700000000000001,-0.29385964912280704,0.0242,0.0318,-0.007600000000000003,-0.23899371069182396,0.1149,0.1357,-0.020799999999999985,-0.15327929255711117,0.0685,0.0788,-0.01029999999999999,-0.13071065989847702,0.0464,0.0569,-0.010500000000000002,-0.18453427065026368,5.0927,5.5181,-0.4253999999999998,-0.07709175259600222,-0.0055,0.0162,-0.021699999999999997,-1.3395061728395061,1,0,0,0,0,0,0
2025,HOU,14,trailing,league_multi_season,2023,2025,3,32,96,strong,356,strong,stable_team_sample,1,1,1,1,0.6264,0.6309,-0.0045000000000000595,-0.00713266761768911,0.3736,0.3691,0.004500000000000004,0.01219181793551884,0.6264,0.6309,-0.0045000000000000595,-0.00713266761768911,0.6517,0.7508,-0.09910000000000008,-0.13199254128929153,0.0646,0.1414,-0.0768,-0.5431400282885431,0.427,0.4364,-0.00940000000000002,-0.021539871677360264,0.2893,0.2961,-0.006799999999999973,-0.022965214454576065,0.0337,0.0393,-0.005600000000000001,-0.1424936386768448,0.0169,0.0315,-0.014600000000000002,-0.46349206349206357,0.0309,0.0472,-0.0163,-0.3453389830508474,0.1433,0.1316,0.011700000000000016,0.08890577507598797,0.0871,0.0886,-0.0015000000000000013,-0.016930022573363446,0.0562,0.043,0.013200000000000003,0.3069767441860466,5.2444,5.3789,-0.13450000000000006,-0.02500511256948448,-0.0311,-0.0215,-0.009600000000000001,-0.44651162790697685,0,1,0,0,0,0,1
2025,HOU,15,leading_one_score,league_multi_season,2023,2025,3,32,96,strong,302,strong,stable_team_sample,1,1,1,1,0.5199,0.5341,-0.01419999999999999,-0.026586781501591442,0.4801,0.4659,0.014200000000000046,0.03047864348572665,0.5199,0.5341,-0.01419999999999999,-0.026586781501591442,0.6126,0.6624,-0.049799999999999955,-0.07518115942028979,0.0397,0.075,-0.0353,-0.4706666666666667,0.3841,0.4278,-0.04370000000000002,-0.10215053763440864,0.2417,0.2878,-0.0461,-0.160180681028492,0.0232,0.0405,-0.017300000000000003,-0.42716049382716054,0.0099,0.0244,-0.0145,-0.5942622950819672,0.0298,0.0343,-0.004499999999999997,-0.13119533527696786,0.1026,0.1347,-0.03209999999999999,-0.23830734966592423,0.0563,0.0826,-0.026300000000000004,-0.3184019370460049,0.0464,0.052,-0.005600000000000001,-0.10769230769230771,4.851,5.5713,-0.7202999999999999,-0.12928759894459102,-0.058,0.0136,-0.0716,-5.264705882352941,0,1,0,0,0,0,0
2025,HOU,16,leading_two_plus_scores,league_multi_season,2023,2025,3,32,94,strong,194,strong,stable_team_sample,1,1,1,1,0.5361,0.4563,0.07980000000000004,0.17488494411571343,0.4639,0.5437,-0.07979999999999998,-0.14677211697627365,0.5361,0.4563,0.07980000000000004,0.17488494411571343,0.5979,0.5937,0.0041999999999999815,0.0070742799393632835,0.0103,0.0586,-0.048299999999999996,-0.8242320819112627,0.4485,0.4256,0.02290000000000003,0.053806390977443684,0.299,0.2873,0.011699999999999988,0.04072398190045245,0.0464,0.0442,0.0021999999999999936,0.04977375565610845,0.0258,0.0203,0.005500000000000001,0.2709359605911331,0.0155,0.0278,-0.012299999999999998,-0.4424460431654676,0.134,0.1375,-0.003500000000000003,-0.025454545454545476,0.0876,0.0728,0.014799999999999994,0.2032967032967032,0.0464,0.0646,-0.018200000000000008,-0.28173374613003105,5.4691,5.4339,0.035199999999999676,0.006477852003165254,0.0762,0.0204,0.0558,2.735294117647059,1,0,1,0,1,1,0
2025,HOU,17,trailing_one_score,league_multi_season,2023,2025,3,32,96,strong,249,strong,stable_team_sample,1,1,1,1,0.5622,0.5968,-0.034599999999999964,-0.057975871313672864,0.4378,0.4032,0.03460000000000002,0.0858134920634921,0.5622,0.5968,-0.034599999999999964,-0.057975871313672864,0.6225,0.7163,-0.0938,-0.13095071897249755,0.0522,0.1048,-0.0526,-0.5019083969465649,0.4177,0.4393,-0.021600000000000008,-0.04916913271113136,0.2851,0.2967,-0.0116,-0.03909673070441523,0.0321,0.0391,-0.007000000000000006,-0.1790281329923275,0.0201,0.029,-0.008900000000000002,-0.306896551724138,0.0281,0.0417,-0.013600000000000001,-0.3261390887290168,0.1406,0.1338,0.0068000000000000005,0.0508221225710015,0.0843,0.0875,-0.0031999999999999945,-0.03657142857142851,0.0562,0.0463,0.009899999999999999,0.2138228941684665,5.257,5.4685,-0.21150000000000002,-0.03867605376245772,-0.0411,0.0002,-0.041299999999999996,-206.49999999999997,0,1,0,0,0,0,1
2025,HOU,18,trailing_two_plus_scores,league_multi_season,2023,2025,3,32,96,strong,107,strong,stable_team_sample,1,1,1,1,0.7757,0.677,0.0986999999999999,0.1457902511078285,0.2243,0.323,-0.09870000000000001,-0.3055727554179567,0.7757,0.677,0.0986999999999999,0.1457902511078285,0.7196,0.7976,-0.07799999999999996,-0.09779338014042122,0.0935,0.1909,-0.09739999999999999,-0.5102147721320063,0.4486,0.4324,0.016199999999999992,0.03746530989824235,0.2991,0.2953,0.00379999999999997,0.012868269556383238,0.0374,0.0395,-0.0020999999999999977,-0.05316455696202526,0.0093,0.0349,-0.0256,-0.7335243553008596,0.0374,0.0546,-0.0172,-0.315018315018315,0.1495,0.1286,0.020900000000000002,0.16251944012441683,0.0935,0.0901,0.0034000000000000002,0.03773584905660378,0.0561,0.0385,0.017599999999999998,0.4571428571428571,5.215,5.2578,-0.04279999999999973,-0.00814028681197454,-0.008,-0.0509,0.0429,0.8428290766208252,1,0,0,0,1,1,1
2025,HOU,19,tied_early_down,league_multi_season,2023,2025,3,32,96,strong,165,strong,stable_team_sample,1,1,1,1,0.5091,0.4983,0.010799999999999976,0.021673690547862685,0.4909,0.5017,-0.010800000000000032,-0.021526808849910366,0.5091,0.4983,0.010799999999999976,0.021673690547862685,0.5333,0.6059,-0.0726,-0.11982175276448259,0.0121,0.0718,-0.0597,-0.8314763231197771,0.3697,0.4418,-0.07210000000000005,-0.16319601629696706,0.1879,0.2572,-0.06929999999999997,-0.26944012441679616,0.0303,0.0358,-0.005499999999999998,-0.15363128491620107,0.0061,0.0219,-0.015799999999999998,-0.7214611872146118,0.0303,0.0267,0.003599999999999999,0.13483146067415727,0.0727,0.1285,-0.0558,-0.4342412451361868,0.0727,0.0731,-0.0003999999999999976,-0.005471956224350172,0.0,0.0554,-0.0554,-1.0,5.0788,5.4023,-0.3235000000000001,-0.0598819021527868,-0.0285,0.0018,-0.0303,-16.833333333333336,1,0,0,0,0,0,0
2025,HOU,20,leading_early_down,league_multi_season,2023,2025,3,32,96,strong,381,strong,stable_team_sample,1,1,1,1,0.4724,0.4468,0.02560000000000001,0.05729632945389439,0.5276,0.5532,-0.025600000000000067,-0.04627621113521342,0.4724,0.4468,0.02560000000000001,0.05729632945389439,0.5486,0.5755,-0.026900000000000035,-0.04674196350999137,0.0315,0.0709,-0.039400000000000004,-0.5557122708039492,0.399,0.4235,-0.024499999999999966,-0.05785123966942141,0.2231,0.2496,-0.026499999999999996,-0.10616987179487178,0.0236,0.0375,-0.0139,-0.37066666666666664,0.0157,0.0206,-0.004900000000000002,-0.23786407766990297,0.0184,0.0228,-0.004400000000000001,-0.19298245614035092,0.1102,0.1332,-0.023000000000000007,-0.1726726726726727,0.0604,0.0705,-0.010099999999999991,-0.1432624113475176,0.0499,0.0628,-0.012899999999999995,-0.20541401273885343,5.1365,5.5158,-0.37929999999999975,-0.06876609014104931,-0.0073,0.0115,-0.0188,-1.6347826086956523,1,0,0,0,0,0,0
2025,HOU,21,trailing_early_down,league_multi_season,2023,2025,3,32,96,strong,277,strong,stable_team_sample,1,1,1,1,0.5921,0.5899,0.0021999999999999797,0.0037294456687573824,0.4079,0.4101,-0.0022000000000000353,-0.005364545232870117,0.5921,0.5899,0.0021999999999999797,0.0037294456687573824,0.5812,0.7068,-0.12559999999999993,-0.17770232031692124,0.0614,0.15,-0.08859999999999998,-0.5906666666666666,0.444,0.438,0.006000000000000005,0.013698630136986313,0.2744,0.2608,0.013600000000000001,0.05214723926380369,0.0289,0.0356,-0.006700000000000001,-0.18820224719101128,0.0181,0.0281,-0.009999999999999998,-0.3558718861209964,0.0181,0.0355,-0.017399999999999995,-0.49014084507042244,0.1516,0.1307,0.020900000000000002,0.15990818668706963,0.0939,0.0839,0.009999999999999995,0.11918951132300351,0.0578,0.0468,0.010999999999999996,0.23504273504273496,5.6318,5.4892,0.14259999999999984,0.025978284631640283,0.0452,-0.0058,0.051,8.793103448275863,1,0,0,0,1,1,1
2025,IND,1,all_offense,league_multi_season,2023,2025,3,32,96,strong,1004,strong,stable_team_sample,1,1,1,1,0.5717,0.5737,-0.0020000000000000018,-0.003486142583231657,0.4283,0.4263,0.0020000000000000018,0.004691531785127849,0.5717,0.5737,-0.0020000000000000018,-0.003486142583231657,0.7221,0.6967,0.025399999999999978,0.03645758576144679,0.0518,0.1039,-0.05210000000000001,-0.5014436958614052,0.4641,0.4345,0.029600000000000015,0.06812428078250866,0.3227,0.2932,0.02949999999999997,0.10061391541609813,0.0538,0.0402,0.013600000000000001,0.3383084577114428,0.0319,0.0274,0.004499999999999997,0.16423357664233565,0.0289,0.0401,-0.011199999999999998,-0.2793017456359102,0.1454,0.1328,0.0126,0.09487951807228916,0.0976,0.0838,0.013800000000000007,0.1646778042959428,0.0478,0.049,-0.0011999999999999997,-0.02448979591836734,5.8685,5.4305,0.4379999999999997,0.08065555657858386,0.0752,-0.0054,0.0806,14.925925925925926,0,1,1,0,1,1,1
2025,IND,2,early_down,league_multi_season,2023,2025,3,32,96,strong,784,strong,stable_team_sample,1,1,1,1,0.5395,0.5246,0.014900000000000024,0.028402592451391585,0.4605,0.4754,-0.014899999999999969,-0.03134202776609165,0.5395,0.5246,0.014900000000000024,0.028402592451391585,0.6862,0.6436,0.04260000000000008,0.06619018023617167,0.0638,0.1086,-0.044800000000000006,-0.41252302025782694,0.4617,0.4339,0.02779999999999999,0.0640700622263194,0.2844,0.2564,0.02799999999999997,0.10920436817472687,0.0536,0.0363,0.017300000000000003,0.4765840220385676,0.0319,0.0244,0.007499999999999996,0.3073770491803277,0.0306,0.0296,0.0009999999999999974,0.033783783783783695,0.1467,0.1311,0.015600000000000003,0.11899313501144167,0.0969,0.0774,0.019500000000000003,0.2519379844961241,0.0497,0.0538,-0.0040999999999999995,-0.0762081784386617,5.7168,5.4816,0.23519999999999985,0.042907180385288936,0.0474,0.0014,0.046,32.857142857142854,1,0,1,0,1,1,1
2025,IND,3,third_down,league_multi_season,2023,2025,3,32,96,strong,193,strong,stable_team_sample,1,1,1,1,0.7306,0.7494,-0.018799999999999928,-0.02508673605551098,0.2694,0.2506,0.018799999999999983,0.07501995211492411,0.7306,0.7494,-0.018799999999999928,-0.02508673605551098,0.8964,0.8953,0.0010999999999999899,0.0012286384452138836,0.0104,0.0875,-0.0771,-0.8811428571428572,0.4456,0.4242,0.021399999999999975,0.05044790193305038,0.4301,0.3997,0.030399999999999983,0.07605704278208653,0.0466,0.0487,-0.0020999999999999977,-0.04312114989733055,0.0311,0.0359,-0.004800000000000002,-0.13370473537604463,0.0259,0.0778,-0.051899999999999995,-0.6670951156812339,0.1503,0.1404,0.009899999999999992,0.07051282051282046,0.1036,0.107,-0.0034000000000000002,-0.031775700934579446,0.0466,0.0333,0.0133,0.39939939939939934,6.8549,5.3482,1.5066999999999995,0.2817209528439474,0.1256,-0.0507,0.17629999999999998,3.477317554240631,0,1,1,0,1,1,1
2025,IND,4,fourth_down,league_multi_season,2023,2025,3,32,96,good,27,thin,small_team_sample,0,1,0,0,0.3704,0.6225,-0.25210000000000005,-0.4049799196787149,0.6296,0.3775,0.25210000000000005,0.6678145695364239,0.3704,0.6225,-0.25210000000000005,-0.4049799196787149,0.5185,0.675,-0.15650000000000008,-0.23185185185185195,0.0,0.0943,-0.0943,-1.0,0.6667,0.5443,0.12239999999999995,0.2248759875068895,0.6667,0.5475,0.11919999999999997,0.2177168949771689,0.1111,0.0926,0.018500000000000003,0.19978401727861775,0.037,0.0492,-0.012200000000000003,-0.2479674796747968,0.0,0.0504,-0.0504,-1.0,0.0741,0.1209,-0.046799999999999994,-0.3870967741935484,0.0741,0.0893,-0.015200000000000005,-0.17021276595744686,0.0,0.0316,-0.0316,-1.0,3.2222,4.5242,-1.3020000000000005,-0.2877856858671147,0.5227,0.1649,0.35780000000000006,2.1697998787143726,0,1,0,0,1,1,0
2025,IND,5,short_yardage,league_multi_season,2023,2025,3,32,96,strong,117,strong,stable_team_sample,1,1,1,1,0.2991,0.3476,-0.04850000000000004,-0.1395281933256618,0.7009,0.6524,0.04849999999999999,0.07434089515634579,0.2991,0.3476,-0.04850000000000004,-0.1395281933256618,0.5214,0.5322,-0.010800000000000032,-0.02029312288613309,0.1368,0.1642,-0.027400000000000008,-0.16686967113276496,0.641,0.5961,0.04490000000000005,0.07532293239389373,0.6667,0.6404,0.02629999999999999,0.04106808244846969,0.1453,0.1155,0.029800000000000007,0.2580086580086581,0.0256,0.0214,0.004200000000000002,0.1962616822429908,0.0171,0.0229,-0.0058,-0.25327510917030566,0.0769,0.0906,-0.013700000000000004,-0.15121412803532014,0.0256,0.0453,-0.0197,-0.434878587196468,0.0513,0.0453,0.005999999999999998,0.13245033112582777,4.4017,3.8797,0.5219999999999998,0.1345464855530066,0.1683,0.0647,0.10360000000000001,1.601236476043277,0,1,0,0,1,1,0
2025,IND,6,red_zone,league_multi_season,2023,2025,3,32,96,strong,187,strong,stable_team_sample,1,1,1,1,0.4545,0.5029,-0.0484,-0.09624179757407039,0.5455,0.4971,0.0484,0.09736471534902434,0.4545,0.5029,-0.0484,-0.09624179757407039,0.6898,0.6589,0.030899999999999928,0.046896342388829754,0.0588,0.0945,-0.0357,-0.3777777777777778,0.4599,0.4224,0.03749999999999998,0.08877840909090903,0.3422,0.313,0.029200000000000004,0.09329073482428116,0.2353,0.1961,0.03920000000000001,0.199898011218766,0.0107,0.0258,-0.0151,-0.5852713178294574,0.0214,0.0328,-0.011400000000000004,-0.3475609756097562,0.0428,0.0512,-0.008400000000000005,-0.16406250000000008,0.0267,0.0238,0.0029,0.1218487394957983,0.016,0.0274,-0.0114,-0.41605839416058393,3.107,3.0,0.1070000000000002,0.035666666666666735,0.1787,-0.0022,0.1809,82.22727272727272,0,1,1,0,1,1,0
2025,IND,7,goal_to_go,league_multi_season,2023,2025,3,32,96,strong,69,good,usable_team_sample,1,1,0,1,0.3768,0.4757,-0.09889999999999999,-0.20790414126550344,0.6232,0.5243,0.09889999999999999,0.18863246233072667,0.3768,0.4757,-0.09889999999999999,-0.20790414126550344,0.6522,0.611,0.041200000000000014,0.06743044189852702,0.1014,0.0861,0.015300000000000008,0.17770034843205584,0.5507,0.438,0.11269999999999997,0.2573059360730593,0.4348,0.3303,0.10450000000000004,0.31637904934907674,0.4348,0.3289,0.1059,0.3219823654606263,0.0,0.0243,-0.0243,-1.0,0.0,0.0306,-0.0306,-1.0,0.0145,0.0074,0.0071,0.9594594594594594,0.0145,0.0033,0.011200000000000002,3.3939393939393945,0.0,0.0041,-0.0041,-1.0,2.2029,1.8044,0.3985000000000001,0.2208490356905343,0.3941,0.0097,0.3844,39.628865979381445,0,1,1,1,1,1,1
2025,IND,8,two_minute_half,league_multi_season,2023,2025,3,32,96,strong,110,strong,stable_team_sample,1,1,1,1,0.7091,0.7349,-0.025800000000000045,-0.03510681725404823,0.2909,0.2651,0.02579999999999999,0.09732176537155786,0.7091,0.7349,-0.025800000000000045,-0.03510681725404823,0.8818,0.8778,0.0040000000000000036,0.004556846662109824,0.0545,0.1634,-0.1089,-0.6664626682986536,0.4,0.4231,-0.023099999999999954,-0.05459702198061913,0.2909,0.3007,-0.009800000000000031,-0.032590621882274795,0.0545,0.0467,0.007800000000000001,0.16702355460385443,0.0455,0.0356,0.009899999999999999,0.2780898876404494,0.0364,0.0516,-0.015199999999999998,-0.2945736434108527,0.1091,0.1271,-0.017999999999999988,-0.14162077104642007,0.0636,0.094,-0.030399999999999996,-0.3234042553191489,0.0455,0.0331,0.012400000000000001,0.3746223564954683,4.7727,5.26,-0.4872999999999994,-0.09264258555133069,-0.0899,0.0083,-0.0982,-11.831325301204819,0,1,1,0,0,0,0
2025,IND,9,two_minute_game,league_multi_season,2023,2025,3,32,96,strong,42,thin,small_team_sample,0,1,0,0,0.6905,0.6818,0.008700000000000041,0.012760340275740748,0.3095,0.3182,-0.008699999999999986,-0.027341294783155206,0.6905,0.6818,0.008700000000000041,0.012760340275740748,0.9048,0.8173,0.08750000000000002,0.10705983115135204,0.0238,0.1726,-0.1488,-0.862108922363847,0.3333,0.3942,-0.06090000000000001,-0.15449010654490108,0.2381,0.2947,-0.05660000000000001,-0.1920597217509332,0.0476,0.045,0.002600000000000005,0.05777777777777789,0.0952,0.0394,0.05580000000000001,1.4162436548223354,0.0476,0.0504,-0.002799999999999997,-0.0555555555555555,0.119,0.1268,-0.007800000000000001,-0.06151419558359623,0.0476,0.0914,-0.04379999999999999,-0.4792122538293216,0.0714,0.0354,0.036000000000000004,1.016949152542373,4.0238,5.037,-1.0132000000000003,-0.20115147905499312,-0.4636,-0.06,-0.4036,-6.7266666666666675,1,0,1,0,0,0,0
2025,IND,10,one_score,league_multi_season,2023,2025,3,32,96,strong,691,strong,stable_team_sample,1,1,1,1,0.5615,0.565,-0.0034999999999999476,-0.006194690265486634,0.4385,0.435,0.003500000000000003,0.00804597701149426,0.5615,0.565,-0.0034999999999999476,-0.006194690265486634,0.7265,0.6859,0.04060000000000008,0.05919230208485214,0.0362,0.0863,-0.0501,-0.5805330243337196,0.4616,0.4369,0.0247,0.05653467612726024,0.3198,0.2938,0.025999999999999968,0.08849557522123883,0.0492,0.0397,0.009500000000000001,0.23929471032745597,0.0347,0.0265,0.008200000000000002,0.30943396226415104,0.0289,0.0381,-0.009200000000000003,-0.24146981627296596,0.1447,0.1332,0.011499999999999982,0.0863363363363362,0.0941,0.084,0.010099999999999998,0.1202380952380952,0.0507,0.0492,0.0015000000000000013,0.030487804878048808,5.8973,5.4822,0.4151000000000007,0.07571777753456654,0.0647,0.0035,0.06119999999999999,17.485714285714284,0,1,1,0,1,1,1
2025,IND,11,neutral_early_down,league_multi_season,2023,2025,3,32,96,strong,423,strong,stable_team_sample,1,1,1,1,0.5485,0.5215,0.027000000000000024,0.051773729626078666,0.4515,0.4785,-0.02699999999999997,-0.05642633228840119,0.5485,0.5215,0.027000000000000024,0.051773729626078666,0.6879,0.6282,0.059699999999999975,0.09503342884431706,0.0402,0.0855,-0.04530000000000001,-0.5298245614035089,0.4823,0.4391,0.043200000000000016,0.0983830562514234,0.2979,0.2537,0.04420000000000002,0.17422152148206552,0.0118,0.0109,0.0008999999999999998,0.08256880733944952,0.0284,0.0226,0.005800000000000003,0.2566371681415931,0.026,0.0278,-0.0017999999999999995,-0.0647482014388489,0.1726,0.1443,0.028299999999999992,0.19611919611919604,0.1135,0.0864,0.0271,0.3136574074074074,0.0591,0.058,0.0010999999999999968,0.018965517241379255,6.5626,5.9339,0.6286999999999994,0.10595055528404579,0.1033,0.013,0.0903,6.946153846153847,1,0,1,0,1,1,1
2025,IND,12,tied,league_multi_season,2023,2025,3,32,96,strong,170,strong,stable_team_sample,1,1,1,1,0.5824,0.5522,0.030200000000000005,0.054690329590728004,0.4176,0.4478,-0.03019999999999995,-0.06744082179544428,0.5824,0.5522,0.030200000000000005,0.054690329590728004,0.6529,0.6675,-0.014599999999999946,-0.021872659176029884,0.0353,0.0716,-0.0363,-0.5069832402234636,0.4706,0.4433,0.02729999999999999,0.061583577712609944,0.3412,0.296,0.04520000000000002,0.15270270270270278,0.0529,0.0396,0.0133,0.3358585858585858,0.0412,0.0252,0.016,0.6349206349206349,0.0294,0.0369,-0.007500000000000003,-0.20325203252032528,0.1412,0.1307,0.010499999999999982,0.0803366488140779,0.0824,0.0805,0.001899999999999999,0.023602484472049674,0.0588,0.0502,0.008599999999999997,0.1713147410358565,5.5824,5.406,0.1764000000000001,0.03263041065482799,0.0033,-0.0028,0.0060999999999999995,2.1785714285714284,1,0,0,0,1,1,1
2025,IND,13,leading,league_multi_season,2023,2025,3,32,96,strong,399,strong,stable_team_sample,1,1,1,1,0.5489,0.504,0.04490000000000005,0.08908730158730169,0.4511,0.496,-0.044899999999999995,-0.09052419354838709,0.5489,0.504,0.04490000000000005,0.08908730158730169,0.7093,0.6358,0.07350000000000001,0.11560239068889588,0.0251,0.0687,-0.0436,-0.6346433770014557,0.4586,0.4269,0.031700000000000006,0.07425626610447413,0.3233,0.2876,0.035699999999999954,0.12413073713490942,0.0602,0.0419,0.018299999999999997,0.43675417661097843,0.015,0.0228,-0.007800000000000001,-0.3421052631578948,0.0175,0.0318,-0.0143,-0.4496855345911949,0.1554,0.1357,0.019700000000000023,0.14517317612380268,0.0977,0.0788,0.0189,0.23984771573604063,0.0576,0.0569,0.0006999999999999992,0.012302284710017562,5.807,5.5181,0.2889000000000008,0.05235497725666458,0.1843,0.0162,0.1681,10.376543209876544,1,0,1,0,1,1,1
2025,IND,14,trailing,league_multi_season,2023,2025,3,32,96,strong,435,strong,stable_team_sample,1,1,1,1,0.5885,0.6309,-0.04239999999999999,-0.06720557933111426,0.4115,0.3691,0.04239999999999999,0.11487401788133296,0.5885,0.6309,-0.04239999999999999,-0.06720557933111426,0.7609,0.7508,0.010099999999999998,0.013452317527970162,0.0828,0.1414,-0.0586,-0.4144271570014144,0.4667,0.4364,0.030299999999999994,0.06943171402383133,0.3149,0.2961,0.01880000000000004,0.06349206349206363,0.0483,0.0393,0.009000000000000001,0.22900763358778628,0.0437,0.0315,0.012200000000000003,0.38730158730158737,0.0391,0.0472,-0.008099999999999996,-0.17161016949152536,0.1379,0.1316,0.0063,0.047872340425531915,0.1034,0.0886,0.014800000000000008,0.16704288939051928,0.0345,0.043,-0.008499999999999994,-0.19767441860465104,6.0368,5.3789,0.6579000000000006,0.12231125323021447,0.0033,-0.0215,0.0248,1.1534883720930234,0,1,1,0,1,1,1
2025,IND,15,leading_one_score,league_multi_season,2023,2025,3,32,96,strong,217,strong,stable_team_sample,1,1,1,1,0.5622,0.5341,0.028100000000000014,0.05261187043624792,0.4378,0.4659,-0.02809999999999996,-0.06031337196823344,0.5622,0.5341,0.028100000000000014,0.05261187043624792,0.7558,0.6624,0.09340000000000004,0.14100241545893727,0.0138,0.075,-0.0612,-0.816,0.4332,0.4278,0.00539999999999996,0.012622720897615616,0.2949,0.2878,0.007099999999999995,0.024669909659485737,0.0415,0.0405,0.0010000000000000009,0.024691358024691377,0.023,0.0244,-0.001400000000000002,-0.057377049180327946,0.0184,0.0343,-0.015899999999999997,-0.46355685131195334,0.1429,0.1347,0.008200000000000013,0.06087602078693403,0.0922,0.0826,0.009599999999999997,0.11622276029055686,0.0507,0.052,-0.0012999999999999956,-0.024999999999999918,5.2074,5.5713,-0.3639000000000001,-0.06531689192827529,0.0992,0.0136,0.0856,6.294117647058823,1,0,1,0,1,1,1
2025,IND,16,leading_two_plus_scores,league_multi_season,2023,2025,3,32,94,strong,182,strong,stable_team_sample,1,1,1,1,0.533,0.4563,0.07670000000000005,0.1680911680911682,0.467,0.5437,-0.07669999999999993,-0.14107044325915016,0.533,0.4563,0.07670000000000005,0.1680911680911682,0.6538,0.5937,0.06010000000000004,0.10122957722755607,0.0385,0.0586,-0.0201,-0.3430034129692833,0.489,0.4256,0.06340000000000001,0.14896616541353386,0.3571,0.2873,0.06979999999999997,0.2429516185172293,0.0824,0.0442,0.0382,0.8642533936651583,0.0055,0.0203,-0.014799999999999999,-0.729064039408867,0.0165,0.0278,-0.011299999999999998,-0.4064748201438848,0.1703,0.1375,0.032799999999999996,0.2385454545454545,0.1044,0.0728,0.0316,0.4340659340659341,0.0659,0.0646,0.0012999999999999956,0.020123839009287856,6.522,5.4339,1.0880999999999998,0.20024291945011866,0.2858,0.0204,0.26539999999999997,13.009803921568626,1,0,1,0,1,1,1
2025,IND,17,trailing_one_score,league_multi_season,2023,2025,3,32,96,strong,304,strong,stable_team_sample,1,1,1,1,0.5493,0.5968,-0.04749999999999999,-0.07959115281501339,0.4507,0.4032,0.04749999999999999,0.11780753968253965,0.5493,0.5968,-0.04749999999999999,-0.07959115281501339,0.7467,0.7163,0.030399999999999983,0.04244031830238724,0.0526,0.1048,-0.0522,-0.49809160305343514,0.477,0.4393,0.037699999999999956,0.0858183473708171,0.3257,0.2967,0.02899999999999997,0.09774182676103797,0.0526,0.0391,0.013499999999999998,0.34526854219948844,0.0395,0.029,0.010499999999999999,0.3620689655172413,0.0362,0.0417,-0.005499999999999998,-0.13189448441246998,0.148,0.1338,0.01419999999999999,0.10612855007473834,0.102,0.0875,0.014499999999999999,0.1657142857142857,0.0461,0.0463,-0.0001999999999999988,-0.004319654427645762,6.5658,5.4685,1.0973000000000006,0.20065831580872281,0.0743,0.0002,0.0741,370.5,0,1,1,0,1,1,1
2025,IND,18,trailing_two_plus_scores,league_multi_season,2023,2025,3,32,96,strong,131,strong,stable_team_sample,1,1,1,1,0.6794,0.677,0.0023999999999999577,0.003545051698670543,0.3206,0.323,-0.0024000000000000132,-0.007430340557275582,0.6794,0.677,0.0023999999999999577,0.003545051698670543,0.7939,0.7976,-0.0036999999999999256,-0.004638916750250659,0.1527,0.1909,-0.038199999999999984,-0.20010476689366152,0.4427,0.4324,0.010299999999999976,0.023820536540240463,0.2901,0.2953,-0.005199999999999982,-0.01760921097189293,0.0382,0.0395,-0.0013000000000000025,-0.032911392405063356,0.0534,0.0349,0.018500000000000003,0.5300859598853869,0.0458,0.0546,-0.008800000000000002,-0.1611721611721612,0.1145,0.1286,-0.014099999999999988,-0.10964230171073086,0.1069,0.0901,0.016799999999999995,0.18645948945615978,0.0076,0.0385,-0.0309,-0.8025974025974026,4.8092,5.2578,-0.4485999999999999,-0.08532085663205141,-0.1615,-0.0509,-0.1106,-2.1728880157170924,1,0,0,0,0,1,0
2025,IND,19,tied_early_down,league_multi_season,2023,2025,3,32,96,strong,135,strong,stable_team_sample,1,1,1,1,0.5407,0.4983,0.04239999999999994,0.08508930363234986,0.4593,0.5017,-0.04240000000000005,-0.08451265696631462,0.5407,0.4983,0.04239999999999994,0.08508930363234986,0.6074,0.6059,0.0015000000000000568,0.00247565604885304,0.0444,0.0718,-0.0274,-0.3816155988857939,0.4815,0.4418,0.03969999999999996,0.0898596650067903,0.3259,0.2572,0.06870000000000004,0.2671073094867809,0.0519,0.0358,0.016100000000000003,0.44972067039106156,0.0444,0.0219,0.022500000000000003,1.0273972602739727,0.037,0.0267,0.010299999999999997,0.3857677902621721,0.1481,0.1285,0.019600000000000006,0.15252918287937747,0.0889,0.0731,0.01580000000000001,0.2161422708618332,0.0593,0.0554,0.0039000000000000007,0.07039711191335742,5.7185,5.4023,0.31619999999999937,0.058530625844547574,0.0208,0.0018,0.019,10.555555555555555,1,0,1,0,1,1,1
2025,IND,20,leading_early_down,league_multi_season,2023,2025,3,32,96,strong,307,strong,stable_team_sample,1,1,1,1,0.5212,0.4468,0.07440000000000002,0.16651745747538055,0.4788,0.5532,-0.07440000000000002,-0.1344902386117137,0.5212,0.4468,0.07440000000000002,0.16651745747538055,0.6808,0.5755,0.10529999999999995,0.18297132927888785,0.0293,0.0709,-0.041600000000000005,-0.5867418899858957,0.4463,0.4235,0.022799999999999987,0.053837072018890174,0.2704,0.2496,0.020799999999999985,0.08333333333333327,0.0554,0.0375,0.0179,0.47733333333333333,0.013,0.0206,-0.007600000000000001,-0.3689320388349515,0.0195,0.0228,-0.003300000000000001,-0.1447368421052632,0.1629,0.1332,0.029699999999999976,0.22297297297297278,0.1042,0.0705,0.03370000000000001,0.47801418439716326,0.0586,0.0628,-0.004199999999999995,-0.06687898089171967,5.6319,5.5158,0.11610000000000031,0.021048623953007783,0.1128,0.0115,0.1013,8.808695652173913,1,0,1,0,1,1,1
2025,IND,21,trailing_early_down,league_multi_season,2023,2025,3,32,96,strong,342,strong,stable_team_sample,1,1,1,1,0.5556,0.5899,-0.0343,-0.05814544838108154,0.4444,0.4101,0.0343,0.08363813703974639,0.5556,0.5899,-0.0343,-0.05814544838108154,0.7222,0.7068,0.01539999999999997,0.021788341822297635,0.1023,0.15,-0.04769999999999999,-0.31799999999999995,0.4678,0.438,0.029799999999999993,0.06803652968036528,0.2807,0.2608,0.01990000000000003,0.0763036809815952,0.0526,0.0356,0.017,0.4775280898876405,0.0439,0.0281,0.0158,0.5622775800711745,0.038,0.0355,0.0025000000000000022,0.07042253521126768,0.1316,0.1307,0.0008999999999999841,0.006885998469777996,0.0936,0.0839,0.0097,0.11561382598331346,0.038,0.0468,-0.008800000000000002,-0.1880341880341881,5.7924,5.4892,0.30319999999999947,0.05523573562632068,-0.0007,-0.0058,0.0050999999999999995,0.8793103448275862,0,1,1,0,1,1,1
2025,JAX,1,all_offense,league_multi_season,2023,2025,3,32,96,strong,1070,strong,stable_team_sample,1,1,1,1,0.5617,0.5737,-0.01200000000000001,-0.020916855499389944,0.4383,0.4263,0.01200000000000001,0.02814919071076709,0.5617,0.5737,-0.01200000000000001,-0.020916855499389944,0.6093,0.6967,-0.08740000000000003,-0.12544854313190762,0.0692,0.1039,-0.03470000000000001,-0.33397497593840236,0.4449,0.4345,0.01040000000000002,0.02393555811277335,0.3056,0.2932,0.012399999999999967,0.04229195088676659,0.0495,0.0402,0.009300000000000003,0.2313432835820896,0.0215,0.0274,-0.0059000000000000025,-0.21532846715328477,0.0383,0.0401,-0.001799999999999996,-0.04488778054862833,0.1374,0.1328,0.004599999999999993,0.034638554216867415,0.0925,0.0838,0.0087,0.10381861575178997,0.0449,0.049,-0.0040999999999999995,-0.08367346938775509,5.3766,5.4305,-0.0539000000000005,-0.009925421231930853,0.0332,-0.0054,0.0386,7.148148148148148,0,1,0,0,1,1,1
2025,JAX,2,early_down,league_multi_season,2023,2025,3,32,96,strong,830,strong,stable_team_sample,1,1,1,1,0.5337,0.5246,0.009099999999999997,0.01734654975219214,0.4663,0.4754,-0.009099999999999997,-0.019141775347076142,0.5337,0.5246,0.009099999999999997,0.01734654975219214,0.541,0.6436,-0.10259999999999991,-0.15941578620261018,0.0771,0.1086,-0.0315,-0.2900552486187845,0.4434,0.4339,0.009500000000000008,0.021894445724821406,0.2711,0.2564,0.01469999999999999,0.05733229329173163,0.0506,0.0363,0.0143,0.393939393939394,0.0181,0.0244,-0.0063,-0.2581967213114754,0.0313,0.0296,0.0017000000000000001,0.057432432432432436,0.1265,0.1311,-0.004599999999999993,-0.035087719298245564,0.0807,0.0774,0.0032999999999999974,0.04263565891472865,0.0458,0.0538,-0.008,-0.14869888475836432,5.2759,5.4816,-0.20570000000000022,-0.03752553998832461,0.0273,0.0014,0.025900000000000003,18.500000000000004,1,0,0,0,1,1,0
2025,JAX,3,third_down,league_multi_season,2023,2025,3,32,96,strong,211,strong,stable_team_sample,1,1,1,1,0.7014,0.7494,-0.04799999999999993,-0.06405124099279415,0.2986,0.2506,0.04799999999999999,0.1915403032721468,0.7014,0.7494,-0.04799999999999993,-0.06405124099279415,0.8957,0.8953,0.00040000000000006697,0.0004467776164414911,0.0427,0.0875,-0.04479999999999999,-0.5119999999999999,0.436,0.4242,0.011799999999999977,0.027817067421027762,0.4028,0.3997,0.0030999999999999917,0.007755816862646965,0.0474,0.0487,-0.0013000000000000025,-0.02669404517453804,0.0332,0.0359,-0.002700000000000001,-0.0752089136490251,0.0711,0.0778,-0.006699999999999998,-0.08611825192802054,0.1896,0.1404,0.049199999999999994,0.3504273504273504,0.1469,0.107,0.039900000000000005,0.3728971962616823,0.0427,0.0333,0.009399999999999999,0.2822822822822822,6.0664,5.3482,0.7181999999999995,0.1342881717213267,0.077,-0.0507,0.1277,2.5187376725838266,0,1,1,0,1,1,1
2025,JAX,4,fourth_down,league_multi_season,2023,2025,3,32,96,good,29,thin,small_team_sample,0,1,0,0,0.3448,0.6225,-0.27770000000000006,-0.44610441767068276,0.6552,0.3775,0.2777,0.7356291390728477,0.3448,0.6225,-0.27770000000000006,-0.44610441767068276,0.4828,0.675,-0.19220000000000004,-0.2847407407407408,0.0345,0.0943,-0.05979999999999999,-0.6341463414634145,0.5517,0.5443,0.007399999999999962,0.013595443689141947,0.5862,0.5475,0.03870000000000007,0.07068493150684944,0.0345,0.0926,-0.0581,-0.6274298056155507,0.0345,0.0492,-0.014699999999999998,-0.298780487804878,0.0,0.0504,-0.0504,-1.0,0.069,0.1209,-0.05189999999999999,-0.42928039702233245,0.0345,0.0893,-0.0548,-0.6136618141097424,0.0345,0.0316,0.0029,0.09177215189873417,3.2414,4.5242,-1.2828000000000004,-0.28354184165156276,-0.114,0.1649,-0.2789,-1.6913280776228017,0,1,0,0,0,1,0
2025,JAX,5,short_yardage,league_multi_season,2023,2025,3,32,96,strong,101,strong,stable_team_sample,1,1,1,1,0.2475,0.3476,-0.10010000000000002,-0.28797468354430383,0.7525,0.6524,0.10009999999999997,0.15343347639484975,0.2475,0.3476,-0.10010000000000002,-0.28797468354430383,0.4059,0.5322,-0.12630000000000002,-0.23731679819616688,0.0792,0.1642,-0.085,-0.5176613885505481,0.5644,0.5961,-0.03169999999999995,-0.05317899681261525,0.6238,0.6404,-0.016599999999999948,-0.025921299188007417,0.1089,0.1155,-0.006600000000000009,-0.05714285714285722,0.0297,0.0214,0.008300000000000002,0.3878504672897197,0.0099,0.0229,-0.013,-0.5676855895196506,0.0792,0.0906,-0.011399999999999993,-0.12582781456953634,0.0297,0.0453,-0.0156,-0.3443708609271523,0.0495,0.0453,0.004200000000000002,0.09271523178807953,3.3861,3.8797,-0.49360000000000026,-0.12722633193288146,-0.0587,0.0647,-0.1234,-1.9072642967542506,0,1,0,0,0,0,0
2025,JAX,6,red_zone,league_multi_season,2023,2025,3,32,96,strong,203,strong,stable_team_sample,1,1,1,1,0.4433,0.5029,-0.059599999999999986,-0.11851262676476433,0.5567,0.4971,0.059599999999999986,0.11989539328102995,0.4433,0.5029,-0.059599999999999986,-0.11851262676476433,0.5862,0.6589,-0.07269999999999999,-0.11033540749734404,0.0246,0.0945,-0.0699,-0.7396825396825397,0.4631,0.4224,0.040700000000000014,0.0963541666666667,0.3399,0.313,0.02689999999999998,0.08594249201277948,0.2118,0.1961,0.015699999999999992,0.0800611932687404,0.0296,0.0258,0.0038000000000000013,0.1472868217054264,0.0099,0.0328,-0.022900000000000004,-0.6981707317073171,0.0443,0.0512,-0.006900000000000003,-0.13476562500000006,0.0148,0.0238,-0.009000000000000001,-0.3781512605042017,0.0296,0.0274,0.0022000000000000006,0.08029197080291972,3.3202,3.0,0.3201999999999998,0.10673333333333328,-0.0201,-0.0022,-0.0179,-8.136363636363635,0,1,0,0,0,1,0
2025,JAX,7,goal_to_go,league_multi_season,2023,2025,3,32,96,strong,68,good,usable_team_sample,1,1,0,1,0.4559,0.4757,-0.019799999999999984,-0.0416228715577044,0.5441,0.5243,0.01980000000000004,0.037764638565706735,0.4559,0.4757,-0.019799999999999984,-0.0416228715577044,0.5588,0.611,-0.052200000000000024,-0.08543371522094931,0.0,0.0861,-0.0861,-1.0,0.5,0.438,0.062,0.1415525114155251,0.4118,0.3303,0.08150000000000002,0.24674538298516507,0.4118,0.3289,0.08289999999999997,0.2520522955305563,0.0588,0.0243,0.0345,1.4197530864197532,0.0,0.0306,-0.0306,-1.0,0.0147,0.0074,0.007299999999999999,0.9864864864864863,0.0,0.0033,-0.0033,-1.0,0.0147,0.0041,0.010599999999999998,2.5853658536585358,2.1618,1.8044,0.35739999999999994,0.1980713810684992,-0.0031,0.0097,-0.0128,-1.3195876288659794,0,1,0,0,0,1,1
2025,JAX,8,two_minute_half,league_multi_season,2023,2025,3,32,96,strong,112,strong,stable_team_sample,1,1,1,1,0.6786,0.7349,-0.05630000000000002,-0.07660906245747723,0.3214,0.2651,0.05630000000000002,0.21237268955111285,0.6786,0.7349,-0.05630000000000002,-0.07660906245747723,0.75,0.8778,-0.12780000000000002,-0.14559125085440877,0.0982,0.1634,-0.0652,-0.3990208078335373,0.5,0.4231,0.07690000000000002,0.18175372252422603,0.3393,0.3007,0.03859999999999997,0.12836714333222468,0.0625,0.0467,0.0158,0.3383297644539615,0.0268,0.0356,-0.008799999999999999,-0.24719101123595502,0.0714,0.0516,0.019800000000000005,0.3837209302325582,0.1429,0.1271,0.01580000000000001,0.1243115656963022,0.1071,0.094,0.0131,0.13936170212765958,0.0357,0.0331,0.002600000000000005,0.07854984894259835,5.625,5.26,0.3650000000000002,0.06939163498098863,-0.0081,0.0083,-0.016399999999999998,-1.975903614457831,0,1,0,0,0,1,1
2025,JAX,9,two_minute_game,league_multi_season,2023,2025,3,32,96,strong,36,thin,small_team_sample,0,1,0,0,0.5,0.6818,-0.18179999999999996,-0.26664711058961565,0.5,0.3182,0.18180000000000002,0.5713387806411063,0.5,0.6818,-0.18179999999999996,-0.26664711058961565,0.5556,0.8173,-0.26170000000000004,-0.32020066071210085,0.0833,0.1726,-0.0893,-0.5173812282734647,0.3611,0.3942,-0.03310000000000002,-0.08396752917300868,0.2778,0.2947,-0.016900000000000026,-0.057346454021038426,0.0833,0.045,0.0383,0.8511111111111112,0.0278,0.0394,-0.0116,-0.29441624365482233,0.1111,0.0504,0.060700000000000004,1.2043650793650795,0.1667,0.1268,0.03989999999999999,0.31466876971608826,0.1111,0.0914,0.01970000000000001,0.21553610503282286,0.0556,0.0354,0.020199999999999996,0.5706214689265535,5.0,5.037,-0.03699999999999992,-0.007345642247369451,-0.3251,-0.06,-0.2651,-4.418333333333334,0,1,0,0,0,0,1
2025,JAX,10,one_score,league_multi_season,2023,2025,3,32,96,strong,672,strong,stable_team_sample,1,1,1,1,0.5685,0.565,0.0035000000000000586,0.00619469026548683,0.4315,0.435,-0.003500000000000003,-0.00804597701149426,0.5685,0.565,0.0035000000000000586,0.00619469026548683,0.6161,0.6859,-0.06979999999999997,-0.10176410555474556,0.061,0.0863,-0.025300000000000003,-0.2931633835457706,0.4628,0.4369,0.02589999999999998,0.05928130006866555,0.314,0.2938,0.020199999999999996,0.06875425459496254,0.058,0.0397,0.018300000000000004,0.46095717884130993,0.0253,0.0265,-0.0011999999999999997,-0.04528301886792452,0.0357,0.0381,-0.0023999999999999994,-0.06299212598425195,0.1458,0.1332,0.0126,0.09459459459459459,0.1012,0.084,0.017199999999999993,0.20476190476190467,0.0446,0.0492,-0.0046,-0.09349593495934959,5.6592,5.4822,0.1770000000000005,0.032286308416329304,0.0541,0.0035,0.0506,14.457142857142857,1,0,0,0,1,1,1
2025,JAX,11,neutral_early_down,league_multi_season,2023,2025,3,32,96,strong,412,strong,stable_team_sample,1,1,1,1,0.5558,0.5215,0.0343,0.06577181208053691,0.4442,0.4785,-0.0343,-0.07168234064785789,0.5558,0.5215,0.0343,0.06577181208053691,0.5388,0.6282,-0.08940000000000003,-0.14231136580706788,0.0728,0.0855,-0.012700000000000003,-0.14853801169590647,0.4612,0.4391,0.02210000000000001,0.05033022090639947,0.2646,0.2537,0.01090000000000002,0.04296413086322436,0.0121,0.0109,0.0011999999999999997,0.11009174311926602,0.0097,0.0226,-0.012899999999999998,-0.5707964601769911,0.0194,0.0278,-0.008399999999999998,-0.3021582733812949,0.1529,0.1443,0.008599999999999997,0.05959805959805957,0.1068,0.0864,0.0204,0.2361111111111111,0.0461,0.058,-0.0119,-0.20517241379310344,6.0146,5.9339,0.08069999999999933,0.01359982473583972,0.087,0.013,0.074,5.6923076923076925,1,0,0,0,1,1,1
2025,JAX,12,tied,league_multi_season,2023,2025,3,32,96,strong,270,strong,stable_team_sample,1,1,1,1,0.5667,0.5522,0.014499999999999957,0.026258601955813032,0.4333,0.4478,-0.014499999999999957,-0.03238052702099142,0.5667,0.5522,0.014499999999999957,0.026258601955813032,0.6037,0.6675,-0.06379999999999997,-0.09558052434456925,0.0444,0.0716,-0.027199999999999995,-0.3798882681564245,0.4593,0.4433,0.01599999999999996,0.03609293931874567,0.3148,0.296,0.01880000000000004,0.06351351351351364,0.0556,0.0396,0.015999999999999993,0.40404040404040387,0.0111,0.0252,-0.0141,-0.5595238095238095,0.0333,0.0369,-0.003599999999999999,-0.09756097560975606,0.1259,0.1307,-0.004799999999999999,-0.03672532517214995,0.0852,0.0805,0.004699999999999996,0.05838509316770181,0.0407,0.0502,-0.009500000000000001,-0.18924302788844624,5.2481,5.406,-0.1578999999999997,-0.029208287088420222,0.0731,-0.0028,0.0759,27.107142857142854,1,0,0,0,1,1,0
2025,JAX,13,leading,league_multi_season,2023,2025,3,32,96,strong,492,strong,stable_team_sample,1,1,1,1,0.5142,0.504,0.010199999999999987,0.02023809523809521,0.4858,0.496,-0.010199999999999987,-0.02056451612903223,0.5142,0.504,0.010199999999999987,0.02023809523809521,0.563,0.6358,-0.07280000000000009,-0.11450141553947796,0.0386,0.0687,-0.030099999999999995,-0.43813682678311494,0.4126,0.4269,-0.01429999999999998,-0.033497306160693324,0.2785,0.2876,-0.009099999999999997,-0.031641168289290665,0.0427,0.0419,0.0008000000000000021,0.01909307875894993,0.0285,0.0228,0.0057,0.25,0.0224,0.0318,-0.009400000000000002,-0.2955974842767296,0.124,0.1357,-0.011699999999999988,-0.08621960206337502,0.0813,0.0788,0.0025000000000000022,0.03172588832487313,0.0427,0.0569,-0.014199999999999997,-0.2495606326889279,5.1037,5.5181,-0.41439999999999966,-0.07509831282506654,-0.0424,0.0162,-0.0586,-3.617283950617284,1,0,0,0,0,0,0
2025,JAX,14,trailing,league_multi_season,2023,2025,3,32,96,strong,308,strong,stable_team_sample,1,1,1,1,0.6331,0.6309,0.0021999999999999797,0.003487081946425709,0.3669,0.3691,-0.0021999999999999797,-0.005960444324031373,0.6331,0.6309,0.0021999999999999797,0.003487081946425709,0.6883,0.7508,-0.0625,-0.08324453915823121,0.1396,0.1414,-0.001799999999999996,-0.012729844413012703,0.4838,0.4364,0.0474,0.10861594867094408,0.3409,0.2961,0.044800000000000006,0.1513002364066194,0.0552,0.0393,0.015899999999999997,0.4045801526717556,0.0195,0.0315,-0.012,-0.38095238095238093,0.0682,0.0472,0.020999999999999998,0.4449152542372881,0.1688,0.1316,0.03720000000000001,0.28267477203647423,0.1169,0.0886,0.028300000000000006,0.31941309255079015,0.0519,0.043,0.008900000000000005,0.20697674418604664,5.9253,5.3789,0.5464000000000002,0.10158210786592059,0.1192,-0.0215,0.1407,6.544186046511628,1,0,0,0,1,1,1
2025,JAX,15,leading_one_score,league_multi_season,2023,2025,3,32,96,strong,206,strong,stable_team_sample,1,1,1,1,0.5388,0.5341,0.0046999999999999265,0.008799850215315347,0.4612,0.4659,-0.004699999999999982,-0.010088001717106637,0.5388,0.5341,0.0046999999999999265,0.008799850215315347,0.5825,0.6624,-0.07989999999999997,-0.12062198067632846,0.0437,0.075,-0.031299999999999994,-0.4173333333333333,0.4369,0.4278,0.009099999999999997,0.021271622253389428,0.2718,0.2878,-0.016000000000000014,-0.05559416261292569,0.0534,0.0405,0.012900000000000002,0.31851851851851853,0.0437,0.0244,0.0193,0.7909836065573771,0.0194,0.0343,-0.014899999999999997,-0.434402332361516,0.1262,0.1347,-0.00849999999999998,-0.06310319227913869,0.0874,0.0826,0.004799999999999999,0.05811138014527843,0.0388,0.052,-0.013199999999999996,-0.2538461538461538,5.5291,5.5713,-0.04220000000000024,-0.007574533771292201,-0.0648,0.0136,-0.0784,-5.764705882352941,1,0,0,0,0,1,0
2025,JAX,16,leading_two_plus_scores,league_multi_season,2023,2025,3,32,94,strong,286,strong,stable_team_sample,1,1,1,1,0.4965,0.4563,0.040200000000000014,0.08809993425378045,0.5035,0.5437,-0.040200000000000014,-0.07393783336398753,0.4965,0.4563,0.040200000000000014,0.08809993425378045,0.549,0.5937,-0.04469999999999996,-0.07529055078322379,0.035,0.0586,-0.023599999999999996,-0.4027303754266211,0.3951,0.4256,-0.03049999999999997,-0.0716635338345864,0.2832,0.2873,-0.0040999999999999925,-0.014270797076226914,0.035,0.0442,-0.0092,-0.20814479638009048,0.0175,0.0203,-0.002799999999999997,-0.13793103448275848,0.0245,0.0278,-0.0032999999999999974,-0.11870503597122294,0.1224,0.1375,-0.015100000000000016,-0.10981818181818193,0.0769,0.0728,0.0040999999999999925,0.056318681318681216,0.0455,0.0646,-0.019100000000000006,-0.2956656346749227,4.7972,5.4339,-0.6367000000000003,-0.11717182870498173,-0.0263,0.0204,-0.046700000000000005,-2.28921568627451,1,0,0,0,0,0,0
2025,JAX,17,trailing_one_score,league_multi_season,2023,2025,3,32,96,strong,196,strong,stable_team_sample,1,1,1,1,0.602,0.5968,0.005199999999999982,0.008713136729222491,0.398,0.4032,-0.005199999999999982,-0.012896825396825353,0.602,0.5968,0.005199999999999982,0.008713136729222491,0.6684,0.7163,-0.047900000000000054,-0.06687142258830106,0.102,0.1048,-0.002800000000000011,-0.0267175572519085,0.4949,0.4393,0.05559999999999998,0.12656498975643063,0.3571,0.2967,0.060399999999999954,0.20357263228850675,0.0663,0.0391,0.027199999999999995,0.6956521739130433,0.0255,0.029,-0.003500000000000003,-0.1206896551724139,0.0561,0.0417,0.014399999999999996,0.34532374100719415,0.1939,0.1338,0.06009999999999999,0.4491778774289984,0.1378,0.0875,0.05030000000000001,0.5748571428571431,0.0561,0.0463,0.009799999999999996,0.21166306695464354,6.3622,5.4685,0.8936999999999999,0.16342689951540643,0.1528,0.0002,0.15259999999999999,762.9999999999999,1,0,0,0,1,1,1
2025,JAX,18,trailing_two_plus_scores,league_multi_season,2023,2025,3,32,96,strong,112,strong,stable_team_sample,1,1,1,1,0.6875,0.677,0.010499999999999954,0.01550960118168383,0.3125,0.323,-0.01050000000000001,-0.032507739938080524,0.6875,0.677,0.010499999999999954,0.01550960118168383,0.7232,0.7976,-0.07440000000000002,-0.0932798395185557,0.2054,0.1909,0.014500000000000013,0.0759559979046622,0.4643,0.4324,0.031899999999999984,0.07377428307123031,0.3125,0.2953,0.017199999999999993,0.0582458516762614,0.0357,0.0395,-0.003799999999999998,-0.09620253164556956,0.0089,0.0349,-0.026000000000000002,-0.7449856733524356,0.0893,0.0546,0.0347,0.6355311355311355,0.125,0.1286,-0.003599999999999992,-0.027993779160186565,0.0804,0.0901,-0.0097,-0.10765815760266371,0.0446,0.0385,0.006100000000000001,0.15844155844155847,5.1607,5.2578,-0.0970999999999993,-0.018467800220624463,0.0604,-0.0509,0.11130000000000001,2.1866404715127703,1,0,0,1,1,1,0
2025,JAX,19,tied_early_down,league_multi_season,2023,2025,3,32,96,strong,209,strong,stable_team_sample,1,1,1,1,0.5455,0.4983,0.047199999999999964,0.09472205498695557,0.4545,0.5017,-0.04720000000000002,-0.0940801275662747,0.5455,0.4983,0.047199999999999964,0.09472205498695557,0.5167,0.6059,-0.08919999999999995,-0.1472190130384551,0.0431,0.0718,-0.028700000000000003,-0.3997214484679666,0.4593,0.4418,0.01749999999999996,0.03961068356722489,0.2775,0.2572,0.02030000000000004,0.07892690513219301,0.0622,0.0358,0.0264,0.7374301675977654,0.0144,0.0219,-0.0075,-0.3424657534246575,0.0191,0.0267,-0.007600000000000003,-0.2846441947565544,0.11,0.1285,-0.018500000000000003,-0.14396887159533076,0.0766,0.0731,0.003500000000000003,0.047879616963064336,0.0335,0.0554,-0.021899999999999996,-0.39530685920577613,5.1053,5.4023,-0.2970000000000006,-0.054976584047535415,0.066,0.0018,0.06420000000000001,35.66666666666667,1,0,0,0,1,1,0
2025,JAX,20,leading_early_down,league_multi_season,2023,2025,3,32,96,strong,379,strong,stable_team_sample,1,1,1,1,0.4723,0.4468,0.025500000000000023,0.05707251566696514,0.5277,0.5532,-0.025500000000000078,-0.046095444685466516,0.4723,0.4468,0.025500000000000023,0.05707251566696514,0.4908,0.5755,-0.0847,-0.1471763683753258,0.0422,0.0709,-0.028700000000000003,-0.4047954866008463,0.4063,0.4235,-0.017199999999999993,-0.040613931523022416,0.2454,0.2496,-0.0041999999999999815,-0.016826923076923003,0.0422,0.0375,0.004700000000000003,0.1253333333333334,0.0185,0.0206,-0.002100000000000001,-0.10194174757281559,0.0132,0.0228,-0.009600000000000001,-0.4210526315789474,0.1108,0.1332,-0.022400000000000017,-0.1681681681681683,0.066,0.0705,-0.00449999999999999,-0.06382978723404242,0.0449,0.0628,-0.017899999999999992,-0.28503184713375784,4.9103,5.5158,-0.6054999999999993,-0.1097755538634467,-0.0306,0.0115,-0.0421,-3.660869565217391,1,0,0,0,0,0,0
2025,JAX,21,trailing_early_down,league_multi_season,2023,2025,3,32,96,strong,242,strong,stable_team_sample,1,1,1,1,0.6198,0.5899,0.029900000000000038,0.05068655704356677,0.3802,0.4101,-0.029900000000000038,-0.07290904657400643,0.6198,0.5899,0.029900000000000038,0.05068655704356677,0.6405,0.7068,-0.06630000000000003,-0.09380305602716472,0.1612,0.15,0.011200000000000015,0.07466666666666677,0.4876,0.438,0.04959999999999998,0.11324200913242004,0.3058,0.2608,0.04500000000000004,0.17254601226993882,0.0537,0.0356,0.018099999999999998,0.5084269662921348,0.0207,0.0281,-0.0074,-0.26334519572953735,0.0702,0.0355,0.0347,0.9774647887323945,0.1653,0.1307,0.03459999999999999,0.2647283856159142,0.1074,0.0839,0.023499999999999993,0.2800953516090583,0.0579,0.0468,0.011099999999999999,0.23717948717948714,5.9959,5.4892,0.5066999999999995,0.09230853311958016,0.0844,-0.0058,0.0902,15.551724137931036,1,0,0,1,1,1,1
2025,KC,1,all_offense,league_multi_season,2023,2025,3,32,96,strong,1045,strong,stable_team_sample,1,1,1,1,0.601,0.5737,0.02729999999999999,0.047585846261112064,0.399,0.4263,-0.02729999999999999,-0.06403940886699505,0.601,0.5737,0.02729999999999999,0.047585846261112064,0.8096,0.6967,0.1129,0.1620496626955648,0.0249,0.1039,-0.07900000000000001,-0.7603464870067373,0.444,0.4345,0.009500000000000008,0.02186421173762948,0.3005,0.2932,0.007299999999999973,0.024897680763983535,0.0373,0.0402,-0.0029,-0.07213930348258706,0.0258,0.0274,-0.0016000000000000007,-0.05839416058394163,0.045,0.0401,0.004900000000000002,0.12219451371571077,0.1234,0.1328,-0.009400000000000006,-0.07078313253012053,0.0813,0.0838,-0.0025000000000000022,-0.029832935560859215,0.0421,0.049,-0.006900000000000003,-0.1408163265306123,5.2287,5.4305,-0.20180000000000042,-0.037160482460178695,0.0339,-0.0054,0.0393,7.277777777777778,1,0,1,0,1,1,0
2025,KC,2,early_down,league_multi_season,2023,2025,3,32,96,strong,797,strong,stable_team_sample,1,1,1,1,0.5709,0.5246,0.04630000000000001,0.08825772016774688,0.4291,0.4754,-0.04630000000000001,-0.09739167017248634,0.5709,0.5246,0.04630000000000001,0.08825772016774688,0.7817,0.6436,0.1381,0.2145742697327533,0.0314,0.1086,-0.0772,-0.710865561694291,0.4417,0.4339,0.007799999999999974,0.01797649227932697,0.261,0.2564,0.004599999999999993,0.01794071762870512,0.0326,0.0363,-0.003700000000000002,-0.10192837465564744,0.0201,0.0244,-0.004300000000000002,-0.17622950819672137,0.0339,0.0296,0.004299999999999998,0.1452702702702702,0.1267,0.1311,-0.004399999999999987,-0.03356216628527832,0.079,0.0774,0.0016000000000000042,0.020671834625323054,0.0477,0.0538,-0.006100000000000001,-0.1133828996282528,5.3839,5.4816,-0.09770000000000056,-0.01782326328079403,0.0243,0.0014,0.0229,16.357142857142858,1,0,1,0,1,1,0
2025,KC,3,third_down,league_multi_season,2023,2025,3,32,96,strong,216,strong,stable_team_sample,1,1,1,1,0.7176,0.7494,-0.03179999999999994,-0.0424339471577261,0.2824,0.2506,0.031799999999999995,0.12689545091779728,0.7176,0.7494,-0.03179999999999994,-0.0424339471577261,0.9444,0.8953,0.04910000000000003,0.05484195241818389,0.0046,0.0875,-0.0829,-0.9474285714285715,0.4074,0.4242,-0.016800000000000037,-0.03960396039603969,0.3796,0.3997,-0.020100000000000007,-0.050287715786840145,0.0278,0.0487,-0.020900000000000002,-0.4291581108829569,0.0463,0.0359,0.0104,0.2896935933147632,0.088,0.0778,0.0102,0.13110539845758357,0.1065,0.1404,-0.0339,-0.24145299145299146,0.0787,0.107,-0.028299999999999992,-0.26448598130841117,0.0278,0.0333,-0.005500000000000005,-0.1651651651651653,4.5741,5.3482,-0.7741000000000007,-0.14474028645151651,-0.1551,-0.0507,-0.10439999999999999,-2.059171597633136,0,1,1,0,0,0,0
2025,KC,4,fourth_down,league_multi_season,2023,2025,3,32,96,good,32,thin,small_team_sample,0,1,0,0,0.5625,0.6225,-0.06000000000000005,-0.09638554216867477,0.4375,0.3775,0.06,0.15894039735099338,0.5625,0.6225,-0.06000000000000005,-0.09638554216867477,0.5938,0.675,-0.08120000000000005,-0.12029629629629636,0.0,0.0943,-0.0943,-1.0,0.75,0.5443,0.2057,0.37791659011574497,0.75,0.5475,0.2025,0.36986301369863017,0.2188,0.0926,0.12619999999999998,1.362850971922246,0.0313,0.0492,-0.0179,-0.36382113821138207,0.0313,0.0504,-0.0191,-0.37896825396825395,0.1563,0.1209,0.0354,0.2928039702233251,0.1563,0.0893,0.06699999999999999,0.7502799552071667,0.0,0.0316,-0.0316,-1.0,5.7813,4.5242,1.2570999999999994,0.277861279342204,1.5475,0.1649,1.3826,8.3844754396604,0,1,0,0,1,1,1
2025,KC,5,short_yardage,league_multi_season,2023,2025,3,32,96,strong,118,strong,stable_team_sample,1,1,1,1,0.3305,0.3476,-0.017100000000000004,-0.049194476409666295,0.6695,0.6524,0.017100000000000004,0.02621091354996935,0.3305,0.3476,-0.017100000000000004,-0.049194476409666295,0.7034,0.5322,0.17120000000000002,0.3216835776024051,0.0169,0.1642,-0.14730000000000001,-0.8970767356881851,0.678,0.5961,0.08190000000000008,0.13739305485656783,0.7288,0.6404,0.08840000000000003,0.13803872579637733,0.1186,0.1155,0.0030999999999999917,0.026839826839826768,0.0339,0.0214,0.0125,0.5841121495327103,0.0085,0.0229,-0.0144,-0.62882096069869,0.0339,0.0906,-0.0567,-0.6258278145695364,0.0085,0.0453,-0.0368,-0.8123620309050773,0.0254,0.0453,-0.0199,-0.4392935982339956,3.3305,3.8797,-0.5492000000000004,-0.14155733690749292,0.3152,0.0647,0.2505,3.8717156105100465,0,1,1,0,1,1,0
2025,KC,6,red_zone,league_multi_season,2023,2025,3,32,96,strong,186,strong,stable_team_sample,1,1,1,1,0.5269,0.5029,0.02400000000000002,0.04772320540862999,0.4731,0.4971,-0.023999999999999966,-0.048280024140012,0.5269,0.5029,0.02400000000000002,0.04772320540862999,0.7957,0.6589,0.13679999999999992,0.2076187585369554,0.0054,0.0945,-0.0891,-0.9428571428571428,0.3978,0.4224,-0.02460000000000001,-0.05823863636363639,0.2957,0.313,-0.017299999999999982,-0.05527156549520761,0.1882,0.1961,-0.00789999999999999,-0.04028556858745533,0.0323,0.0258,0.006500000000000002,0.25193798449612415,0.0376,0.0328,0.004799999999999999,0.14634146341463408,0.0484,0.0512,-0.002800000000000004,-0.054687500000000076,0.0215,0.0238,-0.0023000000000000034,-0.09663865546218502,0.0269,0.0274,-0.0005000000000000004,-0.018248175182481768,2.9355,3.0,-0.06449999999999978,-0.021499999999999925,-0.0487,-0.0022,-0.0465,-21.136363636363637,1,0,1,0,0,0,0
2025,KC,7,goal_to_go,league_multi_season,2023,2025,3,32,96,strong,78,good,usable_team_sample,1,1,0,1,0.6282,0.4757,0.15249999999999997,0.32058019760353157,0.3718,0.5243,-0.15249999999999997,-0.29086400915506383,0.6282,0.4757,0.15249999999999997,0.32058019760353157,0.8333,0.611,0.22230000000000005,0.36382978723404263,0.0128,0.0861,-0.07329999999999999,-0.8513356562137049,0.359,0.438,-0.07900000000000001,-0.180365296803653,0.2692,0.3303,-0.06109999999999999,-0.18498334847108686,0.2821,0.3289,-0.04680000000000001,-0.1422924901185771,0.0513,0.0243,0.027,1.1111111111111112,0.0385,0.0306,0.0079,0.2581699346405229,0.0128,0.0074,0.0054,0.7297297297297297,0.0,0.0033,-0.0033,-1.0,0.0128,0.0041,0.0087,2.121951219512195,1.6154,1.8044,-0.18900000000000006,-0.10474395921081803,-0.1926,0.0097,-0.20229999999999998,-20.85567010309278,1,0,1,0,0,0,1
2025,KC,8,two_minute_half,league_multi_season,2023,2025,3,32,96,strong,130,strong,stable_team_sample,1,1,1,1,0.8077,0.7349,0.07279999999999998,0.09906109674785682,0.1923,0.2651,-0.0728,-0.27461335345152776,0.8077,0.7349,0.07279999999999998,0.09906109674785682,0.9538,0.8778,0.07599999999999996,0.08658008658008653,0.1154,0.1634,-0.04799999999999999,-0.29375764993880044,0.4154,0.4231,-0.007699999999999985,-0.018199007326873046,0.3,0.3007,-0.0007000000000000339,-0.0023279015630197335,0.0308,0.0467,-0.015899999999999997,-0.34047109207708776,0.0231,0.0356,-0.0125,-0.351123595505618,0.0769,0.0516,0.025299999999999996,0.49031007751937977,0.1154,0.1271,-0.011699999999999988,-0.09205350118017301,0.0923,0.094,-0.001700000000000007,-0.018085106382978798,0.0231,0.0331,-0.009999999999999998,-0.3021148036253776,4.7,5.26,-0.5599999999999996,-0.10646387832699612,0.0638,0.0083,0.055499999999999994,6.686746987951806,1,0,1,0,1,0,0
2025,KC,9,two_minute_game,league_multi_season,2023,2025,3,32,96,strong,38,thin,small_team_sample,0,1,0,0,0.7368,0.6818,0.05500000000000005,0.08066881783514235,0.2632,0.3182,-0.05499999999999999,-0.17284726587052168,0.7368,0.6818,0.05500000000000005,0.08066881783514235,0.9211,0.8173,0.1038,0.1270035482686896,0.0526,0.1726,-0.12,-0.6952491309385863,0.3684,0.3942,-0.02579999999999999,-0.06544901065449008,0.2895,0.2947,-0.005200000000000038,-0.017645062775704233,0.0263,0.045,-0.018699999999999998,-0.4155555555555555,0.0526,0.0394,0.013200000000000003,0.33502538071066,0.0526,0.0504,0.0022000000000000006,0.04365079365079366,0.1053,0.1268,-0.02149999999999999,-0.16955835962145105,0.0789,0.0914,-0.012499999999999997,-0.13676148796498905,0.0263,0.0354,-0.0091,-0.2570621468926554,4.4737,5.037,-0.5632999999999999,-0.11183243994441135,-0.0573,-0.06,0.002700000000000001,0.04500000000000002,1,0,1,0,1,0,0
2025,KC,10,one_score,league_multi_season,2023,2025,3,32,96,strong,789,strong,stable_team_sample,1,1,1,1,0.6109,0.565,0.04590000000000005,0.08123893805309744,0.3891,0.435,-0.045899999999999996,-0.10551724137931033,0.6109,0.565,0.04590000000000005,0.08123893805309744,0.8035,0.6859,0.11760000000000004,0.17145356465957143,0.0203,0.0863,-0.066,-0.764774044032445,0.4461,0.4369,0.009199999999999986,0.02105745021744103,0.3004,0.2938,0.006599999999999995,0.022464261402314483,0.0368,0.0397,-0.0029,-0.07304785894206549,0.0279,0.0265,0.001400000000000002,0.052830188679245355,0.038,0.0381,-0.00010000000000000286,-0.0026246719160105737,0.1179,0.1332,-0.015300000000000008,-0.11486486486486491,0.0748,0.084,-0.0092,-0.10952380952380951,0.0431,0.0492,-0.006100000000000001,-0.1239837398373984,5.1204,5.4822,-0.3617999999999997,-0.06599540330524237,0.0001,0.0035,-0.0034000000000000002,-0.9714285714285715,1,0,1,0,0,1,0
2025,KC,11,neutral_early_down,league_multi_season,2023,2025,3,32,96,strong,492,strong,stable_team_sample,1,1,1,1,0.5813,0.5215,0.059800000000000075,0.11466922339405576,0.4187,0.4785,-0.059799999999999964,-0.12497387669801456,0.5813,0.5215,0.059800000000000075,0.11466922339405576,0.7622,0.6282,0.134,0.2133078637376632,0.0264,0.0855,-0.05910000000000001,-0.6912280701754386,0.4614,0.4391,0.022299999999999986,0.05078569801867453,0.2683,0.2537,0.014600000000000002,0.057548285376428865,0.0041,0.0109,-0.0068,-0.6238532110091742,0.0183,0.0226,-0.004299999999999998,-0.19026548672566365,0.0325,0.0278,0.004700000000000003,0.16906474820143896,0.1362,0.1443,-0.008100000000000024,-0.056133056133056296,0.0833,0.0864,-0.0031000000000000055,-0.03587962962962969,0.0528,0.058,-0.005200000000000003,-0.08965517241379316,5.7073,5.9339,-0.22660000000000036,-0.03818736412814512,0.0495,0.013,0.036500000000000005,2.8076923076923084,1,0,1,0,1,1,0
2025,KC,12,tied,league_multi_season,2023,2025,3,32,96,strong,225,strong,stable_team_sample,1,1,1,1,0.5911,0.5522,0.038899999999999935,0.07044549076421575,0.4089,0.4478,-0.03889999999999999,-0.08686913800803929,0.5911,0.5522,0.038899999999999935,0.07044549076421575,0.8222,0.6675,0.15470000000000006,0.23176029962546826,0.0178,0.0716,-0.0538,-0.7513966480446927,0.4311,0.4433,-0.012200000000000044,-0.02752086623054375,0.2667,0.296,-0.029299999999999993,-0.09898648648648646,0.0356,0.0396,-0.0040000000000000036,-0.10101010101010109,0.0489,0.0252,0.0237,0.9404761904761905,0.04,0.0369,0.0030999999999999986,0.08401084010840104,0.1156,0.1307,-0.015100000000000016,-0.1155317521040552,0.0667,0.0805,-0.013800000000000007,-0.1714285714285715,0.0489,0.0502,-0.0013000000000000025,-0.025896414342629532,4.6489,5.406,-0.7570999999999994,-0.14004809470958185,-0.1589,-0.0028,-0.15610000000000002,-55.75000000000001,1,0,1,0,0,0,0
2025,KC,13,leading,league_multi_season,2023,2025,3,32,96,strong,272,strong,stable_team_sample,1,1,1,1,0.5515,0.504,0.04749999999999999,0.09424603174603172,0.4485,0.496,-0.04749999999999999,-0.09576612903225803,0.5515,0.504,0.04749999999999999,0.09424603174603172,0.7574,0.6358,0.12159999999999993,0.19125511167033646,0.011,0.0687,-0.0577,-0.8398835516739448,0.4779,0.4269,0.05099999999999999,0.1194659170765987,0.3382,0.2876,0.05059999999999998,0.17593880389429756,0.0478,0.0419,0.0059000000000000025,0.14081145584725543,0.0184,0.0228,-0.004400000000000001,-0.19298245614035092,0.0368,0.0318,0.0049999999999999975,0.15723270440251563,0.1287,0.1357,-0.0069999999999999785,-0.05158437730287383,0.0809,0.0788,0.0021000000000000046,0.02664974619289346,0.0478,0.0569,-0.009099999999999997,-0.15992970123022843,5.4779,5.5181,-0.04019999999999957,-0.007285116253782927,0.1341,0.0162,0.1179,7.277777777777779,1,0,1,0,1,1,0
2025,KC,14,trailing,league_multi_season,2023,2025,3,32,96,strong,548,strong,stable_team_sample,1,1,1,1,0.6296,0.6309,-0.0012999999999999678,-0.0020605484228878868,0.3704,0.3691,0.0013000000000000234,0.0035220807369277254,0.6296,0.6309,-0.0012999999999999678,-0.0020605484228878868,0.8303,0.7508,0.07950000000000002,0.10588705380927013,0.0347,0.1414,-0.10669999999999999,-0.7545968882602545,0.4325,0.4364,-0.0039000000000000146,-0.008936755270394166,0.2956,0.2961,-0.0005000000000000004,-0.0016886187098953073,0.0328,0.0393,-0.006499999999999999,-0.16539440203562336,0.0201,0.0315,-0.0114,-0.3619047619047619,0.0511,0.0472,0.0039000000000000007,0.08262711864406781,0.1241,0.1316,-0.007499999999999993,-0.05699088145896651,0.0876,0.0886,-0.0010000000000000009,-0.011286681715575632,0.0365,0.043,-0.006499999999999999,-0.1511627906976744,5.3431,5.3789,-0.035800000000000054,-0.006655635910688069,0.0633,-0.0215,0.08479999999999999,3.9441860465116276,0,1,1,0,1,0,0
2025,KC,15,leading_one_score,league_multi_season,2023,2025,3,32,96,strong,143,strong,stable_team_sample,1,1,1,1,0.6434,0.5341,0.10929999999999995,0.20464332521999615,0.3566,0.4659,-0.10930000000000001,-0.23459969950633186,0.6434,0.5341,0.10929999999999995,0.20464332521999615,0.7413,0.6624,0.07889999999999997,0.11911231884057967,0.014,0.075,-0.061,-0.8133333333333334,0.5035,0.4278,0.07569999999999993,0.17695184665731634,0.3636,0.2878,0.07579999999999998,0.26337734537873514,0.0559,0.0405,0.015399999999999997,0.3802469135802468,0.028,0.0244,0.003599999999999999,0.14754098360655732,0.035,0.0343,0.0007000000000000062,0.020408163265306305,0.1329,0.1347,-0.001799999999999996,-0.013363028953229371,0.0909,0.0826,0.008299999999999988,0.1004842615012105,0.042,0.052,-0.009999999999999995,-0.1923076923076922,5.7902,5.5713,0.21889999999999965,0.039290650297058076,0.1612,0.0136,0.1476,10.852941176470589,1,0,1,0,1,1,0
2025,KC,16,leading_two_plus_scores,league_multi_season,2023,2025,3,32,94,strong,129,strong,stable_team_sample,1,1,1,1,0.4496,0.4563,-0.006699999999999984,-0.014683322375630033,0.5504,0.5437,0.006700000000000039,0.012322972227331322,0.4496,0.4563,-0.006699999999999984,-0.014683322375630033,0.7752,0.5937,0.1815,0.3057099545224861,0.0078,0.0586,-0.0508,-0.8668941979522184,0.4496,0.4256,0.02400000000000002,0.056390977443609075,0.3101,0.2873,0.022799999999999987,0.0793595544726766,0.0388,0.0442,-0.005400000000000002,-0.1221719457013575,0.0078,0.0203,-0.012499999999999999,-0.6157635467980296,0.0388,0.0278,0.011000000000000003,0.3956834532374102,0.124,0.1375,-0.013500000000000012,-0.09818181818181826,0.0698,0.0728,-0.0030000000000000027,-0.04120879120879124,0.0543,0.0646,-0.010300000000000004,-0.15944272445820437,5.1318,5.4339,-0.30210000000000026,-0.05559542869762054,0.104,0.0204,0.0836,4.098039215686274,0,1,1,0,1,1,0
2025,KC,17,trailing_one_score,league_multi_season,2023,2025,3,32,96,strong,421,strong,stable_team_sample,1,1,1,1,0.6105,0.5968,0.013700000000000045,0.022955764075067102,0.3895,0.4032,-0.01369999999999999,-0.03397817460317458,0.6105,0.5968,0.013700000000000045,0.022955764075067102,0.8147,0.7163,0.09839999999999993,0.13737260924193764,0.0238,0.1048,-0.081,-0.7729007633587787,0.4347,0.4393,-0.0046000000000000485,-0.010471204188481785,0.2969,0.2967,0.00019999999999997797,0.0006740815638691539,0.0309,0.0391,-0.008200000000000002,-0.2097186700767264,0.0166,0.029,-0.012400000000000001,-0.42758620689655175,0.038,0.0417,-0.003700000000000002,-0.08872901678657079,0.114,0.1338,-0.019799999999999998,-0.14798206278026904,0.0736,0.0875,-0.013899999999999996,-0.1588571428571428,0.0404,0.0463,-0.0059000000000000025,-0.1274298056155508,5.1449,5.4685,-0.3235999999999999,-0.0591752765840724,0.0303,0.0002,0.030100000000000002,150.5,1,0,1,0,1,0,0
2025,KC,18,trailing_two_plus_scores,league_multi_season,2023,2025,3,32,96,strong,127,strong,stable_team_sample,1,1,1,1,0.6929,0.677,0.015899999999999914,0.023485967503692633,0.3071,0.323,-0.015900000000000025,-0.04922600619195054,0.6929,0.677,0.015899999999999914,0.023485967503692633,0.8819,0.7976,0.08430000000000004,0.10569207622868611,0.0709,0.1909,-0.11999999999999998,-0.6286013619696176,0.4252,0.4324,-0.007199999999999984,-0.016651248843663237,0.2913,0.2953,-0.0040000000000000036,-0.013545546901456158,0.0394,0.0395,-0.00010000000000000286,-0.0025316455696203256,0.0315,0.0349,-0.0034000000000000002,-0.09742120343839542,0.0945,0.0546,0.0399,0.7307692307692307,0.1575,0.1286,0.02890000000000001,0.22472783825816495,0.1339,0.0901,0.04379999999999999,0.48612652608213086,0.0236,0.0385,-0.0149,-0.38701298701298703,6.0,5.2578,0.7422000000000004,0.1411617026132604,0.1725,-0.0509,0.2234,4.388998035363457,1,0,1,0,1,0,1
2025,KC,19,tied_early_down,league_multi_season,2023,2025,3,32,96,strong,171,strong,stable_team_sample,1,1,1,1,0.5614,0.4983,0.06309999999999999,0.12663054384908687,0.4386,0.5017,-0.06310000000000004,-0.12577237392864268,0.5614,0.4983,0.06309999999999999,0.12663054384908687,0.7895,0.6059,0.18359999999999999,0.3030203003796006,0.0175,0.0718,-0.0543,-0.7562674094707521,0.4503,0.4418,0.008499999999999952,0.01923947487550917,0.2398,0.2572,-0.01739999999999997,-0.0676516329704509,0.0292,0.0358,-0.006599999999999998,-0.1843575418994413,0.0292,0.0219,0.007300000000000001,0.33333333333333337,0.0234,0.0267,-0.003300000000000001,-0.12359550561797755,0.1287,0.1285,0.00020000000000000573,0.0015564202334630796,0.0702,0.0731,-0.0029,-0.03967168262653899,0.0585,0.0554,0.0031000000000000055,0.05595667870036111,5.1287,5.4023,-0.27360000000000007,-0.05064509560742648,-0.0659,0.0018,-0.0677,-37.61111111111111,1,0,1,0,0,1,1
2025,KC,20,leading_early_down,league_multi_season,2023,2025,3,32,96,strong,214,strong,stable_team_sample,1,1,1,1,0.5234,0.4468,0.0766,0.17144136078782454,0.4766,0.5532,-0.0766,-0.13846710050614605,0.5234,0.4468,0.0766,0.17144136078782454,0.7243,0.5755,0.14880000000000004,0.25855777584708955,0.014,0.0709,-0.056900000000000006,-0.8025387870239775,0.4673,0.4235,0.043800000000000006,0.10342384887839436,0.2944,0.2496,0.044800000000000006,0.17948717948717952,0.0467,0.0375,0.0092,0.24533333333333335,0.0187,0.0206,-0.001899999999999999,-0.09223300970873781,0.0374,0.0228,0.014600000000000002,0.6403508771929826,0.1355,0.1332,0.0022999999999999965,0.01726726726726724,0.0794,0.0705,0.008900000000000005,0.12624113475177312,0.0561,0.0628,-0.006699999999999998,-0.10668789808917195,5.3832,5.5158,-0.13259999999999916,-0.024040030457956992,0.0857,0.0115,0.0742,6.452173913043478,1,0,1,0,1,1,1
2025,KC,21,trailing_early_down,league_multi_season,2023,2025,3,32,96,strong,412,strong,stable_team_sample,1,1,1,1,0.5995,0.5899,0.009600000000000053,0.01627394473639609,0.4005,0.4101,-0.009599999999999997,-0.02340892465252377,0.5995,0.5899,0.009600000000000053,0.01627394473639609,0.8083,0.7068,0.10150000000000003,0.14360498019241658,0.0461,0.15,-0.10389999999999999,-0.6926666666666667,0.4248,0.438,-0.01319999999999999,-0.03013698630136984,0.2524,0.2608,-0.008399999999999963,-0.03220858895705508,0.0267,0.0356,-0.008899999999999998,-0.24999999999999994,0.017,0.0281,-0.011099999999999999,-0.395017793594306,0.0364,0.0355,0.000900000000000005,0.02535211267605648,0.1214,0.1307,-0.009300000000000017,-0.07115531752104068,0.0825,0.0839,-0.0013999999999999985,-0.01668653158522048,0.0388,0.0468,-0.008,-0.17094017094017094,5.4903,5.4892,0.001100000000000101,0.0002003934999635832,0.0298,-0.0058,0.0356,6.137931034482759,1,0,1,0,1,0,0
2025,LA,1,all_offense,league_multi_season,2023,2025,3,32,96,strong,1056,strong,stable_team_sample,1,1,1,1,0.5843,0.5737,0.010600000000000054,0.018476555691127862,0.4157,0.4263,-0.010599999999999998,-0.02486511846117757,0.5843,0.5737,0.010600000000000054,0.018476555691127862,0.41,0.6967,-0.2867,-0.4115114109372758,0.0663,0.1039,-0.03760000000000001,-0.36188642925890285,0.518,0.4345,0.08350000000000002,0.19217491369390108,0.3466,0.2932,0.0534,0.18212824010914053,0.0616,0.0402,0.021400000000000002,0.5323383084577115,0.018,0.0274,-0.009400000000000002,-0.343065693430657,0.0218,0.0401,-0.018299999999999997,-0.45635910224438897,0.1563,0.1328,0.023499999999999993,0.17695783132530116,0.1061,0.0838,0.0223,0.266109785202864,0.0502,0.049,0.0011999999999999997,0.02448979591836734,6.3826,5.4305,0.9520999999999997,0.1753245557499309,0.1448,-0.0054,0.1502,27.814814814814813,1,0,0,0,1,1,1
2025,LA,2,early_down,league_multi_season,2023,2025,3,32,96,strong,838,strong,stable_team_sample,1,1,1,1,0.5453,0.5246,0.02070000000000005,0.03945863515059103,0.4547,0.4754,-0.020699999999999996,-0.04354228018510727,0.5453,0.5246,0.02070000000000005,0.03945863515059103,0.321,0.6436,-0.32259999999999994,-0.5012430080795525,0.0716,0.1086,-0.037000000000000005,-0.3406998158379374,0.531,0.4339,0.09710000000000002,0.2237842820926481,0.3222,0.2564,0.06579999999999997,0.2566302652106083,0.0597,0.0363,0.023400000000000004,0.6446280991735539,0.0143,0.0244,-0.010100000000000001,-0.4139344262295082,0.0203,0.0296,-0.009300000000000003,-0.31418918918918926,0.1599,0.1311,0.028799999999999992,0.21967963386727685,0.1026,0.0774,0.0252,0.32558139534883723,0.0573,0.0538,0.003499999999999996,0.06505576208178432,6.543,5.4816,1.0614,0.1936295971978984,0.1673,0.0014,0.1659,118.5,1,0,0,0,1,1,1
2025,LA,3,third_down,league_multi_season,2023,2025,3,32,96,strong,188,strong,stable_team_sample,1,1,1,1,0.766,0.7494,0.01660000000000006,0.022151054176674755,0.234,0.2506,-0.016599999999999976,-0.06624102154828403,0.766,0.7494,0.01660000000000006,0.022151054176674755,0.7979,0.8953,-0.09739999999999993,-0.10879034960348478,0.0532,0.0875,-0.0343,-0.392,0.4309,0.4242,0.006699999999999984,0.015794436586515755,0.4043,0.3997,0.004599999999999993,0.011508631473605186,0.0426,0.0487,-0.006100000000000001,-0.12525667351129366,0.0319,0.0359,-0.0040000000000000036,-0.11142061281337057,0.0266,0.0778,-0.051199999999999996,-0.6580976863753213,0.1383,0.1404,-0.0020999999999999908,-0.014957264957264892,0.1223,0.107,0.015300000000000008,0.14299065420560755,0.016,0.0333,-0.017300000000000003,-0.5195195195195196,5.4043,5.3482,0.05609999999999982,0.010489510489510455,-0.0964,-0.0507,-0.0457,-0.9013806706114398,1,0,0,0,0,1,0
2025,LA,4,fourth_down,league_multi_season,2023,2025,3,32,96,good,30,thin,small_team_sample,0,1,0,0,0.5333,0.6225,-0.08920000000000006,-0.14329317269076314,0.4667,0.3775,0.0892,0.23629139072847682,0.5333,0.6225,-0.08920000000000006,-0.14329317269076314,0.4667,0.675,-0.20830000000000004,-0.30859259259259264,0.0,0.0943,-0.0943,-1.0,0.7,0.5443,0.15569999999999995,0.28605548410802856,0.6667,0.5475,0.11919999999999997,0.2177168949771689,0.2333,0.0926,0.1407,1.5194384449244058,0.0333,0.0492,-0.015899999999999997,-0.323170731707317,0.0333,0.0504,-0.017099999999999997,-0.33928571428571425,0.1667,0.1209,0.045799999999999993,0.3788254755996691,0.1,0.0893,0.010700000000000001,0.11982082866741323,0.0667,0.0316,0.03509999999999999,1.1107594936708858,8.0333,4.5242,3.5091,0.7756288404579814,1.0281,0.1649,0.8632,5.234687689508793,0,1,0,0,1,1,1
2025,LA,5,short_yardage,league_multi_season,2023,2025,3,32,96,strong,129,strong,stable_team_sample,1,1,1,1,0.4186,0.3476,0.07100000000000001,0.2042577675489068,0.5814,0.6524,-0.07099999999999995,-0.10882893930104223,0.4186,0.3476,0.07100000000000001,0.2042577675489068,0.3256,0.5322,-0.2066,-0.3881999248402856,0.1008,0.1642,-0.06340000000000001,-0.38611449451887947,0.6667,0.5961,0.0706,0.11843650394229156,0.6822,0.6404,0.04180000000000006,0.06527170518425994,0.1938,0.1155,0.0783,0.6779220779220778,0.0078,0.0214,-0.0136,-0.6355140186915887,0.0078,0.0229,-0.0151,-0.6593886462882096,0.124,0.0906,0.0334,0.3686534216335541,0.0698,0.0453,0.0245,0.5408388520971302,0.0543,0.0453,0.009000000000000001,0.19867549668874174,5.0775,3.8797,1.1977999999999995,0.308735211485424,0.2668,0.0647,0.2021,3.1236476043276666,1,0,0,0,1,1,1
2025,LA,6,red_zone,league_multi_season,2023,2025,3,32,96,strong,198,strong,stable_team_sample,1,1,1,1,0.5657,0.5029,0.06279999999999997,0.12487572081924829,0.4343,0.4971,-0.06279999999999997,-0.1263327298330315,0.5657,0.5029,0.06279999999999997,0.12487572081924829,0.2929,0.6589,-0.36600000000000005,-0.5554712399453635,0.0253,0.0945,-0.0692,-0.7322751322751322,0.5152,0.4224,0.0928,0.2196969696969697,0.3687,0.313,0.05570000000000003,0.1779552715654953,0.2424,0.1961,0.04630000000000001,0.2361040285568588,0.0253,0.0258,-0.0005000000000000004,-0.019379844961240327,0.0152,0.0328,-0.017600000000000005,-0.5365853658536587,0.0455,0.0512,-0.005700000000000004,-0.11132812500000007,0.0202,0.0238,-0.0036000000000000025,-0.15126050420168077,0.0253,0.0274,-0.002100000000000001,-0.0766423357664234,3.3687,3.0,0.3687,0.12290000000000001,0.0603,-0.0022,0.0625,28.409090909090907,1,0,0,0,1,1,0
2025,LA,7,goal_to_go,league_multi_season,2023,2025,3,32,96,strong,91,good,usable_team_sample,1,1,0,1,0.5165,0.4757,0.04079999999999995,0.08576834139163327,0.4835,0.5243,-0.0408,-0.07781804310509251,0.5165,0.4757,0.04079999999999995,0.08576834139163327,0.2198,0.611,-0.3912,-0.6402618657937806,0.011,0.0861,-0.0751,-0.8722415795586528,0.5714,0.438,0.13340000000000002,0.30456621004566214,0.4176,0.3303,0.08730000000000004,0.26430517711171675,0.4176,0.3289,0.0887,0.2696868349042262,0.022,0.0243,-0.0023,-0.09465020576131687,0.0,0.0306,-0.0306,-1.0,0.0,0.0074,-0.0074,-1.0,0.0,0.0033,-0.0033,-1.0,0.0,0.0041,-0.0041,-1.0,2.3407,1.8044,0.5363,0.2972179117712259,0.3117,0.0097,0.302,31.1340206185567,1,0,0,0,1,1,0
2025,LA,8,two_minute_half,league_multi_season,2023,2025,3,32,96,strong,104,strong,stable_team_sample,1,1,1,1,0.7019,0.7349,-0.03300000000000003,-0.04490406858075933,0.2981,0.2651,0.032999999999999974,0.12448132780082978,0.7019,0.7349,-0.03300000000000003,-0.04490406858075933,0.7115,0.8778,-0.1663,-0.18945089997721576,0.2212,0.1634,0.05780000000000002,0.35373317013463906,0.5096,0.4231,0.08650000000000008,0.20444339399669129,0.3558,0.3007,0.05509999999999998,0.18323910874625865,0.0577,0.0467,0.011000000000000003,0.23554603854389727,0.0288,0.0356,-0.0068000000000000005,-0.1910112359550562,0.0288,0.0516,-0.0228,-0.4418604651162791,0.1635,0.1271,0.036400000000000016,0.28638867033831644,0.1346,0.094,0.0406,0.43191489361702123,0.0288,0.0331,-0.004299999999999998,-0.12990936555891233,6.625,5.26,1.3650000000000002,0.25950570342205326,0.1849,0.0083,0.1766,21.27710843373494,0,1,0,1,1,1,1
2025,LA,9,two_minute_game,league_multi_season,2023,2025,3,32,96,strong,40,thin,small_team_sample,0,1,0,0,0.625,0.6818,-0.05679999999999996,-0.0833088882370196,0.375,0.3182,0.05680000000000002,0.17850408548082974,0.625,0.6818,-0.05679999999999996,-0.0833088882370196,0.675,0.8173,-0.14229999999999998,-0.17410987397528443,0.2,0.1726,0.027400000000000008,0.15874855156431059,0.475,0.3942,0.08079999999999998,0.20497209538305425,0.3,0.2947,0.005299999999999971,0.01798439090600601,0.025,0.045,-0.019999999999999997,-0.4444444444444444,0.025,0.0394,-0.014399999999999996,-0.365482233502538,0.0,0.0504,-0.0504,-1.0,0.1,0.1268,-0.02679999999999999,-0.21135646687697154,0.075,0.0914,-0.016399999999999998,-0.17943107221006563,0.025,0.0354,-0.0104,-0.29378531073446323,6.8,5.037,1.763,0.3500099265435775,0.0957,-0.06,0.1557,2.595,0,1,0,1,1,1,0
2025,LA,10,one_score,league_multi_season,2023,2025,3,32,96,strong,739,strong,stable_team_sample,1,1,1,1,0.6225,0.565,0.05750000000000011,0.10176991150442498,0.3775,0.435,-0.057499999999999996,-0.132183908045977,0.6225,0.565,0.05750000000000011,0.10176991150442498,0.4141,0.6859,-0.27179999999999993,-0.39626767750400926,0.0717,0.0863,-0.014600000000000002,-0.16917728852838937,0.5264,0.4369,0.08949999999999997,0.20485236896314937,0.3599,0.2938,0.06609999999999999,0.22498298162014974,0.0609,0.0397,0.021200000000000004,0.5340050377833754,0.0217,0.0265,-0.004799999999999999,-0.18113207547169807,0.0217,0.0381,-0.0164,-0.4304461942257218,0.1651,0.1332,0.031899999999999984,0.23948948948948934,0.115,0.084,0.031,0.369047619047619,0.0501,0.0492,0.000899999999999998,0.01829268292682923,6.5589,5.4822,1.0767000000000007,0.19639925577322986,0.154,0.0035,0.1505,43.0,1,0,0,0,1,1,1
2025,LA,11,neutral_early_down,league_multi_season,2023,2025,3,32,96,strong,448,strong,stable_team_sample,1,1,1,1,0.5982,0.5215,0.07669999999999999,0.1470757430488974,0.4018,0.4785,-0.07669999999999999,-0.16029258098223614,0.5982,0.5215,0.07669999999999999,0.1470757430488974,0.3259,0.6282,-0.30229999999999996,-0.4812161731932505,0.0781,0.0855,-0.007400000000000004,-0.08654970760233922,0.5379,0.4391,0.09880000000000005,0.22500569346390356,0.3304,0.2537,0.07670000000000005,0.30232558139534904,0.0179,0.0109,0.006999999999999999,0.6422018348623852,0.0134,0.0226,-0.009199999999999998,-0.4070796460176991,0.0268,0.0278,-0.0009999999999999974,-0.03597122302158264,0.2098,0.1443,0.06549999999999997,0.4539154539154537,0.1473,0.0864,0.06089999999999998,0.7048611111111108,0.0625,0.058,0.004499999999999997,0.07758620689655167,7.4598,5.9339,1.5259,0.25714959807209425,0.1925,0.013,0.1795,13.807692307692308,1,0,0,0,1,1,1
2025,LA,12,tied,league_multi_season,2023,2025,3,32,96,strong,211,strong,stable_team_sample,1,1,1,1,0.6351,0.5522,0.08289999999999997,0.15012676566461422,0.3649,0.4478,-0.08289999999999997,-0.18512728896828937,0.6351,0.5522,0.08289999999999997,0.15012676566461422,0.4171,0.6675,-0.25039999999999996,-0.37513108614232205,0.0806,0.0716,0.009000000000000008,0.12569832402234649,0.5024,0.4433,0.05909999999999993,0.13331829460861702,0.3412,0.296,0.04520000000000002,0.15270270270270278,0.0616,0.0396,0.022,0.5555555555555555,0.0237,0.0252,-0.0015000000000000013,-0.059523809523809576,0.0047,0.0369,-0.0322,-0.8726287262872628,0.1137,0.1307,-0.017000000000000015,-0.1300688599846979,0.0806,0.0805,0.00010000000000000286,0.001242236024844756,0.0332,0.0502,-0.017,-0.33864541832669326,6.0995,5.406,0.6935000000000002,0.12828338882722906,0.1022,-0.0028,0.105,37.5,1,0,0,1,1,1,0
2025,LA,13,leading,league_multi_season,2023,2025,3,32,96,strong,478,strong,stable_team_sample,1,1,1,1,0.5188,0.504,0.014800000000000035,0.029365079365079434,0.4812,0.496,-0.01479999999999998,-0.029838709677419313,0.5188,0.504,0.014800000000000035,0.029365079365079434,0.3619,0.6358,-0.27390000000000003,-0.4307958477508651,0.046,0.0687,-0.022699999999999998,-0.33042212518195047,0.4979,0.4269,0.07100000000000001,0.16631529632232375,0.3264,0.2876,0.0388,0.1349095966620306,0.0649,0.0419,0.023,0.548926014319809,0.0084,0.0228,-0.014400000000000001,-0.6315789473684211,0.023,0.0318,-0.008800000000000002,-0.2767295597484277,0.1464,0.1357,0.010700000000000015,0.07885040530582178,0.0858,0.0788,0.007000000000000006,0.08883248730964476,0.0607,0.0569,0.003799999999999998,0.06678383128295251,5.8745,5.5181,0.3564000000000007,0.06458744857831514,0.1014,0.0162,0.0852,5.2592592592592595,1,0,0,0,1,1,1
2025,LA,14,trailing,league_multi_season,2023,2025,3,32,96,strong,367,strong,stable_team_sample,1,1,1,1,0.6403,0.6309,0.009399999999999964,0.01489935013472811,0.3597,0.3691,-0.009399999999999964,-0.02546735302086146,0.6403,0.6309,0.009399999999999964,0.01489935013472811,0.4687,0.7508,-0.2821,-0.37573255194459243,0.0845,0.1414,-0.05689999999999999,-0.40240452616690237,0.5531,0.4364,0.11670000000000003,0.2674152153987168,0.376,0.2961,0.07990000000000003,0.26984126984126994,0.0572,0.0393,0.0179,0.45547073791348597,0.0272,0.0315,-0.004300000000000002,-0.13650793650793655,0.03,0.0472,-0.0172,-0.364406779661017,0.1935,0.1316,0.06190000000000001,0.47036474164133746,0.1471,0.0886,0.05850000000000001,0.660270880361174,0.0463,0.043,0.0033000000000000043,0.07674418604651173,7.2071,5.3789,1.8281999999999998,0.33988361932737177,0.2258,-0.0215,0.2473,11.502325581395349,1,0,0,0,1,1,1
2025,LA,15,leading_one_score,league_multi_season,2023,2025,3,32,96,strong,218,strong,stable_team_sample,1,1,1,1,0.6147,0.5341,0.0806,0.1509080696498783,0.3853,0.4659,-0.0806,-0.17299849753165916,0.6147,0.5341,0.0806,0.1509080696498783,0.3532,0.6624,-0.3092,-0.46678743961352653,0.0505,0.075,-0.024499999999999994,-0.3266666666666666,0.5046,0.4278,0.07680000000000003,0.17952314165497904,0.3486,0.2878,0.06080000000000002,0.21125781792911752,0.0642,0.0405,0.023699999999999992,0.5851851851851849,0.0138,0.0244,-0.010600000000000002,-0.43442622950819676,0.0321,0.0343,-0.0022000000000000006,-0.06413994169096213,0.1743,0.1347,0.039600000000000024,0.293986636971047,0.1101,0.0826,0.027499999999999997,0.3329297820823244,0.0642,0.052,0.012199999999999996,0.23461538461538453,6.156,5.5713,0.5846999999999998,0.10494857573636311,0.0906,0.0136,0.077,5.661764705882353,1,0,0,0,1,1,1
2025,LA,16,leading_two_plus_scores,league_multi_season,2023,2025,3,32,94,strong,260,strong,stable_team_sample,1,1,1,1,0.4385,0.4563,-0.017799999999999983,-0.03900942362480821,0.5615,0.5437,0.017800000000000038,0.03273864263380548,0.4385,0.4563,-0.017799999999999983,-0.03900942362480821,0.3692,0.5937,-0.22450000000000003,-0.37813710628263436,0.0423,0.0586,-0.016300000000000002,-0.27815699658703075,0.4923,0.4256,0.06670000000000004,0.15671992481203018,0.3077,0.2873,0.020399999999999974,0.07100591715976322,0.0654,0.0442,0.021199999999999997,0.47963800904977366,0.0038,0.0203,-0.016499999999999997,-0.8128078817733989,0.0154,0.0278,-0.012399999999999998,-0.44604316546762585,0.1231,0.1375,-0.01440000000000001,-0.1047272727272728,0.0654,0.0728,-0.007400000000000004,-0.10164835164835169,0.0577,0.0646,-0.006900000000000003,-0.10681114551083595,5.6385,5.4339,0.20459999999999923,0.037652514768398246,0.1104,0.0204,0.09,4.411764705882352,0,1,0,0,1,1,0
2025,LA,17,trailing_one_score,league_multi_season,2023,2025,3,32,96,strong,310,strong,stable_team_sample,1,1,1,1,0.6194,0.5968,0.022599999999999953,0.03786863270777472,0.3806,0.4032,-0.02260000000000001,-0.056051587301587324,0.6194,0.5968,0.022599999999999953,0.03786863270777472,0.4548,0.7163,-0.26150000000000007,-0.3650705011866537,0.0806,0.1048,-0.0242,-0.23091603053435114,0.5581,0.4393,0.11880000000000002,0.2704302299112224,0.3806,0.2967,0.08389999999999997,0.2827772160431411,0.0581,0.0391,0.018999999999999996,0.485933503836317,0.0258,0.029,-0.0032000000000000015,-0.11034482758620694,0.0258,0.0417,-0.0159,-0.381294964028777,0.1935,0.1338,0.0597,0.4461883408071749,0.1419,0.0875,0.054400000000000004,0.6217142857142858,0.0516,0.0463,0.005299999999999999,0.11447084233261337,7.1548,5.4685,1.6863000000000001,0.3083660967358508,0.2338,0.0002,0.2336,1168.0,1,0,0,0,1,1,1
2025,LA,18,trailing_two_plus_scores,league_multi_season,2023,2025,3,32,96,strong,57,good,usable_team_sample,1,1,0,1,0.7544,0.677,0.07739999999999991,0.11432791728212689,0.2456,0.323,-0.0774,-0.2396284829721362,0.7544,0.677,0.07739999999999991,0.11432791728212689,0.5439,0.7976,-0.2536999999999999,-0.31807923771313934,0.1053,0.1909,-0.08559999999999998,-0.4484023048716605,0.5263,0.4324,0.09389999999999998,0.21716003700277517,0.3509,0.2953,0.05559999999999998,0.18828310193024037,0.0526,0.0395,0.0131,0.33164556962025316,0.0351,0.0349,0.0001999999999999988,0.005730659025787931,0.0526,0.0546,-0.0020000000000000018,-0.03663003663003666,0.193,0.1286,0.06440000000000001,0.500777604976672,0.1754,0.0901,0.0853,0.946725860155383,0.0175,0.0385,-0.020999999999999998,-0.5454545454545454,7.4912,5.2578,2.2334000000000005,0.42477842443607605,0.1821,-0.0509,0.233,4.577603143418468,1,0,0,0,1,1,1
2025,LA,19,tied_early_down,league_multi_season,2023,2025,3,32,96,strong,164,strong,stable_team_sample,1,1,1,1,0.6037,0.4983,0.1054,0.21151916516154926,0.3963,0.5017,-0.10540000000000005,-0.2100857085907914,0.6037,0.4983,0.1054,0.21151916516154926,0.3232,0.6059,-0.2827,-0.46657864334048527,0.0915,0.0718,0.019699999999999995,0.2743732590529247,0.5,0.4418,0.058199999999999974,0.13173381620642818,0.2927,0.2572,0.03550000000000003,0.13802488335925364,0.0549,0.0358,0.0191,0.5335195530726257,0.0244,0.0219,0.0025000000000000022,0.11415525114155262,0.0061,0.0267,-0.0206,-0.7715355805243446,0.122,0.1285,-0.006500000000000006,-0.05058365758754868,0.0854,0.0731,0.012300000000000005,0.16826265389876888,0.0366,0.0554,-0.018799999999999997,-0.3393501805054151,6.2195,5.4023,0.8171999999999997,0.15126890398533951,0.078,0.0018,0.0762,42.333333333333336,1,0,0,1,1,1,0
2025,LA,20,leading_early_down,league_multi_season,2023,2025,3,32,96,strong,379,strong,stable_team_sample,1,1,1,1,0.4644,0.4468,0.017600000000000005,0.03939122649955239,0.5356,0.5532,-0.01760000000000006,-0.03181489515545925,0.4644,0.4468,0.017600000000000005,0.03939122649955239,0.2744,0.5755,-0.30110000000000003,-0.5231972198088619,0.0501,0.0709,-0.020800000000000006,-0.29337094499294786,0.5251,0.4235,0.10160000000000002,0.23990554899645816,0.314,0.2496,0.06440000000000001,0.2580128205128206,0.0633,0.0375,0.025799999999999997,0.688,0.0079,0.0206,-0.0127,-0.616504854368932,0.0211,0.0228,-0.0017000000000000001,-0.07456140350877193,0.1478,0.1332,0.014599999999999974,0.1096096096096094,0.0792,0.0705,0.008700000000000013,0.12340425531914914,0.0686,0.0628,0.0058,0.09235668789808918,6.1187,5.5158,0.6029,0.10930418071721237,0.1618,0.0115,0.1503,13.069565217391304,1,0,0,0,1,1,1
2025,LA,21,trailing_early_down,league_multi_season,2023,2025,3,32,96,strong,295,strong,stable_team_sample,1,1,1,1,0.6169,0.5899,0.027000000000000024,0.04577046957111379,0.3831,0.4101,-0.027000000000000024,-0.06583760058522317,0.6169,0.5899,0.027000000000000024,0.04577046957111379,0.3797,0.7068,-0.3271,-0.46279003961516696,0.0881,0.15,-0.0619,-0.4126666666666667,0.5559,0.438,0.11789999999999995,0.2691780821917807,0.3492,0.2608,0.08840000000000003,0.3389570552147241,0.0576,0.0356,0.022,0.6179775280898876,0.0169,0.0281,-0.011200000000000002,-0.39857651245551606,0.0271,0.0355,-0.008399999999999998,-0.23661971830985912,0.1966,0.1307,0.06589999999999999,0.5042081101759753,0.1424,0.0839,0.058499999999999996,0.6972586412395708,0.0542,0.0468,0.007399999999999997,0.15811965811965806,7.2678,5.4892,1.7786,0.3240180718501785,0.224,-0.0058,0.2298,39.62068965517242,1,0,0,0,1,1,1
2025,LAC,1,all_offense,league_multi_season,2023,2025,3,32,96,strong,1079,strong,stable_team_sample,1,1,1,1,0.5792,0.5737,0.00550000000000006,0.009586892103887154,0.4208,0.4263,-0.005500000000000005,-0.012901712409101583,0.5792,0.5737,0.00550000000000006,0.009586892103887154,0.7146,0.6967,0.017900000000000027,0.025692550595665317,0.038,0.1039,-0.06590000000000001,-0.6342637151106835,0.431,0.4345,-0.003500000000000003,-0.008055235903337177,0.2827,0.2932,-0.01050000000000001,-0.03581173260572991,0.0352,0.0402,-0.0049999999999999975,-0.12437810945273625,0.0269,0.0274,-0.0005000000000000004,-0.018248175182481768,0.0556,0.0401,0.0155,0.3865336658354115,0.1233,0.1328,-0.009499999999999995,-0.07153614457831321,0.076,0.0838,-0.007800000000000001,-0.09307875894988069,0.0473,0.049,-0.0017000000000000001,-0.03469387755102041,5.2725,5.4305,-0.15800000000000036,-0.029094926802320294,-0.0245,-0.0054,-0.0191,-3.5370370370370368,1,0,1,0,0,0,0
2025,LAC,2,early_down,league_multi_season,2023,2025,3,32,96,strong,809,strong,stable_team_sample,1,1,1,1,0.5365,0.5246,0.011900000000000022,0.02268394967594362,0.4635,0.4754,-0.011899999999999966,-0.02503155237694566,0.5365,0.5246,0.011900000000000022,0.02268394967594362,0.6638,0.6436,0.020199999999999996,0.031385954008701054,0.0408,0.1086,-0.0678,-0.6243093922651933,0.4141,0.4339,-0.019799999999999984,-0.04563263424752243,0.22,0.2564,-0.036400000000000016,-0.14196567862714513,0.0334,0.0363,-0.0029,-0.07988980716253444,0.021,0.0244,-0.0034000000000000002,-0.13934426229508196,0.0482,0.0296,0.0186,0.6283783783783783,0.115,0.1311,-0.01609999999999999,-0.12280701754385957,0.0717,0.0774,-0.005699999999999997,-0.07364341085271314,0.0433,0.0538,-0.010500000000000002,-0.1951672862453532,5.0025,5.4816,-0.47909999999999986,-0.08740148861646231,-0.0454,0.0014,-0.0468,-33.42857142857143,1,0,1,0,0,0,0
2025,LAC,3,third_down,league_multi_season,2023,2025,3,32,96,strong,250,strong,stable_team_sample,1,1,1,1,0.716,0.7494,-0.033399999999999985,-0.04456898852415264,0.284,0.2506,0.033399999999999985,0.13328012769353545,0.716,0.7494,-0.033399999999999985,-0.04456898852415264,0.884,0.8953,-0.011299999999999977,-0.012621467664469985,0.028,0.0875,-0.0595,-0.68,0.476,0.4242,0.05179999999999996,0.12211221122112201,0.46,0.3997,0.06030000000000002,0.15086314736052045,0.04,0.0487,-0.0087,-0.1786447638603696,0.044,0.0359,0.008099999999999996,0.2256267409470751,0.08,0.0778,0.0022000000000000075,0.028277634961439688,0.144,0.1404,0.003599999999999992,0.025641025641025585,0.084,0.107,-0.022999999999999993,-0.21495327102803732,0.06,0.0333,0.026699999999999995,0.8018018018018016,6.064,5.3482,0.7157999999999998,0.13383942260947604,0.0214,-0.0507,0.0721,1.4220907297830374,0,1,0,0,1,1,1
2025,LAC,4,fourth_down,league_multi_season,2023,2025,3,32,96,good,20,thin,small_team_sample,0,1,0,0,0.6,0.6225,-0.022500000000000075,-0.03614457831325313,0.4,0.3775,0.02250000000000002,0.05960264900662257,0.6,0.6225,-0.022500000000000075,-0.03614457831325313,0.65,0.675,-0.025000000000000022,-0.03703703703703707,0.05,0.0943,-0.04429999999999999,-0.4697773064687168,0.55,0.5443,0.005700000000000038,0.010472166084879731,0.6,0.5475,0.05249999999999999,0.09589041095890409,0.05,0.0926,-0.0426,-0.46004319654427644,0.05,0.0492,0.0008000000000000021,0.01626016260162606,0.05,0.0504,-0.0003999999999999976,-0.00793650793650789,0.2,0.1209,0.07910000000000002,0.654259718775848,0.15,0.0893,0.06069999999999999,0.6797312430011196,0.05,0.0316,0.0184,0.5822784810126581,6.3,4.5242,1.7757999999999994,0.39251138322797385,0.247,0.1649,0.0821,0.4978775015160704,0,1,0,0,1,1,1
2025,LAC,5,short_yardage,league_multi_season,2023,2025,3,32,96,strong,109,strong,stable_team_sample,1,1,1,1,0.2752,0.3476,-0.07240000000000002,-0.20828538550057543,0.7248,0.6524,0.07240000000000002,0.11097486204782346,0.2752,0.3476,-0.07240000000000002,-0.20828538550057543,0.5505,0.5322,0.018299999999999983,0.0343855693348365,0.0734,0.1642,-0.0908,-0.5529841656516443,0.5596,0.5961,-0.03649999999999998,-0.06123133702398923,0.6055,0.6404,-0.03489999999999993,-0.05449718925671445,0.0917,0.1155,-0.0238,-0.20606060606060606,0.0183,0.0214,-0.0030999999999999986,-0.14485981308411208,0.0,0.0229,-0.0229,-1.0,0.0826,0.0906,-0.007999999999999993,-0.0883002207505518,0.0275,0.0453,-0.0178,-0.39293598233995586,0.055,0.0453,0.0097,0.2141280353200883,4.1376,3.8797,0.2578999999999998,0.06647421192360228,0.0887,0.0647,0.024000000000000007,0.3709428129829986,0,1,1,0,1,0,0
2025,LAC,6,red_zone,league_multi_season,2023,2025,3,32,96,strong,165,strong,stable_team_sample,1,1,1,1,0.5576,0.5029,0.05469999999999997,0.1087691389938357,0.4424,0.4971,-0.05469999999999997,-0.11003822168577745,0.5576,0.5029,0.05469999999999997,0.1087691389938357,0.6667,0.6589,0.007799999999999918,0.011837911670966638,0.0303,0.0945,-0.06420000000000001,-0.6793650793650794,0.4,0.4224,-0.022399999999999975,-0.05303030303030297,0.2848,0.313,-0.028200000000000003,-0.09009584664536742,0.1697,0.1961,-0.026400000000000007,-0.13462519122896485,0.0364,0.0258,0.010600000000000002,0.41085271317829464,0.0424,0.0328,0.009599999999999997,0.29268292682926816,0.0545,0.0512,0.0032999999999999974,0.06445312499999994,0.0303,0.0238,0.006499999999999999,0.2731092436974789,0.0242,0.0274,-0.0032000000000000015,-0.11678832116788326,2.7879,3.0,-0.21209999999999996,-0.07069999999999999,-0.0807,-0.0022,-0.0785,-35.68181818181818,1,0,1,0,0,0,1
2025,LAC,7,goal_to_go,league_multi_season,2023,2025,3,32,96,strong,54,good,usable_team_sample,1,1,0,1,0.5185,0.4757,0.04279999999999995,0.08997267185200745,0.4815,0.5243,-0.042800000000000005,-0.0816326530612245,0.5185,0.4757,0.04279999999999995,0.08997267185200745,0.6481,0.611,0.03710000000000002,0.06072013093289693,0.037,0.0861,-0.0491,-0.570267131242741,0.4259,0.438,-0.0121,-0.027625570776255708,0.3148,0.3303,-0.015499999999999958,-0.04692703602785334,0.3148,0.3289,-0.014100000000000001,-0.04287017330495591,0.0556,0.0243,0.031299999999999994,1.288065843621399,0.0556,0.0306,0.024999999999999998,0.8169934640522876,0.0185,0.0074,0.011099999999999999,1.4999999999999998,0.0185,0.0033,0.015199999999999998,4.6060606060606055,0.0,0.0041,-0.0041,-1.0,1.3889,1.8044,-0.4155,-0.230270450011084,-0.1366,0.0097,-0.14629999999999999,-15.082474226804122,1,0,1,0,0,0,1
2025,LAC,8,two_minute_half,league_multi_season,2023,2025,3,32,96,strong,125,strong,stable_team_sample,1,1,1,1,0.68,0.7349,-0.05489999999999995,-0.0747040413661722,0.32,0.2651,0.054900000000000004,0.2070916635231988,0.68,0.7349,-0.05489999999999995,-0.0747040413661722,0.864,0.8778,-0.013800000000000034,-0.015721120984278917,0.136,0.1634,-0.02739999999999998,-0.16768665850673184,0.456,0.4231,0.03290000000000004,0.07775939494209416,0.32,0.3007,0.019299999999999984,0.06418357166611234,0.064,0.0467,0.017300000000000003,0.3704496788008566,0.032,0.0356,-0.003599999999999999,-0.10112359550561795,0.032,0.0516,-0.0196,-0.3798449612403101,0.136,0.1271,0.008900000000000019,0.07002360346184122,0.112,0.094,0.018000000000000002,0.1914893617021277,0.024,0.0331,-0.009099999999999997,-0.2749244712990936,6.352,5.26,1.0920000000000005,0.2076045627376427,0.1657,0.0083,0.15739999999999998,18.963855421686745,0,1,0,0,1,1,1
2025,LAC,9,two_minute_game,league_multi_season,2023,2025,3,32,96,strong,47,thin,small_team_sample,0,1,0,0,0.5532,0.6818,-0.12859999999999994,-0.18861836315635075,0.4468,0.3182,0.1286,0.40414833438089254,0.5532,0.6818,-0.12859999999999994,-0.18861836315635075,0.8085,0.8173,-0.00880000000000003,-0.010767160161507439,0.1702,0.1726,-0.0024000000000000132,-0.013904982618771803,0.5319,0.3942,0.13770000000000004,0.3493150684931508,0.3617,0.2947,0.067,0.22734984730234137,0.0213,0.045,-0.0237,-0.5266666666666666,0.0,0.0394,-0.0394,-1.0,0.0213,0.0504,-0.0291,-0.5773809523809524,0.1277,0.1268,0.0009000000000000119,0.007097791798107349,0.0851,0.0914,-0.0063,-0.06892778993435449,0.0426,0.0354,0.007199999999999998,0.2033898305084745,5.7447,5.037,0.7077,0.14050029779630732,0.1333,-0.06,0.1933,3.2216666666666667,0,1,0,0,1,1,1
2025,LAC,10,one_score,league_multi_season,2023,2025,3,32,96,strong,678,strong,stable_team_sample,1,1,1,1,0.5678,0.565,0.0028000000000000247,0.0049557522123894245,0.4322,0.435,-0.0028000000000000247,-0.006436781609195459,0.5678,0.565,0.0028000000000000247,0.0049557522123894245,0.6903,0.6859,0.0044000000000000705,0.006414929289984066,0.0221,0.0863,-0.06420000000000001,-0.7439165701042875,0.441,0.4369,0.0040999999999999925,0.009384298466468282,0.2773,0.2938,-0.016500000000000015,-0.0561606535057863,0.0369,0.0397,-0.002799999999999997,-0.07052896725440798,0.0251,0.0265,-0.0013999999999999985,-0.05283018867924523,0.0546,0.0381,0.0165,0.4330708661417323,0.1121,0.1332,-0.021100000000000008,-0.15840840840840845,0.0678,0.084,-0.016200000000000006,-0.19285714285714292,0.0442,0.0492,-0.0049999999999999975,-0.10162601626016254,5.1976,5.4822,-0.2845999999999993,-0.051913465397103224,-0.0077,0.0035,-0.0112,-3.1999999999999997,1,0,1,0,0,1,0
2025,LAC,11,neutral_early_down,league_multi_season,2023,2025,3,32,96,strong,428,strong,stable_team_sample,1,1,1,1,0.5374,0.5215,0.015900000000000025,0.030488974113135236,0.4626,0.4785,-0.01589999999999997,-0.03322884012539179,0.5374,0.5215,0.015900000000000025,0.030488974113135236,0.6355,0.6282,0.007299999999999973,0.011620503024514443,0.0093,0.0855,-0.0762,-0.8912280701754386,0.4276,0.4391,-0.01150000000000001,-0.026189933955818746,0.2173,0.2537,-0.03639999999999999,-0.14347654710287738,0.0117,0.0109,0.0008000000000000004,0.07339449541284407,0.0187,0.0226,-0.0038999999999999972,-0.1725663716814158,0.0467,0.0278,0.0189,0.6798561151079137,0.1098,0.1443,-0.03450000000000002,-0.23908523908523918,0.0654,0.0864,-0.021000000000000005,-0.2430555555555556,0.0444,0.058,-0.013600000000000001,-0.23448275862068965,5.1799,5.9339,-0.7540000000000004,-0.1270665161192471,-0.0308,0.013,-0.0438,-3.3692307692307693,1,0,1,0,0,0,0
2025,LAC,12,tied,league_multi_season,2023,2025,3,32,96,strong,144,strong,stable_team_sample,1,1,1,1,0.5486,0.5522,-0.0036000000000000476,-0.00651937703730541,0.4514,0.4478,0.0036000000000000476,0.008039303260384207,0.5486,0.5522,-0.0036000000000000476,-0.00651937703730541,0.7153,0.6675,0.047800000000000065,0.07161048689138587,0.0208,0.0716,-0.0508,-0.7094972067039106,0.4306,0.4433,-0.012700000000000045,-0.028648770584254555,0.2569,0.296,-0.03909999999999997,-0.1320945945945945,0.0556,0.0396,0.015999999999999993,0.40404040404040387,0.0139,0.0252,-0.011300000000000001,-0.44841269841269843,0.0625,0.0369,0.025599999999999998,0.6937669376693766,0.1042,0.1307,-0.02650000000000001,-0.20275439938791132,0.0486,0.0805,-0.031900000000000005,-0.3962732919254659,0.0556,0.0502,0.005399999999999995,0.10756972111553775,5.4653,5.406,0.05930000000000035,0.010969293377728515,-0.0045,-0.0028,-0.0016999999999999997,-0.607142857142857,0,1,1,0,0,0,0
2025,LAC,13,leading,league_multi_season,2023,2025,3,32,96,strong,423,strong,stable_team_sample,1,1,1,1,0.4704,0.504,-0.03360000000000002,-0.06666666666666671,0.5296,0.496,0.03359999999999996,0.06774193548387089,0.4704,0.504,-0.03360000000000002,-0.06666666666666671,0.6501,0.6358,0.01429999999999998,0.022491349480968825,0.0236,0.0687,-0.0451,-0.6564774381368268,0.461,0.4269,0.03410000000000002,0.07987819161396116,0.3002,0.2876,0.0126,0.043810848400556324,0.0331,0.0419,-0.008800000000000002,-0.21002386634844875,0.0284,0.0228,0.005600000000000001,0.2456140350877193,0.0567,0.0318,0.0249,0.7830188679245282,0.1182,0.1357,-0.017499999999999988,-0.12896094325718488,0.0686,0.0788,-0.0102,-0.12944162436548226,0.0496,0.0569,-0.007300000000000001,-0.12829525483304044,5.3168,5.5181,-0.2012999999999998,-0.03647994780812233,0.0179,0.0162,0.0017000000000000001,0.10493827160493828,0,1,1,0,1,1,0
2025,LAC,14,trailing,league_multi_season,2023,2025,3,32,96,strong,512,strong,stable_team_sample,1,1,1,1,0.6777,0.6309,0.04679999999999995,0.07417974322396569,0.3223,0.3691,-0.04680000000000001,-0.12679490652939585,0.6777,0.6309,0.04679999999999995,0.07417974322396569,0.7676,0.7508,0.016799999999999926,0.022376132125732452,0.0547,0.1414,-0.0867,-0.6131541725601132,0.4063,0.4364,-0.030100000000000016,-0.06897341888175988,0.2754,0.2961,-0.020699999999999996,-0.06990881458966565,0.0313,0.0393,-0.008,-0.2035623409669211,0.0293,0.0315,-0.0022000000000000006,-0.06984126984126986,0.0527,0.0472,0.005499999999999998,0.11652542372881351,0.1328,0.1316,0.0012000000000000066,0.0091185410334347,0.0898,0.0886,0.0012000000000000066,0.01354401805869082,0.043,0.043,0.0,0.0,5.1816,5.3789,-0.19729999999999936,-0.036680362155831,-0.0651,-0.0215,-0.04360000000000001,-2.0279069767441866,1,0,1,0,0,0,1
2025,LAC,15,leading_one_score,league_multi_season,2023,2025,3,32,96,strong,264,strong,stable_team_sample,1,1,1,1,0.5076,0.5341,-0.026499999999999968,-0.049616176745927665,0.4924,0.4659,0.026500000000000024,0.05687915861772918,0.5076,0.5341,-0.026499999999999968,-0.049616176745927665,0.6667,0.6624,0.0042999999999999705,0.006491545893719763,0.0227,0.075,-0.0523,-0.6973333333333334,0.4773,0.4278,0.04949999999999999,0.11570827489481063,0.2955,0.2878,0.007699999999999985,0.026754690757470414,0.0341,0.0405,-0.006400000000000003,-0.15802469135802477,0.0303,0.0244,0.005899999999999999,0.24180327868852453,0.0568,0.0343,0.022500000000000006,0.6559766763848399,0.1098,0.1347,-0.02489999999999999,-0.18485523385300665,0.0682,0.0826,-0.01440000000000001,-0.17433414043583545,0.0417,0.052,-0.010299999999999997,-0.198076923076923,5.3068,5.5713,-0.26449999999999996,-0.047475454561771935,0.0411,0.0136,0.027499999999999997,2.0220588235294117,0,1,1,0,1,1,0
2025,LAC,16,leading_two_plus_scores,league_multi_season,2023,2025,3,32,94,strong,159,strong,stable_team_sample,1,1,1,1,0.4088,0.4563,-0.04749999999999999,-0.10409818102125792,0.5912,0.5437,0.04749999999999999,0.08736435534302003,0.4088,0.4563,-0.04749999999999999,-0.10409818102125792,0.6226,0.5937,0.028900000000000037,0.04867778339228573,0.0252,0.0586,-0.0334,-0.5699658703071673,0.434,0.4256,0.008400000000000019,0.019736842105263202,0.3082,0.2873,0.020899999999999974,0.07274625826662016,0.0314,0.0442,-0.012800000000000006,-0.2895927601809956,0.0252,0.0203,0.004900000000000002,0.24137931034482768,0.0566,0.0278,0.0288,1.0359712230215827,0.1321,0.1375,-0.005400000000000016,-0.03927272727272738,0.0692,0.0728,-0.003600000000000006,-0.04945054945054953,0.0629,0.0646,-0.001700000000000007,-0.026315789473684317,5.3333,5.4339,-0.10060000000000002,-0.018513406577228143,-0.0207,0.0204,-0.0411,-2.014705882352941,0,1,1,0,0,1,0
2025,LAC,17,trailing_one_score,league_multi_season,2023,2025,3,32,96,strong,270,strong,stable_team_sample,1,1,1,1,0.637,0.5968,0.040200000000000014,0.06735924932975873,0.363,0.4032,-0.040200000000000014,-0.09970238095238099,0.637,0.5968,0.040200000000000014,0.06735924932975873,0.7,0.7163,-0.016300000000000092,-0.022755828563451194,0.0222,0.1048,-0.0826,-0.7881679389312978,0.4111,0.4393,-0.028200000000000003,-0.06419303437286593,0.2704,0.2967,-0.026300000000000046,-0.08864172564880365,0.0296,0.0391,-0.009500000000000001,-0.24296675191815859,0.0259,0.029,-0.003100000000000002,-0.10689655172413799,0.0481,0.0417,0.006399999999999996,0.15347721822541957,0.1185,0.1338,-0.015300000000000008,-0.11434977578475342,0.0778,0.0875,-0.0097,-0.11085714285714286,0.0407,0.0463,-0.005600000000000001,-0.12095032397408209,4.9481,5.4685,-0.5203999999999995,-0.09516320746091242,-0.0572,0.0002,-0.0574,-287.0,1,0,0,0,0,0,0
2025,LAC,18,trailing_two_plus_scores,league_multi_season,2023,2025,3,32,96,strong,242,strong,stable_team_sample,1,1,1,1,0.7231,0.677,0.04609999999999992,0.06809453471196443,0.2769,0.323,-0.04610000000000003,-0.14272445820433446,0.7231,0.677,0.04609999999999992,0.06809453471196443,0.843,0.7976,0.045399999999999996,0.05692076228686058,0.0909,0.1909,-0.09999999999999999,-0.5238344683080146,0.4008,0.4324,-0.03160000000000002,-0.07308048103607774,0.281,0.2953,-0.01429999999999998,-0.04842533017270565,0.0331,0.0395,-0.006400000000000003,-0.16202531645569626,0.0331,0.0349,-0.001800000000000003,-0.051575931232091775,0.0579,0.0546,0.0032999999999999974,0.06043956043956039,0.1488,0.1286,0.020199999999999996,0.15707620528771382,0.1033,0.0901,0.013200000000000003,0.14650388457269703,0.0455,0.0385,0.006999999999999999,0.1818181818181818,5.4421,5.2578,0.18430000000000035,0.03505268363193738,-0.0739,-0.0509,-0.022999999999999993,-0.45186640471512757,1,0,1,0,0,0,1
2025,LAC,19,tied_early_down,league_multi_season,2023,2025,3,32,96,strong,108,strong,stable_team_sample,1,1,1,1,0.5093,0.4983,0.010999999999999954,0.022075055187637877,0.4907,0.5017,-0.01100000000000001,-0.021925453458241994,0.5093,0.4983,0.010999999999999954,0.022075055187637877,0.6574,0.6059,0.05149999999999999,0.08499752434395114,0.0278,0.0718,-0.044000000000000004,-0.6128133704735377,0.4259,0.4418,-0.015900000000000025,-0.03598913535536447,0.1944,0.2572,-0.0628,-0.2441679626749611,0.0463,0.0358,0.010500000000000002,0.2932960893854749,0.0185,0.0219,-0.0034000000000000002,-0.15525114155251143,0.0556,0.0267,0.028899999999999995,1.082397003745318,0.0741,0.1285,-0.054400000000000004,-0.4233463035019455,0.0185,0.0731,-0.054599999999999996,-0.746922024623803,0.0556,0.0554,0.0001999999999999988,0.003610108303249076,4.5833,5.4023,-0.819,-0.15160209540380948,-0.1164,0.0018,-0.1182,-65.66666666666667,1,0,1,0,0,0,0
2025,LAC,20,leading_early_down,league_multi_season,2023,2025,3,32,96,strong,322,strong,stable_team_sample,1,1,1,1,0.4255,0.4468,-0.021299999999999986,-0.047672336615935514,0.5745,0.5532,0.021299999999999986,0.03850325379609542,0.4255,0.4468,-0.021299999999999986,-0.047672336615935514,0.5963,0.5755,0.02080000000000004,0.036142484795829787,0.0248,0.0709,-0.0461,-0.6502115655853314,0.4379,0.4235,0.014400000000000024,0.034002361275088606,0.2329,0.2496,-0.016699999999999993,-0.06690705128205125,0.0342,0.0375,-0.0032999999999999974,-0.08799999999999994,0.0217,0.0206,0.0011000000000000003,0.053398058252427195,0.0466,0.0228,0.0238,1.0438596491228072,0.118,0.1332,-0.015200000000000019,-0.11411411411411425,0.0683,0.0705,-0.0021999999999999936,-0.03120567375886516,0.0497,0.0628,-0.013099999999999994,-0.2085987261146496,5.236,5.5158,-0.2797999999999998,-0.050727002429384646,-0.0086,0.0115,-0.0201,-1.7478260869565219,0,1,1,0,0,1,0
2025,LAC,21,trailing_early_down,league_multi_season,2023,2025,3,32,96,strong,379,strong,stable_team_sample,1,1,1,1,0.6385,0.5899,0.04859999999999998,0.08238684522800471,0.3615,0.4101,-0.04860000000000003,-0.11850768105340168,0.6385,0.5899,0.04859999999999998,0.08238684522800471,0.723,0.7068,0.016199999999999992,0.022920203735144303,0.058,0.15,-0.092,-0.6133333333333334,0.3905,0.438,-0.04749999999999999,-0.10844748858447485,0.2164,0.2608,-0.04439999999999997,-0.170245398773006,0.029,0.0356,-0.006599999999999998,-0.18539325842696625,0.0211,0.0281,-0.006999999999999999,-0.24911032028469748,0.0475,0.0355,0.012000000000000004,0.33802816901408467,0.124,0.1307,-0.0067000000000000115,-0.05126243305279274,0.0897,0.0839,0.0058,0.06912991656734206,0.0343,0.0468,-0.012500000000000004,-0.2670940170940172,4.9235,5.4892,-0.5657000000000005,-0.10305691175398975,-0.0564,-0.0058,-0.0506,-8.724137931034484,1,0,1,0,0,0,0
2025,LV,1,all_offense,league_multi_season,2023,2025,3,32,96,strong,939,strong,stable_team_sample,1,1,1,1,0.6134,0.5737,0.03969999999999996,0.06919993027714827,0.3866,0.4263,-0.03970000000000001,-0.09312690593478773,0.6134,0.5737,0.03969999999999996,0.06919993027714827,0.6635,0.6967,-0.03320000000000001,-0.047653222333859636,0.0873,0.1039,-0.016600000000000004,-0.1597690086621752,0.3759,0.4345,-0.058599999999999985,-0.134867663981588,0.2471,0.2932,-0.04610000000000003,-0.15723055934515698,0.0277,0.0402,-0.0125,-0.3109452736318408,0.0298,0.0274,0.0023999999999999994,0.08759124087591239,0.0682,0.0401,0.0281,0.7007481296758106,0.1022,0.1328,-0.030600000000000002,-0.23042168674698796,0.0692,0.0838,-0.014600000000000002,-0.1742243436754177,0.033,0.049,-0.016,-0.32653061224489793,4.4452,5.4305,-0.9853000000000005,-0.18143817328054515,-0.2152,-0.0054,-0.20980000000000001,-38.851851851851855,1,0,0,0,0,0,0
2025,LV,2,early_down,league_multi_season,2023,2025,3,32,96,strong,694,strong,stable_team_sample,1,1,1,1,0.5648,0.5246,0.040200000000000014,0.0766298131910027,0.4352,0.4754,-0.040200000000000014,-0.08456037021455619,0.5648,0.5246,0.040200000000000014,0.0766298131910027,0.6037,0.6436,-0.039899999999999936,-0.06199502796768169,0.0965,0.1086,-0.0121,-0.11141804788213627,0.3746,0.4339,-0.05930000000000002,-0.13666743489283248,0.2104,0.2564,-0.04600000000000001,-0.17940717628705152,0.0259,0.0363,-0.0104,-0.2865013774104683,0.0245,0.0244,9.99999999999994e-05,0.00409836065573768,0.0476,0.0296,0.018000000000000002,0.6081081081081081,0.1052,0.1311,-0.025899999999999992,-0.19755911517925243,0.0648,0.0774,-0.0126,-0.16279069767441862,0.0403,0.0538,-0.013499999999999998,-0.25092936802973975,4.5965,5.4816,-0.8851000000000004,-0.16146745475773505,-0.1727,0.0014,-0.1741,-124.35714285714286,1,0,0,0,0,0,0
2025,LV,3,third_down,league_multi_season,2023,2025,3,32,96,strong,213,strong,stable_team_sample,1,1,1,1,0.77,0.7494,0.020600000000000063,0.027488657592740946,0.23,0.2506,-0.02059999999999998,-0.08220271348762961,0.77,0.7494,0.020600000000000063,0.027488657592740946,0.8779,0.8953,-0.01739999999999997,-0.019434826315201575,0.061,0.0875,-0.026499999999999996,-0.3028571428571428,0.3709,0.4242,-0.053300000000000014,-0.12564827911362567,0.3427,0.3997,-0.056999999999999995,-0.14260695521641228,0.0282,0.0487,-0.0205,-0.4209445585215606,0.0469,0.0359,0.010999999999999996,0.30640668523676867,0.1221,0.0778,0.044300000000000006,0.5694087403598973,0.0986,0.1404,-0.041800000000000004,-0.29772079772079774,0.0845,0.107,-0.022499999999999992,-0.21028037383177564,0.0141,0.0333,-0.019200000000000002,-0.5765765765765766,4.3192,5.3482,-1.029,-0.19240118170599452,-0.2896,-0.0507,-0.23890000000000003,-4.712031558185405,1,0,0,0,0,0,0
2025,LV,4,fourth_down,league_multi_season,2023,2025,3,32,96,good,32,thin,small_team_sample,0,1,0,0,0.625,0.6225,0.0024999999999999467,0.004016064257028026,0.375,0.3775,-0.0025000000000000022,-0.006622516556291397,0.625,0.6225,0.0024999999999999467,0.004016064257028026,0.5313,0.675,-0.14370000000000005,-0.21288888888888896,0.0625,0.0943,-0.031799999999999995,-0.33722163308589603,0.4375,0.5443,-0.1068,-0.1962153224324821,0.4063,0.5475,-0.1412,-0.2578995433789954,0.0625,0.0926,-0.030100000000000002,-0.3250539956803456,0.0313,0.0492,-0.0179,-0.36382113821138207,0.1563,0.0504,0.1059,2.1011904761904763,0.0625,0.1209,-0.058399999999999994,-0.4830438378825475,0.0625,0.0893,-0.026800000000000004,-0.30011198208286677,0.0,0.0316,-0.0316,-1.0,2.0,4.5242,-2.5242000000000004,-0.5579328942133416,-0.6399,0.1649,-0.8048,-4.880533656761674,1,0,0,0,0,0,0
2025,LV,5,short_yardage,league_multi_season,2023,2025,3,32,96,strong,98,good,usable_team_sample,1,1,0,1,0.449,0.3476,0.10139999999999999,0.2917146144994246,0.551,0.6524,-0.10139999999999993,-0.15542611894543215,0.449,0.3476,0.10139999999999999,0.2917146144994246,0.4796,0.5322,-0.05259999999999998,-0.09883502442690714,0.102,0.1642,-0.06220000000000002,-0.37880633373934236,0.5102,0.5961,-0.08589999999999998,-0.14410333836604594,0.5306,0.6404,-0.10980000000000001,-0.17145534041224236,0.0408,0.1155,-0.0747,-0.6467532467532467,0.0306,0.0214,0.0092,0.42990654205607476,0.0204,0.0229,-0.0024999999999999988,-0.10917030567685584,0.0918,0.0906,0.0012000000000000066,0.013245033112582854,0.051,0.0453,0.005699999999999997,0.12582781456953634,0.0408,0.0453,-0.004499999999999997,-0.0993377483443708,3.4694,3.8797,-0.41030000000000033,-0.1057555996597676,-0.2196,0.0647,-0.2843,-4.394126738794436,1,0,0,0,0,0,1
2025,LV,6,red_zone,league_multi_season,2023,2025,3,32,96,strong,114,strong,stable_team_sample,1,1,1,1,0.5965,0.5029,0.09360000000000002,0.18612050109365683,0.4035,0.4971,-0.09359999999999996,-0.188292094146047,0.5965,0.5029,0.09360000000000002,0.18612050109365683,0.7281,0.6589,0.06919999999999993,0.10502352405524347,0.0439,0.0945,-0.0506,-0.5354497354497354,0.3421,0.4224,-0.08029999999999998,-0.19010416666666663,0.2982,0.313,-0.01479999999999998,-0.04728434504792326,0.1579,0.1961,-0.038199999999999984,-0.19479857215706264,0.0351,0.0258,0.0093,0.36046511627906974,0.0526,0.0328,0.019799999999999998,0.6036585365853657,0.0351,0.0512,-0.016100000000000003,-0.31445312500000006,0.0175,0.0238,-0.0063,-0.2647058823529412,0.0175,0.0274,-0.009899999999999999,-0.36131386861313863,2.2982,3.0,-0.7018,-0.23393333333333333,-0.1548,-0.0022,-0.15259999999999999,-69.36363636363636,1,0,1,0,0,0,0
2025,LV,7,goal_to_go,league_multi_season,2023,2025,3,32,96,strong,40,thin,small_team_sample,0,1,0,0,0.65,0.4757,0.1743,0.3664073996216103,0.35,0.5243,-0.1743,-0.3324432576769026,0.65,0.4757,0.1743,0.3664073996216103,0.725,0.611,0.11399999999999999,0.18657937806873975,0.025,0.0861,-0.061099999999999995,-0.7096399535423925,0.325,0.438,-0.11299999999999999,-0.25799086757990863,0.3,0.3303,-0.030299999999999994,-0.09173478655767482,0.3,0.3289,-0.028900000000000037,-0.0878686530860445,0.0,0.0243,-0.0243,-1.0,0.05,0.0306,0.019400000000000004,0.6339869281045754,0.0,0.0074,-0.0074,-1.0,0.0,0.0033,-0.0033,-1.0,0.0,0.0041,-0.0041,-1.0,1.175,1.8044,-0.6294,-0.34881401019729547,-0.0904,0.0097,-0.1001,-10.319587628865978,1,0,1,0,0,0,0
2025,LV,8,two_minute_half,league_multi_season,2023,2025,3,32,96,strong,99,good,usable_team_sample,1,1,0,1,0.7374,0.7349,0.0025000000000000577,0.0034018233773303276,0.2626,0.2651,-0.0025000000000000022,-0.009430403621274999,0.7374,0.7349,0.0025000000000000577,0.0034018233773303276,0.9192,0.8778,0.04139999999999999,0.04716336295283663,0.2121,0.1634,0.04870000000000002,0.2980416156670748,0.4141,0.4231,-0.008999999999999952,-0.021271567005435955,0.303,0.3007,0.0022999999999999687,0.007648819421350078,0.0404,0.0467,-0.0063,-0.13490364025695933,0.0303,0.0356,-0.005299999999999999,-0.148876404494382,0.0808,0.0516,0.029199999999999997,0.565891472868217,0.1111,0.1271,-0.015999999999999986,-0.12588512981904001,0.0909,0.094,-0.0031000000000000055,-0.03297872340425538,0.0202,0.0331,-0.012899999999999998,-0.38972809667673713,4.7778,5.26,-0.48219999999999974,-0.09167300380228133,-0.033,0.0083,-0.0413,-4.975903614457832,1,0,1,1,0,0,0
2025,LV,9,two_minute_game,league_multi_season,2023,2025,3,32,96,strong,41,thin,small_team_sample,0,1,0,0,0.6098,0.6818,-0.07199999999999995,-0.10560281607509528,0.3902,0.3182,0.07200000000000001,0.22627278441231932,0.6098,0.6818,-0.07199999999999995,-0.10560281607509528,0.878,0.8173,0.060699999999999976,0.07426893429585217,0.2439,0.1726,0.0713,0.4130938586326767,0.439,0.3942,0.044800000000000006,0.1136478944698123,0.2683,0.2947,-0.026400000000000035,-0.08958262639972865,0.0488,0.045,0.0038000000000000048,0.08444444444444456,0.0,0.0394,-0.0394,-1.0,0.0732,0.0504,0.0228,0.4523809523809524,0.122,0.1268,-0.004799999999999999,-0.037854889589905356,0.122,0.0914,0.030600000000000002,0.33479212253829327,0.0,0.0354,-0.0354,-1.0,5.439,5.037,0.40200000000000014,0.07980941036331152,-0.0329,-0.06,0.0271,0.45166666666666666,0,1,1,1,1,1,0
2025,LV,10,one_score,league_multi_season,2023,2025,3,32,96,strong,555,strong,stable_team_sample,1,1,1,1,0.5712,0.565,0.006200000000000094,0.010973451327433796,0.4288,0.435,-0.006199999999999983,-0.014252873563218353,0.5712,0.565,0.006200000000000094,0.010973451327433796,0.6072,0.6859,-0.07869999999999999,-0.11473975798221314,0.0595,0.0863,-0.026800000000000004,-0.31054461181923526,0.3838,0.4369,-0.053100000000000036,-0.12153810940718708,0.2486,0.2938,-0.04520000000000002,-0.1538461538461539,0.0306,0.0397,-0.0091,-0.2292191435768262,0.0306,0.0265,0.0040999999999999995,0.15471698113207547,0.0703,0.0381,0.0322,0.8451443569553805,0.1081,0.1332,-0.02510000000000001,-0.1884384384384385,0.0685,0.084,-0.0155,-0.1845238095238095,0.0396,0.0492,-0.009599999999999997,-0.19512195121951215,4.5081,5.4822,-0.9741,-0.17768414140308636,-0.2048,0.0035,-0.2083,-59.51428571428572,1,0,0,0,0,0,0
2025,LV,11,neutral_early_down,league_multi_season,2023,2025,3,32,96,strong,359,strong,stable_team_sample,1,1,1,1,0.5042,0.5215,-0.017299999999999982,-0.03317353787152442,0.4958,0.4785,0.017300000000000038,0.03615464994775348,0.5042,0.5215,-0.017299999999999982,-0.03317353787152442,0.5097,0.6282,-0.11849999999999994,-0.1886341929321871,0.0557,0.0855,-0.029800000000000007,-0.3485380116959065,0.3844,0.4391,-0.05469999999999997,-0.12457299020724202,0.2061,0.2537,-0.047599999999999976,-0.18762317698068576,0.0028,0.0109,-0.0081,-0.7431192660550459,0.0251,0.0226,0.0025000000000000022,0.11061946902654878,0.0418,0.0278,0.013999999999999999,0.5035971223021583,0.117,0.1443,-0.027300000000000005,-0.1891891891891892,0.0641,0.0864,-0.0223,-0.25810185185185186,0.0529,0.058,-0.0051,-0.08793103448275862,5.0167,5.9339,-0.9172000000000002,-0.15456950740659603,-0.1563,0.013,-0.1693,-13.023076923076925,0,1,0,0,0,0,0
2025,LV,12,tied,league_multi_season,2023,2025,3,32,96,strong,186,strong,stable_team_sample,1,1,1,1,0.6129,0.5522,0.060699999999999976,0.1099239406012314,0.3871,0.4478,-0.060699999999999976,-0.1355515855292541,0.6129,0.5522,0.060699999999999976,0.1099239406012314,0.5806,0.6675,-0.08689999999999998,-0.13018726591760296,0.0645,0.0716,-0.007099999999999995,-0.0991620111731843,0.3656,0.4433,-0.07770000000000005,-0.17527633656665925,0.2312,0.296,-0.0648,-0.21891891891891893,0.0215,0.0396,-0.018100000000000005,-0.4570707070707072,0.043,0.0252,0.017799999999999996,0.7063492063492062,0.0699,0.0369,0.033,0.8943089430894309,0.0806,0.1307,-0.050100000000000006,-0.38332058148431525,0.0591,0.0805,-0.021400000000000002,-0.2658385093167702,0.0215,0.0502,-0.028700000000000003,-0.5717131474103586,3.8978,5.406,-1.5081999999999995,-0.2789863115057343,-0.3501,-0.0028,-0.3473,-124.03571428571429,1,0,0,0,0,0,0
2025,LV,13,leading,league_multi_season,2023,2025,3,32,96,strong,135,strong,stable_team_sample,1,1,1,1,0.5111,0.504,0.007099999999999995,0.014087301587301577,0.4889,0.496,-0.007099999999999995,-0.014314516129032248,0.5111,0.504,0.007099999999999995,0.014087301587301577,0.563,0.6358,-0.07280000000000009,-0.11450141553947796,0.0296,0.0687,-0.039099999999999996,-0.569141193595342,0.3407,0.4269,-0.0862,-0.20192082454907473,0.2222,0.2876,-0.06540000000000001,-0.22739916550764955,0.0222,0.0419,-0.0197,-0.4701670644391408,0.037,0.0228,0.014199999999999997,0.6228070175438595,0.0519,0.0318,0.0201,0.6320754716981132,0.1259,0.1357,-0.009799999999999975,-0.0722181282240234,0.0815,0.0788,0.002700000000000008,0.03426395939086305,0.0444,0.0569,-0.012499999999999997,-0.21968365553602806,5.0222,5.5181,-0.4958999999999998,-0.08986788930972614,-0.3148,0.0162,-0.331,-20.4320987654321,1,0,0,0,0,0,0
2025,LV,14,trailing,league_multi_season,2023,2025,3,32,96,strong,618,strong,stable_team_sample,1,1,1,1,0.6359,0.6309,0.0050000000000000044,0.007925186241876691,0.3641,0.3691,-0.0050000000000000044,-0.013546464372798711,0.6359,0.6309,0.0050000000000000044,0.007925186241876691,0.7104,0.7508,-0.04039999999999999,-0.05380927011188065,0.1068,0.1414,-0.03459999999999999,-0.24469589816124465,0.3867,0.4364,-0.04970000000000002,-0.11388634280476631,0.2573,0.2961,-0.0388,-0.13103681188787572,0.0307,0.0393,-0.0086,-0.2188295165394402,0.0243,0.0315,-0.0072000000000000015,-0.22857142857142862,0.0712,0.0472,0.024,0.5084745762711864,0.1036,0.1316,-0.027999999999999997,-0.21276595744680848,0.0696,0.0886,-0.019000000000000003,-0.21444695259593682,0.034,0.043,-0.008999999999999994,-0.20930232558139522,4.4838,5.3789,-0.8951000000000002,-0.1664094889289632,-0.1528,-0.0215,-0.1313,-6.106976744186047,1,0,0,0,0,0,0
2025,LV,15,leading_one_score,league_multi_season,2023,2025,3,32,96,strong,98,good,usable_team_sample,1,1,0,1,0.551,0.5341,0.016900000000000026,0.031642014604006785,0.449,0.4659,-0.01689999999999997,-0.036273878514702665,0.551,0.5341,0.016900000000000026,0.031642014604006785,0.6122,0.6624,-0.05020000000000002,-0.0757850241545894,0.0306,0.075,-0.044399999999999995,-0.592,0.3163,0.4278,-0.11149999999999999,-0.2606358111266947,0.2041,0.2878,-0.0837,-0.29082696316886725,0.0204,0.0405,-0.0201,-0.4962962962962963,0.0408,0.0244,0.0164,0.6721311475409836,0.0714,0.0343,0.03710000000000001,1.0816326530612248,0.1327,0.1347,-0.001999999999999974,-0.014847809948032474,0.0714,0.0826,-0.011200000000000002,-0.13559322033898305,0.0612,0.052,0.0092,0.17692307692307693,4.7755,5.5713,-0.7957999999999998,-0.14283919372498338,-0.3978,0.0136,-0.4114,-30.25,1,0,0,0,0,0,0
2025,LV,16,leading_two_plus_scores,league_multi_season,2023,2025,3,32,94,strong,37,thin,small_team_sample,0,1,0,0,0.4054,0.4563,-0.0509,-0.11154941924172694,0.5946,0.5437,0.050900000000000056,0.09361780393599423,0.4054,0.4563,-0.0509,-0.11154941924172694,0.4324,0.5937,-0.1613,-0.2716860367188816,0.027,0.0586,-0.0316,-0.5392491467576792,0.4054,0.4256,-0.020199999999999996,-0.04746240601503759,0.2703,0.2873,-0.017000000000000015,-0.05917159763313615,0.027,0.0442,-0.017200000000000003,-0.38914027149321273,0.027,0.0203,0.006700000000000001,0.33004926108374394,0.0,0.0278,-0.0278,-1.0,0.1081,0.1375,-0.02940000000000001,-0.21381818181818188,0.1081,0.0728,0.0353,0.48489010989010983,0.0,0.0646,-0.0646,-1.0,5.6757,5.4339,0.24179999999999957,0.04449842654447074,-0.0948,0.0204,-0.1152,-5.647058823529411,0,1,0,0,0,0,0
2025,LV,17,trailing_one_score,league_multi_season,2023,2025,3,32,96,strong,271,strong,stable_team_sample,1,1,1,1,0.5498,0.5968,-0.04700000000000004,-0.07875335120643438,0.4502,0.4032,0.046999999999999986,0.11656746031746028,0.5498,0.5968,-0.04700000000000004,-0.07875335120643438,0.6236,0.7163,-0.0927,-0.1294150495602401,0.0664,0.1048,-0.038400000000000004,-0.366412213740458,0.4207,0.4393,-0.018600000000000005,-0.042340086501252004,0.2768,0.2967,-0.01990000000000003,-0.0670711156049883,0.0406,0.0391,0.0014999999999999944,0.038363171355498576,0.0185,0.029,-0.010500000000000002,-0.36206896551724144,0.0701,0.0417,0.028399999999999995,0.6810551558752996,0.1181,0.1338,-0.015700000000000006,-0.11733931240657702,0.0738,0.0875,-0.01369999999999999,-0.15657142857142847,0.0443,0.0463,-0.0020000000000000018,-0.04319654427645792,4.8303,5.4685,-0.6381999999999994,-0.11670476364633803,-0.0352,0.0002,-0.0354,-177.0,0,1,0,0,0,0,0
2025,LV,18,trailing_two_plus_scores,league_multi_season,2023,2025,3,32,96,strong,347,strong,stable_team_sample,1,1,1,1,0.7032,0.677,0.0262,0.038700147710487444,0.2968,0.323,-0.0262,-0.08111455108359134,0.7032,0.677,0.0262,0.038700147710487444,0.7781,0.7976,-0.019499999999999962,-0.02444834503510527,0.1383,0.1909,-0.05259999999999998,-0.27553693033001564,0.3602,0.4324,-0.07219999999999999,-0.16697502312673448,0.2421,0.2953,-0.0532,-0.18015577378936673,0.0231,0.0395,-0.0164,-0.41518987341772157,0.0288,0.0349,-0.006100000000000001,-0.174785100286533,0.072,0.0546,0.017399999999999992,0.3186813186813185,0.0922,0.1286,-0.03639999999999999,-0.2830482115085536,0.0663,0.0901,-0.0238,-0.2641509433962264,0.0259,0.0385,-0.0126,-0.32727272727272727,4.2133,5.2578,-1.0444999999999993,-0.19865723306325828,-0.2446,-0.0509,-0.1937,-3.8055009823182715,1,0,0,0,0,0,0
2025,LV,19,tied_early_down,league_multi_season,2023,2025,3,32,96,strong,139,strong,stable_team_sample,1,1,1,1,0.554,0.4983,0.05570000000000003,0.11178005217740322,0.446,0.5017,-0.05570000000000003,-0.11102252342037079,0.554,0.4983,0.05570000000000003,0.11178005217740322,0.5036,0.6059,-0.10229999999999995,-0.16883974253177084,0.0719,0.0718,0.00010000000000000286,0.0013927576601671708,0.3597,0.4418,-0.0821,-0.18583069262109553,0.1871,0.2572,-0.0701,-0.2725505443234837,0.0072,0.0358,-0.0286,-0.7988826815642458,0.0288,0.0219,0.0069,0.3150684931506849,0.036,0.0267,0.009299999999999996,0.34831460674157283,0.0791,0.1285,-0.0494,-0.3844357976653696,0.0576,0.0731,-0.0155,-0.21203830369357046,0.0216,0.0554,-0.0338,-0.6101083032490975,4.259,5.4023,-1.1433,-0.21163208263147176,-0.2938,0.0018,-0.29560000000000003,-164.22222222222226,1,0,0,1,0,0,0
2025,LV,20,leading_early_down,league_multi_season,2023,2025,3,32,96,strong,99,good,usable_team_sample,1,1,0,1,0.4242,0.4468,-0.022599999999999953,-0.05058191584601601,0.5758,0.5532,0.022599999999999953,0.04085321764280541,0.4242,0.4468,-0.022599999999999953,-0.05058191584601601,0.4949,0.5755,-0.0806,-0.14005212858384014,0.0303,0.0709,-0.040600000000000004,-0.5726375176304654,0.3232,0.4235,-0.1003,-0.23683589138134595,0.1818,0.2496,-0.0678,-0.2716346153846154,0.0202,0.0375,-0.0173,-0.4613333333333333,0.0404,0.0206,0.019799999999999998,0.9611650485436892,0.0404,0.0228,0.017599999999999998,0.7719298245614034,0.1111,0.1332,-0.02210000000000001,-0.16591591591591595,0.0606,0.0705,-0.009899999999999992,-0.14042553191489351,0.0505,0.0628,-0.012299999999999991,-0.19585987261146484,4.5859,5.5158,-0.9299,-0.16858841872439176,-0.3505,0.0115,-0.362,-31.47826086956522,0,1,0,0,0,0,0
2025,LV,21,trailing_early_down,league_multi_season,2023,2025,3,32,96,strong,456,strong,stable_team_sample,1,1,1,1,0.5987,0.5899,0.00880000000000003,0.014917782675029717,0.4013,0.4101,-0.00880000000000003,-0.0214581809314802,0.5987,0.5899,0.00880000000000003,0.014917782675029717,0.6579,0.7068,-0.048899999999999944,-0.06918505942275034,0.1184,0.15,-0.03159999999999999,-0.2106666666666666,0.3904,0.438,-0.047599999999999976,-0.10867579908675794,0.2237,0.2608,-0.037099999999999966,-0.14225460122699374,0.0329,0.0356,-0.002700000000000001,-0.07584269662921352,0.0197,0.0281,-0.008400000000000001,-0.29893238434163705,0.0526,0.0355,0.017100000000000004,0.48169014084507056,0.1118,0.1307,-0.018900000000000014,-0.14460596786534058,0.068,0.0839,-0.015899999999999997,-0.18951132300357565,0.0439,0.0468,-0.0029,-0.06196581196581196,4.7018,5.4892,-0.7873999999999999,-0.14344531079210082,-0.0972,-0.0058,-0.0914,-15.758620689655173,1,0,0,0,0,0,0
2025,MIA,1,all_offense,league_multi_season,2023,2025,3,32,96,strong,939,strong,stable_team_sample,1,1,1,1,0.5485,0.5737,-0.0252,-0.04392539654871885,0.4515,0.4263,0.0252,0.059113300492610835,0.5485,0.5737,-0.0252,-0.04392539654871885,0.7167,0.6967,0.020000000000000018,0.028706760442084138,0.0351,0.1039,-0.0688,-0.6621751684311837,0.4196,0.4345,-0.014900000000000024,-0.034292289988492576,0.2982,0.2932,0.0050000000000000044,0.017053206002728527,0.0405,0.0402,0.00030000000000000165,0.007462686567164221,0.0383,0.0274,0.0109,0.3978102189781022,0.0405,0.0401,0.0004000000000000045,0.009975062344139765,0.1416,0.1328,0.008800000000000002,0.06626506024096387,0.0831,0.0838,-0.0007000000000000062,-0.008353221957040647,0.0586,0.049,0.009599999999999997,0.1959183673469387,5.4515,5.4305,0.020999999999999908,0.00386704723321976,-0.016,-0.0054,-0.0106,-1.9629629629629628,0,1,1,0,0,0,1
2025,MIA,2,early_down,league_multi_season,2023,2025,3,32,96,strong,724,strong,stable_team_sample,1,1,1,1,0.4931,0.5246,-0.03149999999999997,-0.060045749142203536,0.5069,0.4754,0.03150000000000003,0.06625999158603288,0.4931,0.5246,-0.03149999999999997,-0.060045749142203536,0.6616,0.6436,0.018000000000000016,0.027967681789931663,0.0387,0.1086,-0.0699,-0.6436464088397791,0.4337,0.4339,-0.00020000000000003348,-0.0004609356994700011,0.2776,0.2564,0.021199999999999997,0.08268330733229327,0.0401,0.0363,0.003799999999999998,0.10468319559228645,0.0318,0.0244,0.0074,0.30327868852459017,0.011,0.0296,-0.018600000000000002,-0.6283783783783784,0.1561,0.1311,0.024999999999999994,0.19069412662090005,0.0856,0.0774,0.008199999999999999,0.10594315245478035,0.0704,0.0538,0.016600000000000004,0.308550185873606,5.808,5.4816,0.3263999999999996,0.05954465849387032,0.027,0.0014,0.0256,18.28571428571429,0,1,1,0,1,0,1
2025,MIA,3,third_down,league_multi_season,2023,2025,3,32,96,strong,192,strong,stable_team_sample,1,1,1,1,0.7344,0.7494,-0.014999999999999902,-0.02001601281024807,0.2656,0.2506,0.015000000000000013,0.05985634477254594,0.7344,0.7494,-0.014999999999999902,-0.02001601281024807,0.9219,0.8953,0.026600000000000068,0.02971071149335426,0.0208,0.0875,-0.0667,-0.7622857142857142,0.3646,0.4242,-0.05960000000000004,-0.1404997642621406,0.3542,0.3997,-0.045499999999999985,-0.11383537653239927,0.0365,0.0487,-0.012200000000000003,-0.2505133470225873,0.0625,0.0359,0.0266,0.7409470752089136,0.1458,0.0778,0.06800000000000002,0.874035989717224,0.099,0.1404,-0.04139999999999999,-0.2948717948717948,0.0781,0.107,-0.028899999999999995,-0.2700934579439252,0.0208,0.0333,-0.012500000000000004,-0.37537537537537546,4.4583,5.3482,-0.8898999999999999,-0.16639243109831342,-0.1365,-0.0507,-0.08580000000000002,-1.6923076923076925,0,1,1,0,0,0,0
2025,MIA,4,fourth_down,league_multi_season,2023,2025,3,32,96,good,23,thin,small_team_sample,0,1,0,0,0.7391,0.6225,0.11659999999999993,0.18730923694779103,0.2609,0.3775,-0.11659999999999998,-0.3088741721854304,0.7391,0.6225,0.11659999999999993,0.18730923694779103,0.7391,0.675,0.06409999999999993,0.09496296296296286,0.0435,0.0943,-0.0508,-0.5387062566277837,0.4348,0.5443,-0.10949999999999999,-0.20117582215689875,0.4783,0.5475,-0.06919999999999998,-0.12639269406392692,0.087,0.0926,-0.005600000000000008,-0.06047516198704112,0.0435,0.0492,-0.005700000000000004,-0.11585365853658544,0.087,0.0504,0.036599999999999994,0.726190476190476,0.0435,0.1209,-0.0774,-0.6401985111662531,0.0435,0.0893,-0.04580000000000001,-0.5128779395296753,0.0,0.0316,-0.0316,-1.0,2.5217,4.5242,-2.0025000000000004,-0.44261968966889176,-0.3611,0.1649,-0.526,-3.189812007277138,1,0,1,0,0,0,0
2025,MIA,5,short_yardage,league_multi_season,2023,2025,3,32,96,strong,76,good,usable_team_sample,1,1,0,1,0.3553,0.3476,0.007699999999999985,0.02215189873417717,0.6447,0.6524,-0.007699999999999929,-0.011802575107296029,0.3553,0.3476,0.007699999999999985,0.02215189873417717,0.6053,0.5322,0.07309999999999994,0.13735437805336329,0.0789,0.1642,-0.08530000000000001,-0.5194884287454324,0.4737,0.5961,-0.12239999999999995,-0.20533467539003517,0.6053,0.6404,-0.03510000000000002,-0.05480949406620866,0.0658,0.1155,-0.04970000000000001,-0.43030303030303035,0.0,0.0214,-0.0214,-1.0,0.0263,0.0229,0.0034000000000000002,0.14847161572052403,0.0658,0.0906,-0.024800000000000003,-0.2737306843267108,0.0526,0.0453,0.007300000000000001,0.1611479028697572,0.0132,0.0453,-0.032100000000000004,-0.7086092715231789,3.2237,3.8797,-0.6560000000000001,-0.1690852385493724,-0.3086,0.0647,-0.37329999999999997,-5.769706336939722,1,0,1,0,0,0,0
2025,MIA,6,red_zone,league_multi_season,2023,2025,3,32,96,strong,140,strong,stable_team_sample,1,1,1,1,0.5,0.5029,-0.0029000000000000137,-0.005766553986876146,0.5,0.4971,0.0029000000000000137,0.005833836250251486,0.5,0.5029,-0.0029000000000000137,-0.005766553986876146,0.7,0.6589,0.041099999999999914,0.06237668842009396,0.0143,0.0945,-0.0802,-0.8486772486772486,0.45,0.4224,0.027600000000000013,0.06534090909090912,0.3429,0.313,0.029899999999999982,0.09552715654952071,0.1929,0.1961,-0.0032000000000000084,-0.016318204997450323,0.0286,0.0258,0.0028000000000000004,0.10852713178294575,0.0286,0.0328,-0.004200000000000002,-0.12804878048780494,0.0357,0.0512,-0.0155,-0.302734375,0.0143,0.0238,-0.009500000000000001,-0.39915966386554624,0.0214,0.0274,-0.006000000000000002,-0.2189781021897811,3.2071,3.0,0.20710000000000006,0.06903333333333335,0.0421,-0.0022,0.0443,20.136363636363633,0,1,1,0,1,1,0
2025,MIA,7,goal_to_go,league_multi_season,2023,2025,3,32,96,strong,57,good,usable_team_sample,1,1,0,1,0.5439,0.4757,0.06820000000000004,0.1433676686987598,0.4561,0.5243,-0.06819999999999998,-0.13007819950410068,0.5439,0.4757,0.06820000000000004,0.1433676686987598,0.6842,0.611,0.07320000000000004,0.11980360065466455,0.0351,0.0861,-0.051,-0.5923344947735192,0.4912,0.438,0.053200000000000025,0.12146118721461192,0.3684,0.3303,0.03810000000000002,0.11534968210717537,0.3684,0.3289,0.03949999999999998,0.12009729401033742,0.0,0.0243,-0.0243,-1.0,0.0,0.0306,-0.0306,-1.0,0.0,0.0074,-0.0074,-1.0,0.0,0.0033,-0.0033,-1.0,0.0,0.0041,-0.0041,-1.0,2.5614,1.8044,0.7569999999999999,0.4195300376856572,0.3216,0.0097,0.3119,32.154639175257735,1,0,1,0,1,1,0
2025,MIA,8,two_minute_half,league_multi_season,2023,2025,3,32,96,strong,123,strong,stable_team_sample,1,1,1,1,0.7073,0.7349,-0.027599999999999958,-0.03755613008572589,0.2927,0.2651,0.027600000000000013,0.10411165597887595,0.7073,0.7349,-0.027599999999999958,-0.03755613008572589,0.9024,0.8778,0.024599999999999955,0.02802460697197534,0.1545,0.1634,-0.008899999999999991,-0.05446756425948587,0.3902,0.4231,-0.032899999999999985,-0.07775939494209404,0.2764,0.3007,-0.024300000000000044,-0.08081143997339554,0.0407,0.0467,-0.005999999999999998,-0.12847965738758027,0.0325,0.0356,-0.0030999999999999986,-0.08707865168539322,0.0813,0.0516,0.029699999999999997,0.5755813953488371,0.0894,0.1271,-0.0377,-0.2966168371361133,0.0732,0.094,-0.0208,-0.22127659574468084,0.0163,0.0331,-0.0168,-0.5075528700906344,4.6911,5.26,-0.5689000000000002,-0.1081558935361217,-0.0461,0.0083,-0.054400000000000004,-6.55421686746988,0,1,1,0,0,0,0
2025,MIA,9,two_minute_game,league_multi_season,2023,2025,3,32,96,strong,55,good,usable_team_sample,1,1,0,1,0.7636,0.6818,0.08179999999999998,0.11997653270753886,0.2364,0.3182,-0.08179999999999998,-0.25707102451288494,0.7636,0.6818,0.08179999999999998,0.11997653270753886,0.8909,0.8173,0.0736,0.0900526122598801,0.2182,0.1726,0.0456,0.2641946697566628,0.3273,0.3942,-0.06690000000000002,-0.1697108066971081,0.3091,0.2947,0.014399999999999968,0.048863250763488186,0.0182,0.045,-0.026799999999999997,-0.5955555555555555,0.0364,0.0394,-0.0029999999999999957,-0.07614213197969533,0.1091,0.0504,0.0587,1.1646825396825398,0.1091,0.1268,-0.017699999999999994,-0.139589905362776,0.0909,0.0914,-0.0005000000000000004,-0.005470459518599567,0.0182,0.0354,-0.0172,-0.48587570621468923,4.4545,5.037,-0.5824999999999996,-0.11564423267818137,-0.2473,-0.06,-0.1873,-3.1216666666666666,1,0,1,1,0,0,0
2025,MIA,10,one_score,league_multi_season,2023,2025,3,32,96,strong,538,strong,stable_team_sample,1,1,1,1,0.5428,0.565,-0.022199999999999998,-0.03929203539823009,0.4572,0.435,0.022199999999999998,0.051034482758620686,0.5428,0.565,-0.022199999999999998,-0.03929203539823009,0.7193,0.6859,0.033400000000000096,0.0486951450648784,0.0316,0.0863,-0.0547,-0.6338354577056778,0.4461,0.4369,0.009199999999999986,0.02105745021744103,0.316,0.2938,0.022199999999999998,0.07556160653505785,0.0428,0.0397,0.0030999999999999986,0.07808564231738031,0.0316,0.0265,0.005100000000000004,0.1924528301886794,0.0335,0.0381,-0.0046,-0.12073490813648294,0.1506,0.1332,0.0174,0.1306306306306306,0.0911,0.084,0.007099999999999995,0.08452380952380946,0.0595,0.0492,0.010299999999999997,0.20934959349593488,6.0204,5.4822,0.5382000000000007,0.09817226660829607,0.0748,0.0035,0.0713,20.37142857142857,0,1,1,0,1,1,1
2025,MIA,11,neutral_early_down,league_multi_season,2023,2025,3,32,96,strong,334,strong,stable_team_sample,1,1,1,1,0.4701,0.5215,-0.051399999999999946,-0.09856184084371994,0.5299,0.4785,0.05140000000000006,0.10741901776384548,0.4701,0.5215,-0.051399999999999946,-0.09856184084371994,0.6557,0.6282,0.02749999999999997,0.04377586755810247,0.0329,0.0855,-0.05260000000000001,-0.6152046783625732,0.4521,0.4391,0.013000000000000012,0.029606012297882057,0.2874,0.2537,0.03370000000000001,0.13283405597162007,0.018,0.0109,0.007099999999999999,0.6513761467889907,0.024,0.0226,0.001400000000000002,0.061946902654867346,0.006,0.0278,-0.0218,-0.7841726618705036,0.1886,0.1443,0.04429999999999998,0.30699930699930683,0.0988,0.0864,0.012399999999999994,0.14351851851851843,0.0898,0.058,0.0318,0.5482758620689655,6.8084,5.9339,0.8744999999999994,0.1473735654459966,0.0967,0.013,0.0837,6.438461538461539,0,1,1,0,1,1,1
2025,MIA,12,tied,league_multi_season,2023,2025,3,32,96,strong,162,strong,stable_team_sample,1,1,1,1,0.4444,0.5522,-0.1078,-0.1952191235059761,0.5556,0.4478,0.1078,0.2407324698526128,0.4444,0.5522,-0.1078,-0.1952191235059761,0.679,0.6675,0.011500000000000066,0.017228464419475755,0.0,0.0716,-0.0716,-1.0,0.4444,0.4433,0.0010999999999999899,0.0024813895781637487,0.3148,0.296,0.01880000000000004,0.06351351351351364,0.0309,0.0396,-0.008700000000000003,-0.21969696969696975,0.037,0.0252,0.011799999999999998,0.46825396825396814,0.0309,0.0369,-0.006000000000000002,-0.16260162601626021,0.1728,0.1307,0.0421,0.3221117061973986,0.0741,0.0805,-0.006400000000000003,-0.07950310559006214,0.0988,0.0502,0.0486,0.9681274900398406,5.6481,5.406,0.24210000000000065,0.04478357380688137,0.0406,-0.0028,0.043399999999999994,15.499999999999998,0,1,1,0,1,1,1
2025,MIA,13,leading,league_multi_season,2023,2025,3,32,96,strong,340,strong,stable_team_sample,1,1,1,1,0.4706,0.504,-0.033399999999999985,-0.06626984126984124,0.5294,0.496,0.033399999999999985,0.06733870967741933,0.4706,0.504,-0.033399999999999985,-0.06626984126984124,0.7118,0.6358,0.07599999999999996,0.11953444479396029,0.0118,0.0687,-0.0569,-0.8282387190684134,0.4059,0.4269,-0.02100000000000002,-0.049191848208011285,0.2971,0.2876,0.009499999999999953,0.03303198887343516,0.0441,0.0419,0.0022000000000000006,0.052505966587112186,0.0206,0.0228,-0.0022000000000000006,-0.09649122807017546,0.0265,0.0318,-0.005300000000000003,-0.16666666666666674,0.1412,0.1357,0.005500000000000005,0.040530582166543885,0.0735,0.0788,-0.005299999999999999,-0.06725888324873096,0.0676,0.0569,0.010699999999999994,0.18804920913883996,5.3647,5.5181,-0.15339999999999954,-0.02779942371468432,0.0455,0.0162,0.0293,1.808641975308642,0,1,1,0,1,0,1
2025,MIA,14,trailing,league_multi_season,2023,2025,3,32,96,strong,437,strong,stable_team_sample,1,1,1,1,0.6476,0.6309,0.016699999999999937,0.026470122047868024,0.3524,0.3691,-0.016699999999999993,-0.045245191005147636,0.6476,0.6309,0.016699999999999937,0.026470122047868024,0.7346,0.7508,-0.016199999999999992,-0.02157698454981352,0.0664,0.1414,-0.075,-0.5304101838755304,0.4211,0.4364,-0.015300000000000036,-0.035059578368469374,0.2929,0.2961,-0.0031999999999999806,-0.010807159743329891,0.0412,0.0393,0.001899999999999999,0.04834605597964373,0.0526,0.0315,0.0211,0.6698412698412699,0.0549,0.0472,0.0076999999999999985,0.16313559322033896,0.1304,0.1316,-0.0012000000000000066,-0.0091185410334347,0.0938,0.0886,0.005199999999999996,0.05869074492099319,0.0366,0.043,-0.006399999999999996,-0.1488372093023255,5.4462,5.3789,0.06730000000000036,0.01251185186562315,-0.0848,-0.0215,-0.0633,-2.944186046511628,1,0,0,0,0,0,0
2025,MIA,15,leading_one_score,league_multi_season,2023,2025,3,32,96,strong,166,strong,stable_team_sample,1,1,1,1,0.5602,0.5341,0.026100000000000012,0.04886725332334771,0.4398,0.4659,-0.026099999999999957,-0.056020605280102935,0.5602,0.5341,0.026100000000000012,0.04886725332334771,0.7289,0.6624,0.0665,0.10039251207729469,0.0241,0.075,-0.0509,-0.6786666666666668,0.4337,0.4278,0.005899999999999961,0.013791491351098552,0.3313,0.2878,0.04349999999999998,0.15114662960389152,0.0482,0.0405,0.0076999999999999985,0.1901234567901234,0.012,0.0244,-0.012400000000000001,-0.5081967213114754,0.0301,0.0343,-0.004199999999999999,-0.12244897959183672,0.1446,0.1347,0.00990000000000002,0.07349665924276184,0.1024,0.0826,0.019799999999999998,0.23970944309927356,0.0422,0.052,-0.009799999999999996,-0.1884615384615384,6.0422,5.5713,0.4709000000000003,0.08452246333889762,0.1239,0.0136,0.1103,8.11029411764706,1,0,1,0,1,1,1
2025,MIA,16,leading_two_plus_scores,league_multi_season,2023,2025,3,32,94,strong,174,strong,stable_team_sample,1,1,1,1,0.3851,0.4563,-0.07119999999999999,-0.15603769449923294,0.6149,0.5437,0.07120000000000004,0.13095457053522172,0.3851,0.4563,-0.07119999999999999,-0.15603769449923294,0.6954,0.5937,0.10170000000000001,0.17129863567458314,0.0,0.0586,-0.0586,-1.0,0.3793,0.4256,-0.04629999999999995,-0.1087875939849623,0.2644,0.2873,-0.022899999999999976,-0.07970762269404795,0.0402,0.0442,-0.0040000000000000036,-0.09049773755656115,0.0287,0.0203,0.008400000000000001,0.41379310344827597,0.023,0.0278,-0.004799999999999999,-0.17266187050359708,0.1379,0.1375,0.0003999999999999837,0.0029090909090907905,0.046,0.0728,-0.026800000000000004,-0.36813186813186816,0.092,0.0646,0.027399999999999994,0.4241486068111454,4.7184,5.4339,-0.7155000000000005,-0.1316733837575223,-0.0293,0.0204,-0.0497,-2.4362745098039214,0,1,1,0,0,0,1
2025,MIA,17,trailing_one_score,league_multi_season,2023,2025,3,32,96,strong,210,strong,stable_team_sample,1,1,1,1,0.6048,0.5968,0.008000000000000007,0.013404825737265428,0.3952,0.4032,-0.008000000000000007,-0.019841269841269858,0.6048,0.5968,0.008000000000000007,0.013404825737265428,0.7429,0.7163,0.026599999999999957,0.037135278514588796,0.0619,0.1048,-0.04290000000000001,-0.409351145038168,0.4571,0.4393,0.017799999999999983,0.04051900751195079,0.3048,0.2967,0.008099999999999996,0.027300303336703725,0.0476,0.0391,0.0085,0.21739130434782608,0.0429,0.029,0.0139,0.47931034482758617,0.0381,0.0417,-0.003599999999999999,-0.08633093525179854,0.1381,0.1338,0.004299999999999998,0.03213751868460387,0.0952,0.0875,0.007700000000000012,0.08800000000000015,0.0429,0.0463,-0.0034000000000000002,-0.0734341252699784,6.2905,5.4685,0.8220000000000001,0.15031544299167965,0.0622,0.0002,0.062,310.0,1,0,1,0,1,1,1
2025,MIA,18,trailing_two_plus_scores,league_multi_season,2023,2025,3,32,96,strong,227,strong,stable_team_sample,1,1,1,1,0.6872,0.677,0.010199999999999987,0.015066469719350054,0.3128,0.323,-0.010199999999999987,-0.03157894736842101,0.6872,0.677,0.010199999999999987,0.015066469719350054,0.7269,0.7976,-0.07069999999999999,-0.0886409227683049,0.0705,0.1909,-0.1204,-0.6306966998428497,0.3877,0.4324,-0.04470000000000002,-0.10337650323774288,0.2819,0.2953,-0.013400000000000023,-0.04537758211987817,0.0352,0.0395,-0.004299999999999998,-0.10886075949367084,0.0617,0.0349,0.026799999999999997,0.7679083094555873,0.0705,0.0546,0.01589999999999999,0.291208791208791,0.1233,0.1286,-0.005299999999999985,-0.04121306376360798,0.0925,0.0901,0.0023999999999999994,0.026637069922308538,0.0308,0.0385,-0.0076999999999999985,-0.19999999999999996,4.6652,5.2578,-0.5926,-0.11270873749476969,-0.2208,-0.0509,-0.1699,-3.337917485265226,1,0,0,0,0,0,0
2025,MIA,19,tied_early_down,league_multi_season,2023,2025,3,32,96,strong,126,strong,stable_team_sample,1,1,1,1,0.4127,0.4983,-0.08560000000000001,-0.17178406582380093,0.5873,0.5017,0.08560000000000001,0.17061989236595576,0.4127,0.4983,-0.08560000000000001,-0.17178406582380093,0.6349,0.6059,0.029000000000000026,0.047862683611156996,0.0,0.0718,-0.0718,-1.0,0.4444,0.4418,0.002599999999999991,0.005885015844273407,0.2778,0.2572,0.020600000000000007,0.08009331259720065,0.0317,0.0358,-0.0040999999999999995,-0.11452513966480446,0.0238,0.0219,0.0019000000000000024,0.08675799086758001,0.0079,0.0267,-0.0188,-0.7041198501872659,0.1825,0.1285,0.05399999999999999,0.4202334630350194,0.0556,0.0731,-0.0175,-0.23939808481532152,0.127,0.0554,0.0716,1.2924187725631768,6.0952,5.4023,0.6928999999999998,0.12826018547655624,0.0762,0.0018,0.07440000000000001,41.333333333333336,0,1,1,0,1,1,1
2025,MIA,20,leading_early_down,league_multi_season,2023,2025,3,32,96,strong,265,strong,stable_team_sample,1,1,1,1,0.4,0.4468,-0.04679999999999995,-0.10474485228290052,0.6,0.5532,0.04679999999999995,0.08459869848156173,0.4,0.4468,-0.04679999999999995,-0.10474485228290052,0.6528,0.5755,0.07730000000000004,0.13431798436142492,0.0151,0.0709,-0.0558,-0.7870239774330042,0.4264,0.4235,0.0029000000000000137,0.006847697756788698,0.2868,0.2496,0.03720000000000001,0.1490384615384616,0.0415,0.0375,0.0040000000000000036,0.10666666666666677,0.0226,0.0206,0.0019999999999999983,0.09708737864077661,0.0038,0.0228,-0.019,-0.8333333333333333,0.1547,0.1332,0.02149999999999999,0.16141141141141133,0.0792,0.0705,0.008700000000000013,0.12340425531914914,0.0755,0.0628,0.012700000000000003,0.2022292993630574,5.6642,5.5158,0.14840000000000053,0.026904528808151227,0.0661,0.0115,0.05460000000000001,4.747826086956523,0,1,1,0,1,1,1
2025,MIA,21,trailing_early_down,league_multi_season,2023,2025,3,32,96,strong,333,strong,stable_team_sample,1,1,1,1,0.5976,0.5899,0.00770000000000004,0.013053059840651027,0.4024,0.4101,-0.00770000000000004,-0.01877590831504521,0.5976,0.5899,0.00770000000000004,0.013053059840651027,0.6787,0.7068,-0.028100000000000014,-0.039756649688737995,0.0721,0.15,-0.0779,-0.5193333333333333,0.4354,0.438,-0.002599999999999991,-0.005936073059360711,0.2703,0.2608,0.009500000000000008,0.03642638036809819,0.042,0.0356,0.006400000000000003,0.17977528089887648,0.042,0.0281,0.013900000000000003,0.4946619217081851,0.018,0.0355,-0.017499999999999998,-0.49295774647887325,0.1471,0.1307,0.016399999999999998,0.125478194338179,0.1021,0.0839,0.018199999999999994,0.21692491060786642,0.045,0.0468,-0.001800000000000003,-0.038461538461538526,5.8138,5.4892,0.32459999999999933,0.05913430008015728,-0.0228,-0.0058,-0.017,-2.931034482758621,1,0,0,0,0,0,1
2025,MIN,1,all_offense,league_multi_season,2023,2025,3,32,96,strong,939,strong,stable_team_sample,1,1,1,1,0.5783,0.5737,0.0046000000000000485,0.00801812794143289,0.4217,0.4263,-0.004599999999999993,-0.010790523105794024,0.5783,0.5737,0.0046000000000000485,0.00801812794143289,0.5591,0.6967,-0.13759999999999994,-0.1975025118415386,0.0756,0.1039,-0.028300000000000006,-0.2723772858517806,0.426,0.4345,-0.008500000000000008,-0.01956271576524743,0.2822,0.2932,-0.01100000000000001,-0.03751705320600276,0.0394,0.0402,-0.0008000000000000021,-0.019900497512437863,0.0426,0.0274,0.015199999999999998,0.5547445255474451,0.0639,0.0401,0.0238,0.5935162094763093,0.1321,0.1328,-0.0007000000000000062,-0.005271084337349444,0.0756,0.0838,-0.008199999999999999,-0.09785202863961813,0.0564,0.049,0.007399999999999997,0.15102040816326523,4.9947,5.4305,-0.4358000000000004,-0.08025043734462764,-0.1162,-0.0054,-0.1108,-20.518518518518515,1,0,0,0,0,0,0
2025,MIN,2,early_down,league_multi_season,2023,2025,3,32,96,strong,723,strong,stable_team_sample,1,1,1,1,0.5284,0.5246,0.0038000000000000256,0.007243614182234132,0.4716,0.4754,-0.00379999999999997,-0.007993268826251515,0.5284,0.5246,0.0038000000000000256,0.007243614182234132,0.4744,0.6436,-0.16919999999999996,-0.2628962088253573,0.0899,0.1086,-0.01870000000000001,-0.17219152854511977,0.4412,0.4339,0.007299999999999973,0.016824153030652163,0.26,0.2564,0.003599999999999992,0.014040561622464866,0.029,0.0363,-0.0072999999999999975,-0.20110192837465557,0.0387,0.0244,0.014299999999999997,0.5860655737704916,0.0415,0.0296,0.0119,0.40202702702702703,0.1355,0.1311,0.004400000000000015,0.03356216628527853,0.0733,0.0774,-0.0040999999999999925,-0.052971576227390085,0.0622,0.0538,0.008399999999999998,0.15613382899628248,5.2808,5.4816,-0.2008000000000001,-0.036631640396964406,-0.0538,0.0014,-0.0552,-39.42857142857143,1,0,0,0,0,1,1
2025,MIN,3,third_down,league_multi_season,2023,2025,3,32,96,strong,192,strong,stable_team_sample,1,1,1,1,0.7604,0.7494,0.01100000000000001,0.014678409394182025,0.2396,0.2506,-0.010999999999999982,-0.04389465283320025,0.7604,0.7494,0.01100000000000001,0.014678409394182025,0.8646,0.8953,-0.03069999999999995,-0.034290182061878643,0.0208,0.0875,-0.0667,-0.7622857142857142,0.349,0.4242,-0.07520000000000004,-0.17727487034417738,0.3229,0.3997,-0.07679999999999998,-0.19214410808106075,0.0573,0.0487,0.008599999999999997,0.17659137577002046,0.0521,0.0359,0.0162,0.4512534818941504,0.151,0.0778,0.0732,0.9408740359897173,0.1146,0.1404,-0.025800000000000003,-0.1837606837606838,0.0781,0.107,-0.028899999999999995,-0.2700934579439252,0.0365,0.0333,0.0031999999999999945,0.09609609609609593,3.9375,5.3482,-1.4107000000000003,-0.2637709883699189,-0.3951,-0.0507,-0.3444,-6.792899408284023,1,0,0,0,0,0,0
2025,MIN,4,fourth_down,league_multi_season,2023,2025,3,32,96,good,24,thin,small_team_sample,0,1,0,0,0.625,0.6225,0.0024999999999999467,0.004016064257028026,0.375,0.3775,-0.0025000000000000022,-0.006622516556291397,0.625,0.6225,0.0024999999999999467,0.004016064257028026,0.6667,0.675,-0.008300000000000085,-0.012296296296296421,0.0833,0.0943,-0.010999999999999996,-0.11664899257688226,0.5833,0.5443,0.039000000000000035,0.0716516626860188,0.625,0.5475,0.07750000000000001,0.14155251141552513,0.2083,0.0926,0.11570000000000001,1.2494600431965444,0.0833,0.0492,0.0341,0.6930894308943089,0.0417,0.0504,-0.0087,-0.17261904761904762,0.1667,0.1209,0.045799999999999993,0.3788254755996691,0.125,0.0893,0.035699999999999996,0.39977603583426646,0.0417,0.0316,0.010099999999999998,0.3196202531645569,4.8333,4.5242,0.30909999999999993,0.06832147119932803,0.2359,0.1649,0.07100000000000001,0.4305639781685871,1,0,0,0,1,1,1
2025,MIN,5,short_yardage,league_multi_season,2023,2025,3,32,96,strong,93,good,usable_team_sample,1,1,0,1,0.4086,0.3476,0.061,0.17548906789413118,0.5914,0.6524,-0.06099999999999994,-0.0935009196811771,0.4086,0.3476,0.061,0.17548906789413118,0.3871,0.5322,-0.1451,-0.27264186396091694,0.0753,0.1642,-0.0889,-0.5414129110840439,0.4946,0.5961,-0.10149999999999998,-0.1702734440530112,0.5161,0.6404,-0.12429999999999997,-0.1940974391005621,0.1183,0.1155,0.002799999999999997,0.024242424242424215,0.043,0.0214,0.021599999999999998,1.0093457943925233,0.0538,0.0229,0.0309,1.3493449781659388,0.0645,0.0906,-0.026099999999999998,-0.28807947019867547,0.0108,0.0453,-0.0345,-0.76158940397351,0.0538,0.0453,0.0085,0.18763796909492275,2.5376,3.8797,-1.3421000000000003,-0.34592880892852546,-0.3075,0.0647,-0.3722,-5.752704791344668,1,0,0,0,0,0,0
2025,MIN,6,red_zone,league_multi_season,2023,2025,3,32,96,strong,146,strong,stable_team_sample,1,1,1,1,0.6027,0.5029,0.0998,0.19844899582421952,0.3973,0.4971,-0.0998,-0.2007644337155502,0.6027,0.5029,0.0998,0.19844899582421952,0.5548,0.6589,-0.10410000000000008,-0.15799059037790267,0.0753,0.0945,-0.019199999999999995,-0.20317460317460312,0.4178,0.4224,-0.004599999999999993,-0.010890151515151499,0.2877,0.313,-0.02529999999999999,-0.08083067092651754,0.2123,0.1961,0.016199999999999992,0.08261091279959201,0.0274,0.0258,0.0016000000000000007,0.06201550387596902,0.0753,0.0328,0.0425,1.295731707317073,0.0753,0.0512,0.024100000000000003,0.47070312500000006,0.0342,0.0238,0.0104,0.43697478991596633,0.0411,0.0274,0.013699999999999997,0.4999999999999999,3.0,3.0,0.0,0.0,-0.0871,-0.0022,-0.0849,-38.59090909090909,1,0,0,0,0,0,1
2025,MIN,7,goal_to_go,league_multi_season,2023,2025,3,32,96,strong,57,good,usable_team_sample,1,1,0,1,0.614,0.4757,0.13829999999999998,0.2907294513348749,0.386,0.5243,-0.13829999999999998,-0.26378027846652674,0.614,0.4757,0.13829999999999998,0.2907294513348749,0.5965,0.611,-0.014499999999999957,-0.023731587561374726,0.0877,0.0861,0.0016000000000000042,0.018583042973286924,0.4211,0.438,-0.016900000000000026,-0.03858447488584481,0.3158,0.3303,-0.014499999999999957,-0.043899485316378925,0.3158,0.3289,-0.0131,-0.03982973548190939,0.0351,0.0243,0.0108,0.4444444444444445,0.1404,0.0306,0.1098,3.588235294117647,0.0,0.0074,-0.0074,-1.0,0.0,0.0033,-0.0033,-1.0,0.0,0.0041,-0.0041,-1.0,1.1754,1.8044,-0.629,-0.3485923298603414,-0.03,0.0097,-0.0397,-4.092783505154639,1,0,0,1,0,0,0
2025,MIN,8,two_minute_half,league_multi_season,2023,2025,3,32,96,strong,107,strong,stable_team_sample,1,1,1,1,0.7383,0.7349,0.0033999999999999586,0.004626479793169083,0.2617,0.2651,-0.003400000000000014,-0.012825348924934041,0.7383,0.7349,0.0033999999999999586,0.004626479793169083,0.8505,0.8778,-0.02729999999999999,-0.03110047846889951,0.1682,0.1634,0.004799999999999999,0.029375764993880043,0.3925,0.4231,-0.03059999999999996,-0.07232332781848254,0.2991,0.3007,-0.0016000000000000458,-0.005320917858330714,0.0467,0.0467,0.0,0.0,0.0374,0.0356,0.001800000000000003,0.05056179775280907,0.0748,0.0516,0.023200000000000005,0.44961240310077527,0.1682,0.1271,0.0411,0.3233674272226593,0.1495,0.094,0.055499999999999994,0.5904255319148936,0.0187,0.0331,-0.014399999999999996,-0.43504531722054374,5.6262,5.26,0.3662000000000001,0.0696197718631179,-0.0765,0.0083,-0.0848,-10.216867469879517,1,0,0,1,0,0,1
2025,MIN,9,two_minute_game,league_multi_season,2023,2025,3,32,96,strong,46,thin,small_team_sample,0,1,0,0,0.587,0.6818,-0.0948,-0.13904370783220887,0.413,0.3182,0.0948,0.29792583280955376,0.587,0.6818,-0.0948,-0.13904370783220887,0.6957,0.8173,-0.12160000000000004,-0.14878257677719325,0.1739,0.1726,0.0012999999999999956,0.007531865585167993,0.4348,0.3942,0.040600000000000025,0.10299340436326744,0.3478,0.2947,0.05309999999999998,0.180183237190363,0.0435,0.045,-0.0015000000000000013,-0.03333333333333337,0.0,0.0394,-0.0394,-1.0,0.0,0.0504,-0.0504,-1.0,0.1522,0.1268,0.025400000000000006,0.20031545741324927,0.1087,0.0914,0.01730000000000001,0.18927789934354497,0.0435,0.0354,0.008099999999999996,0.2288135593220338,6.0217,5.037,0.9847000000000001,0.19549334921580308,0.0132,-0.06,0.0732,1.22,0,1,0,1,1,1,1
2025,MIN,10,one_score,league_multi_season,2023,2025,3,32,96,strong,621,strong,stable_team_sample,1,1,1,1,0.5539,0.565,-0.011099999999999999,-0.019646017699115045,0.4461,0.435,0.011099999999999999,0.025517241379310343,0.5539,0.565,-0.011099999999999999,-0.019646017699115045,0.5282,0.6859,-0.15769999999999995,-0.22991689750692515,0.0676,0.0863,-0.01870000000000001,-0.21668597914252616,0.4219,0.4369,-0.015000000000000013,-0.03433279926756698,0.2754,0.2938,-0.018400000000000027,-0.06262763784887689,0.0386,0.0397,-0.0010999999999999968,-0.02770780856423166,0.0386,0.0265,0.012100000000000003,0.4566037735849058,0.0612,0.0381,0.023099999999999996,0.606299212598425,0.1337,0.1332,0.0005000000000000004,0.0037537537537537568,0.0821,0.084,-0.001899999999999999,-0.022619047619047605,0.0515,0.0492,0.0022999999999999965,0.046747967479674725,4.9742,5.4822,-0.508,-0.0926635292400861,-0.108,0.0035,-0.1115,-31.857142857142858,0,1,0,0,0,0,1
2025,MIN,11,neutral_early_down,league_multi_season,2023,2025,3,32,96,strong,393,strong,stable_team_sample,1,1,1,1,0.5013,0.5215,-0.020199999999999996,-0.038734419942473626,0.4987,0.4785,0.020199999999999996,0.04221525600835945,0.5013,0.5215,-0.020199999999999996,-0.038734419942473626,0.4326,0.6282,-0.1956,-0.3113658070678128,0.0738,0.0855,-0.011700000000000002,-0.1368421052631579,0.4326,0.4391,-0.006500000000000006,-0.014803006148941028,0.2417,0.2537,-0.011999999999999983,-0.047299960583366114,0.0076,0.0109,-0.0033,-0.30275229357798167,0.0356,0.0226,0.013000000000000001,0.5752212389380532,0.0407,0.0278,0.012900000000000002,0.4640287769784174,0.1374,0.1443,-0.006900000000000017,-0.04781704781704793,0.0789,0.0864,-0.007500000000000007,-0.08680555555555562,0.0585,0.058,0.0005000000000000004,0.00862068965517242,5.2316,5.9339,-0.7023000000000001,-0.11835386508030134,-0.0622,0.013,-0.0752,-5.784615384615385,0,1,0,0,0,0,0
2025,MIN,12,tied,league_multi_season,2023,2025,3,32,96,strong,186,strong,stable_team_sample,1,1,1,1,0.5484,0.5522,-0.0038000000000000256,-0.006881564650488999,0.4516,0.4478,0.0038000000000000256,0.008485931219294385,0.5484,0.5522,-0.0038000000000000256,-0.006881564650488999,0.5054,0.6675,-0.16210000000000002,-0.24284644194756558,0.043,0.0716,-0.0286,-0.3994413407821229,0.4409,0.4433,-0.0024000000000000132,-0.005413940897811895,0.2957,0.296,-0.00029999999999996696,-0.001013513513513402,0.0269,0.0396,-0.012700000000000003,-0.3207070707070708,0.0161,0.0252,-0.0091,-0.3611111111111111,0.0645,0.0369,0.0276,0.7479674796747967,0.1183,0.1307,-0.012400000000000008,-0.09487375669472078,0.0645,0.0805,-0.016,-0.19875776397515527,0.0538,0.0502,0.003599999999999999,0.07171314741035854,4.8118,5.406,-0.5941999999999998,-0.10991490935997038,-0.0393,-0.0028,-0.036500000000000005,-13.035714285714288,0,1,0,0,0,0,0
2025,MIN,13,leading,league_multi_season,2023,2025,3,32,96,strong,289,strong,stable_team_sample,1,1,1,1,0.4671,0.504,-0.03689999999999999,-0.07321428571428569,0.5329,0.496,0.036900000000000044,0.07439516129032267,0.4671,0.504,-0.03689999999999999,-0.07321428571428569,0.4706,0.6358,-0.1652,-0.25983013526266124,0.0242,0.0687,-0.0445,-0.6477438136826783,0.4325,0.4269,0.005599999999999994,0.013117826188802984,0.2907,0.2876,0.0030999999999999917,0.010778859527120972,0.045,0.0419,0.0030999999999999986,0.07398568019093076,0.0311,0.0228,0.008299999999999998,0.36403508771929816,0.0554,0.0318,0.023599999999999996,0.742138364779874,0.1384,0.1357,0.002700000000000008,0.019896831245394313,0.0588,0.0788,-0.019999999999999997,-0.25380710659898476,0.0796,0.0569,0.022700000000000005,0.3989455184534272,5.0138,5.5181,-0.5042999999999997,-0.09139015240753154,-0.039,0.0162,-0.0552,-3.4074074074074074,0,1,0,0,0,1,1
2025,MIN,14,trailing,league_multi_season,2023,2025,3,32,96,strong,464,strong,stable_team_sample,1,1,1,1,0.6595,0.6309,0.02859999999999996,0.04533206530353456,0.3405,0.3691,-0.02859999999999996,-0.07748577621240846,0.6595,0.6309,0.02859999999999996,0.04533206530353456,0.6358,0.7508,-0.11499999999999999,-0.15316995205114542,0.1207,0.1414,-0.020699999999999996,-0.14639321074964637,0.4159,0.4364,-0.020500000000000018,-0.04697525206232818,0.2716,0.2961,-0.024499999999999966,-0.08274231678486987,0.0409,0.0393,0.0015999999999999973,0.04071246819338415,0.0603,0.0315,0.0288,0.9142857142857143,0.069,0.0472,0.021800000000000007,0.4618644067796612,0.1336,0.1316,0.0020000000000000018,0.015197568389057765,0.0905,0.0886,0.001899999999999999,0.02144469525959367,0.0431,0.043,0.00010000000000000286,0.002325581395348904,5.056,5.3789,-0.32289999999999974,-0.06003086132852437,-0.1952,-0.0215,-0.17370000000000002,-8.079069767441862,1,0,0,0,0,0,1
2025,MIN,15,leading_one_score,league_multi_season,2023,2025,3,32,96,strong,178,strong,stable_team_sample,1,1,1,1,0.4775,0.5341,-0.05660000000000004,-0.1059726642950759,0.5225,0.4659,0.056599999999999984,0.12148529727409313,0.4775,0.5341,-0.05660000000000004,-0.1059726642950759,0.4719,0.6624,-0.1905,-0.28759057971014496,0.0337,0.075,-0.041299999999999996,-0.5506666666666666,0.3876,0.4278,-0.040200000000000014,-0.09396914446002808,0.2584,0.2878,-0.02939999999999998,-0.1021542738012508,0.0393,0.0405,-0.0011999999999999997,-0.02962962962962962,0.0337,0.0244,0.0093,0.3811475409836065,0.0506,0.0343,0.016300000000000002,0.4752186588921284,0.1404,0.1347,0.005700000000000011,0.04231625835189318,0.0674,0.0826,-0.015200000000000005,-0.1840193704600485,0.073,0.052,0.020999999999999998,0.4038461538461538,4.7584,5.5713,-0.8129,-0.14590849532425107,-0.0577,0.0136,-0.0713,-5.24264705882353,0,1,0,0,0,0,1
2025,MIN,16,leading_two_plus_scores,league_multi_season,2023,2025,3,32,94,strong,111,strong,stable_team_sample,1,1,1,1,0.4505,0.4563,-0.005799999999999972,-0.012710935787858804,0.5495,0.5437,0.005800000000000027,0.010667647599779341,0.4505,0.4563,-0.005799999999999972,-0.012710935787858804,0.4685,0.5937,-0.12519999999999998,-0.21088091628768735,0.009,0.0586,-0.0496,-0.8464163822525597,0.5045,0.4256,0.07889999999999997,0.1853853383458646,0.3423,0.2873,0.05499999999999999,0.19143752175426382,0.0541,0.0442,0.009899999999999999,0.22398190045248864,0.027,0.0203,0.006700000000000001,0.33004926108374394,0.0631,0.0278,0.035300000000000005,1.2697841726618708,0.1351,0.1375,-0.0024000000000000132,-0.01745454545454555,0.045,0.0728,-0.027800000000000005,-0.3818681318681319,0.0901,0.0646,0.025499999999999995,0.39473684210526305,5.4234,5.4339,-0.010500000000000398,-0.0019323138077624537,-0.0089,0.0204,-0.0293,-1.4362745098039214,0,1,0,0,0,1,0
2025,MIN,17,trailing_one_score,league_multi_season,2023,2025,3,32,96,strong,257,strong,stable_team_sample,1,1,1,1,0.6109,0.5968,0.014100000000000001,0.023626005361930297,0.3891,0.4032,-0.014100000000000001,-0.034970238095238096,0.6109,0.5968,0.014100000000000001,0.023626005361930297,0.5837,0.7163,-0.13260000000000005,-0.18511796733212346,0.1089,0.1048,0.0040999999999999925,0.03912213740458008,0.4319,0.4393,-0.007400000000000018,-0.016844980651035776,0.2724,0.2967,-0.024300000000000044,-0.08190091001011136,0.0467,0.0391,0.007599999999999996,0.19437340153452673,0.0584,0.029,0.0294,1.0137931034482757,0.0661,0.0417,0.024400000000000005,0.5851318944844126,0.1401,0.1338,0.0063,0.04708520179372197,0.1051,0.0875,0.017600000000000005,0.2011428571428572,0.035,0.0463,-0.011299999999999998,-0.24406047516198698,5.2412,5.4685,-0.2272999999999996,-0.041565328700740534,-0.1925,0.0002,-0.1927,-963.5,1,0,0,1,0,0,1
2025,MIN,18,trailing_two_plus_scores,league_multi_season,2023,2025,3,32,96,strong,207,strong,stable_team_sample,1,1,1,1,0.7198,0.677,0.04279999999999995,0.06322008862629239,0.2802,0.323,-0.042800000000000005,-0.13250773993808052,0.7198,0.677,0.04279999999999995,0.06322008862629239,0.7005,0.7976,-0.09709999999999996,-0.12174022066198592,0.1353,0.1909,-0.05559999999999998,-0.2912519643792561,0.3961,0.4324,-0.0363,-0.08395004625346901,0.2705,0.2953,-0.02479999999999999,-0.08398239078902807,0.0338,0.0395,-0.005700000000000004,-0.14430379746835453,0.0628,0.0349,0.027899999999999994,0.799426934097421,0.0725,0.0546,0.017899999999999992,0.3278388278388277,0.1256,0.1286,-0.0030000000000000027,-0.023328149300155542,0.0725,0.0901,-0.017600000000000005,-0.19533851276359607,0.0531,0.0385,0.014600000000000002,0.3792207792207793,4.8261,5.2578,-0.4316999999999993,-0.08210658450302395,-0.1985,-0.0509,-0.1476,-2.899803536345776,1,0,0,0,0,0,0
2025,MIN,19,tied_early_down,league_multi_season,2023,2025,3,32,96,strong,148,strong,stable_team_sample,1,1,1,1,0.4865,0.4983,-0.011800000000000033,-0.023680513746738976,0.5135,0.5017,0.011799999999999922,0.02352003189156851,0.4865,0.4983,-0.011800000000000033,-0.023680513746738976,0.4054,0.6059,-0.2005,-0.3309126918633438,0.0541,0.0718,-0.0177,-0.24651810584958217,0.4595,0.4418,0.017699999999999994,0.040063377093707546,0.2838,0.2572,0.026600000000000013,0.1034214618973562,0.0203,0.0358,-0.0155,-0.4329608938547486,0.0203,0.0219,-0.0016000000000000007,-0.07305936073059364,0.027,0.0267,0.0002999999999999982,0.011235955056179707,0.1149,0.1285,-0.013600000000000001,-0.10583657587548638,0.0541,0.0731,-0.018999999999999996,-0.2599179206566347,0.0608,0.0554,0.005400000000000002,0.09747292418772567,4.8041,5.4023,-0.5982000000000003,-0.11073061473816713,-0.0277,0.0018,-0.0295,-16.38888888888889,0,1,0,0,0,1,0
2025,MIN,20,leading_early_down,league_multi_season,2023,2025,3,32,96,strong,223,strong,stable_team_sample,1,1,1,1,0.4036,0.4468,-0.04319999999999996,-0.09668755595344665,0.5964,0.5532,0.043200000000000016,0.07809110629067248,0.4036,0.4468,-0.04319999999999996,-0.09668755595344665,0.3767,0.5755,-0.19880000000000003,-0.3454387489139879,0.0269,0.0709,-0.044000000000000004,-0.6205923836389281,0.4395,0.4235,0.016000000000000014,0.037780401416765086,0.2601,0.2496,0.01050000000000001,0.04206730769230773,0.0314,0.0375,-0.006100000000000001,-0.1626666666666667,0.0269,0.0206,0.0063,0.3058252427184466,0.0404,0.0228,0.017599999999999998,0.7719298245614034,0.139,0.1332,0.0058,0.043543543543543534,0.0538,0.0705,-0.016699999999999993,-0.2368794326241134,0.0852,0.0628,0.022400000000000003,0.35668789808917206,5.3049,5.5158,-0.21089999999999964,-0.03823561405417159,-0.0149,0.0115,-0.0264,-2.2956521739130435,0,1,0,0,0,1,1
2025,MIN,21,trailing_early_down,league_multi_season,2023,2025,3,32,96,strong,352,strong,stable_team_sample,1,1,1,1,0.625,0.5899,0.03510000000000002,0.05950161044244791,0.375,0.4101,-0.03510000000000002,-0.08558888076079009,0.625,0.5899,0.03510000000000002,0.05950161044244791,0.5653,0.7068,-0.14149999999999996,-0.2001980758347481,0.1449,0.15,-0.005099999999999993,-0.03399999999999996,0.4347,0.438,-0.003300000000000025,-0.007534246575342523,0.25,0.2608,-0.010799999999999976,-0.04141104294478519,0.0313,0.0356,-0.004299999999999998,-0.12078651685393253,0.054,0.0281,0.0259,0.9217081850533808,0.0483,0.0355,0.012800000000000006,0.3605633802816903,0.142,0.1307,0.011299999999999977,0.08645753634276952,0.0938,0.0839,0.009899999999999992,0.11799761620977345,0.0483,0.0468,0.0015000000000000013,0.032051282051282076,5.4659,5.4892,-0.023299999999999876,-0.004244698681046395,-0.0895,-0.0058,-0.0837,-14.431034482758621,1,0,0,0,0,0,1
2025,NE,1,all_offense,league_multi_season,2023,2025,3,32,96,strong,1014,strong,stable_team_sample,1,1,1,1,0.5424,0.5737,-0.031299999999999994,-0.05455813142757538,0.4576,0.4263,0.031299999999999994,0.07342247243725075,0.5424,0.5737,-0.031299999999999994,-0.05455813142757538,0.5503,0.6967,-0.14639999999999997,-0.21013348643605567,0.0237,0.1039,-0.08020000000000001,-0.7718960538979789,0.4832,0.4345,0.04870000000000002,0.1120828538550058,0.3333,0.2932,0.04009999999999997,0.13676671214188257,0.0533,0.0402,0.0131,0.32587064676616917,0.0247,0.0274,-0.002700000000000001,-0.09854014598540149,0.0473,0.0401,0.007200000000000005,0.17955112219451386,0.1627,0.1328,0.02990000000000001,0.22515060240963863,0.1095,0.0838,0.0257,0.30668257756563244,0.0533,0.049,0.004299999999999998,0.08775510204081628,6.3935,5.4305,0.9630000000000001,0.17733173740907834,0.1566,-0.0054,0.16199999999999998,29.999999999999993,0,1,0,0,1,1,1
2025,NE,2,early_down,league_multi_season,2023,2025,3,32,96,strong,794,strong,stable_team_sample,1,1,1,1,0.4899,0.5246,-0.03469999999999995,-0.066145634769348,0.5101,0.4754,0.03470000000000001,0.07299116533445521,0.4899,0.5246,-0.03469999999999995,-0.066145634769348,0.4773,0.6436,-0.16629999999999995,-0.2583903045369794,0.029,0.1086,-0.0796,-0.7329650092081031,0.4786,0.4339,0.04470000000000002,0.10301912883152804,0.296,0.2564,0.03959999999999997,0.15444617784711376,0.0542,0.0363,0.0179,0.4931129476584022,0.0202,0.0244,-0.004200000000000002,-0.1721311475409837,0.0428,0.0296,0.013199999999999996,0.44594594594594583,0.1562,0.1311,0.02510000000000001,0.19145690312738378,0.0957,0.0774,0.018299999999999997,0.23643410852713176,0.0605,0.0538,0.006699999999999998,0.12453531598513007,6.296,5.4816,0.8144,0.14856976065382368,0.1321,0.0014,0.13069999999999998,93.35714285714285,0,1,0,0,1,1,1
2025,NE,3,third_down,league_multi_season,2023,2025,3,32,96,strong,195,strong,stable_team_sample,1,1,1,1,0.7487,0.7494,-0.0006999999999999229,-0.0009340805978114798,0.2513,0.2506,0.0007000000000000339,0.0027932960893856103,0.7487,0.7494,-0.0006999999999999229,-0.0009340805978114798,0.8359,0.8953,-0.05940000000000001,-0.06634647604155033,0.0051,0.0875,-0.0824,-0.9417142857142858,0.4718,0.4242,0.047599999999999976,0.11221122112211215,0.4359,0.3997,0.03620000000000001,0.09056792594445837,0.041,0.0487,-0.0076999999999999985,-0.1581108829568788,0.0359,0.0359,0.0,0.0,0.0667,0.0778,-0.011099999999999999,-0.14267352185089974,0.1846,0.1404,0.04419999999999999,0.31481481481481477,0.1641,0.107,0.0571,0.5336448598130841,0.0205,0.0333,-0.012800000000000002,-0.38438438438438444,6.8103,5.3482,1.4620999999999995,0.27338169851538824,0.1219,-0.0507,0.1726,3.4043392504930967,0,1,0,0,1,1,1
2025,NE,4,fourth_down,league_multi_season,2023,2025,3,32,96,good,25,thin,small_team_sample,0,1,0,0,0.6,0.6225,-0.022500000000000075,-0.03614457831325313,0.4,0.3775,0.02250000000000002,0.05960264900662257,0.6,0.6225,-0.022500000000000075,-0.03614457831325313,0.64,0.675,-0.03500000000000003,-0.05185185185185189,0.0,0.0943,-0.0943,-1.0,0.72,0.5443,0.17569999999999997,0.3227999265111151,0.72,0.5475,0.1725,0.3150684931506849,0.12,0.0926,0.027399999999999994,0.2958963282937364,0.08,0.0492,0.0308,0.6260162601626016,0.04,0.0504,-0.0104,-0.20634920634920634,0.2,0.1209,0.07910000000000002,0.654259718775848,0.12,0.0893,0.03069999999999999,0.3437849944008957,0.08,0.0316,0.0484,1.531645569620253,6.24,4.5242,1.7157999999999998,0.37924937005437415,1.2033,0.1649,1.0384,6.297149787750152,0,1,0,0,1,1,1
2025,NE,5,short_yardage,league_multi_season,2023,2025,3,32,96,strong,107,strong,stable_team_sample,1,1,1,1,0.3364,0.3476,-0.011200000000000043,-0.0322209436133488,0.6636,0.6524,0.011199999999999988,0.01716738197424891,0.3364,0.3476,-0.011200000000000043,-0.0322209436133488,0.3551,0.5322,-0.17709999999999998,-0.33276963547538513,0.028,0.1642,-0.13620000000000002,-0.8294762484774665,0.5327,0.5961,-0.06340000000000001,-0.1063579936252307,0.6075,0.6404,-0.03289999999999993,-0.05137414116177378,0.1028,0.1155,-0.012700000000000003,-0.10995670995670997,0.0467,0.0214,0.0253,1.1822429906542056,0.0187,0.0229,-0.004199999999999999,-0.18340611353711786,0.0748,0.0906,-0.015799999999999995,-0.1743929359823399,0.0187,0.0453,-0.0266,-0.58719646799117,0.0561,0.0453,0.010799999999999997,0.23841059602649,3.6636,3.8797,-0.21609999999999996,-0.05570018300384049,-0.0664,0.0647,-0.1311,-2.026275115919629,0,1,0,0,0,0,0
2025,NE,6,red_zone,league_multi_season,2023,2025,3,32,96,strong,171,strong,stable_team_sample,1,1,1,1,0.4795,0.5029,-0.023400000000000032,-0.04653012527341426,0.5205,0.4971,0.023399999999999976,0.04707302353651172,0.4795,0.5029,-0.023400000000000032,-0.04653012527341426,0.4971,0.6589,-0.16180000000000005,-0.24556078312338753,0.0058,0.0945,-0.0887,-0.9386243386243386,0.4386,0.4224,0.016199999999999992,0.03835227272727271,0.3333,0.313,0.020299999999999985,0.06485623003194883,0.2105,0.1961,0.014399999999999996,0.07343192248852624,0.0292,0.0258,0.0034000000000000002,0.13178294573643412,0.0585,0.0328,0.0257,0.7835365853658536,0.0409,0.0512,-0.010300000000000004,-0.20117187500000006,0.0292,0.0238,0.0053999999999999986,0.22689075630252092,0.0117,0.0274,-0.0157,-0.5729927007299269,2.9766,3.0,-0.023400000000000087,-0.007800000000000029,0.018,-0.0022,0.0202,9.181818181818182,0,1,0,0,1,1,0
2025,NE,7,goal_to_go,league_multi_season,2023,2025,3,32,96,strong,86,good,usable_team_sample,1,1,0,1,0.4419,0.4757,-0.0338,-0.07105318478032373,0.5581,0.5243,0.03380000000000005,0.06446690825863066,0.4419,0.4757,-0.0338,-0.07105318478032373,0.4535,0.611,-0.15749999999999997,-0.25777414075286414,0.0,0.0861,-0.0861,-1.0,0.4302,0.438,-0.007799999999999974,-0.017808219178082133,0.3372,0.3303,0.006900000000000017,0.02089009990917353,0.314,0.3289,-0.014900000000000024,-0.0453025235633932,0.0233,0.0243,-0.0009999999999999974,-0.04115226337448549,0.0349,0.0306,0.004300000000000002,0.14052287581699352,0.0,0.0074,-0.0074,-1.0,0.0,0.0033,-0.0033,-1.0,0.0,0.0041,-0.0041,-1.0,1.7907,1.8044,-0.013700000000000045,-0.007592551540678367,-0.0642,0.0097,-0.0739,-7.6185567010309265,0,1,0,0,0,0,0
2025,NE,8,two_minute_half,league_multi_season,2023,2025,3,32,96,strong,130,strong,stable_team_sample,1,1,1,1,0.6538,0.7349,-0.08109999999999995,-0.11035515036059321,0.3462,0.2651,0.0811,0.3059222934741607,0.6538,0.7349,-0.08109999999999995,-0.11035515036059321,0.7154,0.8778,-0.1624,-0.18500797448165868,0.0923,0.1634,-0.0711,-0.43512851897184823,0.5308,0.4231,0.10770000000000007,0.25454975183171846,0.3538,0.3007,0.05309999999999998,0.17658796142334546,0.0462,0.0467,-0.0005000000000000004,-0.010706638115631701,0.0308,0.0356,-0.004799999999999999,-0.13483146067415727,0.0462,0.0516,-0.005400000000000002,-0.10465116279069771,0.1769,0.1271,0.04980000000000001,0.39181746656176253,0.1231,0.094,0.0291,0.3095744680851064,0.0538,0.0331,0.020700000000000003,0.6253776435045318,7.0077,5.26,1.7477,0.3322623574144487,0.1855,0.0083,0.1772,21.349397590361445,0,1,0,0,1,1,1
2025,NE,9,two_minute_game,league_multi_season,2023,2025,3,32,96,strong,38,thin,small_team_sample,0,1,0,0,0.6053,0.6818,-0.07650000000000001,-0.11220299207978882,0.3947,0.3182,0.07650000000000001,0.2404148334380893,0.6053,0.6818,-0.07650000000000001,-0.11220299207978882,0.6053,0.8173,-0.21200000000000008,-0.259390676618133,0.1579,0.1726,-0.01469999999999999,-0.08516801853997677,0.4474,0.3942,0.053200000000000025,0.13495687468290216,0.3421,0.2947,0.0474,0.16084153376314894,0.0263,0.045,-0.018699999999999998,-0.4155555555555555,0.0,0.0394,-0.0394,-1.0,0.0789,0.0504,0.028499999999999998,0.5654761904761905,0.2105,0.1268,0.0837,0.6600946372239748,0.1053,0.0914,0.01390000000000001,0.15207877461706795,0.1053,0.0354,0.0699,1.9745762711864407,7.2105,5.037,2.1734999999999998,0.43150684931506844,0.1416,-0.06,0.2016,3.3600000000000003,0,1,0,0,1,1,1
2025,NE,10,one_score,league_multi_season,2023,2025,3,32,96,strong,749,strong,stable_team_sample,1,1,1,1,0.5554,0.565,-0.009599999999999942,-0.016991150442477773,0.4446,0.435,0.009599999999999997,0.022068965517241374,0.5554,0.565,-0.009599999999999942,-0.016991150442477773,0.5648,0.6859,-0.12109999999999999,-0.1765563493220586,0.0174,0.0863,-0.0689,-0.79837775202781,0.494,0.4369,0.057099999999999984,0.1306935225452048,0.3311,0.2938,0.0373,0.1269571136827774,0.0494,0.0397,0.0097,0.2443324937027708,0.0267,0.0265,0.00020000000000000226,0.00754716981132084,0.0467,0.0381,0.008599999999999997,0.22572178477690277,0.1629,0.1332,0.029699999999999976,0.22297297297297278,0.1108,0.084,0.02679999999999999,0.3190476190476189,0.0521,0.0492,0.0029,0.058943089430894303,6.4459,5.4822,0.9637000000000002,0.1757870927729744,0.1513,0.0035,0.1478,42.22857142857142,0,1,0,0,1,1,1
2025,NE,11,neutral_early_down,league_multi_season,2023,2025,3,32,96,strong,471,strong,stable_team_sample,1,1,1,1,0.5308,0.5215,0.009300000000000086,0.01783317353787169,0.4692,0.4785,-0.009299999999999975,-0.019435736677115935,0.5308,0.5215,0.009300000000000086,0.01783317353787169,0.5053,0.6282,-0.12290000000000001,-0.19563833174148362,0.0212,0.0855,-0.06430000000000001,-0.7520467836257311,0.5096,0.4391,0.07050000000000006,0.1605556820769758,0.2951,0.2537,0.04139999999999999,0.1631848640126133,0.0191,0.0109,0.008199999999999999,0.7522935779816513,0.0212,0.0226,-0.0013999999999999985,-0.06194690265486719,0.0382,0.0278,0.0104,0.37410071942446044,0.1741,0.1443,0.029799999999999993,0.20651420651420646,0.1125,0.0864,0.026099999999999998,0.3020833333333333,0.0616,0.058,0.003599999999999999,0.06206896551724136,6.8344,5.9339,0.9004999999999992,0.15175516945010856,0.1474,0.013,0.1344,10.338461538461539,1,0,0,0,1,1,1
2025,NE,12,tied,league_multi_season,2023,2025,3,32,96,strong,178,strong,stable_team_sample,1,1,1,1,0.5337,0.5522,-0.018500000000000072,-0.03350235421948582,0.4663,0.4478,0.018500000000000016,0.04131308619919611,0.5337,0.5522,-0.018500000000000072,-0.03350235421948582,0.5449,0.6675,-0.12259999999999993,-0.18367041198501863,0.0169,0.0716,-0.0547,-0.7639664804469274,0.4663,0.4433,0.022999999999999965,0.05188360027069696,0.3371,0.296,0.041100000000000025,0.13885135135135143,0.0393,0.0396,-0.00030000000000000165,-0.007575757575757617,0.0225,0.0252,-0.002700000000000001,-0.10714285714285718,0.0618,0.0369,0.0249,0.6747967479674796,0.1573,0.1307,0.026599999999999985,0.20351951032899757,0.1011,0.0805,0.020599999999999993,0.2559006211180123,0.0562,0.0502,0.005999999999999998,0.11952191235059757,6.073,5.406,0.6670000000000007,0.12338142804291542,0.1118,-0.0028,0.1146,40.92857142857142,0,1,0,0,1,1,1
2025,NE,13,leading,league_multi_season,2023,2025,3,32,96,strong,548,strong,stable_team_sample,1,1,1,1,0.4927,0.504,-0.011299999999999977,-0.022420634920634876,0.5073,0.496,0.011299999999999977,0.022782258064516083,0.4927,0.504,-0.011299999999999977,-0.022420634920634876,0.5383,0.6358,-0.09750000000000003,-0.15335011009751498,0.0182,0.0687,-0.050499999999999996,-0.735080058224163,0.4818,0.4269,0.054900000000000004,0.12860154602951512,0.3321,0.2876,0.044499999999999984,0.1547287899860917,0.0529,0.0419,0.011000000000000003,0.2625298329355609,0.0201,0.0228,-0.002700000000000001,-0.11842105263157898,0.0347,0.0318,0.0029,0.09119496855345911,0.1642,0.1357,0.028500000000000025,0.21002210759027287,0.1077,0.0788,0.02890000000000001,0.3667512690355331,0.0566,0.0569,-0.00030000000000000165,-0.005272407732864704,6.4161,5.5181,0.8980000000000006,0.16273717402729213,0.1705,0.0162,0.15430000000000002,9.524691358024693,0,1,0,0,1,1,1
2025,NE,14,trailing,league_multi_season,2023,2025,3,32,96,strong,288,strong,stable_team_sample,1,1,1,1,0.6424,0.6309,0.011499999999999955,0.0182279283563163,0.3576,0.3691,-0.01150000000000001,-0.03115686805743704,0.6424,0.6309,0.011499999999999955,0.0182279283563163,0.5764,0.7508,-0.1744,-0.2322855620671284,0.0382,0.1414,-0.1032,-0.7298444130127298,0.4965,0.4364,0.06009999999999999,0.13771769019248392,0.3333,0.2961,0.03720000000000001,0.1256332320162108,0.0625,0.0393,0.0232,0.5903307888040712,0.0347,0.0315,0.0032000000000000015,0.10158730158730163,0.0625,0.0472,0.015300000000000001,0.3241525423728814,0.1632,0.1316,0.03160000000000002,0.2401215805471126,0.1181,0.0886,0.0295,0.3329571106094808,0.0451,0.043,0.0021000000000000046,0.04883720930232569,6.5486,5.3789,1.1697000000000006,0.21746081912658735,0.1578,-0.0215,0.1793,8.33953488372093,1,0,0,0,1,1,1
2025,NE,15,leading_one_score,league_multi_season,2023,2025,3,32,96,strong,322,strong,stable_team_sample,1,1,1,1,0.5186,0.5341,-0.01550000000000007,-0.029020782624976725,0.4814,0.4659,0.015500000000000014,0.033268941833011406,0.5186,0.5341,-0.01550000000000007,-0.029020782624976725,0.5745,0.6624,-0.08789999999999998,-0.13269927536231882,0.0186,0.075,-0.0564,-0.752,0.5155,0.4278,0.08769999999999994,0.20500233754090683,0.3416,0.2878,0.053800000000000014,0.18693537178596253,0.0466,0.0405,0.006100000000000001,0.1506172839506173,0.0217,0.0244,-0.002700000000000001,-0.11065573770491807,0.0248,0.0343,-0.009499999999999998,-0.2769679300291545,0.1646,0.1347,0.02990000000000001,0.22197475872308844,0.1087,0.0826,0.026099999999999998,0.31598062953995154,0.0559,0.052,0.0039000000000000007,0.07500000000000001,6.646,5.5713,1.0747,0.19289932331771759,0.1998,0.0136,0.1862,13.691176470588236,0,1,0,0,1,1,1
2025,NE,16,leading_two_plus_scores,league_multi_season,2023,2025,3,32,94,strong,226,strong,stable_team_sample,1,1,1,1,0.4558,0.4563,-0.0005000000000000004,-0.0010957703265395582,0.5442,0.5437,0.000500000000000056,0.0009196247930845246,0.4558,0.4563,-0.0005000000000000004,-0.0010957703265395582,0.4867,0.5937,-0.10699999999999998,-0.18022570321711298,0.0177,0.0586,-0.0409,-0.6979522184300341,0.4336,0.4256,0.008000000000000007,0.018796992481203024,0.3186,0.2873,0.031299999999999994,0.10894535328924468,0.0619,0.0442,0.017699999999999994,0.4004524886877826,0.0177,0.0203,-0.002599999999999998,-0.12807881773399007,0.0487,0.0278,0.020900000000000002,0.7517985611510792,0.1637,0.1375,0.0262,0.19054545454545455,0.1062,0.0728,0.0334,0.45879120879120877,0.0575,0.0646,-0.007100000000000002,-0.10990712074303408,6.0885,5.4339,0.6545999999999994,0.1204659636725003,0.1287,0.0204,0.10830000000000001,5.3088235294117645,0,1,0,0,1,1,1
2025,NE,17,trailing_one_score,league_multi_season,2023,2025,3,32,96,strong,249,strong,stable_team_sample,1,1,1,1,0.6185,0.5968,0.021700000000000053,0.036360589812332526,0.3815,0.4032,-0.021699999999999997,-0.053819444444444434,0.6185,0.5968,0.021700000000000053,0.036360589812332526,0.5663,0.7163,-0.15000000000000002,-0.20940946530783194,0.0161,0.1048,-0.0887,-0.8463740458015266,0.4859,0.4393,0.046599999999999975,0.10607785112679256,0.3133,0.2967,0.016600000000000004,0.05594876980114595,0.0602,0.0391,0.021099999999999994,0.5396419437340152,0.0361,0.029,0.007099999999999999,0.24482758620689649,0.0643,0.0417,0.022599999999999995,0.541966426858513,0.1647,0.1338,0.03090000000000001,0.23094170403587452,0.1205,0.0875,0.033,0.37714285714285717,0.0442,0.0463,-0.0020999999999999977,-0.045356371490280725,6.4538,5.4685,0.9853000000000005,0.18017737953735039,0.1169,0.0002,0.1167,583.5,1,0,0,0,1,1,1
2025,NE,18,trailing_two_plus_scores,league_multi_season,2023,2025,3,32,96,strong,39,thin,small_team_sample,0,1,0,0,0.7949,0.677,0.1179,0.1741506646971935,0.2051,0.323,-0.1179,-0.365015479876161,0.7949,0.677,0.1179,0.1741506646971935,0.641,0.7976,-0.15659999999999996,-0.19633901705115342,0.1795,0.1909,-0.011399999999999993,-0.05971712938711364,0.5641,0.4324,0.13170000000000004,0.3045790934320075,0.4615,0.2953,0.16620000000000001,0.562817473755503,0.0769,0.0395,0.037399999999999996,0.9468354430379745,0.0256,0.0349,-0.0093,-0.26647564469914037,0.0513,0.0546,-0.0033000000000000043,-0.060439560439560516,0.1538,0.1286,0.0252,0.19595645412130638,0.1026,0.0901,0.012499999999999997,0.1387347391786903,0.0513,0.0385,0.012799999999999999,0.33246753246753247,7.1538,5.2578,1.8960000000000008,0.36060709802579044,0.419,-0.0509,0.4699,9.231827111984282,1,0,0,0,1,1,1
2025,NE,19,tied_early_down,league_multi_season,2023,2025,3,32,96,strong,144,strong,stable_team_sample,1,1,1,1,0.4861,0.4983,-0.012200000000000044,-0.024483243026289472,0.5139,0.5017,0.012199999999999989,0.024317321108231985,0.4861,0.4983,-0.012200000000000044,-0.024483243026289472,0.4861,0.6059,-0.11980000000000002,-0.19772239643505532,0.0139,0.0718,-0.05790000000000001,-0.8064066852367688,0.4583,0.4418,0.01649999999999996,0.037347215934812036,0.3056,0.2572,0.0484,0.18818040435458788,0.0486,0.0358,0.012799999999999999,0.3575418994413408,0.0208,0.0219,-0.0011000000000000003,-0.050228310502283116,0.0486,0.0267,0.021899999999999996,0.8202247191011234,0.1667,0.1285,0.038199999999999984,0.2972762645914396,0.1042,0.0731,0.031100000000000003,0.4254445964432285,0.0625,0.0554,0.007100000000000002,0.128158844765343,6.1528,5.4023,0.7504999999999997,0.13892231086759338,0.1019,0.0018,0.10010000000000001,55.611111111111114,0,1,0,0,1,1,1
2025,NE,20,leading_early_down,league_multi_season,2023,2025,3,32,96,strong,431,strong,stable_team_sample,1,1,1,1,0.4362,0.4468,-0.010599999999999998,-0.02372426141450313,0.5638,0.5532,0.010599999999999943,0.019161243673174153,0.4362,0.4468,-0.010599999999999998,-0.02372426141450313,0.464,0.5755,-0.11149999999999999,-0.1937445699391833,0.0232,0.0709,-0.047700000000000006,-0.6727785613540198,0.4803,0.4235,0.05680000000000002,0.134120425029516,0.297,0.2496,0.0474,0.18990384615384615,0.051,0.0375,0.013499999999999998,0.36,0.0162,0.0206,-0.004400000000000001,-0.21359223300970878,0.0348,0.0228,0.011999999999999997,0.5263157894736841,0.1531,0.1332,0.0199,0.1493993993993994,0.0882,0.0705,0.017700000000000007,0.2510638297872342,0.065,0.0628,0.0022000000000000075,0.035031847133758086,6.2111,5.5158,0.6953000000000005,0.1260560571449292,0.1418,0.0115,0.1303,11.330434782608696,0,1,0,0,1,1,1
2025,NE,21,trailing_early_down,league_multi_season,2023,2025,3,32,96,strong,219,strong,stable_team_sample,1,1,1,1,0.5982,0.5899,0.008299999999999974,0.014070181386675665,0.4018,0.4101,-0.00830000000000003,-0.020238966105827916,0.5982,0.5899,0.008299999999999974,0.014070181386675665,0.4977,0.7068,-0.2091,-0.29584040747028867,0.0502,0.15,-0.0998,-0.6653333333333333,0.4886,0.438,0.05059999999999998,0.11552511415525109,0.2877,0.2608,0.026900000000000035,0.10314417177914124,0.0639,0.0356,0.0283,0.7949438202247191,0.0274,0.0281,-0.0006999999999999992,-0.024911032028469723,0.0548,0.0355,0.019300000000000005,0.5436619718309861,0.1553,0.1307,0.024599999999999983,0.1882172915072684,0.105,0.0839,0.021099999999999994,0.25148986889153746,0.0502,0.0468,0.0034000000000000002,0.07264957264957266,6.5571,5.4892,1.0678999999999998,0.19454565328280984,0.133,-0.0058,0.1388,23.931034482758623,1,0,0,0,1,1,1
2025,NO,1,all_offense,league_multi_season,2023,2025,3,32,96,strong,1061,strong,stable_team_sample,1,1,1,1,0.5975,0.5737,0.023800000000000043,0.041485096740456764,0.4025,0.4263,-0.023799999999999988,-0.05582922824302131,0.5975,0.5737,0.023800000000000043,0.041485096740456764,0.7898,0.6967,0.09309999999999996,0.1336299698579015,0.2271,0.1039,0.12319999999999999,1.1857555341674686,0.4204,0.4345,-0.014100000000000001,-0.03245109321058688,0.2743,0.2932,-0.018900000000000028,-0.06446111869031387,0.0273,0.0402,-0.012899999999999998,-0.3208955223880597,0.0273,0.0274,-9.99999999999994e-05,-0.003649635036496328,0.0462,0.0401,0.006100000000000001,0.15211970074812972,0.1074,0.1328,-0.025400000000000006,-0.1912650602409639,0.0754,0.0838,-0.008400000000000005,-0.10023866348448693,0.032,0.049,-0.017,-0.3469387755102041,5.0358,5.4305,-0.3947000000000003,-0.07268207347389748,-0.0856,-0.0054,-0.0802,-14.85185185185185,1,0,1,1,0,0,0
2025,NO,2,early_down,league_multi_season,2023,2025,3,32,96,strong,805,strong,stable_team_sample,1,1,1,1,0.5578,0.5246,0.03320000000000001,0.06328631338162412,0.4422,0.4754,-0.03320000000000001,-0.06983592763988222,0.5578,0.5246,0.03320000000000001,0.06328631338162412,0.7503,0.6436,0.10670000000000002,0.165786202610317,0.2261,0.1086,0.1175,1.08195211786372,0.4186,0.4339,-0.01529999999999998,-0.035261581009449136,0.2348,0.2564,-0.021600000000000008,-0.08424336973478942,0.0224,0.0363,-0.0139,-0.38292011019283745,0.0211,0.0244,-0.003300000000000001,-0.1352459016393443,0.0385,0.0296,0.008899999999999998,0.3006756756756756,0.1106,0.1311,-0.02049999999999999,-0.156369183829138,0.0708,0.0774,-0.006599999999999995,-0.0852713178294573,0.0398,0.0538,-0.013999999999999999,-0.2602230483271375,5.159,5.4816,-0.32260000000000044,-0.058851430239346254,-0.0456,0.0014,-0.047,-33.57142857142857,1,0,1,1,0,0,0
2025,NO,3,third_down,league_multi_season,2023,2025,3,32,96,strong,222,strong,stable_team_sample,1,1,1,1,0.7432,0.7494,-0.006199999999999983,-0.008273285294902568,0.2568,0.2506,0.006199999999999983,0.02474062250598557,0.7432,0.7494,-0.006199999999999983,-0.008273285294902568,0.9414,0.8953,0.04610000000000003,0.05149112029487326,0.2342,0.0875,0.1467,1.6765714285714286,0.4279,0.4242,0.003699999999999981,0.008722300801508678,0.3964,0.3997,-0.003300000000000025,-0.008256192144108145,0.0495,0.0487,0.0008000000000000021,0.01642710472279265,0.027,0.0359,-0.008900000000000002,-0.24791086350974934,0.0631,0.0778,-0.01469999999999999,-0.18894601542416442,0.1126,0.1404,-0.02779999999999999,-0.19800569800569795,0.1036,0.107,-0.0034000000000000002,-0.031775700934579446,0.009,0.0333,-0.024300000000000002,-0.7297297297297297,5.0811,5.3482,-0.2671000000000001,-0.049942036573052635,-0.1095,-0.0507,-0.0588,-1.1597633136094674,0,1,1,1,0,1,0
2025,NO,4,fourth_down,league_multi_season,2023,2025,3,32,96,good,34,thin,small_team_sample,0,1,0,0,0.5882,0.6225,-0.03430000000000011,-0.055100401606425875,0.4118,0.3775,0.0343,0.09086092715231787,0.5882,0.6225,-0.03430000000000011,-0.055100401606425875,0.7353,0.675,0.06029999999999991,0.0893333333333332,0.2059,0.0943,0.1116,1.1834570519618242,0.4118,0.5443,-0.1325,-0.2434319309204483,0.4118,0.5475,-0.1357,-0.2478538812785388,0.0,0.0926,-0.0926,-1.0,0.1765,0.0492,0.1273,2.58739837398374,0.1176,0.0504,0.0672,1.3333333333333333,0.0,0.1209,-0.1209,-1.0,0.0,0.0893,-0.0893,-1.0,0.0,0.0316,-0.0316,-1.0,1.8235,4.5242,-2.7007000000000003,-0.5969453162990142,-0.8772,0.1649,-1.0421,-6.31958762886598,0,1,1,1,0,0,0
2025,NO,5,short_yardage,league_multi_season,2023,2025,3,32,96,strong,102,strong,stable_team_sample,1,1,1,1,0.3137,0.3476,-0.03390000000000004,-0.09752589182968942,0.6863,0.6524,0.03390000000000004,0.051961986511342796,0.3137,0.3476,-0.03390000000000004,-0.09752589182968942,0.7059,0.5322,0.17369999999999997,0.32638105975197285,0.2549,0.1642,0.0907,0.5523751522533495,0.5196,0.5961,-0.07650000000000001,-0.12833417211877204,0.5392,0.6404,-0.10119999999999996,-0.15802623360399745,0.0392,0.1155,-0.0763,-0.6606060606060606,0.0392,0.0214,0.0178,0.8317757009345794,0.049,0.0229,0.0261,1.1397379912663756,0.098,0.0906,0.007400000000000004,0.08167770419426053,0.0588,0.0453,0.013499999999999998,0.29801324503311255,0.0392,0.0453,-0.006100000000000001,-0.13465783664459163,3.0686,3.8797,-0.8111000000000002,-0.20906255638322555,-0.2893,0.0647,-0.354,-5.471406491499227,0,1,1,1,0,0,1
2025,NO,6,red_zone,league_multi_season,2023,2025,3,32,96,strong,123,strong,stable_team_sample,1,1,1,1,0.4959,0.5029,-0.007000000000000006,-0.013919268244183746,0.5041,0.4971,0.007000000000000006,0.014081673707503533,0.4959,0.5029,-0.007000000000000006,-0.013919268244183746,0.8211,0.6589,0.1622,0.24616785551677037,0.2276,0.0945,0.1331,1.4084656084656084,0.3577,0.4224,-0.06469999999999998,-0.15317234848484843,0.2683,0.313,-0.04470000000000002,-0.14281150159744416,0.1626,0.1961,-0.0335,-0.17083120856705764,0.0244,0.0258,-0.0013999999999999985,-0.05426356589147281,0.0488,0.0328,0.016,0.4878048780487805,0.0894,0.0512,0.03819999999999999,0.7460937499999998,0.0488,0.0238,0.025,1.050420168067227,0.0407,0.0274,0.0133,0.48540145985401456,3.2602,3.0,0.2602000000000002,0.0867333333333334,-0.1238,-0.0022,-0.1216,-55.272727272727266,0,1,1,1,0,0,1
2025,NO,7,goal_to_go,league_multi_season,2023,2025,3,32,96,strong,40,thin,small_team_sample,0,1,0,0,0.425,0.4757,-0.05070000000000002,-0.10657977717048564,0.575,0.5243,0.05069999999999997,0.09670036238794577,0.425,0.4757,-0.05070000000000002,-0.10657977717048564,0.75,0.611,0.139,0.2274959083469722,0.2,0.0861,0.11390000000000002,1.3228803716608597,0.35,0.438,-0.08800000000000002,-0.20091324200913246,0.2,0.3303,-0.13029999999999997,-0.3944898577051165,0.2,0.3289,-0.12890000000000001,-0.39191243539069626,0.05,0.0243,0.025700000000000004,1.05761316872428,0.0,0.0306,-0.0306,-1.0,0.0,0.0074,-0.0074,-1.0,0.0,0.0033,-0.0033,-1.0,0.0,0.0041,-0.0041,-1.0,1.7,1.8044,-0.10440000000000005,-0.0578585679450233,-0.3078,0.0097,-0.3175,-32.7319587628866,0,1,1,1,0,0,0
2025,NO,8,two_minute_half,league_multi_season,2023,2025,3,32,96,strong,138,strong,stable_team_sample,1,1,1,1,0.8261,0.7349,0.09119999999999995,0.12409851680500741,0.1739,0.2651,-0.0912,-0.3440211241041117,0.8261,0.7349,0.09119999999999995,0.12409851680500741,0.9638,0.8778,0.08599999999999997,0.09797220323536109,0.2319,0.1634,0.0685,0.4192166462668299,0.4783,0.4231,0.05520000000000003,0.1304656109666746,0.3116,0.3007,0.010899999999999965,0.036248752909876836,0.0435,0.0467,-0.0032000000000000015,-0.06852248394004286,0.0435,0.0356,0.007899999999999997,0.2219101123595505,0.0435,0.0516,-0.008100000000000003,-0.15697674418604657,0.1377,0.1271,0.010599999999999998,0.08339889850511407,0.1304,0.094,0.03639999999999999,0.3872340425531914,0.0072,0.0331,-0.0259,-0.7824773413897281,5.7174,5.26,0.4573999999999998,0.08695817490494294,-0.0434,0.0083,-0.0517,-6.228915662650603,1,0,1,1,0,1,1
2025,NO,9,two_minute_game,league_multi_season,2023,2025,3,32,96,strong,59,good,usable_team_sample,1,1,0,1,0.8983,0.6818,0.21650000000000003,0.31754180111469643,0.1017,0.3182,-0.21649999999999997,-0.6803896920175989,0.8983,0.6818,0.21650000000000003,0.31754180111469643,0.9661,0.8173,0.14879999999999993,0.18206289000367054,0.322,0.1726,0.1494,0.86558516801854,0.5254,0.3942,0.13119999999999998,0.3328259766615931,0.3559,0.2947,0.06119999999999998,0.20766881574482515,0.0508,0.045,0.0058,0.1288888888888889,0.0508,0.0394,0.0114,0.2893401015228427,0.0678,0.0504,0.0174,0.34523809523809523,0.1525,0.1268,0.0257,0.2026813880126183,0.1525,0.0914,0.0611,0.6684901531728665,0.0,0.0354,-0.0354,-1.0,5.5932,5.037,0.5562000000000005,0.11042287075640271,0.0387,-0.06,0.0987,1.645,1,0,1,1,1,1,1
2025,NO,10,one_score,league_multi_season,2023,2025,3,32,96,strong,595,strong,stable_team_sample,1,1,1,1,0.6,0.565,0.03500000000000003,0.06194690265486732,0.4,0.435,-0.034999999999999976,-0.08045977011494247,0.6,0.565,0.03500000000000003,0.06194690265486732,0.763,0.6859,0.07710000000000006,0.11240705642221907,0.2034,0.0863,0.1171,1.3568945538818076,0.4067,0.4369,-0.030200000000000005,-0.0691233691920348,0.2605,0.2938,-0.033299999999999996,-0.11334240980258678,0.0269,0.0397,-0.012799999999999999,-0.3224181360201511,0.0286,0.0265,0.002100000000000001,0.07924528301886798,0.0521,0.0381,0.013999999999999999,0.36745406824146976,0.1126,0.1332,-0.020600000000000007,-0.1546546546546547,0.0773,0.084,-0.0067000000000000115,-0.0797619047619049,0.0353,0.0492,-0.013900000000000003,-0.2825203252032521,5.2756,5.4822,-0.2065999999999999,-0.03768560067126334,-0.1206,0.0035,-0.1241,-35.457142857142856,1,0,1,1,0,0,0
2025,NO,11,neutral_early_down,league_multi_season,2023,2025,3,32,96,strong,394,strong,stable_team_sample,1,1,1,1,0.5584,0.5215,0.036900000000000044,0.0707574304889742,0.4416,0.4785,-0.03689999999999999,-0.07711598746081502,0.5584,0.5215,0.036900000000000044,0.0707574304889742,0.703,0.6282,0.07479999999999998,0.11907035975803881,0.1878,0.0855,0.10229999999999999,1.1964912280701752,0.4061,0.4391,-0.032999999999999974,-0.07515372352539279,0.2259,0.2537,-0.02779999999999999,-0.10957824201813163,0.0102,0.0109,-0.0006999999999999992,-0.06422018348623847,0.0305,0.0226,0.0079,0.34955752212389385,0.0431,0.0278,0.015300000000000001,0.5503597122302158,0.1142,0.1443,-0.030100000000000016,-0.20859320859320868,0.0736,0.0864,-0.012800000000000006,-0.1481481481481482,0.0406,0.058,-0.017400000000000006,-0.3000000000000001,5.6371,5.9339,-0.2968000000000002,-0.050017694939247404,-0.0894,0.013,-0.10239999999999999,-7.8769230769230765,1,0,1,1,0,0,0
2025,NO,12,tied,league_multi_season,2023,2025,3,32,96,strong,122,strong,stable_team_sample,1,1,1,1,0.623,0.5522,0.07079999999999997,0.12821441506700465,0.377,0.4478,-0.07079999999999997,-0.15810629745422058,0.623,0.5522,0.07079999999999997,0.12821441506700465,0.7623,0.6675,0.0948,0.14202247191011236,0.1557,0.0716,0.08410000000000001,1.1745810055865924,0.3361,0.4433,-0.10720000000000002,-0.24182269343559668,0.2377,0.296,-0.05829999999999999,-0.19695945945945945,0.0246,0.0396,-0.015000000000000003,-0.37878787878787884,0.0738,0.0252,0.048600000000000004,1.9285714285714288,0.0574,0.0369,0.020499999999999997,0.5555555555555555,0.1148,0.1307,-0.01590000000000001,-0.12165263963274682,0.0902,0.0805,0.0097,0.12049689440993788,0.0246,0.0502,-0.0256,-0.5099601593625498,4.7213,5.406,-0.6846999999999994,-0.12665556788753227,-0.4457,-0.0028,-0.44289999999999996,-158.17857142857142,1,0,1,1,0,0,0
2025,NO,13,leading,league_multi_season,2023,2025,3,32,96,strong,119,strong,stable_team_sample,1,1,1,1,0.5294,0.504,0.025399999999999978,0.05039682539682536,0.4706,0.496,-0.025399999999999978,-0.051209677419354796,0.5294,0.504,0.025399999999999978,0.05039682539682536,0.6891,0.6358,0.053300000000000014,0.08383139351997486,0.1345,0.0687,0.06580000000000001,0.9577874818049492,0.4034,0.4269,-0.02350000000000002,-0.05504802061372692,0.2689,0.2876,-0.01870000000000005,-0.06502086230876233,0.0336,0.0419,-0.008300000000000002,-0.19809069212410504,0.0,0.0228,-0.0228,-1.0,0.0252,0.0318,-0.006600000000000002,-0.2075471698113208,0.1345,0.1357,-0.0011999999999999789,-0.008843036109063958,0.0924,0.0788,0.013600000000000001,0.17258883248730966,0.042,0.0569,-0.014899999999999997,-0.26186291739894546,5.5042,5.5181,-0.01389999999999958,-0.002518982983273152,0.1049,0.0162,0.0887,5.475308641975309,1,0,1,1,1,0,0
2025,NO,14,trailing,league_multi_season,2023,2025,3,32,96,strong,820,strong,stable_team_sample,1,1,1,1,0.6037,0.6309,-0.027200000000000002,-0.04311301315580916,0.3963,0.3691,0.027200000000000002,0.07369276618802494,0.6037,0.6309,-0.027200000000000002,-0.04311301315580916,0.8085,0.7508,0.057699999999999974,0.07685135855087903,0.2512,0.1414,0.10979999999999998,0.7765205091937764,0.4354,0.4364,-0.0010000000000000009,-0.0022914757103574723,0.2805,0.2961,-0.015599999999999947,-0.052684903748733365,0.0268,0.0393,-0.0125,-0.31806615776081426,0.0244,0.0315,-0.007099999999999999,-0.22539682539682535,0.0476,0.0472,0.0004000000000000045,0.008474576271186536,0.1024,0.1316,-0.02919999999999999,-0.22188449848024308,0.0707,0.0886,-0.0179,-0.2020316027088036,0.0317,0.043,-0.011299999999999998,-0.2627906976744186,5.0146,5.3789,-0.36430000000000007,-0.0677276022978676,-0.0597,-0.0215,-0.038200000000000005,-1.776744186046512,0,1,1,1,0,0,0
2025,NO,15,leading_one_score,league_multi_season,2023,2025,3,32,96,strong,80,good,usable_team_sample,1,1,0,1,0.625,0.5341,0.09089999999999998,0.17019284778131433,0.375,0.4659,-0.09089999999999998,-0.1951062459755312,0.625,0.5341,0.09089999999999998,0.17019284778131433,0.725,0.6624,0.06259999999999999,0.09450483091787439,0.1875,0.075,0.1125,1.5,0.4,0.4278,-0.02779999999999999,-0.06498363721365122,0.275,0.2878,-0.012799999999999978,-0.04447533009034044,0.0375,0.0405,-0.0030000000000000027,-0.07407407407407414,0.0,0.0244,-0.0244,-1.0,0.025,0.0343,-0.009299999999999996,-0.27113702623906694,0.15,0.1347,0.015300000000000008,0.11358574610244997,0.125,0.0826,0.04239999999999999,0.5133171912832929,0.025,0.052,-0.026999999999999996,-0.5192307692307692,5.825,5.5713,0.25370000000000026,0.045536948288550295,0.0955,0.0136,0.0819,6.022058823529412,1,0,1,1,1,0,1
2025,NO,16,leading_two_plus_scores,league_multi_season,2023,2025,3,32,94,strong,39,thin,small_team_sample,0,1,0,0,0.3333,0.4563,-0.123,-0.2695595003287311,0.6667,0.5437,0.123,0.22622769909876772,0.3333,0.4563,-0.123,-0.2695595003287311,0.6154,0.5937,0.02169999999999994,0.03655044635337703,0.0256,0.0586,-0.033,-0.5631399317406144,0.4103,0.4256,-0.01529999999999998,-0.03594924812030071,0.2564,0.2873,-0.030899999999999983,-0.10755308040375908,0.0256,0.0442,-0.018600000000000002,-0.42081447963800905,0.0,0.0203,-0.0203,-1.0,0.0256,0.0278,-0.002199999999999997,-0.07913669064748191,0.1026,0.1375,-0.034900000000000014,-0.2538181818181819,0.0256,0.0728,-0.047200000000000006,-0.6483516483516484,0.0769,0.0646,0.012299999999999991,0.19040247678018563,4.8462,5.4339,-0.5877000000000008,-0.10815436426875738,0.1243,0.0204,0.10389999999999999,5.0931372549019605,0,1,1,0,1,0,0
2025,NO,17,trailing_one_score,league_multi_season,2023,2025,3,32,96,strong,393,strong,stable_team_sample,1,1,1,1,0.5878,0.5968,-0.009000000000000008,-0.015080428954423606,0.4122,0.4032,0.009000000000000008,0.022321428571428593,0.5878,0.5968,-0.009000000000000008,-0.015080428954423606,0.771,0.7163,0.05469999999999997,0.076364651682256,0.2214,0.1048,0.11660000000000001,1.1125954198473282,0.43,0.4393,-0.00930000000000003,-0.021170043250626065,0.2646,0.2967,-0.03210000000000002,-0.10819009100101118,0.0254,0.0391,-0.013700000000000004,-0.3503836317135551,0.0204,0.029,-0.0086,-0.296551724137931,0.056,0.0417,0.0143,0.34292565947242204,0.1043,0.1338,-0.0295,-0.22047832585949176,0.0636,0.0875,-0.02389999999999999,-0.2731428571428571,0.0407,0.0463,-0.005600000000000001,-0.12095032397408209,5.3359,5.4685,-0.13260000000000005,-0.024247965621285554,-0.0637,0.0002,-0.06390000000000001,-319.50000000000006,0,1,1,1,0,0,0
2025,NO,18,trailing_two_plus_scores,league_multi_season,2023,2025,3,32,96,strong,427,strong,stable_team_sample,1,1,1,1,0.6183,0.677,-0.058700000000000085,-0.08670605612998535,0.3817,0.323,0.058699999999999974,0.18173374613003088,0.6183,0.677,-0.058700000000000085,-0.08670605612998535,0.8431,0.7976,0.045499999999999985,0.05704613841524572,0.2787,0.1909,0.08780000000000002,0.459926663174437,0.4403,0.4324,0.007900000000000018,0.018270120259019466,0.2951,0.2953,-0.00020000000000003348,-0.0006772773450729207,0.0281,0.0395,-0.0114,-0.28860759493670884,0.0281,0.0349,-0.0068000000000000005,-0.19484240687679083,0.0398,0.0546,-0.0148,-0.27106227106227104,0.1007,0.1286,-0.027899999999999994,-0.2169517884914463,0.0773,0.0901,-0.012800000000000006,-0.14206437291897897,0.0234,0.0385,-0.015099999999999999,-0.39220779220779217,4.719,5.2578,-0.5387999999999993,-0.10247632089467065,-0.056,-0.0509,-0.0051,-0.10019646365422398,0,1,1,1,0,1,0
2025,NO,19,tied_early_down,league_multi_season,2023,2025,3,32,96,strong,96,good,usable_team_sample,1,1,0,1,0.5625,0.4983,0.06419999999999998,0.12883804936785065,0.4375,0.5017,-0.06420000000000003,-0.12796491927446688,0.5625,0.4983,0.06419999999999998,0.12883804936785065,0.7292,0.6059,0.12329999999999997,0.2034989272157121,0.1458,0.0718,0.07400000000000001,1.030640668523677,0.3542,0.4418,-0.08760000000000001,-0.19827976459936625,0.2396,0.2572,-0.017599999999999977,-0.06842923794712277,0.0313,0.0358,-0.004499999999999997,-0.1256983240223463,0.0833,0.0219,0.061399999999999996,2.8036529680365296,0.0521,0.0267,0.0254,0.9513108614232209,0.1458,0.1285,0.01730000000000001,0.1346303501945526,0.1146,0.0731,0.041499999999999995,0.5677154582763337,0.0313,0.0554,-0.024099999999999996,-0.4350180505415162,5.25,5.4023,-0.15230000000000032,-0.028191696129426413,-0.3726,0.0018,-0.3744,-208.0,1,0,1,1,0,0,1
2025,NO,20,leading_early_down,league_multi_season,2023,2025,3,32,96,strong,84,good,usable_team_sample,1,1,0,1,0.4524,0.4468,0.005600000000000049,0.012533572068039503,0.5476,0.5532,-0.005600000000000049,-0.010122921185827999,0.4524,0.4468,0.005600000000000049,0.012533572068039503,0.5714,0.5755,-0.0040999999999999925,-0.007124239791485651,0.131,0.0709,0.0601,0.8476727785613539,0.3095,0.4235,-0.11399999999999999,-0.269185360094451,0.1548,0.2496,-0.0948,-0.3798076923076923,0.0119,0.0375,-0.025599999999999998,-0.6826666666666666,0.0,0.0206,-0.0206,-1.0,0.0119,0.0228,-0.0109,-0.4780701754385965,0.0833,0.1332,-0.049900000000000014,-0.3746246246246247,0.0238,0.0705,-0.04669999999999999,-0.6624113475177305,0.0595,0.0628,-0.0032999999999999974,-0.0525477707006369,4.2024,5.5158,-1.3133999999999997,-0.23811595779397363,-0.1126,0.0115,-0.1241,-10.791304347826088,1,0,0,1,0,0,0
2025,NO,21,trailing_early_down,league_multi_season,2023,2025,3,32,96,strong,625,strong,stable_team_sample,1,1,1,1,0.5712,0.5899,-0.01869999999999994,-0.03170028818443794,0.4288,0.4101,0.018699999999999994,0.04559863447939525,0.5712,0.5899,-0.01869999999999994,-0.03170028818443794,0.7776,0.7068,0.07079999999999997,0.10016977928692695,0.2512,0.15,0.10119999999999998,0.6746666666666666,0.4432,0.438,0.005199999999999982,0.011872146118721422,0.2448,0.2608,-0.015999999999999986,-0.06134969325153369,0.0224,0.0356,-0.0132,-0.3707865168539326,0.0144,0.0281,-0.0137,-0.48754448398576516,0.04,0.0355,0.004500000000000004,0.12676056338028183,0.1088,0.1307,-0.021900000000000017,-0.16755929609793432,0.0704,0.0839,-0.013499999999999998,-0.1609058402860548,0.0384,0.0468,-0.008400000000000005,-0.17948717948717957,5.2736,5.4892,-0.21560000000000024,-0.03927712599285874,0.0136,-0.0058,0.0194,3.344827586206897,0,1,1,1,1,1,0
2025,NYG,1,all_offense,league_multi_season,2023,2025,3,32,96,strong,1075,strong,stable_team_sample,1,1,1,1,0.533,0.5737,-0.04069999999999996,-0.0709430015687641,0.467,0.4263,0.040700000000000014,0.09547267182735165,0.533,0.5737,-0.04069999999999996,-0.0709430015687641,0.7702,0.6967,0.07350000000000001,0.10549734462465912,0.2149,0.1039,0.111,1.0683349374398459,0.4195,0.4345,-0.015000000000000013,-0.03452243958573076,0.2874,0.2932,-0.005800000000000027,-0.019781718963165166,0.0409,0.0402,0.0006999999999999992,0.017412935323383064,0.0214,0.0274,-0.006000000000000002,-0.2189781021897811,0.0447,0.0401,0.0046,0.11471321695760599,0.1358,0.1328,0.0030000000000000027,0.022590361445783153,0.0809,0.0838,-0.0029,-0.034606205250596656,0.0549,0.049,0.0058999999999999955,0.12040816326530603,5.28,5.4305,-0.15050000000000008,-0.02771383850474175,0.0103,-0.0054,0.0157,2.907407407407407,0,1,1,1,1,0,1
2025,NYG,2,early_down,league_multi_season,2023,2025,3,32,96,strong,813,strong,stable_team_sample,1,1,1,1,0.4736,0.5246,-0.050999999999999934,-0.09721692718261521,0.5264,0.4754,0.05099999999999999,0.10727808161548168,0.4736,0.5246,-0.050999999999999934,-0.09721692718261521,0.7306,0.6436,0.08700000000000008,0.13517712865133635,0.2583,0.1086,0.14969999999999997,1.3784530386740328,0.4145,0.4339,-0.01940000000000003,-0.044710762848582684,0.2472,0.2564,-0.009200000000000014,-0.035881435257410346,0.0357,0.0363,-0.0005999999999999964,-0.01652892561983461,0.0209,0.0244,-0.003500000000000003,-0.1434426229508198,0.0431,0.0296,0.013499999999999998,0.456081081081081,0.1267,0.1311,-0.004399999999999987,-0.03356216628527832,0.0689,0.0774,-0.008499999999999994,-0.10981912144702835,0.0578,0.0538,0.003999999999999997,0.07434944237918209,5.1095,5.4816,-0.37210000000000054,-0.06788164039696448,-0.0098,0.0014,-0.0112,-8.0,0,1,1,1,0,0,0
2025,NYG,3,third_down,league_multi_season,2023,2025,3,32,96,strong,223,strong,stable_team_sample,1,1,1,1,0.722,0.7494,-0.02739999999999998,-0.036562583400053354,0.278,0.2506,0.027400000000000035,0.10933758978451731,0.722,0.7494,-0.02739999999999998,-0.036562583400053354,0.9103,0.8953,0.015000000000000013,0.016754160616553125,0.0897,0.0875,0.0022000000000000075,0.02514285714285723,0.4305,0.4242,0.006299999999999972,0.014851485148514785,0.4036,0.3997,0.0039000000000000146,0.009757317988491405,0.0493,0.0487,0.0005999999999999964,0.012320328542094382,0.0224,0.0359,-0.013500000000000002,-0.3760445682451254,0.0359,0.0778,-0.04189999999999999,-0.5385604113110539,0.1659,0.1404,0.025499999999999995,0.1816239316239316,0.1211,0.107,0.014100000000000001,0.13177570093457946,0.0448,0.0333,0.011499999999999996,0.3453453453453452,6.2018,5.3482,0.8536000000000001,0.1596051007815714,0.084,-0.0507,0.13470000000000001,2.6568047337278107,0,1,1,1,1,1,1
2025,NYG,4,fourth_down,league_multi_season,2023,2025,3,32,96,good,39,thin,small_team_sample,0,1,0,0,0.6923,0.6225,0.06979999999999997,0.11212851405622484,0.3077,0.3775,-0.06980000000000003,-0.18490066225165572,0.6923,0.6225,0.06979999999999997,0.11212851405622484,0.7949,0.675,0.1199,0.17762962962962964,0.0256,0.0943,-0.0687,-0.7285259809119831,0.4615,0.5443,-0.08279999999999998,-0.15212199154877823,0.4615,0.5475,-0.08599999999999997,-0.1570776255707762,0.1026,0.0926,0.009999999999999995,0.10799136069114465,0.0256,0.0492,-0.0236,-0.4796747967479675,0.1282,0.0504,0.07780000000000001,1.5436507936507937,0.1538,0.1209,0.0329,0.272125723738627,0.1026,0.0893,0.013299999999999992,0.14893617021276587,0.0513,0.0316,0.019699999999999995,0.6234177215189871,3.5641,4.5242,-0.9601000000000006,-0.2122143141328855,0.0083,0.1649,-0.1566,-0.9496664645239539,1,0,1,0,0,0,1
2025,NYG,5,short_yardage,league_multi_season,2023,2025,3,32,96,strong,100,strong,stable_team_sample,1,1,1,1,0.26,0.3476,-0.08760000000000001,-0.2520138089758343,0.74,0.6524,0.08760000000000001,0.1342734518700184,0.26,0.3476,-0.08760000000000001,-0.2520138089758343,0.61,0.5322,0.07779999999999998,0.14618564449455088,0.22,0.1642,0.05579999999999999,0.33982947624847737,0.68,0.5961,0.08390000000000009,0.14074819661130697,0.71,0.6404,0.0696,0.10868207370393504,0.13,0.1155,0.014499999999999999,0.12554112554112554,0.0,0.0214,-0.0214,-1.0,0.02,0.0229,-0.0029,-0.12663755458515283,0.1,0.0906,0.009400000000000006,0.10375275938189851,0.06,0.0453,0.014699999999999998,0.3245033112582781,0.04,0.0453,-0.005299999999999999,-0.11699779249448122,4.31,3.8797,0.43029999999999946,0.11091063742041896,0.3341,0.0647,0.26940000000000003,4.163833075734159,0,1,1,1,1,1,1
2025,NYG,6,red_zone,league_multi_season,2023,2025,3,32,96,strong,181,strong,stable_team_sample,1,1,1,1,0.4641,0.5029,-0.0388,-0.07715251541061842,0.5359,0.4971,0.03880000000000006,0.07805270569301963,0.4641,0.5029,-0.0388,-0.07715251541061842,0.7182,0.6589,0.05929999999999991,0.0899984823190164,0.116,0.0945,0.021500000000000005,0.22751322751322756,0.3094,0.4224,-0.11299999999999999,-0.2675189393939394,0.2265,0.313,-0.0865,-0.2763578274760383,0.1657,0.1961,-0.03040000000000001,-0.15502294747577772,0.0221,0.0258,-0.0036999999999999984,-0.14341085271317824,0.0442,0.0328,0.0114,0.3475609756097561,0.0773,0.0512,0.02609999999999999,0.5097656249999998,0.0331,0.0238,0.009299999999999996,0.3907563025210082,0.0442,0.0274,0.016800000000000002,0.6131386861313869,2.4807,3.0,-0.5192999999999999,-0.17309999999999995,-0.3221,-0.0022,-0.3199,-145.4090909090909,0,1,1,1,0,0,1
2025,NYG,7,goal_to_go,league_multi_season,2023,2025,3,32,96,strong,70,good,usable_team_sample,1,1,0,1,0.4286,0.4757,-0.04710000000000003,-0.09901198234181213,0.5714,0.5243,0.04710000000000003,0.08983406446690832,0.4286,0.4757,-0.04710000000000003,-0.09901198234181213,0.6571,0.611,0.04610000000000003,0.07545008183306061,0.0714,0.0861,-0.01469999999999999,-0.17073170731707307,0.2714,0.438,-0.16660000000000003,-0.38036529680365305,0.2,0.3303,-0.13029999999999997,-0.3944898577051165,0.1857,0.3289,-0.14320000000000002,-0.4353906962602615,0.0143,0.0243,-0.009999999999999998,-0.4115226337448559,0.0143,0.0306,-0.0163,-0.5326797385620915,0.0,0.0074,-0.0074,-1.0,0.0,0.0033,-0.0033,-1.0,0.0,0.0041,-0.0041,-1.0,0.8286,1.8044,-0.9758,-0.5407891819995566,-0.5582,0.0097,-0.5679000000000001,-58.54639175257733,0,1,1,0,0,0,0
2025,NYG,8,two_minute_half,league_multi_season,2023,2025,3,32,96,strong,116,strong,stable_team_sample,1,1,1,1,0.75,0.7349,0.015100000000000002,0.020547013199074707,0.25,0.2651,-0.015100000000000002,-0.056959637872500954,0.75,0.7349,0.015100000000000002,0.020547013199074707,0.9224,0.8778,0.04459999999999997,0.05080884028252446,0.1207,0.1634,-0.04269999999999999,-0.26132190942472455,0.2931,0.4231,-0.12999999999999995,-0.30725596785629866,0.2241,0.3007,-0.07660000000000003,-0.2547389424675757,0.0603,0.0467,0.013600000000000001,0.29122055674518205,0.0517,0.0356,0.016100000000000003,0.45224719101123606,0.0517,0.0516,0.00010000000000000286,0.0019379844961240865,0.1293,0.1271,0.0022000000000000075,0.017309205350118078,0.0948,0.094,0.0007999999999999952,0.008510638297872289,0.0345,0.0331,0.0014000000000000054,0.04229607250755304,4.1638,5.26,-1.0961999999999996,-0.208403041825095,-0.0981,0.0083,-0.10640000000000001,-12.819277108433736,1,0,1,0,0,0,1
2025,NYG,9,two_minute_game,league_multi_season,2023,2025,3,32,96,strong,44,thin,small_team_sample,0,1,0,0,0.7727,0.6818,0.09090000000000009,0.133323555294808,0.2273,0.3182,-0.09089999999999998,-0.28566939032055305,0.7727,0.6818,0.09090000000000009,0.133323555294808,0.9318,0.8173,0.11449999999999994,0.14009543619234055,0.1364,0.1726,-0.03620000000000001,-0.20973348783314028,0.25,0.3942,-0.1442,-0.36580416032470825,0.2273,0.2947,-0.06740000000000002,-0.22870715982354942,0.0682,0.045,0.0232,0.5155555555555555,0.0455,0.0394,0.006100000000000001,0.15482233502538076,0.0682,0.0504,0.017799999999999996,0.3531746031746031,0.1818,0.1268,0.05499999999999999,0.4337539432176656,0.1136,0.0914,0.02220000000000001,0.2428884026258207,0.0682,0.0354,0.032799999999999996,0.9265536723163841,4.0,5.037,-1.037,-0.20587651379789557,-0.1373,-0.06,-0.07730000000000001,-1.2883333333333336,1,0,1,0,0,0,1
2025,NYG,10,one_score,league_multi_season,2023,2025,3,32,96,strong,712,strong,stable_team_sample,1,1,1,1,0.5225,0.565,-0.04249999999999998,-0.07522123893805308,0.4775,0.435,0.04249999999999998,0.09770114942528732,0.5225,0.565,-0.04249999999999998,-0.07522123893805308,0.7402,0.6859,0.054300000000000015,0.07916605919230212,0.2149,0.0863,0.1286,1.4901506373117033,0.4185,0.4369,-0.018400000000000027,-0.04211490043488218,0.2921,0.2938,-0.0016999999999999793,-0.005786249149080937,0.0435,0.0397,0.003799999999999998,0.09571788413098231,0.0211,0.0265,-0.0053999999999999986,-0.20377358490566033,0.0463,0.0381,0.008199999999999999,0.21522309711286086,0.1348,0.1332,0.0015999999999999903,0.012012012012011937,0.0815,0.084,-0.0025000000000000022,-0.029761904761904788,0.0534,0.0492,0.004200000000000002,0.08536585365853663,5.3764,5.4822,-0.10579999999999945,-0.019298821640946966,0.0187,0.0035,0.015200000000000002,4.342857142857143,0,1,1,1,1,0,1
2025,NYG,11,neutral_early_down,league_multi_season,2023,2025,3,32,96,strong,439,strong,stable_team_sample,1,1,1,1,0.4647,0.5215,-0.05679999999999996,-0.1089165867689357,0.5353,0.4785,0.05680000000000002,0.11870428422152564,0.4647,0.5215,-0.05679999999999996,-0.1089165867689357,0.7107,0.6282,0.08250000000000002,0.13132760267430757,0.2711,0.0855,0.1856,2.1707602339181284,0.4305,0.4391,-0.008599999999999997,-0.019585515827829643,0.2574,0.2537,0.0037000000000000366,0.014584154513204719,0.0114,0.0109,0.0005000000000000004,0.04587155963302757,0.0205,0.0226,-0.0020999999999999977,-0.0929203539823008,0.0456,0.0278,0.017800000000000003,0.6402877697841728,0.1253,0.1443,-0.019000000000000017,-0.13167013167013178,0.0729,0.0864,-0.013499999999999998,-0.15624999999999997,0.0524,0.058,-0.005600000000000001,-0.09655172413793105,5.5262,5.9339,-0.4077000000000002,-0.06870692124909421,0.0187,0.013,0.005700000000000002,0.4384615384615386,0,1,1,1,1,0,0
2025,NYG,12,tied,league_multi_season,2023,2025,3,32,96,strong,150,strong,stable_team_sample,1,1,1,1,0.5933,0.5522,0.041100000000000025,0.07442955450923583,0.4067,0.4478,-0.04109999999999997,-0.09178204555605175,0.5933,0.5522,0.041100000000000025,0.07442955450923583,0.7867,0.6675,0.11919999999999997,0.1785767790262172,0.28,0.0716,0.20840000000000003,2.9106145251396653,0.42,0.4433,-0.023300000000000043,-0.05256034288292362,0.3067,0.296,0.010699999999999987,0.036148648648648606,0.0467,0.0396,0.007099999999999995,0.17929292929292917,0.02,0.0252,-0.0052,-0.20634920634920634,0.0333,0.0369,-0.003599999999999999,-0.09756097560975606,0.1533,0.1307,0.02259999999999998,0.17291507268553924,0.1,0.0805,0.019500000000000003,0.24223602484472054,0.0533,0.0502,0.0030999999999999986,0.06175298804780874,5.7067,5.406,0.30069999999999997,0.05562338142804291,0.0341,-0.0028,0.036899999999999995,13.178571428571427,1,0,1,1,1,0,1
2025,NYG,13,leading,league_multi_season,2023,2025,3,32,96,strong,371,strong,stable_team_sample,1,1,1,1,0.4744,0.504,-0.029600000000000015,-0.05873015873015876,0.5256,0.496,0.02959999999999996,0.059677419354838626,0.4744,0.504,-0.029600000000000015,-0.05873015873015876,0.7466,0.6358,0.11080000000000001,0.174268637936458,0.2075,0.0687,0.13879999999999998,2.0203784570596794,0.4178,0.4269,-0.009099999999999997,-0.021316467556804865,0.2911,0.2876,0.003500000000000003,0.012169680111265657,0.0431,0.0419,0.0011999999999999997,0.028639618138424812,0.0243,0.0228,0.0014999999999999979,0.06578947368421043,0.0458,0.0318,0.013999999999999999,0.4402515723270439,0.1536,0.1357,0.0179,0.13190862196020633,0.0863,0.0788,0.007500000000000007,0.09517766497461938,0.0674,0.0569,0.010500000000000002,0.18453427065026368,5.5606,5.5181,0.042500000000000426,0.007701926387705991,0.0437,0.0162,0.027500000000000004,1.697530864197531,0,1,1,1,1,0,1
2025,NYG,14,trailing,league_multi_season,2023,2025,3,32,96,strong,554,strong,stable_team_sample,1,1,1,1,0.556,0.6309,-0.07489999999999997,-0.11871928990331267,0.444,0.3691,0.07490000000000002,0.20292603630452458,0.556,0.6309,-0.07489999999999997,-0.11871928990331267,0.7816,0.7508,0.03079999999999994,0.04102290889717626,0.2022,0.1414,0.06079999999999999,0.42998585572842996,0.4206,0.4364,-0.015800000000000036,-0.03620531622364811,0.2798,0.2961,-0.01629999999999998,-0.05504896994258691,0.0379,0.0393,-0.0013999999999999985,-0.035623409669211153,0.0199,0.0315,-0.0116,-0.3682539682539682,0.0469,0.0472,-0.00030000000000000165,-0.006355932203389866,0.1191,0.1316,-0.012499999999999997,-0.09498480243161092,0.0722,0.0886,-0.016399999999999998,-0.18510158013544017,0.0469,0.043,0.0039000000000000007,0.09069767441860467,4.9765,5.3789,-0.4024000000000001,-0.07481083492907474,-0.0185,-0.0215,0.002999999999999999,0.1395348837209302,0,1,1,1,1,0,0
2025,NYG,15,leading_one_score,league_multi_season,2023,2025,3,32,96,strong,246,strong,stable_team_sample,1,1,1,1,0.4878,0.5341,-0.04630000000000001,-0.08668788616363977,0.5122,0.4659,0.04630000000000001,0.0993775488302211,0.4878,0.5341,-0.04630000000000001,-0.08668788616363977,0.7398,0.6624,0.07740000000000002,0.11684782608695655,0.2236,0.075,0.1486,1.9813333333333336,0.4146,0.4278,-0.01319999999999999,-0.030855539971949484,0.2886,0.2878,0.0008000000000000229,0.002779708130646362,0.0447,0.0405,0.004199999999999995,0.10370370370370359,0.0203,0.0244,-0.004100000000000003,-0.168032786885246,0.0447,0.0343,0.0104,0.3032069970845481,0.1585,0.1347,0.023800000000000016,0.17668893838158886,0.0976,0.0826,0.015,0.18159806295399514,0.061,0.052,0.009000000000000001,0.1730769230769231,5.6504,5.5713,0.07910000000000039,0.014197763538133002,0.0307,0.0136,0.017100000000000004,1.257352941176471,0,1,1,1,1,0,1
2025,NYG,16,leading_two_plus_scores,league_multi_season,2023,2025,3,32,94,strong,125,strong,stable_team_sample,1,1,1,1,0.448,0.4563,-0.008299999999999974,-0.018189787420556595,0.552,0.5437,0.008300000000000085,0.015265771565201555,0.448,0.4563,-0.008299999999999974,-0.018189787420556595,0.76,0.5937,0.1663,0.28010779855145695,0.176,0.0586,0.11739999999999999,2.0034129692832763,0.424,0.4256,-0.0015999999999999903,-0.0037593984962405787,0.296,0.2873,0.008699999999999986,0.030281935259310774,0.04,0.0442,-0.004200000000000002,-0.09502262443438919,0.032,0.0203,0.011700000000000002,0.5763546798029558,0.048,0.0278,0.020200000000000003,0.7266187050359714,0.144,0.1375,0.006499999999999978,0.04727272727272711,0.064,0.0728,-0.008800000000000002,-0.12087912087912091,0.08,0.0646,0.015399999999999997,0.23839009287925692,5.384,5.4339,-0.049900000000000055,-0.009183091334032657,0.0692,0.0204,0.048799999999999996,2.3921568627450975,0,1,1,1,1,0,1
2025,NYG,17,trailing_one_score,league_multi_season,2023,2025,3,32,96,strong,316,strong,stable_team_sample,1,1,1,1,0.5158,0.5968,-0.08099999999999996,-0.13572386058981226,0.4842,0.4032,0.08100000000000002,0.20089285714285718,0.5158,0.5968,-0.08099999999999996,-0.13572386058981226,0.7184,0.7163,0.0020999999999999908,0.0029317325143096338,0.1772,0.1048,0.07239999999999999,0.6908396946564884,0.4209,0.4393,-0.018400000000000027,-0.04188481675392676,0.288,0.2967,-0.008700000000000041,-0.029322548028311562,0.0411,0.0391,0.001999999999999995,0.05115089514066483,0.0222,0.029,-0.0068000000000000005,-0.23448275862068965,0.0538,0.0417,0.0121,0.290167865707434,0.1076,0.1338,-0.0262,-0.19581464872944693,0.0601,0.0875,-0.027399999999999994,-0.3131428571428571,0.0475,0.0463,0.0011999999999999997,0.025917926565874723,5.0063,5.4685,-0.4621999999999993,-0.08452043521989563,0.0019,0.0002,0.0017,8.5,0,1,1,1,1,0,0
2025,NYG,18,trailing_two_plus_scores,league_multi_season,2023,2025,3,32,96,strong,238,strong,stable_team_sample,1,1,1,1,0.6092,0.677,-0.06780000000000008,-0.10014771048744472,0.3908,0.323,0.06779999999999997,0.20990712074303397,0.6092,0.677,-0.06780000000000008,-0.10014771048744472,0.8655,0.7976,0.06790000000000007,0.08513039117352066,0.2353,0.1909,0.04440000000000002,0.23258250392875865,0.4202,0.4324,-0.012199999999999989,-0.02821461609620719,0.2689,0.2953,-0.026400000000000035,-0.08940060954961068,0.0336,0.0395,-0.0059000000000000025,-0.149367088607595,0.0168,0.0349,-0.0181,-0.518624641833811,0.0378,0.0546,-0.016800000000000002,-0.3076923076923077,0.1345,0.1286,0.005900000000000016,0.04587869362363932,0.0882,0.0901,-0.001899999999999999,-0.02108768035516092,0.0462,0.0385,0.0076999999999999985,0.19999999999999996,4.937,5.2578,-0.3207999999999993,-0.06101411236638886,-0.0456,-0.0509,0.005299999999999999,0.10412573673870332,0,1,1,1,1,0,1
2025,NYG,19,tied_early_down,league_multi_season,2023,2025,3,32,96,strong,119,strong,stable_team_sample,1,1,1,1,0.5378,0.4983,0.039499999999999924,0.07926951635560892,0.4622,0.5017,-0.039500000000000035,-0.07873231014550534,0.5378,0.4983,0.039499999999999924,0.07926951635560892,0.7563,0.6059,0.15039999999999998,0.24822577983165536,0.3193,0.0718,0.24749999999999997,3.4470752089136485,0.4202,0.4418,-0.021600000000000008,-0.048890900860117714,0.2857,0.2572,0.028500000000000025,0.11080870917573883,0.0504,0.0358,0.014600000000000002,0.4078212290502794,0.0252,0.0219,0.003300000000000001,0.15068493150684936,0.0252,0.0267,-0.0015000000000000013,-0.05617977528089892,0.1261,0.1285,-0.0024000000000000132,-0.018677042801556524,0.0672,0.0731,-0.0059000000000000025,-0.08071135430916557,0.0588,0.0554,0.0034000000000000002,0.06137184115523466,5.0924,5.4023,-0.30990000000000073,-0.05736445587990314,0.0281,0.0018,0.0263,14.611111111111112,1,0,1,1,1,0,0
2025,NYG,20,leading_early_down,league_multi_season,2023,2025,3,32,96,strong,285,strong,stable_team_sample,1,1,1,1,0.407,0.4468,-0.0398,-0.0890778871978514,0.593,0.5532,0.03979999999999995,0.07194504699927684,0.407,0.4468,-0.0398,-0.0890778871978514,0.7193,0.5755,0.14380000000000004,0.2498696785403997,0.2386,0.0709,0.16770000000000002,2.365303244005642,0.3965,0.4235,-0.02699999999999997,-0.06375442739079096,0.2351,0.2496,-0.014499999999999985,-0.058092948717948664,0.0351,0.0375,-0.0023999999999999994,-0.06399999999999999,0.0281,0.0206,0.0075,0.3640776699029126,0.0526,0.0228,0.0298,1.3070175438596492,0.1439,0.1332,0.010699999999999987,0.08033033033033023,0.0702,0.0705,-0.0002999999999999947,-0.004255319148936096,0.0737,0.0628,0.010900000000000007,0.17356687898089185,5.1965,5.5158,-0.31929999999999925,-0.057888248304869515,-0.0149,0.0115,-0.0264,-2.2956521739130435,0,1,1,1,0,0,1
2025,NYG,21,trailing_early_down,league_multi_season,2023,2025,3,32,96,strong,409,strong,stable_team_sample,1,1,1,1,0.5012,0.5899,-0.0887,-0.15036446855399221,0.4988,0.4101,0.0887,0.21628871007071446,0.5012,0.5899,-0.0887,-0.15036446855399221,0.7311,0.7068,0.02429999999999999,0.03438030560271645,0.2543,0.15,0.10430000000000003,0.6953333333333336,0.4254,0.438,-0.0126,-0.028767123287671233,0.2445,0.2608,-0.01629999999999998,-0.06249999999999993,0.0318,0.0356,-0.003799999999999998,-0.1067415730337078,0.0147,0.0281,-0.0134,-0.47686832740213525,0.0416,0.0355,0.006100000000000001,0.171830985915493,0.1149,0.1307,-0.01580000000000001,-0.12088752869166035,0.0685,0.0839,-0.015399999999999997,-0.18355184743742547,0.0465,0.0468,-0.00030000000000000165,-0.006410256410256446,5.0538,5.4892,-0.43540000000000045,-0.07931939080376019,-0.0173,-0.0058,-0.0115,-1.9827586206896552,0,1,1,1,0,0,0
2025,NYJ,1,all_offense,league_multi_season,2023,2025,3,32,96,strong,1001,strong,stable_team_sample,1,1,1,1,0.5504,0.5737,-0.023299999999999987,-0.04061356109464875,0.4496,0.4263,0.023299999999999987,0.05465634529673936,0.5504,0.5737,-0.023299999999999987,-0.04061356109464875,0.7373,0.6967,0.04059999999999997,0.058274723697430704,0.0979,0.1039,-0.006000000000000005,-0.05774783445620794,0.4046,0.4345,-0.029899999999999982,-0.0688147295742232,0.2557,0.2932,-0.03750000000000003,-0.12789904502046395,0.027,0.0402,-0.0132,-0.3283582089552239,0.028,0.0274,0.0005999999999999998,0.021897810218978096,0.0599,0.0401,0.019800000000000005,0.4937655860349129,0.1009,0.1328,-0.0319,-0.24021084337349397,0.048,0.0838,-0.0358,-0.42720763723150357,0.0529,0.049,0.0039000000000000007,0.07959183673469389,4.4655,5.4305,-0.9650000000000007,-0.17770002762176607,-0.1319,-0.0054,-0.1265,-23.425925925925924,0,1,1,0,0,0,0
2025,NYJ,2,early_down,league_multi_season,2023,2025,3,32,96,strong,731,strong,stable_team_sample,1,1,1,1,0.5021,0.5246,-0.022499999999999964,-0.04288982081585964,0.4979,0.4754,0.02250000000000002,0.04732856541859491,0.5021,0.5246,-0.022499999999999964,-0.04288982081585964,0.6799,0.6436,0.0363,0.056401491609695466,0.1081,0.1086,-0.0005000000000000004,-0.004604051565377536,0.4159,0.4339,-0.018000000000000016,-0.04148421295229319,0.2161,0.2564,-0.04030000000000003,-0.15717628705148218,0.0246,0.0363,-0.011699999999999999,-0.32231404958677684,0.0233,0.0244,-0.0011000000000000003,-0.04508196721311476,0.0438,0.0296,0.014199999999999997,0.4797297297297296,0.1026,0.1311,-0.028499999999999998,-0.21739130434782608,0.0451,0.0774,-0.032299999999999995,-0.417312661498708,0.0575,0.0538,0.003700000000000002,0.06877323420074354,4.7209,5.4816,-0.7606999999999999,-0.13877335084646816,-0.0824,0.0014,-0.0838,-59.857142857142854,0,1,1,0,0,0,0
2025,NYJ,3,third_down,league_multi_season,2023,2025,3,32,96,strong,229,strong,stable_team_sample,1,1,1,1,0.6769,0.7494,-0.07250000000000001,-0.09674406191619965,0.3231,0.2506,0.07250000000000001,0.28930566640063854,0.6769,0.7494,-0.07250000000000001,-0.09674406191619965,0.9389,0.8953,0.04359999999999997,0.048698760192114346,0.0699,0.0875,-0.01759999999999999,-0.20114285714285704,0.3624,0.4242,-0.06180000000000002,-0.14568599717114572,0.3493,0.3997,-0.0504,-0.12609457092819615,0.0175,0.0487,-0.0312,-0.6406570841889117,0.0349,0.0359,-0.0010000000000000009,-0.027855153203342642,0.1048,0.0778,0.02700000000000001,0.347043701799486,0.083,0.1404,-0.05739999999999999,-0.4088319088319088,0.0437,0.107,-0.0633,-0.591588785046729,0.0393,0.0333,0.005999999999999998,0.18018018018018012,3.7162,5.3482,-1.6320000000000001,-0.30514939605848695,-0.2743,-0.0507,-0.2236,-4.41025641025641,0,1,1,0,0,0,0
2025,NYJ,4,fourth_down,league_multi_season,2023,2025,3,32,96,good,41,thin,small_team_sample,0,1,0,0,0.7073,0.6225,0.08479999999999999,0.13622489959839354,0.2927,0.3775,-0.08479999999999999,-0.22463576158940393,0.7073,0.6225,0.08479999999999999,0.13622489959839354,0.6341,0.675,-0.04090000000000005,-0.060592592592592656,0.0732,0.0943,-0.021099999999999994,-0.22375397667020144,0.439,0.5443,-0.1053,-0.1934594892522506,0.439,0.5475,-0.10849999999999999,-0.19817351598173513,0.122,0.0926,0.029399999999999996,0.31749460043196537,0.0732,0.0492,0.024,0.4878048780487805,0.0976,0.0504,0.047200000000000006,0.9365079365079366,0.1707,0.1209,0.0498,0.4119106699751861,0.122,0.0893,0.03269999999999999,0.366181410974244,0.0488,0.0316,0.0172,0.5443037974683543,4.0976,4.5242,-0.42660000000000053,-0.09429291366429435,-0.2202,0.1649,-0.3851,-2.3353547604608855,1,0,0,0,0,0,1
2025,NYJ,5,short_yardage,league_multi_season,2023,2025,3,32,96,strong,90,good,usable_team_sample,1,1,0,1,0.2889,0.3476,-0.05870000000000003,-0.1688722669735329,0.7111,0.6524,0.058699999999999974,0.08997547516860818,0.2889,0.3476,-0.05870000000000003,-0.1688722669735329,0.6111,0.5322,0.07889999999999997,0.1482525366403607,0.2333,0.1642,0.0691,0.4208282582216808,0.6667,0.5961,0.0706,0.11843650394229156,0.6889,0.6404,0.04849999999999999,0.07573391630231104,0.1,0.1155,-0.0155,-0.13419913419913418,0.0111,0.0214,-0.010299999999999998,-0.4813084112149532,0.0556,0.0229,0.03269999999999999,1.4279475982532748,0.0778,0.0906,-0.012800000000000006,-0.14128035320088306,0.0222,0.0453,-0.0231,-0.509933774834437,0.0556,0.0453,0.010299999999999997,0.22737306843267102,3.3778,3.8797,-0.5019,-0.1293656726035518,0.1616,0.0647,0.0969,1.4976816074188564,0,1,1,1,1,1,0
2025,NYJ,6,red_zone,league_multi_season,2023,2025,3,32,96,strong,121,strong,stable_team_sample,1,1,1,1,0.5041,0.5029,0.0011999999999999789,0.002386160270431455,0.4959,0.4971,-0.0011999999999999789,-0.002414001207000561,0.5041,0.5029,0.0011999999999999789,0.002386160270431455,0.6777,0.6589,0.018799999999999928,0.028532402488996703,0.0826,0.0945,-0.011899999999999994,-0.12592592592592586,0.3967,0.4224,-0.0257,-0.06084280303030303,0.2645,0.313,-0.04849999999999999,-0.15495207667731625,0.1405,0.1961,-0.05559999999999998,-0.28352881183069856,0.0413,0.0258,0.015500000000000003,0.6007751937984498,0.0248,0.0328,-0.008000000000000004,-0.24390243902439032,0.0248,0.0512,-0.026400000000000003,-0.515625,0.0165,0.0238,-0.007300000000000001,-0.3067226890756303,0.0083,0.0274,-0.0191,-0.6970802919708029,2.5372,3.0,-0.4628000000000001,-0.1542666666666667,-0.2002,-0.0022,-0.19799999999999998,-89.99999999999999,1,0,1,0,0,0,0
2025,NYJ,7,goal_to_go,league_multi_season,2023,2025,3,32,96,strong,37,thin,small_team_sample,0,1,0,0,0.4324,0.4757,-0.043300000000000005,-0.09102375446710112,0.5676,0.5243,0.043300000000000005,0.08258630555025749,0.4324,0.4757,-0.043300000000000005,-0.09102375446710112,0.6216,0.611,0.010600000000000054,0.01734860883797063,0.0541,0.0861,-0.031999999999999994,-0.37166085946573746,0.4324,0.438,-0.005599999999999994,-0.012785388127853868,0.3243,0.3303,-0.006000000000000005,-0.01816530426884652,0.2973,0.3289,-0.03160000000000002,-0.09607783520827004,0.0811,0.0243,0.0568,2.3374485596707824,0.0541,0.0306,0.023500000000000004,0.7679738562091505,0.027,0.0074,0.0196,2.6486486486486482,0.0,0.0033,-0.0033,-1.0,0.027,0.0041,0.0229,5.585365853658536,2.027,1.8044,0.22260000000000013,0.12336510751496349,-0.3744,0.0097,-0.3841,-39.597938144329895,0,1,1,0,0,0,1
2025,NYJ,8,two_minute_half,league_multi_season,2023,2025,3,32,96,strong,138,strong,stable_team_sample,1,1,1,1,0.7899,0.7349,0.05500000000000005,0.07484011430126554,0.2101,0.2651,-0.05499999999999999,-0.20746887966804978,0.7899,0.7349,0.05500000000000005,0.07484011430126554,0.971,0.8778,0.09319999999999995,0.10617452722715874,0.1739,0.1634,0.01050000000000001,0.06425948592411267,0.3261,0.4231,-0.09699999999999998,-0.2292602221696998,0.2101,0.3007,-0.09060000000000001,-0.3012969737279681,0.0362,0.0467,-0.010499999999999995,-0.22483940042826545,0.0435,0.0356,0.007899999999999997,0.2219101123595505,0.1232,0.0516,0.0716,1.3875968992248062,0.087,0.1271,-0.0401,-0.3154996066089693,0.0435,0.094,-0.0505,-0.5372340425531915,0.0435,0.0331,0.0104,0.31419939577039274,2.8623,5.26,-2.3977,-0.45583650190114067,-0.2916,0.0083,-0.2999,-36.132530120481924,1,0,1,1,0,0,0
2025,NYJ,9,two_minute_game,league_multi_season,2023,2025,3,32,96,strong,54,good,usable_team_sample,1,1,0,1,0.8333,0.6818,0.15150000000000008,0.22220592549134657,0.1667,0.3182,-0.1515,-0.4761156505342552,0.8333,0.6818,0.15150000000000008,0.22220592549134657,0.963,0.8173,0.14569999999999994,0.17826991312859408,0.2222,0.1726,0.049600000000000005,0.287369640787949,0.3148,0.3942,-0.07939999999999997,-0.2014205986808726,0.2407,0.2947,-0.05400000000000002,-0.18323719036308117,0.0741,0.045,0.0291,0.6466666666666667,0.0556,0.0394,0.0162,0.41116751269035534,0.1111,0.0504,0.060700000000000004,1.2043650793650795,0.1111,0.1268,-0.015699999999999992,-0.1238170347003154,0.0741,0.0914,-0.017299999999999996,-0.18927789934354483,0.037,0.0354,0.0015999999999999973,0.045197740112994274,2.9444,5.037,-2.0926,-0.41544570180663093,-0.2688,-0.06,-0.20879999999999999,-3.48,1,0,1,1,0,0,0
2025,NYJ,10,one_score,league_multi_season,2023,2025,3,32,96,strong,469,strong,stable_team_sample,1,1,1,1,0.4542,0.565,-0.11079999999999995,-0.1961061946902654,0.5458,0.435,0.11079999999999995,0.2547126436781608,0.4542,0.565,-0.11079999999999995,-0.1961061946902654,0.71,0.6859,0.02410000000000001,0.035136317247412174,0.0512,0.0863,-0.0351,-0.406720741599073,0.3731,0.4369,-0.06380000000000002,-0.1460288395513848,0.2303,0.2938,-0.0635,-0.21613342409802586,0.0256,0.0397,-0.014099999999999998,-0.3551637279596977,0.0171,0.0265,-0.009399999999999999,-0.35471698113207545,0.0618,0.0381,0.0237,0.6220472440944881,0.0853,0.1332,-0.04790000000000001,-0.3596096096096097,0.0299,0.084,-0.05410000000000001,-0.6440476190476191,0.0554,0.0492,0.006199999999999997,0.12601626016260156,3.8913,5.4822,-1.5908999999999995,-0.2901937178504979,-0.2052,0.0035,-0.2087,-59.628571428571426,0,1,1,0,0,0,0
2025,NYJ,11,neutral_early_down,league_multi_season,2023,2025,3,32,96,strong,289,strong,stable_team_sample,1,1,1,1,0.4014,0.5215,-0.12009999999999998,-0.2302972195589645,0.5986,0.4785,0.12010000000000004,0.2509926854754442,0.4014,0.5215,-0.12009999999999998,-0.2302972195589645,0.6332,0.6282,0.0050000000000000044,0.007959248646927737,0.0415,0.0855,-0.044000000000000004,-0.5146198830409356,0.3875,0.4391,-0.05159999999999998,-0.11751309496697787,0.1938,0.2537,-0.05989999999999998,-0.23610563657863612,0.0138,0.0109,0.0029,0.2660550458715596,0.0208,0.0226,-0.0017999999999999995,-0.07964601769911503,0.0381,0.0278,0.010300000000000004,0.3705035971223023,0.1003,0.1443,-0.04400000000000001,-0.304920304920305,0.0381,0.0864,-0.0483,-0.5590277777777778,0.0623,0.058,0.004299999999999998,0.07413793103448273,4.737,5.9339,-1.1969000000000003,-0.20170545509698515,-0.1171,0.013,-0.1301,-10.007692307692308,0,1,1,0,0,0,0
2025,NYJ,12,tied,league_multi_season,2023,2025,3,32,96,strong,185,strong,stable_team_sample,1,1,1,1,0.4378,0.5522,-0.1144,-0.20717131474103584,0.5622,0.4478,0.11440000000000006,0.25547119249665046,0.4378,0.5522,-0.1144,-0.20717131474103584,0.6649,0.6675,-0.0025999999999999357,-0.0038951310861422258,0.027,0.0716,-0.0446,-0.6229050279329609,0.3568,0.4433,-0.08650000000000002,-0.19512745319196936,0.2378,0.296,-0.058199999999999974,-0.19662162162162156,0.0216,0.0396,-0.018000000000000002,-0.4545454545454546,0.0,0.0252,-0.0252,-1.0,0.0216,0.0369,-0.015300000000000001,-0.4146341463414634,0.0865,0.1307,-0.04420000000000002,-0.3381790359602143,0.0324,0.0805,-0.048100000000000004,-0.5975155279503106,0.0541,0.0502,0.0039000000000000007,0.07768924302788846,4.2919,5.406,-1.1140999999999996,-0.2060858305586385,-0.0994,-0.0028,-0.0966,-34.5,0,1,0,0,0,0,0
2025,NYJ,13,leading,league_multi_season,2023,2025,3,32,96,strong,63,good,usable_team_sample,1,1,0,1,0.381,0.504,-0.123,-0.24404761904761904,0.619,0.496,0.123,0.24798387096774194,0.381,0.504,-0.123,-0.24404761904761904,0.746,0.6358,0.11019999999999996,0.17332494495124245,0.0476,0.0687,-0.021099999999999994,-0.30713245997088784,0.3175,0.4269,-0.1094,-0.2562661044741157,0.1905,0.2876,-0.09710000000000002,-0.3376216968011127,0.0159,0.0419,-0.026,-0.6205250596658711,0.0159,0.0228,-0.0069,-0.3026315789473684,0.0794,0.0318,0.047599999999999996,1.4968553459119496,0.127,0.1357,-0.008699999999999986,-0.06411201179071471,0.0317,0.0788,-0.047099999999999996,-0.5977157360406091,0.0952,0.0569,0.03830000000000001,0.6731107205623903,3.746,5.5181,-1.7720999999999996,-0.32114314709773284,-0.3062,0.0162,-0.3224,-19.901234567901238,0,1,1,0,0,0,0
2025,NYJ,14,trailing,league_multi_season,2023,2025,3,32,96,strong,753,strong,stable_team_sample,1,1,1,1,0.5923,0.6309,-0.03859999999999997,-0.06118243778728795,0.4077,0.3691,0.03860000000000002,0.10457870495800603,0.5923,0.6309,-0.03859999999999997,-0.06118243778728795,0.7543,0.7508,0.0034999999999999476,0.004661694192860878,0.1195,0.1414,-0.021900000000000003,-0.1548797736916549,0.4236,0.4364,-0.012800000000000034,-0.029330889092575696,0.2656,0.2961,-0.03049999999999997,-0.10300574130361356,0.0292,0.0393,-0.010100000000000001,-0.25699745547073793,0.0359,0.0315,0.004400000000000001,0.1396825396825397,0.0677,0.0472,0.020499999999999997,0.43432203389830504,0.1023,0.1316,-0.029299999999999993,-0.222644376899696,0.0531,0.0886,-0.0355,-0.4006772009029345,0.0491,0.043,0.006100000000000001,0.14186046511627912,4.5684,5.3789,-0.8105000000000002,-0.1506813660785663,-0.1253,-0.0215,-0.1038,-4.8279069767441865,0,1,1,0,0,0,0
2025,NYJ,15,leading_one_score,league_multi_season,2023,2025,3,32,96,strong,63,good,usable_team_sample,1,1,0,1,0.381,0.5341,-0.1531,-0.2866504399925108,0.619,0.4659,0.1531,0.32861128997638983,0.381,0.5341,-0.1531,-0.2866504399925108,0.746,0.6624,0.08360000000000001,0.12620772946859904,0.0476,0.075,-0.027399999999999994,-0.3653333333333333,0.3175,0.4278,-0.11030000000000001,-0.25783076203833566,0.1905,0.2878,-0.0973,-0.33808200138985406,0.0159,0.0405,-0.0246,-0.6074074074074074,0.0159,0.0244,-0.0085,-0.3483606557377049,0.0794,0.0343,0.0451,1.3148688046647232,0.127,0.1347,-0.007699999999999985,-0.05716406829992565,0.0317,0.0826,-0.05090000000000001,-0.6162227602905569,0.0952,0.052,0.04320000000000001,0.830769230769231,3.746,5.5713,-1.8253,-0.32762550930662504,-0.3062,0.0136,-0.31980000000000003,-23.514705882352946,0,1,1,0,0,0,0
2025,NYJ,17,trailing_one_score,league_multi_season,2023,2025,3,32,96,strong,221,strong,stable_team_sample,1,1,1,1,0.4887,0.5968,-0.10809999999999997,-0.1811327077747989,0.5113,0.4032,0.10809999999999997,0.26810515873015867,0.4887,0.5968,-0.10809999999999997,-0.1811327077747989,0.7376,0.7163,0.021299999999999986,0.02973614407371211,0.0724,0.1048,-0.0324,-0.3091603053435114,0.4027,0.4393,-0.03660000000000002,-0.08331436376052816,0.2353,0.2967,-0.06140000000000001,-0.20694304010785308,0.0317,0.0391,-0.007400000000000004,-0.18925831202046045,0.0317,0.029,0.0026999999999999975,0.09310344827586198,0.0905,0.0417,0.048799999999999996,1.1702637889688248,0.0724,0.1338,-0.061399999999999996,-0.4588938714499252,0.0271,0.0875,-0.060399999999999995,-0.6902857142857143,0.0452,0.0463,-0.0011000000000000038,-0.023758099352051917,3.5973,5.4685,-1.8711999999999995,-0.3421779281338575,-0.2649,0.0002,-0.2651,-1325.5,0,1,1,0,0,0,0
2025,NYJ,18,trailing_two_plus_scores,league_multi_season,2023,2025,3,32,96,strong,532,strong,stable_team_sample,1,1,1,1,0.6353,0.677,-0.04170000000000007,-0.061595273264401874,0.3647,0.323,0.041700000000000015,0.12910216718266257,0.6353,0.677,-0.04170000000000007,-0.061595273264401874,0.7613,0.7976,-0.0363,-0.04551153460381144,0.1391,0.1909,-0.051799999999999985,-0.27134625458355155,0.4323,0.4324,-9.999999999998899e-05,-0.00023126734505085335,0.2782,0.2953,-0.017100000000000004,-0.05790721300372504,0.0282,0.0395,-0.011300000000000001,-0.28607594936708863,0.0376,0.0349,0.002700000000000001,0.07736389684813756,0.0583,0.0546,0.003699999999999995,0.06776556776556766,0.1147,0.1286,-0.013899999999999996,-0.10808709175738722,0.0639,0.0901,-0.0262,-0.290788013318535,0.0508,0.0385,0.012299999999999998,0.3194805194805194,4.9718,5.2578,-0.2859999999999996,-0.054395374491232,-0.0674,-0.0509,-0.0165,-0.3241650294695481,0,1,0,0,0,0,0
2025,NYJ,19,tied_early_down,league_multi_season,2023,2025,3,32,96,strong,138,strong,stable_team_sample,1,1,1,1,0.3768,0.4983,-0.1215,-0.24382901866345574,0.6232,0.5017,0.12149999999999994,0.2421765995614908,0.3768,0.4983,-0.1215,-0.24382901866345574,0.5725,0.6059,-0.033399999999999985,-0.05512460802112557,0.0362,0.0718,-0.0356,-0.49582172701949856,0.3333,0.4418,-0.10850000000000004,-0.245586238116795,0.1812,0.2572,-0.07599999999999998,-0.2954898911353032,0.0217,0.0358,-0.014099999999999998,-0.3938547486033519,0.0,0.0219,-0.0219,-1.0,0.0217,0.0267,-0.005000000000000001,-0.18726591760299627,0.0725,0.1285,-0.05600000000000001,-0.43579766536964987,0.029,0.0731,-0.0441,-0.6032831737346102,0.0435,0.0554,-0.0119,-0.21480144404332133,3.9855,5.4023,-1.4168000000000003,-0.26225866760453886,-0.1078,0.0018,-0.1096,-60.88888888888889,0,1,0,0,0,0,0
2025,NYJ,20,leading_early_down,league_multi_season,2023,2025,3,32,96,strong,47,thin,small_team_sample,0,1,0,0,0.3191,0.4468,-0.12769999999999998,-0.28581020590868395,0.6809,0.5532,0.12769999999999992,0.2308387563268256,0.3191,0.4468,-0.12769999999999998,-0.28581020590868395,0.6596,0.5755,0.08409999999999995,0.14613379669852294,0.0426,0.0709,-0.028300000000000006,-0.39915373765867423,0.3617,0.4235,-0.061799999999999966,-0.14592680047225495,0.2128,0.2496,-0.0368,-0.14743589743589744,0.0213,0.0375,-0.0162,-0.432,0.0213,0.0206,0.0006999999999999992,0.03398058252427181,0.0,0.0228,-0.0228,-1.0,0.1064,0.1332,-0.026800000000000018,-0.20120120120120133,0.0213,0.0705,-0.049199999999999994,-0.6978723404255319,0.0851,0.0628,0.0223,0.3550955414012739,4.2553,5.5158,-1.2604999999999995,-0.22852532724174182,-0.214,0.0115,-0.2255,-19.608695652173914,0,1,1,0,0,0,0
2025,NYJ,21,trailing_early_down,league_multi_season,2023,2025,3,32,96,strong,546,strong,stable_team_sample,1,1,1,1,0.5495,0.5899,-0.04039999999999999,-0.06848618409899981,0.4505,0.4101,0.04039999999999999,0.09851255791270419,0.5495,0.5899,-0.04039999999999999,-0.06848618409899981,0.7088,0.7068,0.0020000000000000018,0.002829654782116584,0.1319,0.15,-0.018100000000000005,-0.1206666666666667,0.4414,0.438,0.003400000000000014,0.007762557077625603,0.2253,0.2608,-0.035499999999999976,-0.1361196319018404,0.0256,0.0356,-0.009999999999999998,-0.28089887640449435,0.0293,0.0281,0.0011999999999999997,0.04270462633451956,0.0531,0.0355,0.017600000000000005,0.4957746478873241,0.1099,0.1307,-0.020800000000000013,-0.15914307574598324,0.0513,0.0839,-0.032600000000000004,-0.3885578069129917,0.0586,0.0468,0.011799999999999998,0.2521367521367521,4.9469,5.4892,-0.5423,-0.09879399548203745,-0.0646,-0.0058,-0.058800000000000005,-10.13793103448276,0,1,1,0,0,1,0
2025,PHI,1,all_offense,league_multi_season,2023,2025,3,32,96,strong,992,strong,stable_team_sample,1,1,1,1,0.5343,0.5737,-0.03939999999999999,-0.06867700888966358,0.4657,0.4263,0.03939999999999999,0.0924231761670185,0.5343,0.5737,-0.03939999999999999,-0.06867700888966358,0.7772,0.6967,0.08050000000000002,0.11554471077938858,0.1935,0.1039,0.0896,0.8623676612127045,0.4315,0.4345,-0.0030000000000000027,-0.0069044879171461515,0.2883,0.2932,-0.0049000000000000155,-0.016712141882673996,0.0433,0.0402,0.0030999999999999986,0.07711442786069649,0.0171,0.0274,-0.0103,-0.3759124087591241,0.0353,0.0401,-0.004799999999999999,-0.1197007481296758,0.1351,0.1328,0.0022999999999999965,0.017319277108433707,0.0796,0.0838,-0.004199999999999995,-0.05011933174224338,0.0554,0.049,0.006399999999999996,0.13061224489795908,5.3528,5.4305,-0.0777000000000001,-0.014308074762913193,0.0268,-0.0054,0.0322,5.962962962962963,0,1,1,1,1,0,1
2025,PHI,2,early_down,league_multi_season,2023,2025,3,32,96,strong,765,strong,stable_team_sample,1,1,1,1,0.4915,0.5246,-0.03309999999999996,-0.06309569195577576,0.5085,0.4754,0.03309999999999996,0.06962557846024393,0.4915,0.5246,-0.03309999999999996,-0.06309569195577576,0.7503,0.6436,0.10670000000000002,0.165786202610317,0.234,0.1086,0.1254,1.1546961325966851,0.4366,0.4339,0.00269999999999998,0.006222631942843927,0.2562,0.2564,-0.00020000000000003348,-0.0007800312012481805,0.0405,0.0363,0.004200000000000002,0.11570247933884305,0.0144,0.0244,-0.010000000000000002,-0.40983606557377056,0.0261,0.0296,-0.0034999999999999996,-0.11824324324324323,0.1307,0.1311,-0.0003999999999999837,-0.003051106025934277,0.068,0.0774,-0.009399999999999992,-0.1214470284237725,0.0627,0.0538,0.008900000000000005,0.16542750929368039,5.183,5.4816,-0.2986000000000004,-0.05447314652656166,0.0048,0.0014,0.0033999999999999994,2.428571428571428,0,1,1,1,1,1,0
2025,PHI,3,third_down,league_multi_season,2023,2025,3,32,96,strong,207,strong,stable_team_sample,1,1,1,1,0.7005,0.7494,-0.048899999999999944,-0.06525220176140906,0.2995,0.2506,0.0489,0.1951316839584996,0.7005,0.7494,-0.048899999999999944,-0.06525220176140906,0.8986,0.8953,0.0032999999999999696,0.0036859153356416504,0.058,0.0875,-0.02949999999999999,-0.3371428571428571,0.401,0.4242,-0.0232,-0.05469118340405468,0.3816,0.3997,-0.018100000000000005,-0.04528396297222918,0.0435,0.0487,-0.005200000000000003,-0.10677618069815202,0.029,0.0359,-0.0069,-0.19220055710306405,0.0725,0.0778,-0.005299999999999999,-0.06812339331619537,0.1546,0.1404,0.01419999999999999,0.10113960113960108,0.1256,0.107,0.01859999999999999,0.1738317757009345,0.029,0.0333,-0.004300000000000002,-0.12912912912912916,6.2754,5.3482,0.9272,0.17336674021166,0.051,-0.0507,0.1017,2.0059171597633134,0,1,1,0,1,0,1
2025,PHI,4,fourth_down,league_multi_season,2023,2025,3,32,96,good,20,thin,small_team_sample,0,1,0,0,0.45,0.6225,-0.17250000000000004,-0.2771084337349398,0.55,0.3775,0.17250000000000004,0.4569536423841061,0.45,0.6225,-0.17250000000000004,-0.2771084337349398,0.55,0.675,-0.125,-0.18518518518518517,0.05,0.0943,-0.04429999999999999,-0.4697773064687168,0.55,0.5443,0.005700000000000038,0.010472166084879731,0.55,0.5475,0.0025000000000000577,0.004566210045662206,0.15,0.0926,0.05739999999999999,0.6198704103671705,0.0,0.0492,-0.0492,-1.0,0.0,0.0504,-0.0504,-1.0,0.1,0.1209,-0.020899999999999988,-0.172870140612076,0.05,0.0893,-0.0393,-0.4400895856662934,0.05,0.0316,0.0184,0.5822784810126581,2.3,4.5242,-2.2242000000000006,-0.49162282834534293,0.6139,0.1649,0.449,2.722862340812614,0,1,0,0,1,1,0
2025,PHI,5,short_yardage,league_multi_season,2023,2025,3,32,96,strong,86,good,usable_team_sample,1,1,0,1,0.2907,0.3476,-0.056900000000000006,-0.1636939010356732,0.7093,0.6524,0.05690000000000006,0.08721643163703259,0.2907,0.3476,-0.056900000000000006,-0.1636939010356732,0.5,0.5322,-0.032200000000000006,-0.060503570086433686,0.2093,0.1642,0.0451,0.2746650426309379,0.6279,0.5961,0.03180000000000005,0.05334675390035238,0.6395,0.6404,-0.0009000000000000119,-0.0014053716427233165,0.1512,0.1155,0.035699999999999996,0.309090909090909,0.0233,0.0214,0.0019000000000000024,0.08878504672897208,0.0116,0.0229,-0.011300000000000001,-0.4934497816593887,0.0814,0.0906,-0.0092,-0.10154525386313466,0.0349,0.0453,-0.0104,-0.22958057395143486,0.0465,0.0453,0.0011999999999999997,0.026490066225165556,4.0698,3.8797,0.1900999999999997,0.04899863391499335,0.0901,0.0647,0.025400000000000006,0.39258114374034014,0,1,0,1,1,1,0
2025,PHI,6,red_zone,league_multi_season,2023,2025,3,32,96,strong,151,strong,stable_team_sample,1,1,1,1,0.4106,0.5029,-0.0923,-0.18353549413402265,0.5894,0.4971,0.09230000000000005,0.1856769261717965,0.4106,0.5029,-0.0923,-0.18353549413402265,0.6887,0.6589,0.029799999999999938,0.04522689330702676,0.1854,0.0945,0.09090000000000001,0.961904761904762,0.4702,0.4224,0.04780000000000001,0.11316287878787881,0.351,0.313,0.03799999999999998,0.12140575079872197,0.2053,0.1961,0.009200000000000014,0.046914839367669624,0.0331,0.0258,0.0072999999999999975,0.2829457364341084,0.0132,0.0328,-0.019600000000000003,-0.5975609756097562,0.053,0.0512,0.001799999999999996,0.035156249999999924,0.0331,0.0238,0.009299999999999996,0.3907563025210082,0.0199,0.0274,-0.0075,-0.2737226277372263,2.9868,3.0,-0.013199999999999878,-0.0043999999999999595,0.1103,-0.0022,0.11249999999999999,51.136363636363626,0,1,1,1,1,1,1
2025,PHI,7,goal_to_go,league_multi_season,2023,2025,3,32,96,strong,55,good,usable_team_sample,1,1,0,1,0.3636,0.4757,-0.11210000000000003,-0.23565272230397316,0.6364,0.5243,0.11209999999999998,0.21380888804119774,0.3636,0.4757,-0.11210000000000003,-0.23565272230397316,0.6182,0.611,0.007199999999999984,0.011783960720130908,0.1091,0.0861,0.023000000000000007,0.2671312427409989,0.5091,0.438,0.0711,0.16232876712328767,0.4182,0.3303,0.08790000000000003,0.26612170753860137,0.4182,0.3289,0.08929999999999999,0.2715110975980541,0.0,0.0243,-0.0243,-1.0,0.0182,0.0306,-0.012399999999999998,-0.4052287581699346,0.0182,0.0074,0.0108,1.4594594594594594,0.0182,0.0033,0.0149,4.515151515151516,0.0,0.0041,-0.0041,-1.0,2.0364,1.8044,0.23199999999999998,0.12857459543338504,0.3247,0.0097,0.315,32.47422680412371,0,1,1,1,1,1,1
2025,PHI,8,two_minute_half,league_multi_season,2023,2025,3,32,96,strong,122,strong,stable_team_sample,1,1,1,1,0.6311,0.7349,-0.1038,-0.14124370662675195,0.3689,0.2651,0.1038,0.39155035835533764,0.6311,0.7349,-0.1038,-0.14124370662675195,0.877,0.8778,-0.0008000000000000229,-0.0009113693324219901,0.1639,0.1634,0.0005000000000000004,0.003059975520195841,0.3689,0.4231,-0.05419999999999997,-0.12810210352162604,0.2541,0.3007,-0.04660000000000003,-0.1549717326238777,0.041,0.0467,-0.005699999999999997,-0.12205567451820122,0.0164,0.0356,-0.0192,-0.5393258426966292,0.041,0.0516,-0.010599999999999998,-0.20542635658914726,0.0984,0.1271,-0.02869999999999999,-0.22580645161290316,0.0738,0.094,-0.020199999999999996,-0.21489361702127655,0.0246,0.0331,-0.008499999999999997,-0.2567975830815709,4.0738,5.26,-1.1861999999999995,-0.22551330798479077,-0.0525,0.0083,-0.0608,-7.325301204819277,0,1,0,1,0,0,0
2025,PHI,9,two_minute_game,league_multi_season,2023,2025,3,32,96,strong,48,thin,small_team_sample,0,1,0,0,0.5208,0.6818,-0.16099999999999992,-0.23613963039014363,0.4792,0.3182,0.16100000000000003,0.5059710873664364,0.5208,0.6818,-0.16099999999999992,-0.23613963039014363,0.75,0.8173,-0.06730000000000003,-0.08234430441698277,0.1042,0.1726,-0.0684,-0.3962920046349942,0.2917,0.3942,-0.10249999999999998,-0.26002029426686957,0.1875,0.2947,-0.10720000000000002,-0.36375975568374624,0.0208,0.045,-0.0242,-0.5377777777777778,0.0,0.0394,-0.0394,-1.0,0.0625,0.0504,0.0121,0.24007936507936506,0.125,0.1268,-0.001799999999999996,-0.01419558359621448,0.1042,0.0914,0.012800000000000006,0.14004376367614887,0.0208,0.0354,-0.014600000000000002,-0.4124293785310735,2.8542,5.037,-2.1828,-0.43335318642048837,-0.2598,-0.06,-0.19979999999999998,-3.3299999999999996,0,1,0,0,0,0,0
2025,PHI,10,one_score,league_multi_season,2023,2025,3,32,96,strong,738,strong,stable_team_sample,1,1,1,1,0.5488,0.565,-0.016199999999999992,-0.028672566371681404,0.4512,0.435,0.016199999999999992,0.03724137931034481,0.5488,0.565,-0.016199999999999992,-0.028672566371681404,0.7886,0.6859,0.10270000000000001,0.1497302813821257,0.1911,0.0863,0.10479999999999999,1.2143684820393974,0.4201,0.4369,-0.016800000000000037,-0.03845273517967507,0.2791,0.2938,-0.01469999999999999,-0.050034036759700445,0.0407,0.0397,0.0010000000000000009,0.02518891687657433,0.0163,0.0265,-0.0102,-0.3849056603773585,0.0366,0.0381,-0.0015000000000000013,-0.039370078740157514,0.1287,0.1332,-0.004500000000000004,-0.03378378378378381,0.0745,0.084,-0.009500000000000008,-0.11309523809523819,0.0542,0.0492,0.0049999999999999975,0.10162601626016254,5.1789,5.4822,-0.3033000000000001,-0.05532450476086245,0.0151,0.0035,0.011600000000000001,3.3142857142857145,0,1,1,1,1,0,0
2025,PHI,11,neutral_early_down,league_multi_season,2023,2025,3,32,96,strong,465,strong,stable_team_sample,1,1,1,1,0.5269,0.5215,0.005400000000000071,0.01035474592521586,0.4731,0.4785,-0.00539999999999996,-0.011285266457680168,0.5269,0.5215,0.005400000000000071,0.01035474592521586,0.7742,0.6282,0.14600000000000002,0.23241006049028975,0.243,0.0855,0.15749999999999997,1.8421052631578942,0.4344,0.4391,-0.004699999999999982,-0.010703712138465,0.2516,0.2537,-0.0020999999999999908,-0.008277493102089046,0.0129,0.0109,0.002,0.1834862385321101,0.0151,0.0226,-0.007499999999999998,-0.3318584070796459,0.0301,0.0278,0.0023,0.08273381294964029,0.1376,0.1443,-0.0067000000000000115,-0.04643104643104651,0.071,0.0864,-0.015400000000000011,-0.17824074074074087,0.0667,0.058,0.008699999999999992,0.14999999999999986,5.4495,5.9339,-0.48440000000000083,-0.08163265306122462,0.003,0.013,-0.009999999999999998,-0.7692307692307692,1,0,1,1,0,0,0
2025,PHI,12,tied,league_multi_season,2023,2025,3,32,96,strong,223,strong,stable_team_sample,1,1,1,1,0.5426,0.5522,-0.009600000000000053,-0.017385005432814293,0.4574,0.4478,0.009599999999999997,0.02143814202769093,0.5426,0.5522,-0.009600000000000053,-0.017385005432814293,0.7758,0.6675,0.10830000000000006,0.16224719101123605,0.1749,0.0716,0.1033,1.442737430167598,0.4305,0.4433,-0.012800000000000034,-0.02887435145499669,0.278,0.296,-0.01799999999999996,-0.06081081081081068,0.0493,0.0396,0.009699999999999993,0.24494949494949475,0.0224,0.0252,-0.0028000000000000004,-0.11111111111111113,0.0269,0.0369,-0.010000000000000002,-0.2710027100271003,0.1166,0.1307,-0.014100000000000015,-0.10788064269319061,0.0717,0.0805,-0.008800000000000002,-0.10931677018633543,0.0448,0.0502,-0.005400000000000002,-0.10756972111553789,5.1659,5.406,-0.24009999999999998,-0.04441361450240473,0.0403,-0.0028,0.0431,15.392857142857142,0,1,1,1,1,0,0
2025,PHI,13,leading,league_multi_season,2023,2025,3,32,96,strong,457,strong,stable_team_sample,1,1,1,1,0.4705,0.504,-0.03350000000000003,-0.06646825396825402,0.5295,0.496,0.033499999999999974,0.06754032258064512,0.4705,0.504,-0.03350000000000003,-0.06646825396825402,0.7309,0.6358,0.09509999999999996,0.14957533815665297,0.1269,0.0687,0.058200000000000016,0.8471615720524021,0.4114,0.4269,-0.015500000000000014,-0.036308268915436905,0.2779,0.2876,-0.009700000000000042,-0.03372739916550779,0.0394,0.0419,-0.0025000000000000022,-0.05966587112171843,0.0066,0.0228,-0.0162,-0.7105263157894737,0.0394,0.0318,0.007599999999999996,0.23899371069182374,0.1313,0.1357,-0.004399999999999987,-0.032424465733234986,0.07,0.0788,-0.008799999999999988,-0.11167512690355316,0.0613,0.0569,0.004400000000000001,0.07732864674868192,5.1882,5.5181,-0.3298999999999994,-0.05978507094833357,0.0131,0.0162,-0.0030999999999999986,-0.19135802469135796,0,1,1,1,0,0,0
2025,PHI,14,trailing,league_multi_season,2023,2025,3,32,96,strong,312,strong,stable_team_sample,1,1,1,1,0.6218,0.6309,-0.009099999999999997,-0.01442383896021556,0.3782,0.3691,0.009099999999999997,0.024654565158493628,0.6218,0.6309,-0.009099999999999997,-0.01442383896021556,0.8462,0.7508,0.09539999999999993,0.12706446457112403,0.3045,0.1414,0.1631,1.1534653465346534,0.4615,0.4364,0.02510000000000001,0.057516040329972526,0.3109,0.2961,0.014800000000000035,0.04998311381290117,0.0449,0.0393,0.005600000000000001,0.1424936386768448,0.0288,0.0315,-0.002700000000000001,-0.08571428571428574,0.0353,0.0472,-0.0119,-0.25211864406779666,0.1538,0.1316,0.022199999999999998,0.16869300911854102,0.0994,0.0886,0.010800000000000004,0.12189616252821675,0.0545,0.043,0.011500000000000003,0.26744186046511637,5.7276,5.3789,0.3487,0.06482738106304263,0.037,-0.0215,0.058499999999999996,2.7209302325581395,0,1,1,1,1,1,1
2025,PHI,15,leading_one_score,league_multi_season,2023,2025,3,32,96,strong,267,strong,stable_team_sample,1,1,1,1,0.5206,0.5341,-0.013500000000000068,-0.025276165512076516,0.4794,0.4659,0.013500000000000012,0.028976175144880902,0.5206,0.5341,-0.013500000000000068,-0.025276165512076516,0.7678,0.6624,0.10540000000000005,0.15911835748792277,0.1273,0.075,0.0523,0.6973333333333334,0.3858,0.4278,-0.04200000000000004,-0.0981767180925667,0.2659,0.2878,-0.021899999999999975,-0.07609451007644188,0.0337,0.0405,-0.0068000000000000005,-0.16790123456790124,0.0037,0.0244,-0.020700000000000003,-0.848360655737705,0.0449,0.0343,0.010600000000000005,0.30903790087463573,0.1236,0.1347,-0.011099999999999985,-0.08240534521158119,0.0712,0.0826,-0.011400000000000007,-0.1380145278450364,0.0524,0.052,0.0004000000000000045,0.0076923076923077795,5.1049,5.5713,-0.46640000000000015,-0.0837147523917219,-0.007,0.0136,-0.0206,-1.5147058823529413,0,1,1,1,0,0,0
2025,PHI,16,leading_two_plus_scores,league_multi_season,2023,2025,3,32,94,strong,190,strong,stable_team_sample,1,1,1,1,0.4,0.4563,-0.05629999999999996,-0.12338373876835407,0.6,0.5437,0.05630000000000002,0.10354975170130591,0.4,0.4563,-0.05629999999999996,-0.12338373876835407,0.6789,0.5937,0.08519999999999994,0.14350682162708428,0.1263,0.0586,0.0677,1.1552901023890785,0.4474,0.4256,0.02180000000000004,0.05122180451127829,0.2947,0.2873,0.007400000000000018,0.025757048381482833,0.0474,0.0442,0.0031999999999999945,0.07239819004524874,0.0105,0.0203,-0.009799999999999998,-0.4827586206896551,0.0316,0.0278,0.0038000000000000048,0.13669064748201457,0.1421,0.1375,0.004599999999999993,0.033454545454545404,0.0684,0.0728,-0.004400000000000001,-0.060439560439560454,0.0737,0.0646,0.009099999999999997,0.1408668730650154,5.3053,5.4339,-0.1286000000000005,-0.023666243397927913,0.0414,0.0204,0.020999999999999998,1.0294117647058822,0,1,1,1,1,1,1
2025,PHI,17,trailing_one_score,league_multi_season,2023,2025,3,32,96,strong,248,strong,stable_team_sample,1,1,1,1,0.5847,0.5968,-0.0121,-0.02027479892761394,0.4153,0.4032,0.0121,0.030009920634920632,0.5847,0.5968,-0.0121,-0.02027479892761394,0.8226,0.7163,0.10629999999999995,0.14840150774815014,0.2742,0.1048,0.1694,1.616412213740458,0.4476,0.4393,0.008299999999999974,0.018893694513999484,0.2944,0.2967,-0.0023000000000000242,-0.0077519379844962055,0.0403,0.0391,0.0011999999999999997,0.030690537084398967,0.0242,0.029,-0.004800000000000002,-0.1655172413793104,0.0363,0.0417,-0.005400000000000002,-0.1294964028776979,0.1452,0.1338,0.011399999999999993,0.08520179372197305,0.0806,0.0875,-0.0068999999999999895,-0.07885714285714274,0.0645,0.0463,0.0182,0.3930885529157668,5.2702,5.4685,-0.1982999999999997,-0.036262229130474485,0.0163,0.0002,0.0161,80.5,0,1,1,1,1,1,1
2025,PHI,18,trailing_two_plus_scores,league_multi_season,2023,2025,3,32,96,strong,64,good,usable_team_sample,1,1,0,1,0.7656,0.677,0.0885999999999999,0.13087149187592304,0.2344,0.323,-0.08860000000000001,-0.27430340557275545,0.7656,0.677,0.0885999999999999,0.13087149187592304,0.9375,0.7976,0.13990000000000002,0.17540120361083253,0.4219,0.1909,0.231,1.210057621791514,0.5156,0.4324,0.08319999999999994,0.19241443108233103,0.375,0.2953,0.0797,0.26989502201151366,0.0625,0.0395,0.023,0.5822784810126582,0.0469,0.0349,0.011999999999999997,0.34383954154727786,0.0313,0.0546,-0.0233,-0.4267399267399267,0.1875,0.1286,0.05890000000000001,0.45800933125972015,0.1719,0.0901,0.0818,0.9078801331853495,0.0156,0.0385,-0.0229,-0.5948051948051948,7.5,5.2578,2.2422000000000004,0.42645212826657547,0.1175,-0.0509,0.1684,3.3084479371316307,1,0,1,1,1,1,1
2025,PHI,19,tied_early_down,league_multi_season,2023,2025,3,32,96,strong,168,strong,stable_team_sample,1,1,1,1,0.5119,0.4983,0.013600000000000001,0.027292795504716034,0.4881,0.5017,-0.013600000000000056,-0.027107833366553827,0.5119,0.4983,0.013600000000000001,0.027292795504716034,0.7381,0.6059,0.13219999999999998,0.2181878197722396,0.2202,0.0718,0.1484,2.066852367688022,0.4286,0.4418,-0.013200000000000045,-0.029877772747849807,0.2381,0.2572,-0.019099999999999978,-0.07426127527216166,0.0476,0.0358,0.011800000000000005,0.3296089385474862,0.0179,0.0219,-0.004,-0.18264840182648404,0.0238,0.0267,-0.0029,-0.10861423220973782,0.1131,0.1285,-0.015399999999999997,-0.11984435797665367,0.0655,0.0731,-0.007599999999999996,-0.10396716826265384,0.0476,0.0554,-0.0077999999999999944,-0.1407942238267147,4.9048,5.4023,-0.4975000000000005,-0.09209040593821159,0.0118,0.0018,0.01,5.555555555555556,1,0,1,1,1,0,0
2025,PHI,20,leading_early_down,league_multi_season,2023,2025,3,32,96,strong,351,strong,stable_team_sample,1,1,1,1,0.4245,0.4468,-0.022299999999999986,-0.049910474485228264,0.5755,0.5532,0.022299999999999986,0.04031091829356469,0.4245,0.4468,-0.022299999999999986,-0.049910474485228264,0.7009,0.5755,0.12539999999999996,0.21789748045178098,0.1652,0.0709,0.09430000000000001,1.3300423131170662,0.4217,0.4235,-0.0017999999999999683,-0.004250295159385993,0.2479,0.2496,-0.0016999999999999793,-0.006810897435897354,0.0399,0.0375,0.0023999999999999994,0.06399999999999999,0.0028,0.0206,-0.0178,-0.8640776699029126,0.0285,0.0228,0.0057,0.25,0.1311,0.1332,-0.0021000000000000185,-0.015765765765765903,0.0598,0.0705,-0.010699999999999994,-0.15177304964539,0.0712,0.0628,0.008400000000000005,0.13375796178343957,5.1111,5.5158,-0.40469999999999917,-0.07337104318503194,0.0054,0.0115,-0.0060999999999999995,-0.5304347826086956,0,1,1,1,0,0,0
2025,PHI,21,trailing_early_down,league_multi_season,2023,2025,3,32,96,strong,246,strong,stable_team_sample,1,1,1,1,0.5732,0.5899,-0.016699999999999937,-0.028309883031022103,0.4268,0.4101,0.016699999999999993,0.04072177517678613,0.5732,0.5899,-0.016699999999999937,-0.028309883031022103,0.8293,0.7068,0.12250000000000005,0.17331635540464072,0.3415,0.15,0.19150000000000003,1.2766666666666668,0.4634,0.438,0.025399999999999978,0.05799086757990862,0.2805,0.2608,0.01970000000000005,0.07553680981595112,0.0366,0.0356,0.0010000000000000009,0.02808988764044946,0.0285,0.0281,0.00040000000000000105,0.014234875444839895,0.0244,0.0355,-0.011099999999999995,-0.3126760563380281,0.1423,0.1307,0.0116,0.08875286916602906,0.0813,0.0839,-0.002600000000000005,-0.03098927294398099,0.061,0.0468,0.014199999999999997,0.30341880341880334,5.4756,5.4892,-0.013600000000000279,-0.002477592363185943,-0.0007,-0.0058,0.0050999999999999995,0.8793103448275862,0,1,1,1,1,1,1
2025,PIT,1,all_offense,league_multi_season,2023,2025,3,32,96,strong,974,strong,stable_team_sample,1,1,1,1,0.5945,0.5737,0.02080000000000004,0.036255882865609275,0.4055,0.4263,-0.020799999999999985,-0.048791930565329544,0.5945,0.5737,0.02080000000000004,0.036255882865609275,0.6684,0.6967,-0.028299999999999992,-0.040620066025549004,0.116,0.1039,0.0121,0.11645813282001924,0.4394,0.4345,0.0049000000000000155,0.011277330264672073,0.2844,0.2932,-0.00880000000000003,-0.030013642564802285,0.0441,0.0402,0.0039000000000000007,0.09701492537313434,0.0236,0.0274,-0.0038000000000000013,-0.13868613138686137,0.0318,0.0401,-0.008299999999999995,-0.20698254364089763,0.1211,0.1328,-0.011700000000000002,-0.08810240963855423,0.076,0.0838,-0.007800000000000001,-0.09307875894988069,0.0452,0.049,-0.0038000000000000048,-0.07755102040816336,5.3429,5.4305,-0.08760000000000012,-0.016131111315716807,0.0246,-0.0054,0.03,5.555555555555555,1,0,0,1,1,1,0
2025,PIT,2,early_down,league_multi_season,2023,2025,3,32,96,strong,743,strong,stable_team_sample,1,1,1,1,0.5437,0.5246,0.019100000000000006,0.0364086923370187,0.4563,0.4754,-0.019100000000000006,-0.0401766933108961,0.5437,0.5246,0.019100000000000006,0.0364086923370187,0.6003,0.6436,-0.043300000000000005,-0.06727781230578,0.1184,0.1086,0.009800000000000003,0.09023941068139966,0.4401,0.4339,0.006199999999999983,0.014289006683567603,0.2409,0.2564,-0.015500000000000014,-0.06045241809672392,0.039,0.0363,0.002700000000000001,0.07438016528925623,0.0242,0.0244,-0.00020000000000000226,-0.008196721311475502,0.0202,0.0296,-0.009400000000000002,-0.3175675675675676,0.1198,0.1311,-0.01129999999999999,-0.08619374523264677,0.0659,0.0774,-0.011499999999999996,-0.148578811369509,0.0538,0.0538,0.0,0.0,5.2934,5.4816,-0.18820000000000014,-0.0343330414477525,0.0118,0.0014,0.0104,7.428571428571428,1,0,0,1,1,1,0
2025,PIT,3,third_down,league_multi_season,2023,2025,3,32,96,strong,208,strong,stable_team_sample,1,1,1,1,0.7885,0.7494,0.039100000000000024,0.05217507339204701,0.2115,0.2506,-0.039099999999999996,-0.15602553870710295,0.7885,0.7494,0.039100000000000024,0.05217507339204701,0.9279,0.8953,0.03259999999999996,0.03641237573997538,0.1058,0.0875,0.01830000000000001,0.20914285714285727,0.4279,0.4242,0.003699999999999981,0.008722300801508678,0.4135,0.3997,0.013799999999999979,0.03452589442081556,0.0673,0.0487,0.0186,0.3819301848049281,0.0192,0.0359,-0.016700000000000003,-0.4651810584958218,0.0769,0.0778,-0.000899999999999998,-0.011568123393316171,0.1298,0.1404,-0.010599999999999998,-0.07549857549857548,0.1154,0.107,0.008400000000000005,0.0785046728971963,0.0144,0.0333,-0.018900000000000004,-0.5675675675675677,5.5,5.3482,0.1517999999999997,0.02838338132455774,0.0629,-0.0507,0.1136,2.2406311637080867,1,0,1,1,1,1,0
2025,PIT,4,fourth_down,league_multi_season,2023,2025,3,32,96,good,23,thin,small_team_sample,0,1,0,0,0.4783,0.6225,-0.14420000000000005,-0.2316465863453816,0.5217,0.3775,0.14420000000000005,0.38198675496688755,0.4783,0.6225,-0.14420000000000005,-0.2316465863453816,0.5217,0.675,-0.1533,-0.2271111111111111,0.1304,0.0943,0.03609999999999999,0.38282078472958636,0.5217,0.5443,-0.022599999999999953,-0.0415212199154877,0.5217,0.5475,-0.025799999999999934,-0.04712328767123276,0.0,0.0926,-0.0926,-1.0,0.0435,0.0492,-0.005700000000000004,-0.11585365853658544,0.0,0.0504,-0.0504,-1.0,0.087,0.1209,-0.0339,-0.28039702233250624,0.0435,0.0893,-0.04580000000000001,-0.5128779395296753,0.0435,0.0316,0.011899999999999994,0.37658227848101244,5.5217,4.5242,0.9974999999999996,0.2204809690110958,0.0896,0.1649,-0.07529999999999999,-0.4566403881140085,0,1,0,1,0,0,0
2025,PIT,5,short_yardage,league_multi_season,2023,2025,3,32,96,strong,109,strong,stable_team_sample,1,1,1,1,0.2936,0.3476,-0.05399999999999999,-0.15535097813578824,0.7064,0.6524,0.05400000000000005,0.0827713059472717,0.2936,0.3476,-0.05399999999999999,-0.15535097813578824,0.5321,0.5322,-9.999999999998899e-05,-0.00018789928598269258,0.1284,0.1642,-0.035800000000000026,-0.21802679658952512,0.633,0.5961,0.036900000000000044,0.061902365374937166,0.6789,0.6404,0.03849999999999998,0.060118675827607715,0.1193,0.1155,0.003799999999999998,0.03290043290043288,0.0092,0.0214,-0.012199999999999999,-0.5700934579439252,0.0092,0.0229,-0.0137,-0.5982532751091704,0.0734,0.0906,-0.017199999999999993,-0.18984547461368645,0.0367,0.0453,-0.008599999999999997,-0.18984547461368645,0.0367,0.0453,-0.008599999999999997,-0.18984547461368645,3.8257,3.8797,-0.05400000000000027,-0.01391860195375938,0.1897,0.0647,0.125,1.9319938176197837,0,1,0,0,1,1,0
2025,PIT,6,red_zone,league_multi_season,2023,2025,3,32,96,strong,164,strong,stable_team_sample,1,1,1,1,0.5122,0.5029,0.009299999999999975,0.018492742095844054,0.4878,0.4971,-0.009299999999999975,-0.018708509354254627,0.5122,0.5029,0.009299999999999975,0.018492742095844054,0.5671,0.6589,-0.09179999999999999,-0.13932311428137803,0.0915,0.0945,-0.0030000000000000027,-0.03174603174603177,0.4329,0.4224,0.01050000000000001,0.02485795454545457,0.3049,0.313,-0.008099999999999996,-0.025878594249201265,0.1829,0.1961,-0.01319999999999999,-0.06731259561448236,0.0122,0.0258,-0.0136,-0.5271317829457364,0.0122,0.0328,-0.0206,-0.6280487804878049,0.0366,0.0512,-0.014600000000000002,-0.28515625,0.0244,0.0238,0.0005999999999999998,0.025210084033613436,0.0122,0.0274,-0.0152,-0.5547445255474452,3.0671,3.0,0.06709999999999994,0.022366666666666646,0.0105,-0.0022,0.012700000000000001,5.772727272727273,1,0,0,0,1,1,0
2025,PIT,7,goal_to_go,league_multi_season,2023,2025,3,32,96,strong,65,good,usable_team_sample,1,1,0,1,0.4462,0.4757,-0.029500000000000026,-0.062013874290519286,0.5538,0.5243,0.02949999999999997,0.05626549685294673,0.4462,0.4757,-0.029500000000000026,-0.062013874290519286,0.5538,0.611,-0.05720000000000003,-0.0936170212765958,0.0615,0.0861,-0.024599999999999997,-0.2857142857142857,0.4154,0.438,-0.02260000000000001,-0.051598173515981755,0.3077,0.3303,-0.02260000000000001,-0.06842264607932186,0.3077,0.3289,-0.021200000000000052,-0.06445728184858635,0.0154,0.0243,-0.008899999999999998,-0.36625514403292175,0.0,0.0306,-0.0306,-1.0,0.0,0.0074,-0.0074,-1.0,0.0,0.0033,-0.0033,-1.0,0.0,0.0041,-0.0041,-1.0,1.7692,1.8044,-0.0351999999999999,-0.019507869651961815,-0.0346,0.0097,-0.0443,-4.56701030927835,0,1,0,0,0,0,0
2025,PIT,8,two_minute_half,league_multi_season,2023,2025,3,32,96,strong,121,strong,stable_team_sample,1,1,1,1,0.7438,0.7349,0.008900000000000019,0.012110491223295713,0.2562,0.2651,-0.008900000000000019,-0.033572236891739035,0.7438,0.7349,0.008900000000000019,0.012110491223295713,0.8678,0.8778,-0.010000000000000009,-0.01139211665527456,0.2397,0.1634,0.0763,0.46695226438188503,0.438,0.4231,0.014900000000000024,0.035216260931221995,0.3223,0.3007,0.021599999999999953,0.07183239108746242,0.0579,0.0467,0.011200000000000002,0.23982869379014993,0.0248,0.0356,-0.0108,-0.30337078651685395,0.0331,0.0516,-0.018500000000000003,-0.35852713178294576,0.1157,0.1271,-0.011399999999999993,-0.08969315499606605,0.0744,0.094,-0.019600000000000006,-0.20851063829787242,0.0413,0.0331,0.008200000000000006,0.24773413897280985,5.5537,5.26,0.2937000000000003,0.05583650190114074,0.1383,0.0083,0.13,15.66265060240964,1,0,0,1,1,1,0
2025,PIT,9,two_minute_game,league_multi_season,2023,2025,3,32,96,strong,37,thin,small_team_sample,0,1,0,0,0.8649,0.6818,0.18310000000000004,0.2685538281020828,0.1351,0.3182,-0.18309999999999998,-0.5754242614707731,0.8649,0.6818,0.18310000000000004,0.2685538281020828,0.9459,0.8173,0.12859999999999994,0.15734736326930127,0.3514,0.1726,0.1788,1.0359212050984936,0.3514,0.3942,-0.042800000000000005,-0.10857432775240995,0.2432,0.2947,-0.05150000000000002,-0.1747539871055311,0.027,0.045,-0.018,-0.39999999999999997,0.027,0.0394,-0.012399999999999998,-0.31472081218274106,0.027,0.0504,-0.0234,-0.4642857142857143,0.1351,0.1268,0.008300000000000002,0.06545741324921138,0.1081,0.0914,0.016700000000000007,0.18271334792122546,0.027,0.0354,-0.008400000000000001,-0.23728813559322037,4.9189,5.037,-0.1181000000000001,-0.02344649593011715,-0.1611,-0.06,-0.1011,-1.685,1,0,1,1,0,0,1
2025,PIT,10,one_score,league_multi_season,2023,2025,3,32,96,strong,737,strong,stable_team_sample,1,1,1,1,0.5929,0.565,0.027900000000000036,0.049380530973451395,0.4071,0.435,-0.02789999999999998,-0.06413793103448272,0.5929,0.565,0.027900000000000036,0.049380530973451395,0.6649,0.6859,-0.020999999999999908,-0.030616707974923326,0.0963,0.0863,0.009999999999999995,0.11587485515643099,0.441,0.4369,0.0040999999999999925,0.009384298466468282,0.2795,0.2938,-0.01429999999999998,-0.048672566371681346,0.0434,0.0397,0.003700000000000002,0.09319899244332498,0.0217,0.0265,-0.004799999999999999,-0.18113207547169807,0.0326,0.0381,-0.005500000000000005,-0.14435695538057755,0.1153,0.1332,-0.017900000000000013,-0.13438438438438446,0.0719,0.084,-0.0121,-0.14404761904761904,0.0434,0.0492,-0.0058,-0.11788617886178861,5.3365,5.4822,-0.14569999999999972,-0.02657692167378055,0.0125,0.0035,0.009000000000000001,2.5714285714285716,1,0,0,1,1,1,0
2025,PIT,11,neutral_early_down,league_multi_season,2023,2025,3,32,96,strong,459,strong,stable_team_sample,1,1,1,1,0.5381,0.5215,0.01660000000000006,0.031831255992329936,0.4619,0.4785,-0.016600000000000004,-0.03469174503657263,0.5381,0.5215,0.01660000000000006,0.031831255992329936,0.6013,0.6282,-0.026900000000000035,-0.042820757720471246,0.0893,0.0855,0.003799999999999998,0.04444444444444442,0.4379,0.4391,-0.0011999999999999789,-0.002732862673650601,0.2288,0.2537,-0.024899999999999978,-0.09814741821048474,0.0153,0.0109,0.004399999999999999,0.40366972477064217,0.0261,0.0226,0.003500000000000003,0.1548672566371683,0.0261,0.0278,-0.0016999999999999967,-0.06115107913669053,0.1285,0.1443,-0.01580000000000001,-0.10949410949410954,0.0654,0.0864,-0.021000000000000005,-0.2430555555555556,0.0632,0.058,0.005200000000000003,0.08965517241379316,5.6688,5.9339,-0.26510000000000034,-0.044675508518849376,0.0095,0.013,-0.0034999999999999996,-0.2692307692307692,1,0,0,1,0,0,0
2025,PIT,12,tied,league_multi_season,2023,2025,3,32,96,strong,148,strong,stable_team_sample,1,1,1,1,0.5608,0.5522,0.008599999999999941,0.015574067366895945,0.4392,0.4478,-0.008599999999999997,-0.019205002233139788,0.5608,0.5522,0.008599999999999941,0.015574067366895945,0.6351,0.6675,-0.032399999999999984,-0.04853932584269661,0.0473,0.0716,-0.024299999999999995,-0.33938547486033516,0.4189,0.4433,-0.024400000000000033,-0.05504173246108737,0.25,0.296,-0.045999999999999985,-0.15540540540540537,0.0473,0.0396,0.0076999999999999985,0.1944444444444444,0.0338,0.0252,0.008599999999999997,0.3412698412698411,0.0405,0.0369,0.003599999999999999,0.09756097560975606,0.1284,0.1307,-0.0023000000000000242,-0.017597551644988708,0.0811,0.0805,0.0006000000000000033,0.007453416149068364,0.0473,0.0502,-0.0029,-0.05776892430278884,5.5473,5.406,0.1413000000000002,0.0261376248612653,-0.0322,-0.0028,-0.0294,-10.5,1,0,0,0,0,0,0
2025,PIT,13,leading,league_multi_season,2023,2025,3,32,96,strong,381,strong,stable_team_sample,1,1,1,1,0.5564,0.504,0.0524,0.10396825396825397,0.4436,0.496,-0.0524,-0.10564516129032259,0.5564,0.504,0.0524,0.10396825396825397,0.6273,0.6358,-0.008500000000000063,-0.01336898395721935,0.0919,0.0687,0.0232,0.33770014556040756,0.4593,0.4269,0.032399999999999984,0.07589599437807446,0.294,0.2876,0.006399999999999961,0.02225312934631419,0.042,0.0419,0.00010000000000000286,0.0023866348448688033,0.0157,0.0228,-0.007100000000000002,-0.3114035087719299,0.0262,0.0318,-0.005600000000000001,-0.17610062893081763,0.1339,0.1357,-0.001799999999999996,-0.01326455416359614,0.0735,0.0788,-0.005299999999999999,-0.06725888324873096,0.0604,0.0569,0.003500000000000003,0.06151142355008793,5.6273,5.5181,0.10920000000000041,0.019789420271470327,0.0851,0.0162,0.06889999999999999,4.253086419753086,1,0,0,1,1,1,0
2025,PIT,14,trailing,league_multi_season,2023,2025,3,32,96,strong,445,strong,stable_team_sample,1,1,1,1,0.6382,0.6309,0.007299999999999973,0.011570771913139917,0.3618,0.3691,-0.007299999999999973,-0.01977783798428603,0.6382,0.6309,0.007299999999999973,0.011570771913139917,0.7146,0.7508,-0.03620000000000001,-0.04821523708044753,0.1596,0.1414,0.018199999999999994,0.12871287128712866,0.4292,0.4364,-0.007199999999999984,-0.01649862511457375,0.2876,0.2961,-0.008499999999999952,-0.028706518068220038,0.0449,0.0393,0.005600000000000001,0.1424936386768448,0.027,0.0315,-0.0045000000000000005,-0.14285714285714288,0.0337,0.0472,-0.013499999999999998,-0.28601694915254233,0.1079,0.1316,-0.0237,-0.18009118541033434,0.0764,0.0886,-0.012200000000000003,-0.1376975169300226,0.0315,0.043,-0.011499999999999996,-0.2674418604651162,5.0315,5.3789,-0.3473999999999995,-0.06458569596014045,-0.0084,-0.0215,0.013099999999999999,0.6093023255813953,1,0,0,1,1,0,0
2025,PIT,15,leading_one_score,league_multi_season,2023,2025,3,32,96,strong,288,strong,stable_team_sample,1,1,1,1,0.5729,0.5341,0.038799999999999946,0.07264557199026389,0.4271,0.4659,-0.0388,-0.0832796737497317,0.5729,0.5341,0.038799999999999946,0.07264557199026389,0.6424,0.6624,-0.020000000000000018,-0.030193236714975872,0.0868,0.075,0.011800000000000005,0.1573333333333334,0.4688,0.4278,0.04099999999999998,0.0958391771856007,0.2986,0.2878,0.010799999999999976,0.03752605976372473,0.0417,0.0405,0.0011999999999999997,0.02962962962962962,0.0139,0.0244,-0.010500000000000002,-0.4303278688524591,0.0243,0.0343,-0.009999999999999998,-0.29154518950437314,0.1424,0.1347,0.007700000000000012,0.05716406829992586,0.0799,0.0826,-0.002700000000000008,-0.03268765133171922,0.0625,0.052,0.010500000000000002,0.20192307692307698,5.8854,5.5713,0.3140999999999998,0.05637822411286411,0.1015,0.0136,0.0879,6.463235294117648,1,0,0,1,1,1,1
2025,PIT,16,leading_two_plus_scores,league_multi_season,2023,2025,3,32,94,strong,93,good,usable_team_sample,1,1,0,1,0.5054,0.4563,0.04909999999999998,0.10760464606618449,0.4946,0.5437,-0.04909999999999998,-0.09030715468089016,0.5054,0.4563,0.04909999999999998,0.10760464606618449,0.5806,0.5937,-0.0131,-0.02206501600134748,0.1075,0.0586,0.0489,0.8344709897610921,0.4301,0.4256,0.004500000000000004,0.010573308270676702,0.2796,0.2873,-0.007699999999999985,-0.026801253045596884,0.043,0.0442,-0.0012000000000000066,-0.027149321266968472,0.0215,0.0203,0.0011999999999999997,0.05911330049261083,0.0323,0.0278,0.004500000000000004,0.16187050359712246,0.1075,0.1375,-0.030000000000000013,-0.21818181818181825,0.0538,0.0728,-0.019000000000000003,-0.260989010989011,0.0538,0.0646,-0.010800000000000004,-0.16718266253869973,4.828,5.4339,-0.6059000000000001,-0.11150370820221205,0.0345,0.0204,0.014100000000000001,0.6911764705882353,1,0,0,1,1,1,0
2025,PIT,17,trailing_one_score,league_multi_season,2023,2025,3,32,96,strong,301,strong,stable_team_sample,1,1,1,1,0.6279,0.5968,0.031100000000000017,0.05211126005361933,0.3721,0.4032,-0.031100000000000017,-0.07713293650793655,0.6279,0.5968,0.031100000000000017,0.05211126005361933,0.701,0.7163,-0.015300000000000091,-0.02135976546139898,0.1296,0.1048,0.02479999999999999,0.2366412213740457,0.4252,0.4393,-0.014100000000000001,-0.032096517186432964,0.2757,0.2967,-0.02100000000000002,-0.07077856420626902,0.0432,0.0391,0.0040999999999999995,0.10485933503836314,0.0233,0.029,-0.0057,-0.19655172413793104,0.0365,0.0417,-0.005200000000000003,-0.12470023980815355,0.0831,0.1338,-0.05070000000000001,-0.37892376681614354,0.0598,0.0875,-0.027699999999999995,-0.31657142857142856,0.0233,0.0463,-0.023,-0.49676025917926564,4.7076,5.4685,-0.7608999999999995,-0.13914236079363618,-0.0507,0.0002,-0.0509,-254.5,1,0,0,1,0,0,0
2025,PIT,18,trailing_two_plus_scores,league_multi_season,2023,2025,3,32,96,strong,144,strong,stable_team_sample,1,1,1,1,0.6597,0.677,-0.017300000000000093,-0.02555391432791742,0.3403,0.323,0.017299999999999982,0.053560371517027805,0.6597,0.677,-0.017300000000000093,-0.02555391432791742,0.7431,0.7976,-0.05449999999999999,-0.06832998996990972,0.2222,0.1909,0.03130000000000002,0.16396018858040873,0.4375,0.4324,0.005099999999999993,0.011794634597594804,0.3125,0.2953,0.017199999999999993,0.0582458516762614,0.0486,0.0395,0.009099999999999997,0.23037974683544296,0.0347,0.0349,-0.0001999999999999988,-0.005730659025787931,0.0278,0.0546,-0.026800000000000004,-0.4908424908424909,0.1597,0.1286,0.031100000000000017,0.24183514774494572,0.1111,0.0901,0.021000000000000005,0.23307436182019983,0.0486,0.0385,0.010099999999999998,0.26233766233766226,5.7083,5.2578,0.4505000000000008,0.08568222450454578,0.08,-0.0509,0.13090000000000002,2.571709233791749,0,1,0,1,1,1,1
2025,PIT,19,tied_early_down,league_multi_season,2023,2025,3,32,96,strong,111,strong,stable_team_sample,1,1,1,1,0.4775,0.4983,-0.02080000000000004,-0.04174192253662461,0.5225,0.5017,0.02079999999999993,0.041459039266493775,0.4775,0.4983,-0.02080000000000004,-0.04174192253662461,0.5495,0.6059,-0.056400000000000006,-0.09308466743687079,0.0541,0.0718,-0.0177,-0.24651810584958217,0.4144,0.4418,-0.027400000000000035,-0.062019013128112345,0.1982,0.2572,-0.059,-0.22939346811819597,0.036,0.0358,0.0001999999999999988,0.005586592178770916,0.036,0.0219,0.014099999999999998,0.6438356164383561,0.018,0.0267,-0.008700000000000003,-0.32584269662921356,0.1171,0.1285,-0.011400000000000007,-0.08871595330739306,0.0631,0.0731,-0.009999999999999995,-0.13679890560875507,0.0541,0.0554,-0.0012999999999999956,-0.023465703971119054,5.2252,5.4023,-0.17710000000000026,-0.0327823334505674,-0.0623,0.0018,-0.0641,-35.611111111111114,0,1,0,0,0,0,0
2025,PIT,20,leading_early_down,league_multi_season,2023,2025,3,32,96,strong,295,strong,stable_team_sample,1,1,1,1,0.5051,0.4468,0.05830000000000002,0.1304834377797673,0.4949,0.5532,-0.05830000000000002,-0.10538684020245845,0.5051,0.4468,0.05830000000000002,0.1304834377797673,0.5458,0.5755,-0.02970000000000006,-0.051607298001737724,0.0949,0.0709,0.023999999999999994,0.33850493653032426,0.4746,0.4235,0.051100000000000034,0.12066115702479348,0.261,0.2496,0.011400000000000021,0.04567307692307701,0.0475,0.0375,0.010000000000000002,0.2666666666666667,0.0102,0.0206,-0.0104,-0.5048543689320388,0.0203,0.0228,-0.0025000000000000022,-0.10964912280701763,0.1322,0.1332,-0.0010000000000000009,-0.0075075075075075135,0.0576,0.0705,-0.012899999999999995,-0.18297872340425525,0.0746,0.0628,0.011800000000000005,0.18789808917197462,5.6678,5.5158,0.15200000000000014,0.02755719931832194,0.0857,0.0115,0.0742,6.452173913043478,1,0,0,1,1,1,0
2025,PIT,21,trailing_early_down,league_multi_season,2023,2025,3,32,96,strong,337,strong,stable_team_sample,1,1,1,1,0.5994,0.5899,0.009500000000000064,0.016104424478725315,0.4006,0.4101,-0.009500000000000008,-0.023165081687393337,0.5994,0.5899,0.009500000000000064,0.016104424478725315,0.6647,0.7068,-0.042100000000000026,-0.05956423316355409,0.1602,0.15,0.010200000000000015,0.0680000000000001,0.4184,0.438,-0.019600000000000006,-0.0447488584474886,0.2374,0.2608,-0.023399999999999976,-0.08972392638036801,0.0326,0.0356,-0.0030000000000000027,-0.0842696629213484,0.0326,0.0281,0.004499999999999997,0.1601423487544483,0.0208,0.0355,-0.014699999999999998,-0.41408450704225347,0.1098,0.1307,-0.020900000000000016,-0.15990818668706974,0.0742,0.0839,-0.0097,-0.11561382598331346,0.0356,0.0468,-0.011200000000000002,-0.23931623931623935,4.9881,5.4892,-0.5011000000000001,-0.09128834802885667,-0.0284,-0.0058,-0.022600000000000002,-3.8965517241379315,1,0,0,1,0,0,0
2025,SEA,1,all_offense,league_multi_season,2023,2025,3,32,96,strong,994,strong,stable_team_sample,1,1,1,1,0.507,0.5737,-0.06669999999999998,-0.11626285515077564,0.493,0.4263,0.06669999999999998,0.15646258503401356,0.507,0.5737,-0.06669999999999998,-0.11626285515077564,0.4638,0.6967,-0.2329,-0.33429022534806946,0.0744,0.1039,-0.029500000000000012,-0.28392685274302226,0.4618,0.4345,0.02729999999999999,0.0628308400460299,0.3149,0.2932,0.021699999999999997,0.07401091405184174,0.0453,0.0402,0.0051,0.12686567164179105,0.0372,0.0274,0.009799999999999996,0.3576642335766422,0.0272,0.0401,-0.012899999999999998,-0.32169576059850374,0.1469,0.1328,0.014100000000000001,0.10617469879518074,0.0915,0.0838,0.0076999999999999985,0.09188544152744628,0.0553,0.049,0.0063,0.12857142857142856,6.0272,5.4305,0.5966999999999993,0.10987938495534469,0.0297,-0.0054,0.0351,6.499999999999999,0,1,0,0,1,1,1
2025,SEA,2,early_down,league_multi_season,2023,2025,3,32,96,strong,780,strong,stable_team_sample,1,1,1,1,0.4654,0.5246,-0.059199999999999975,-0.11284788410217304,0.5346,0.4754,0.059199999999999975,0.124526714345814,0.4654,0.5246,-0.059199999999999975,-0.11284788410217304,0.3756,0.6436,-0.26799999999999996,-0.4164077066500932,0.0846,0.1086,-0.024000000000000007,-0.22099447513812162,0.4603,0.4339,0.02639999999999998,0.06084351233002991,0.2821,0.2564,0.0257,0.10023400936037441,0.041,0.0363,0.004700000000000003,0.12947658402203865,0.0308,0.0244,0.0063999999999999994,0.2622950819672131,0.0231,0.0296,-0.006500000000000002,-0.21959459459459466,0.1526,0.1311,0.02150000000000002,0.16399694889397423,0.0923,0.0774,0.014899999999999997,0.19250645994832039,0.0603,0.0538,0.006499999999999999,0.12081784386617098,6.1423,5.4816,0.6606999999999994,0.12053050204319896,0.0448,0.0014,0.0434,31.0,0,1,0,0,1,1,1
2025,SEA,3,third_down,league_multi_season,2023,2025,3,32,96,strong,202,strong,stable_team_sample,1,1,1,1,0.6634,0.7494,-0.08599999999999997,-0.11475847344542296,0.3366,0.2506,0.08600000000000002,0.3431763766959299,0.6634,0.7494,-0.08599999999999997,-0.11475847344542296,0.802,0.8953,-0.09329999999999994,-0.10421087903496028,0.0297,0.0875,-0.05779999999999999,-0.6605714285714285,0.4604,0.4242,0.036199999999999954,0.08533710513908523,0.4257,0.3997,0.026000000000000023,0.06504878658994251,0.0594,0.0487,0.010700000000000001,0.21971252566735117,0.0594,0.0359,0.0235,0.6545961002785515,0.0396,0.0778,-0.03819999999999999,-0.4910025706940873,0.1238,0.1404,-0.016600000000000004,-0.11823361823361826,0.0842,0.107,-0.0228,-0.2130841121495327,0.0396,0.0333,0.0063,0.18918918918918917,5.703,5.3482,0.3548,0.06634007703526419,-0.0276,-0.0507,0.023100000000000002,0.455621301775148,0,1,0,0,1,1,0
2025,SEA,4,fourth_down,league_multi_season,2023,2025,3,32,96,good,12,very_thin,small_team_sample,0,0,0,0,0.5833,0.6225,-0.03920000000000001,-0.06297188755020082,0.4167,0.3775,0.03920000000000001,0.10384105960264904,0.5833,0.6225,-0.03920000000000001,-0.06297188755020082,0.5,0.675,-0.17500000000000004,-0.2592592592592593,0.1667,0.0943,0.07239999999999999,0.767762460233298,0.5833,0.5443,0.039000000000000035,0.0716516626860188,0.5833,0.5475,0.035800000000000054,0.06538812785388137,0.0833,0.0926,-0.009300000000000003,-0.1004319654427646,0.0833,0.0492,0.0341,0.6930894308943089,0.0833,0.0504,0.0329,0.6527777777777778,0.1667,0.1209,0.045799999999999993,0.3788254755996691,0.1667,0.0893,0.07739999999999998,0.8667413213885776,0.0,0.0316,-0.0316,-1.0,4.0,4.5242,-0.5242000000000004,-0.11586578842668326,0.0165,0.1649,-0.14839999999999998,-0.8999393571861733,0,1,0,1,0,1,1
2025,SEA,5,short_yardage,league_multi_season,2023,2025,3,32,96,strong,102,strong,stable_team_sample,1,1,1,1,0.3137,0.3476,-0.03390000000000004,-0.09752589182968942,0.6863,0.6524,0.03390000000000004,0.051961986511342796,0.3137,0.3476,-0.03390000000000004,-0.09752589182968942,0.2941,0.5322,-0.23810000000000003,-0.44738819992484036,0.1471,0.1642,-0.017100000000000004,-0.10414129110840441,0.5686,0.5961,-0.02749999999999997,-0.046133199127663095,0.6275,0.6404,-0.012900000000000023,-0.020143660212367305,0.1275,0.1155,0.011999999999999997,0.10389610389610386,0.0294,0.0214,0.008,0.3738317757009346,0.0196,0.0229,-0.003300000000000001,-0.1441048034934498,0.0882,0.0906,-0.0023999999999999994,-0.026490066225165556,0.049,0.0453,0.003700000000000002,0.08167770419426053,0.0392,0.0453,-0.006100000000000001,-0.13465783664459163,3.7451,3.8797,-0.13460000000000027,-0.03469340412918532,-0.0263,0.0647,-0.091,-1.4064914992272026,0,1,0,0,0,0,0
2025,SEA,6,red_zone,league_multi_season,2023,2025,3,32,96,strong,166,strong,stable_team_sample,1,1,1,1,0.4277,0.5029,-0.07519999999999999,-0.1495327102803738,0.5723,0.4971,0.07520000000000004,0.15127740897203792,0.4277,0.5029,-0.07519999999999999,-0.1495327102803738,0.3675,0.6589,-0.29140000000000005,-0.4422522385794506,0.0542,0.0945,-0.0403,-0.4264550264550265,0.4036,0.4224,-0.018799999999999983,-0.04450757575757572,0.3072,0.313,-0.005800000000000027,-0.01853035143769977,0.1928,0.1961,-0.0032999999999999974,-0.01682814890362059,0.0181,0.0258,-0.0076999999999999985,-0.2984496124031007,0.0241,0.0328,-0.008700000000000003,-0.26524390243902446,0.0482,0.0512,-0.0030000000000000027,-0.05859375000000005,0.0241,0.0238,0.0002999999999999982,0.012605042016806645,0.0241,0.0274,-0.003300000000000001,-0.1204379562043796,3.0422,3.0,0.04219999999999979,0.014066666666666597,-0.01,-0.0022,-0.0078,-3.545454545454545,0,1,0,0,0,0,0
2025,SEA,7,goal_to_go,league_multi_season,2023,2025,3,32,96,strong,70,good,usable_team_sample,1,1,0,1,0.4143,0.4757,-0.06140000000000001,-0.12907294513348752,0.5857,0.5243,0.06140000000000001,0.11710852565325197,0.4143,0.4757,-0.06140000000000001,-0.12907294513348752,0.3429,0.611,-0.2681,-0.4387888707037643,0.0429,0.0861,-0.043199999999999995,-0.5017421602787456,0.4143,0.438,-0.0237,-0.05410958904109589,0.3143,0.3303,-0.01599999999999996,-0.048440811383590555,0.3143,0.3289,-0.014600000000000002,-0.044390392216479176,0.0143,0.0243,-0.009999999999999998,-0.4115226337448559,0.0429,0.0306,0.012300000000000002,0.40196078431372556,0.0286,0.0074,0.0212,2.864864864864865,0.0,0.0033,-0.0033,-1.0,0.0286,0.0041,0.0245,5.975609756097561,1.7,1.8044,-0.10440000000000005,-0.0578585679450233,0.0284,0.0097,0.0187,1.9278350515463918,0,1,0,0,1,0,1
2025,SEA,8,two_minute_half,league_multi_season,2023,2025,3,32,96,strong,125,strong,stable_team_sample,1,1,1,1,0.632,0.7349,-0.10289999999999999,-0.14001905021091304,0.368,0.2651,0.10289999999999999,0.38815541305167856,0.632,0.7349,-0.10289999999999999,-0.14001905021091304,0.832,0.8778,-0.04580000000000006,-0.05217589428115751,0.16,0.1634,-0.0033999999999999864,-0.020807833537331618,0.456,0.4231,0.03290000000000004,0.07775939494209416,0.312,0.3007,0.011299999999999977,0.037578982374459516,0.016,0.0467,-0.030699999999999998,-0.6573875802997858,0.04,0.0356,0.004400000000000001,0.12359550561797757,0.032,0.0516,-0.0196,-0.3798449612403101,0.112,0.1271,-0.015099999999999988,-0.11880409126671904,0.08,0.094,-0.013999999999999999,-0.14893617021276595,0.032,0.0331,-0.0010999999999999968,-0.033232628398791444,5.264,5.26,0.004000000000000448,0.0007604562737643437,-0.026,0.0083,-0.0343,-4.132530120481928,0,1,0,0,0,1,0
2025,SEA,9,two_minute_game,league_multi_season,2023,2025,3,32,96,strong,37,thin,small_team_sample,0,1,0,0,0.6486,0.6818,-0.03320000000000001,-0.04869463185684953,0.3514,0.3182,0.03320000000000001,0.10433689503456949,0.6486,0.6818,-0.03320000000000001,-0.04869463185684953,0.7568,0.8173,-0.0605,-0.07402422611036338,0.1351,0.1726,-0.037500000000000006,-0.21726535341830824,0.3514,0.3942,-0.042800000000000005,-0.10857432775240995,0.2703,0.2947,-0.024400000000000033,-0.0827960637936886,0.0,0.045,-0.045,-1.0,0.0811,0.0394,0.04170000000000001,1.0583756345177668,0.0811,0.0504,0.030700000000000005,0.6091269841269842,0.0811,0.1268,-0.04569999999999999,-0.3604100946372239,0.0811,0.0914,-0.01029999999999999,-0.11269146608315088,0.0,0.0354,-0.0354,-1.0,4.5946,5.037,-0.4424000000000001,-0.08783005757395278,-0.2647,-0.06,-0.2047,-3.4116666666666666,0,1,0,0,0,0,0
2025,SEA,10,one_score,league_multi_season,2023,2025,3,32,96,strong,639,strong,stable_team_sample,1,1,1,1,0.5321,0.565,-0.03289999999999993,-0.0582300884955751,0.4679,0.435,0.032899999999999985,0.07563218390804594,0.5321,0.565,-0.03289999999999993,-0.0582300884955751,0.4742,0.6859,-0.21169999999999994,-0.3086455751567283,0.0704,0.0863,-0.015899999999999997,-0.18424101969872533,0.4617,0.4369,0.02479999999999999,0.05676356145571066,0.3099,0.2938,0.016100000000000003,0.0547991831177672,0.0438,0.0397,0.0040999999999999995,0.10327455919395465,0.036,0.0265,0.009499999999999998,0.35849056603773577,0.0329,0.0381,-0.005200000000000003,-0.136482939632546,0.1487,0.1332,0.015499999999999986,0.11636636636636626,0.1017,0.084,0.017699999999999994,0.21071428571428563,0.0469,0.0492,-0.0023000000000000034,-0.046747967479674864,6.0955,5.4822,0.6133000000000006,0.1118711466199702,0.0384,0.0035,0.034899999999999994,9.97142857142857,0,1,0,0,1,1,1
2025,SEA,11,neutral_early_down,league_multi_season,2023,2025,3,32,96,strong,396,strong,stable_team_sample,1,1,1,1,0.4874,0.5215,-0.034099999999999964,-0.06538830297219553,0.5126,0.4785,0.034099999999999964,0.07126436781609188,0.4874,0.5215,-0.034099999999999964,-0.06538830297219553,0.3788,0.6282,-0.24939999999999996,-0.3970073225087551,0.0758,0.0855,-0.0097,-0.11345029239766082,0.4697,0.4391,0.030600000000000016,0.06968799817809158,0.2778,0.2537,0.02410000000000001,0.09499408750492713,0.0152,0.0109,0.0043,0.3944954128440367,0.0278,0.0226,0.0052,0.23008849557522124,0.0253,0.0278,-0.0024999999999999988,-0.08992805755395679,0.1768,0.1443,0.0325,0.22522522522522523,0.1187,0.0864,0.032299999999999995,0.3738425925925925,0.0581,0.058,9.999999999999593e-05,0.0017241379310344125,6.9192,5.9339,0.9852999999999996,0.16604593943275073,0.0717,0.013,0.0587,4.515384615384615,0,1,0,0,1,1,1
2025,SEA,12,tied,league_multi_season,2023,2025,3,32,96,strong,213,strong,stable_team_sample,1,1,1,1,0.554,0.5522,0.0018000000000000238,0.003259688518652705,0.446,0.4478,-0.0017999999999999683,-0.004019651630191979,0.554,0.5522,0.0018000000000000238,0.003259688518652705,0.5258,0.6675,-0.14169999999999994,-0.21228464419475646,0.0657,0.0716,-0.0059000000000000025,-0.08240223463687155,0.4413,0.4433,-0.0020000000000000018,-0.004511617414843225,0.277,0.296,-0.01899999999999996,-0.06418918918918906,0.0469,0.0396,0.007299999999999994,0.18434343434343417,0.0376,0.0252,0.012400000000000001,0.4920634920634921,0.0469,0.0369,0.009999999999999995,0.27100271002710014,0.1174,0.1307,-0.013300000000000006,-0.1017597551644989,0.0751,0.0805,-0.005400000000000002,-0.06708074534161493,0.0423,0.0502,-0.007900000000000004,-0.15737051792828693,5.3897,5.406,-0.016299999999999315,-0.00301516833148341,-0.0233,-0.0028,-0.0205,-7.321428571428572,1,0,0,0,0,0,0
2025,SEA,13,leading,league_multi_season,2023,2025,3,32,96,strong,499,strong,stable_team_sample,1,1,1,1,0.4509,0.504,-0.05309999999999998,-0.10535714285714282,0.5491,0.496,0.053100000000000036,0.1070564516129033,0.4509,0.504,-0.05309999999999998,-0.10535714285714282,0.4048,0.6358,-0.23100000000000004,-0.3633217993079585,0.0421,0.0687,-0.0266,-0.38719068413391555,0.4269,0.4269,0.0,0.0,0.3026,0.2876,0.014999999999999958,0.05215577190542405,0.0461,0.0419,0.004200000000000002,0.10023866348448693,0.0361,0.0228,0.0133,0.5833333333333333,0.0301,0.0318,-0.0017000000000000036,-0.05345911949685546,0.1563,0.1357,0.020600000000000007,0.15180545320560065,0.0902,0.0788,0.011400000000000007,0.14467005076142142,0.0661,0.0569,0.009200000000000007,0.1616871704745168,5.7876,5.5181,0.26950000000000074,0.048839274387923515,0.0004,0.0162,-0.015799999999999998,-0.9753086419753085,0,1,0,0,0,0,1
2025,SEA,14,trailing,league_multi_season,2023,2025,3,32,96,strong,282,strong,stable_team_sample,1,1,1,1,0.5709,0.6309,-0.06000000000000005,-0.09510223490252029,0.4291,0.3691,0.06,0.1625575724735844,0.5709,0.6309,-0.06000000000000005,-0.09510223490252029,0.5213,0.7508,-0.22950000000000004,-0.30567394778902507,0.1383,0.1414,-0.0030999999999999917,-0.021923620933521865,0.539,0.4364,0.10260000000000002,0.2351054078826765,0.3652,0.2961,0.06910000000000005,0.23336710570753144,0.0426,0.0393,0.0032999999999999974,0.0839694656488549,0.039,0.0315,0.0075,0.23809523809523808,0.0071,0.0472,-0.0401,-0.8495762711864406,0.1525,0.1316,0.020900000000000002,0.1588145896656535,0.1064,0.0886,0.017799999999999996,0.200902934537246,0.0461,0.043,0.0031000000000000055,0.07209302325581408,6.9326,5.3789,1.5537,0.28885088029150946,0.1216,-0.0215,0.1431,6.655813953488373,0,1,0,0,1,1,1
2025,SEA,15,leading_one_score,league_multi_season,2023,2025,3,32,96,strong,207,strong,stable_team_sample,1,1,1,1,0.5024,0.5341,-0.03170000000000006,-0.05935218123946838,0.4976,0.4659,0.031700000000000006,0.06804035200686845,0.5024,0.5341,-0.03170000000000006,-0.05935218123946838,0.4106,0.6624,-0.25179999999999997,-0.38013285024154586,0.0338,0.075,-0.0412,-0.5493333333333333,0.401,0.4278,-0.02679999999999999,-0.06264609630668534,0.285,0.2878,-0.0028000000000000247,-0.009728978457262073,0.0386,0.0405,-0.001899999999999999,-0.04691358024691355,0.029,0.0244,0.0046,0.1885245901639344,0.0435,0.0343,0.0092,0.26822157434402333,0.1498,0.1347,0.015100000000000002,0.11210096510764665,0.1111,0.0826,0.028499999999999998,0.34503631961259074,0.0386,0.052,-0.013399999999999995,-0.2576923076923076,5.5314,5.5713,-0.03990000000000027,-0.007161703731624624,-0.0143,0.0136,-0.0279,-2.0514705882352944,0,1,0,0,0,0,1
2025,SEA,16,leading_two_plus_scores,league_multi_season,2023,2025,3,32,94,strong,292,strong,stable_team_sample,1,1,1,1,0.4144,0.4563,-0.04189999999999999,-0.09182555336401489,0.5856,0.5437,0.04190000000000005,0.07706455766047463,0.4144,0.4563,-0.04189999999999999,-0.09182555336401489,0.4007,0.5937,-0.193,-0.32508000673740944,0.0479,0.0586,-0.010700000000000001,-0.18259385665529013,0.4452,0.4256,0.019600000000000006,0.04605263157894739,0.3151,0.2873,0.02779999999999999,0.09676296554124605,0.0514,0.0442,0.007199999999999998,0.1628959276018099,0.0411,0.0203,0.0208,1.0246305418719213,0.0205,0.0278,-0.0072999999999999975,-0.2625899280575539,0.161,0.1375,0.023499999999999993,0.17090909090909084,0.0753,0.0728,0.0025000000000000022,0.03434065934065937,0.0856,0.0646,0.02099999999999999,0.32507739938080477,5.9692,5.4339,0.5352999999999994,0.09851119821859058,0.0108,0.0204,-0.009600000000000001,-0.47058823529411764,0,1,0,0,0,1,1
2025,SEA,17,trailing_one_score,league_multi_season,2023,2025,3,32,96,strong,219,strong,stable_team_sample,1,1,1,1,0.5388,0.5968,-0.05800000000000005,-0.09718498659517436,0.4612,0.4032,0.057999999999999996,0.14384920634920634,0.5388,0.5968,-0.05800000000000005,-0.09718498659517436,0.484,0.7163,-0.23230000000000006,-0.3243054586067291,0.1096,0.1048,0.004799999999999999,0.04580152671755724,0.5388,0.4393,0.09949999999999992,0.2264966992943317,0.3653,0.2967,0.0686,0.23120997640714522,0.0457,0.0391,0.006599999999999995,0.16879795396419423,0.0411,0.029,0.012099999999999996,0.41724137931034466,0.0091,0.0417,-0.032600000000000004,-0.7817745803357314,0.1781,0.1338,0.044300000000000006,0.33109118086696565,0.1187,0.0875,0.031200000000000006,0.35657142857142865,0.0594,0.0463,0.0131,0.28293736501079914,7.3151,5.4685,1.8466000000000005,0.33767943677425266,0.1482,0.0002,0.148,739.9999999999999,0,1,0,1,1,1,1
2025,SEA,18,trailing_two_plus_scores,league_multi_season,2023,2025,3,32,96,strong,63,good,usable_team_sample,1,1,0,1,0.6825,0.677,0.005499999999999949,0.008124076809453396,0.3175,0.323,-0.005500000000000005,-0.0170278637770898,0.6825,0.677,0.005499999999999949,0.008124076809453396,0.6508,0.7976,-0.14679999999999993,-0.18405215646940815,0.2381,0.1909,0.04720000000000002,0.24724986904138305,0.5397,0.4324,0.10729999999999995,0.24814986123959284,0.3651,0.2953,0.06979999999999997,0.23636979343040965,0.0317,0.0395,-0.007800000000000001,-0.19746835443037977,0.0317,0.0349,-0.0032000000000000015,-0.09169054441260749,0.0,0.0546,-0.0546,-1.0,0.0635,0.1286,-0.06509999999999999,-0.5062208398133747,0.0635,0.0901,-0.0266,-0.295227524972253,0.0,0.0385,-0.0385,-1.0,5.6032,5.2578,0.3454000000000006,0.06569287534710347,0.0292,-0.0509,0.0801,1.5736738703339883,1,0,0,1,1,1,0
2025,SEA,19,tied_early_down,league_multi_season,2023,2025,3,32,96,strong,162,strong,stable_team_sample,1,1,1,1,0.4877,0.4983,-0.010599999999999998,-0.021272325908087492,0.5123,0.5017,0.010599999999999943,0.021128164241578515,0.4877,0.4983,-0.010599999999999998,-0.021272325908087492,0.4198,0.6059,-0.1861,-0.3071463937943555,0.0617,0.0718,-0.010100000000000005,-0.1406685236768803,0.4259,0.4418,-0.015900000000000025,-0.03598913535536447,0.2284,0.2572,-0.028799999999999992,-0.11197511664074648,0.037,0.0358,0.0011999999999999997,0.03351955307262569,0.0247,0.0219,0.0028000000000000004,0.12785388127853883,0.037,0.0267,0.010299999999999997,0.3857677902621721,0.1049,0.1285,-0.02360000000000001,-0.1836575875486382,0.0679,0.0731,-0.005199999999999996,-0.07113543091655262,0.037,0.0554,-0.0184,-0.33212996389891697,5.0309,5.4023,-0.3714000000000004,-0.06874849601095837,-0.0847,0.0018,-0.0865,-48.05555555555555,0,1,0,0,0,0,0
2025,SEA,20,leading_early_down,league_multi_season,2023,2025,3,32,96,strong,391,strong,stable_team_sample,1,1,1,1,0.4118,0.4468,-0.034999999999999976,-0.07833482542524614,0.5882,0.5532,0.03499999999999992,0.06326825741142429,0.4118,0.4468,-0.034999999999999976,-0.07833482542524614,0.3069,0.5755,-0.2686,-0.4667245873153779,0.0537,0.0709,-0.017200000000000007,-0.24259520451339925,0.4271,0.4235,0.003599999999999992,0.008500590318772119,0.2737,0.2496,0.02410000000000001,0.09655448717948723,0.0384,0.0375,0.000899999999999998,0.02399999999999995,0.0358,0.0206,0.015199999999999998,0.7378640776699028,0.0256,0.0228,0.0028000000000000004,0.12280701754385966,0.1611,0.1332,0.02789999999999998,0.2094594594594593,0.087,0.0705,0.0165,0.2340425531914894,0.0742,0.0628,0.011400000000000007,0.1815286624203823,5.8312,5.5158,0.31540000000000035,0.05718118858551803,0.0021,0.0115,-0.0094,-0.8173913043478261,0,1,0,0,0,1,1
2025,SEA,21,trailing_early_down,league_multi_season,2023,2025,3,32,96,strong,227,strong,stable_team_sample,1,1,1,1,0.5419,0.5899,-0.04799999999999993,-0.08136972368197988,0.4581,0.4101,0.04799999999999999,0.11704462326261883,0.5419,0.5899,-0.04799999999999993,-0.08136972368197988,0.4626,0.7068,-0.24419999999999997,-0.3455008488964346,0.1542,0.15,0.004200000000000009,0.028000000000000063,0.5419,0.438,0.10390000000000005,0.23721461187214624,0.3348,0.2608,0.07400000000000001,0.28374233128834364,0.0485,0.0356,0.012900000000000002,0.3623595505617978,0.0264,0.0281,-0.0017000000000000001,-0.0604982206405694,0.0088,0.0355,-0.026699999999999995,-0.7521126760563379,0.1718,0.1307,0.0411,0.314460596786534,0.1189,0.0839,0.035,0.4171632896305125,0.0529,0.0468,0.006100000000000001,0.13034188034188038,7.4714,5.4892,1.9821999999999997,0.36110908693434374,0.2105,-0.0058,0.2163,37.293103448275865,0,1,0,1,1,1,1
2025,SF,1,all_offense,league_multi_season,2023,2025,3,32,96,strong,1060,strong,stable_team_sample,1,1,1,1,0.5642,0.5737,-0.009499999999999953,-0.016559177270350275,0.4358,0.4263,0.009500000000000008,0.02228477597935728,0.5642,0.5737,-0.009499999999999953,-0.016559177270350275,0.5415,0.6967,-0.1552,-0.2227644610305727,0.0368,0.1039,-0.0671,-0.645813282001925,0.483,0.4345,0.04849999999999999,0.11162255466052931,0.3387,0.2932,0.045499999999999985,0.15518417462482942,0.0462,0.0402,0.005999999999999998,0.14925373134328354,0.0255,0.0274,-0.0019000000000000024,-0.06934306569343074,0.0255,0.0401,-0.014599999999999998,-0.36408977556109723,0.1264,0.1328,-0.006399999999999989,-0.04819277108433727,0.083,0.0838,-0.0007999999999999952,-0.009546539379474882,0.0434,0.049,-0.005600000000000001,-0.1142857142857143,5.6538,5.4305,0.22330000000000005,0.041119602246570304,0.0891,-0.0054,0.0945,17.5,0,1,0,0,1,1,0
2025,SF,2,early_down,league_multi_season,2023,2025,3,32,96,strong,829,strong,stable_team_sample,1,1,1,1,0.5175,0.5246,-0.007099999999999995,-0.01353412123522683,0.4825,0.4754,0.007099999999999995,0.014934791754312149,0.5175,0.5246,-0.007099999999999995,-0.01353412123522683,0.4644,0.6436,-0.17919999999999997,-0.2784338098197638,0.0422,0.1086,-0.0664,-0.6114180478821363,0.4692,0.4339,0.0353,0.08135515095644157,0.2895,0.2564,0.03309999999999996,0.12909516380655212,0.0362,0.0363,-9.999999999999593e-05,-0.002754820936639006,0.0253,0.0244,0.000899999999999998,0.03688524590163926,0.0229,0.0296,-0.006700000000000001,-0.22635135135135137,0.123,0.1311,-0.008099999999999996,-0.0617848970251716,0.076,0.0774,-0.0013999999999999985,-0.018087855297157604,0.047,0.0538,-0.0068000000000000005,-0.12639405204460968,5.5657,5.4816,0.0840999999999994,0.015342235843549218,0.0316,0.0014,0.030200000000000005,21.571428571428577,0,1,0,0,1,1,0
2025,SF,3,third_down,league_multi_season,2023,2025,3,32,96,strong,209,strong,stable_team_sample,1,1,1,1,0.7464,0.7494,-0.0030000000000000027,-0.004003202562049644,0.2536,0.2506,0.0030000000000000027,0.011971268954509189,0.7464,0.7494,-0.0030000000000000027,-0.004003202562049644,0.8517,0.8953,-0.04359999999999997,-0.048698760192114346,0.0144,0.0875,-0.0731,-0.8354285714285714,0.5263,0.4242,0.10209999999999997,0.2406883545497406,0.5072,0.3997,0.10749999999999998,0.26895171378533894,0.0909,0.0487,0.042199999999999994,0.8665297741273099,0.0191,0.0359,-0.016800000000000002,-0.46796657381615603,0.0383,0.0778,-0.03949999999999999,-0.5077120822622108,0.1483,0.1404,0.00789999999999999,0.0562678062678062,0.1148,0.107,0.007800000000000001,0.07289719626168226,0.0335,0.0333,0.0001999999999999988,0.006006006006005969,6.1292,5.3482,0.7809999999999997,0.14603044014808714,0.2845,-0.0507,0.3352,6.611439842209073,0,1,0,0,1,1,1
2025,SF,4,fourth_down,league_multi_season,2023,2025,3,32,96,good,22,thin,small_team_sample,0,1,0,0,0.5909,0.6225,-0.03160000000000007,-0.05076305220883545,0.4091,0.3775,0.03160000000000002,0.08370860927152322,0.5909,0.6225,-0.03160000000000007,-0.05076305220883545,0.5,0.675,-0.17500000000000004,-0.2592592592592593,0.0455,0.0943,-0.048799999999999996,-0.5174973488865323,0.5909,0.5443,0.046599999999999975,0.08561455079919157,0.5909,0.5475,0.043399999999999994,0.07926940639269406,0.0,0.0926,-0.0926,-1.0,0.0909,0.0492,0.041699999999999994,0.847560975609756,0.0,0.0504,-0.0504,-1.0,0.0455,0.1209,-0.0754,-0.6236559139784946,0.0455,0.0893,-0.043800000000000006,-0.490481522956327,0.0,0.0316,-0.0316,-1.0,4.4545,4.5242,-0.0697000000000001,-0.015406038636665065,0.3971,0.1649,0.23220000000000002,1.4081261370527594,0,1,0,0,1,1,0
2025,SF,5,short_yardage,league_multi_season,2023,2025,3,32,96,strong,108,strong,stable_team_sample,1,1,1,1,0.3333,0.3476,-0.014300000000000035,-0.041139240506329215,0.6667,0.6524,0.01429999999999998,0.02191906805640708,0.3333,0.3476,-0.014300000000000035,-0.041139240506329215,0.3704,0.5322,-0.1618,-0.30402104472003005,0.0556,0.1642,-0.10860000000000002,-0.6613885505481121,0.6389,0.5961,0.04280000000000006,0.07180003355141765,0.7037,0.6404,0.06330000000000002,0.098844472204872,0.1296,0.1155,0.014099999999999988,0.12207792207792197,0.0,0.0214,-0.0214,-1.0,0.0,0.0229,-0.0229,-1.0,0.1019,0.0906,0.011300000000000004,0.12472406181015458,0.0556,0.0453,0.010299999999999997,0.22737306843267102,0.0463,0.0453,0.0010000000000000009,0.022075055187637988,4.1019,3.8797,0.2221999999999995,0.057272469520839114,0.2202,0.0647,0.15550000000000003,2.4034003091190113,0,1,0,0,1,1,1
2025,SF,6,red_zone,league_multi_season,2023,2025,3,32,96,strong,196,strong,stable_team_sample,1,1,1,1,0.4949,0.5029,-0.008000000000000007,-0.015907735136209997,0.5051,0.4971,0.008000000000000007,0.01609334138000404,0.4949,0.5029,-0.008000000000000007,-0.015907735136209997,0.5153,0.6589,-0.14360000000000006,-0.21793898922446509,0.0153,0.0945,-0.0792,-0.8380952380952381,0.4643,0.4224,0.04189999999999999,0.09919507575757575,0.3571,0.313,0.04409999999999997,0.14089456869009576,0.2194,0.1961,0.023300000000000015,0.11881693013768493,0.0051,0.0258,-0.0207,-0.8023255813953488,0.0153,0.0328,-0.0175,-0.5335365853658537,0.0204,0.0512,-0.0308,-0.6015625,0.0051,0.0238,-0.0187,-0.7857142857142857,0.0153,0.0274,-0.012100000000000001,-0.4416058394160584,2.9898,3.0,-0.010200000000000209,-0.0034000000000000696,0.1946,-0.0022,0.1968,89.45454545454545,0,1,0,0,1,1,0
2025,SF,7,goal_to_go,league_multi_season,2023,2025,3,32,96,strong,83,good,usable_team_sample,1,1,0,1,0.4699,0.4757,-0.005800000000000027,-0.012192558335085195,0.5301,0.5243,0.005800000000000027,0.01106236887278281,0.4699,0.4757,-0.005800000000000027,-0.012192558335085195,0.4578,0.611,-0.1532,-0.2507364975450082,0.012,0.0861,-0.0741,-0.8606271777003485,0.506,0.438,0.068,0.15525114155251143,0.3735,0.3303,0.043200000000000016,0.13079019073569487,0.3735,0.3289,0.04459999999999997,0.13560352690787464,0.012,0.0243,-0.012299999999999998,-0.5061728395061728,0.0,0.0306,-0.0306,-1.0,0.012,0.0074,0.0046,0.6216216216216216,0.0,0.0033,-0.0033,-1.0,0.012,0.0041,0.0079,1.9268292682926829,2.1566,1.8044,0.35220000000000007,0.1951895366880958,0.1892,0.0097,0.1795,18.505154639175256,0,1,0,0,1,1,1
2025,SF,8,two_minute_half,league_multi_season,2023,2025,3,32,96,strong,126,strong,stable_team_sample,1,1,1,1,0.7698,0.7349,0.03490000000000004,0.04748945434753033,0.2302,0.2651,-0.034900000000000014,-0.13164843455299893,0.7698,0.7349,0.03490000000000004,0.04748945434753033,0.8175,0.8778,-0.06030000000000002,-0.06869446343130556,0.1032,0.1634,-0.06019999999999999,-0.3684210526315789,0.4683,0.4231,0.04520000000000002,0.10683053651619008,0.3571,0.3007,0.05639999999999995,0.18756235450615213,0.0317,0.0467,-0.015,-0.32119914346895073,0.0079,0.0356,-0.0277,-0.7780898876404494,0.0317,0.0516,-0.0199,-0.3856589147286822,0.127,0.1271,-9.999999999998899e-05,-0.0007867820613689142,0.0952,0.094,0.0012000000000000066,0.012765957446808581,0.0317,0.0331,-0.0013999999999999985,-0.04229607250755283,5.8492,5.26,0.5892,0.11201520912547527,0.0961,0.0083,0.0878,10.578313253012048,1,0,0,0,1,1,0
2025,SF,9,two_minute_game,league_multi_season,2023,2025,3,32,96,strong,35,thin,small_team_sample,0,1,0,0,0.6,0.6818,-0.08179999999999998,-0.11997653270753886,0.4,0.3182,0.08180000000000004,0.2570710245128851,0.6,0.6818,-0.08179999999999998,-0.11997653270753886,0.6571,0.8173,-0.1602,-0.19601125657653248,0.1714,0.1726,-0.0012000000000000066,-0.006952491309385901,0.4286,0.3942,0.034399999999999986,0.08726534753932011,0.3143,0.2947,0.019600000000000006,0.06650831353919241,0.0286,0.045,-0.016399999999999998,-0.3644444444444444,0.0,0.0394,-0.0394,-1.0,0.0571,0.0504,0.006699999999999998,0.13293650793650788,0.0857,0.1268,-0.0411,-0.32413249211356465,0.0571,0.0914,-0.0343,-0.37527352297593,0.0286,0.0354,-0.0068000000000000005,-0.192090395480226,4.6,5.037,-0.4370000000000003,-0.08675799086757996,-0.0519,-0.06,0.008099999999999996,0.13499999999999995,0,1,0,0,1,1,0
2025,SF,10,one_score,league_multi_season,2023,2025,3,32,96,strong,736,strong,stable_team_sample,1,1,1,1,0.5693,0.565,0.0043000000000000815,0.007610619469026694,0.4307,0.435,-0.0042999999999999705,-0.0098850574712643,0.5693,0.565,0.0043000000000000815,0.007610619469026694,0.5543,0.6859,-0.13159999999999994,-0.19186470330952027,0.0353,0.0863,-0.051000000000000004,-0.5909617612977984,0.4905,0.4369,0.05359999999999998,0.12268253604943918,0.3397,0.2938,0.045899999999999996,0.1562287270251872,0.0476,0.0397,0.007900000000000004,0.19899244332493715,0.0245,0.0265,-0.0019999999999999983,-0.07547169811320749,0.0231,0.0381,-0.015000000000000003,-0.3937007874015749,0.1264,0.1332,-0.0068000000000000005,-0.05105105105105105,0.0815,0.084,-0.0025000000000000022,-0.029761904761904788,0.0448,0.0492,-0.004400000000000001,-0.08943089430894312,5.7717,5.4822,0.2895000000000003,0.052807267155521566,0.1116,0.0035,0.1081,30.885714285714286,1,0,0,0,1,1,0
2025,SF,11,neutral_early_down,league_multi_season,2023,2025,3,32,96,strong,469,strong,stable_team_sample,1,1,1,1,0.5565,0.5215,0.03500000000000003,0.06711409395973161,0.4435,0.4785,-0.034999999999999976,-0.07314524555903862,0.5565,0.5215,0.03500000000000003,0.06711409395973161,0.4861,0.6282,-0.1421,-0.2262018465456861,0.0384,0.0855,-0.04710000000000001,-0.5508771929824562,0.4776,0.4391,0.038500000000000034,0.0876793441129584,0.2814,0.2537,0.027700000000000002,0.10918407567993695,0.0085,0.0109,-0.0023999999999999994,-0.22018348623853204,0.0299,0.0226,0.007300000000000001,0.3230088495575222,0.0256,0.0278,-0.002199999999999997,-0.07913669064748191,0.1386,0.1443,-0.005700000000000011,-0.03950103950103957,0.0853,0.0864,-0.0011000000000000038,-0.012731481481481524,0.0533,0.058,-0.004700000000000003,-0.08103448275862073,6.258,5.9339,0.3240999999999996,0.05461837914356487,0.0419,0.013,0.028900000000000002,2.223076923076923,1,0,0,0,1,1,0
2025,SF,12,tied,league_multi_season,2023,2025,3,32,96,strong,255,strong,stable_team_sample,1,1,1,1,0.549,0.5522,-0.0031999999999999806,-0.00579500181093803,0.451,0.4478,0.003200000000000036,0.007146047342563726,0.549,0.5522,-0.0031999999999999806,-0.00579500181093803,0.5412,0.6675,-0.12629999999999997,-0.18921348314606737,0.0314,0.0716,-0.0402,-0.5614525139664804,0.5216,0.4433,0.07829999999999993,0.17662982179111195,0.3569,0.296,0.06090000000000001,0.20574324324324328,0.0627,0.0396,0.023100000000000002,0.5833333333333334,0.0157,0.0252,-0.009500000000000001,-0.37698412698412703,0.0235,0.0369,-0.013400000000000002,-0.3631436314363144,0.1333,0.1307,0.002599999999999991,0.019892884468247825,0.0745,0.0805,-0.006000000000000005,-0.07453416149068329,0.0588,0.0502,0.008599999999999997,0.1713147410358565,5.6784,5.406,0.2724000000000002,0.05038845726970037,0.1368,-0.0028,0.1396,49.85714285714286,0,1,0,0,1,1,1
2025,SF,13,leading,league_multi_season,2023,2025,3,32,96,strong,442,strong,stable_team_sample,1,1,1,1,0.4977,0.504,-0.006300000000000028,-0.012500000000000054,0.5023,0.496,0.006299999999999972,0.01270161290322575,0.4977,0.504,-0.006300000000000028,-0.012500000000000054,0.4796,0.6358,-0.1562,-0.24567474048442905,0.0249,0.0687,-0.0438,-0.6375545851528385,0.457,0.4269,0.030100000000000016,0.07050831576481616,0.3326,0.2876,0.044999999999999984,0.15646731571627254,0.0407,0.0419,-0.0011999999999999997,-0.028639618138424812,0.0249,0.0228,0.0020999999999999977,0.09210526315789463,0.0204,0.0318,-0.0114,-0.3584905660377358,0.1041,0.1357,-0.03159999999999999,-0.23286661753868823,0.0656,0.0788,-0.01319999999999999,-0.1675126903553298,0.0385,0.0569,-0.0184,-0.3233743409490334,5.2647,5.5181,-0.2533999999999992,-0.045921603450462874,0.0767,0.0162,0.060500000000000005,3.7345679012345685,0,1,0,0,1,1,0
2025,SF,14,trailing,league_multi_season,2023,2025,3,32,96,strong,363,strong,stable_team_sample,1,1,1,1,0.6556,0.6309,0.024699999999999944,0.03915042003487073,0.3444,0.3691,-0.0247,-0.06691953400162558,0.6556,0.6309,0.024699999999999944,0.03915042003487073,0.6171,0.7508,-0.13370000000000004,-0.17807671816728826,0.0551,0.1414,-0.08629999999999999,-0.6103253182461102,0.4876,0.4364,0.05119999999999997,0.1173235563703024,0.3333,0.2961,0.03720000000000001,0.1256332320162108,0.0413,0.0393,0.0020000000000000018,0.050890585241730325,0.0331,0.0315,0.0015999999999999973,0.0507936507936507,0.0331,0.0472,-0.014100000000000001,-0.29872881355932207,0.1488,0.1316,0.017199999999999993,0.13069908814589662,0.1102,0.0886,0.021600000000000008,0.2437923250564335,0.0386,0.043,-0.004399999999999994,-0.10232558139534871,6.1102,5.3789,0.7313000000000001,0.13595716596330107,0.0707,-0.0215,0.0922,4.2883720930232565,1,0,0,0,1,1,1
2025,SF,15,leading_one_score,league_multi_season,2023,2025,3,32,96,strong,272,strong,stable_team_sample,1,1,1,1,0.5515,0.5341,0.01739999999999997,0.03257816888223174,0.4485,0.4659,-0.01739999999999997,-0.03734707018673529,0.5515,0.5341,0.01739999999999997,0.03257816888223174,0.5588,0.6624,-0.10360000000000003,-0.1564009661835749,0.0368,0.075,-0.0382,-0.5093333333333333,0.4596,0.4278,0.031799999999999995,0.07433380084151471,0.3419,0.2878,0.05409999999999998,0.18797776233495478,0.0441,0.0405,0.003599999999999999,0.08888888888888886,0.0257,0.0244,0.001299999999999999,0.053278688524590126,0.011,0.0343,-0.023299999999999998,-0.6793002915451894,0.1103,0.1347,-0.02439999999999999,-0.18114328136599847,0.0772,0.0826,-0.005400000000000002,-0.06537530266343827,0.0331,0.052,-0.0189,-0.3634615384615385,5.6544,5.5713,0.08309999999999995,0.014915728824511327,0.1319,0.0136,0.11829999999999999,8.698529411764705,1,0,0,0,1,1,0
2025,SF,16,leading_two_plus_scores,league_multi_season,2023,2025,3,32,94,strong,170,strong,stable_team_sample,1,1,1,1,0.4118,0.4563,-0.044499999999999984,-0.09752355906202057,0.5882,0.5437,0.044499999999999984,0.0818466065845135,0.4118,0.4563,-0.044499999999999984,-0.09752355906202057,0.3529,0.5937,-0.24080000000000001,-0.40559204985683006,0.0059,0.0586,-0.0527,-0.8993174061433447,0.4529,0.4256,0.027300000000000046,0.06414473684210538,0.3176,0.2873,0.030299999999999994,0.10546467107553079,0.0353,0.0442,-0.008900000000000005,-0.2013574660633485,0.0235,0.0203,0.0032000000000000015,0.15763546798029565,0.0353,0.0278,0.0075,0.2697841726618705,0.0941,0.1375,-0.04340000000000001,-0.31563636363636366,0.0471,0.0728,-0.0257,-0.353021978021978,0.0471,0.0646,-0.0175,-0.2708978328173375,4.6412,5.4339,-0.7927,-0.14588049099173703,-0.0117,0.0204,-0.032100000000000004,-1.5735294117647058,0,1,0,0,0,1,0
2025,SF,17,trailing_one_score,league_multi_season,2023,2025,3,32,96,strong,209,strong,stable_team_sample,1,1,1,1,0.6172,0.5968,0.020399999999999974,0.03418230563002676,0.3828,0.4032,-0.02040000000000003,-0.050595238095238165,0.6172,0.5968,0.020399999999999974,0.03418230563002676,0.5646,0.7163,-0.15170000000000006,-0.21178277258132075,0.0383,0.1048,-0.0665,-0.6345419847328244,0.4928,0.4393,0.05349999999999999,0.1217846574095151,0.3158,0.2967,0.019100000000000006,0.06437478934951131,0.0335,0.0391,-0.005600000000000001,-0.14322250639386191,0.0335,0.029,0.0045000000000000005,0.15517241379310345,0.0383,0.0417,-0.0034000000000000002,-0.0815347721822542,0.1388,0.1338,0.0050000000000000044,0.037369207772795246,0.0957,0.0875,0.008199999999999999,0.09371428571428571,0.0431,0.0463,-0.0032000000000000015,-0.06911447084233265,6.0383,5.4685,0.5697999999999999,0.10419676328060709,0.0545,0.0002,0.0543,271.5,1,0,0,0,1,1,1
2025,SF,18,trailing_two_plus_scores,league_multi_season,2023,2025,3,32,96,strong,154,strong,stable_team_sample,1,1,1,1,0.7078,0.677,0.03079999999999994,0.04549483013293935,0.2922,0.323,-0.030799999999999994,-0.09535603715170277,0.7078,0.677,0.03079999999999994,0.04549483013293935,0.6883,0.7976,-0.10929999999999995,-0.13703610832497487,0.0779,0.1909,-0.11299999999999999,-0.5919329491880566,0.4805,0.4324,0.048099999999999976,0.11123959296947265,0.3571,0.2953,0.061799999999999966,0.20927869962749734,0.0519,0.0395,0.012400000000000001,0.3139240506329114,0.0325,0.0349,-0.0023999999999999994,-0.06876790830945557,0.026,0.0546,-0.028600000000000004,-0.5238095238095238,0.1623,0.1286,0.03370000000000001,0.26205287713841374,0.1299,0.0901,0.03979999999999999,0.44173140954494994,0.0325,0.0385,-0.005999999999999998,-0.1558441558441558,6.2078,5.2578,0.9500000000000002,0.1806839362470996,0.0925,-0.0509,0.1434,2.817288801571709,1,0,0,0,1,1,1
2025,SF,19,tied_early_down,league_multi_season,2023,2025,3,32,96,strong,201,strong,stable_team_sample,1,1,1,1,0.5025,0.4983,0.004199999999999926,0.008428657435279803,0.4975,0.5017,-0.004200000000000037,-0.008371536774965192,0.5025,0.4983,0.004199999999999926,0.008428657435279803,0.4577,0.6059,-0.1482,-0.24459481762667107,0.0398,0.0718,-0.032,-0.4456824512534819,0.5075,0.4418,0.06569999999999993,0.1487098234495245,0.2985,0.2572,0.0413,0.1605754276827372,0.0547,0.0358,0.0189,0.5279329608938548,0.01,0.0219,-0.011899999999999999,-0.54337899543379,0.0249,0.0267,-0.001800000000000003,-0.06741573033707876,0.1294,0.1285,0.0008999999999999841,0.007003891050583534,0.0597,0.0731,-0.013399999999999995,-0.18331053351573182,0.0697,0.0554,0.0143,0.2581227436823105,5.5323,5.4023,0.1299999999999999,0.024063824667271326,0.0756,0.0018,0.0738,41.00000000000001,1,0,0,0,1,1,1
2025,SF,20,leading_early_down,league_multi_season,2023,2025,3,32,96,strong,343,strong,stable_team_sample,1,1,1,1,0.4402,0.4468,-0.006599999999999995,-0.01477170993733213,0.5598,0.5532,0.006599999999999939,0.01193058568329707,0.4402,0.4468,-0.006599999999999995,-0.01477170993733213,0.3878,0.5755,-0.18770000000000003,-0.32615117289313644,0.0292,0.0709,-0.0417,-0.5881523272214386,0.4286,0.4235,0.005099999999999993,0.012042502951593845,0.2741,0.2496,0.024500000000000022,0.09815705128205138,0.0262,0.0375,-0.011299999999999998,-0.3013333333333333,0.0262,0.0206,0.005600000000000001,0.2718446601941748,0.0175,0.0228,-0.005299999999999999,-0.23245614035087714,0.0991,0.1332,-0.03410000000000002,-0.25600600600600615,0.0583,0.0705,-0.012199999999999996,-0.17304964539007087,0.0408,0.0628,-0.021999999999999992,-0.35031847133757954,5.0496,5.5158,-0.4661999999999997,-0.08452083106711623,-0.0224,0.0115,-0.0339,-2.9478260869565216,0,1,0,0,0,1,0
2025,SF,21,trailing_early_down,league_multi_season,2023,2025,3,32,96,strong,285,strong,stable_team_sample,1,1,1,1,0.6211,0.5899,0.031200000000000006,0.05289032039328701,0.3789,0.4101,-0.031200000000000006,-0.07607900512070227,0.6211,0.5899,0.031200000000000006,0.05289032039328701,0.5614,0.7068,-0.14539999999999997,-0.20571590265987547,0.0596,0.15,-0.0904,-0.6026666666666667,0.4912,0.438,0.053200000000000025,0.12146118721461192,0.3018,0.2608,0.041000000000000036,0.15720858895705536,0.0351,0.0356,-0.0005000000000000004,-0.01404494382022473,0.0351,0.0281,0.006999999999999999,0.24911032028469748,0.0281,0.0355,-0.007399999999999997,-0.20845070422535203,0.1474,0.1307,0.016699999999999993,0.12777352716143833,0.1088,0.0839,0.02489999999999999,0.2967818831942788,0.0386,0.0468,-0.008199999999999999,-0.17521367521367517,6.2105,5.4892,0.7212999999999994,0.13140348320338108,0.0655,-0.0058,0.0713,12.293103448275863,1,0,0,0,1,1,1
2025,TB,1,all_offense,league_multi_season,2023,2025,3,32,96,strong,1057,strong,stable_team_sample,1,1,1,1,0.5629,0.5737,-0.010800000000000032,-0.01882516994945099,0.4371,0.4263,0.010799999999999976,0.025334271639690303,0.5629,0.5737,-0.010800000000000032,-0.01882516994945099,0.6556,0.6967,-0.041100000000000025,-0.05899239270848289,0.0624,0.1039,-0.04150000000000001,-0.399422521655438,0.4248,0.4345,-0.009699999999999986,-0.02232451093210584,0.28,0.2932,-0.01319999999999999,-0.045020463847203235,0.0378,0.0402,-0.0023999999999999994,-0.05970149253731342,0.0246,0.0274,-0.0028000000000000004,-0.10218978102189782,0.036,0.0401,-0.0040999999999999995,-0.10224438902743142,0.122,0.1328,-0.010800000000000004,-0.0813253012048193,0.0766,0.0838,-0.007199999999999998,-0.08591885441527444,0.0454,0.049,-0.003599999999999999,-0.07346938775510202,5.1637,5.4305,-0.2667999999999999,-0.049129914372525535,-0.0056,-0.0054,-0.00019999999999999966,-0.03703703703703697,0,1,0,0,0,0,0
2025,TB,2,early_down,league_multi_season,2023,2025,3,32,96,strong,801,strong,stable_team_sample,1,1,1,1,0.5256,0.5246,0.0010000000000000009,0.0019062142584826552,0.4744,0.4754,-0.0010000000000000009,-0.0021034917963819962,0.5256,0.5246,0.0010000000000000009,0.0019062142584826552,0.588,0.6436,-0.05559999999999998,-0.08638906152889991,0.0649,0.1086,-0.0437,-0.40239410681399634,0.4145,0.4339,-0.01940000000000003,-0.044710762848582684,0.2347,0.2564,-0.021700000000000025,-0.08463338533541351,0.0387,0.0363,0.0023999999999999994,0.06611570247933883,0.0225,0.0244,-0.0019000000000000024,-0.07786885245901648,0.0225,0.0296,-0.007100000000000002,-0.2398648648648649,0.1186,0.1311,-0.012499999999999997,-0.09534706331045002,0.0774,0.0774,0.0,0.0,0.0412,0.0538,-0.0126,-0.2342007434944238,5.3571,5.4816,-0.12450000000000028,-0.022712346760070102,0.006,0.0014,0.0046,3.2857142857142856,1,0,0,0,1,0,0
2025,TB,3,third_down,league_multi_season,2023,2025,3,32,96,strong,227,strong,stable_team_sample,1,1,1,1,0.6872,0.7494,-0.06219999999999992,-0.0829997331198291,0.3128,0.2506,0.06220000000000003,0.24820430965682377,0.6872,0.7494,-0.06219999999999992,-0.0829997331198291,0.8855,0.8953,-0.009800000000000031,-0.010946051602814734,0.0529,0.0875,-0.03459999999999999,-0.39542857142857135,0.4537,0.4242,0.02949999999999997,0.06954266855256946,0.4185,0.3997,0.018799999999999983,0.04703527645734296,0.0308,0.0487,-0.0179,-0.3675564681724846,0.0308,0.0359,-0.0051,-0.14206128133704735,0.0793,0.0778,0.0015000000000000013,0.01928020565552701,0.1454,0.1404,0.0050000000000000044,0.03561253561253565,0.0837,0.107,-0.0233,-0.21775700934579442,0.0617,0.0333,0.028399999999999995,0.8528528528528526,4.8458,5.3482,-0.5024000000000006,-0.09393814741408335,0.0072,-0.0507,0.0579,1.1420118343195267,0,1,0,0,1,1,1
2025,TB,4,fourth_down,league_multi_season,2023,2025,3,32,96,good,29,thin,small_team_sample,0,1,0,0,0.6207,0.6225,-0.0018000000000000238,-0.0028915662650602788,0.3793,0.3775,0.0018000000000000238,0.004768211920529865,0.6207,0.6225,-0.0018000000000000238,-0.0028915662650602788,0.7241,0.675,0.04909999999999992,0.07274074074074062,0.069,0.0943,-0.02529999999999999,-0.2682926829268292,0.4828,0.5443,-0.0615,-0.11298916038949108,0.4483,0.5475,-0.09920000000000001,-0.18118721461187218,0.069,0.0926,-0.023599999999999996,-0.25485961123110146,0.0345,0.0492,-0.014699999999999998,-0.298780487804878,0.069,0.0504,0.018600000000000005,0.3690476190476192,0.0345,0.1209,-0.08639999999999999,-0.7146401985111662,0.0,0.0893,-0.0893,-1.0,0.0345,0.0316,0.0029,0.09177215189873417,2.3103,4.5242,-2.2139000000000006,-0.48934618275054165,-0.425,0.1649,-0.5899,-3.577319587628866,0,1,1,0,0,0,0
2025,TB,5,short_yardage,league_multi_season,2023,2025,3,32,96,strong,103,strong,stable_team_sample,1,1,1,1,0.3204,0.3476,-0.027200000000000002,-0.07825086306098965,0.6796,0.6524,0.027200000000000002,0.04169221336603311,0.3204,0.3476,-0.027200000000000002,-0.07825086306098965,0.4466,0.5322,-0.08560000000000001,-0.16084178880120256,0.1553,0.1642,-0.008900000000000019,-0.054202192448233974,0.6602,0.5961,0.06410000000000005,0.10753229323938945,0.6893,0.6404,0.048900000000000055,0.07635852592129928,0.1359,0.1155,0.020399999999999988,0.17662337662337652,0.0097,0.0214,-0.011699999999999999,-0.5467289719626168,0.0,0.0229,-0.0229,-1.0,0.1165,0.0906,0.025900000000000006,0.28587196467991177,0.0583,0.0453,0.012999999999999998,0.28697571743929357,0.0583,0.0453,0.012999999999999998,0.28697571743929357,4.3398,3.8797,0.4601000000000002,0.11859164368379002,0.2993,0.0647,0.23460000000000003,3.625965996908811,0,1,0,0,1,1,1
2025,TB,6,red_zone,league_multi_season,2023,2025,3,32,96,strong,141,strong,stable_team_sample,1,1,1,1,0.5461,0.5029,0.043200000000000016,0.08590176973553393,0.4539,0.4971,-0.04319999999999996,-0.08690404345202164,0.5461,0.5029,0.043200000000000016,0.08590176973553393,0.6454,0.6589,-0.013500000000000068,-0.020488693276673343,0.0496,0.0945,-0.0449,-0.47513227513227513,0.3972,0.4224,-0.0252,-0.05965909090909091,0.3333,0.313,0.020299999999999985,0.06485623003194883,0.1986,0.1961,0.0025000000000000022,0.012748597654258044,0.0213,0.0258,-0.0045000000000000005,-0.17441860465116282,0.0355,0.0328,0.002699999999999994,0.08231707317073152,0.078,0.0512,0.026799999999999997,0.5234374999999999,0.0355,0.0238,0.011699999999999995,0.49159663865546194,0.0426,0.0274,0.015199999999999998,0.5547445255474451,3.078,3.0,0.07799999999999985,0.02599999999999995,0.0227,-0.0022,0.024900000000000002,11.318181818181818,1,0,0,0,1,0,1
2025,TB,7,goal_to_go,league_multi_season,2023,2025,3,32,96,strong,53,good,usable_team_sample,1,1,0,1,0.4717,0.4757,-0.0040000000000000036,-0.008408660920748379,0.5283,0.5243,0.0040000000000000036,0.007629219912263978,0.4717,0.4757,-0.0040000000000000036,-0.008408660920748379,0.3585,0.611,-0.2525,-0.4132569558101473,0.0943,0.0861,0.008199999999999999,0.09523809523809523,0.3774,0.438,-0.06059999999999999,-0.1383561643835616,0.3396,0.3303,0.00930000000000003,0.028156221616712173,0.3208,0.3289,-0.008100000000000052,-0.024627546366676956,0.0189,0.0243,-0.0053999999999999986,-0.22222222222222218,0.0377,0.0306,0.007099999999999999,0.23202614379084963,0.0,0.0074,-0.0074,-1.0,0.0,0.0033,-0.0033,-1.0,0.0,0.0041,-0.0041,-1.0,1.3396,1.8044,-0.4648000000000001,-0.2575925515406784,0.0134,0.0097,0.0037,0.3814432989690722,0,1,0,1,1,0,0
2025,TB,8,two_minute_half,league_multi_season,2023,2025,3,32,96,strong,128,strong,stable_team_sample,1,1,1,1,0.7734,0.7349,0.03849999999999998,0.0523880800108858,0.2266,0.2651,-0.038500000000000006,-0.14522821576763487,0.7734,0.7349,0.03849999999999998,0.0523880800108858,0.8984,0.8778,0.02059999999999995,0.023467760309865516,0.1094,0.1634,-0.05399999999999999,-0.33047735618115054,0.4297,0.4231,0.00660000000000005,0.015599149137319902,0.2656,0.3007,-0.03510000000000002,-0.11672763551712677,0.0547,0.0467,0.008,0.17130620985010708,0.0469,0.0356,0.011299999999999998,0.3174157303370786,0.0547,0.0516,0.0030999999999999986,0.060077519379844936,0.1172,0.1271,-0.009899999999999992,-0.07789142407553103,0.0938,0.094,-0.00020000000000000573,-0.002127659574468146,0.0234,0.0331,-0.009699999999999997,-0.29305135951661626,5.7188,5.26,0.4588000000000001,0.08722433460076048,0.0286,0.0083,0.0203,2.4457831325301203,1,0,1,0,1,1,0
2025,TB,9,two_minute_game,league_multi_season,2023,2025,3,32,96,strong,56,good,usable_team_sample,1,1,0,1,0.75,0.6818,0.06820000000000004,0.10002933411557648,0.25,0.3182,-0.06819999999999998,-0.21433060967944684,0.75,0.6818,0.06820000000000004,0.10002933411557648,0.8571,0.8173,0.03979999999999995,0.04869692891227205,0.1429,0.1726,-0.029700000000000004,-0.17207415990730013,0.5,0.3942,0.1058,0.2683916793505835,0.3393,0.2947,0.04459999999999997,0.1513403461146928,0.0893,0.045,0.044300000000000006,0.9844444444444446,0.0357,0.0394,-0.003699999999999995,-0.09390862944162424,0.0357,0.0504,-0.014699999999999998,-0.29166666666666663,0.1607,0.1268,0.03390000000000001,0.26735015772870674,0.1071,0.0914,0.015700000000000006,0.17177242888402633,0.0536,0.0354,0.0182,0.5141242937853108,6.9821,5.037,1.9451,0.38616239825292836,0.1212,-0.06,0.1812,3.02,1,0,1,0,1,1,1
2025,TB,10,one_score,league_multi_season,2023,2025,3,32,96,strong,791,strong,stable_team_sample,1,1,1,1,0.5247,0.565,-0.04029999999999989,-0.07132743362831839,0.4753,0.435,0.0403,0.09264367816091955,0.5247,0.565,-0.04029999999999989,-0.07132743362831839,0.6321,0.6859,-0.05379999999999996,-0.07843708995480385,0.0569,0.0863,-0.029400000000000003,-0.3406720741599073,0.4425,0.4369,0.005599999999999994,0.01281757839322498,0.2882,0.2938,-0.005599999999999994,-0.019060585432266828,0.0417,0.0397,0.0020000000000000018,0.05037783375314866,0.0177,0.0265,-0.008799999999999999,-0.3320754716981132,0.0341,0.0381,-0.0040000000000000036,-0.10498687664042003,0.1315,0.1332,-0.001700000000000007,-0.012762762762762815,0.0822,0.084,-0.00180000000000001,-0.021428571428571547,0.0493,0.0492,9.999999999999593e-05,0.002032520325203169,5.2389,5.4822,-0.24329999999999963,-0.04437999343329314,0.0463,0.0035,0.0428,12.228571428571428,0,1,0,0,1,1,0
2025,TB,11,neutral_early_down,league_multi_season,2023,2025,3,32,96,strong,502,strong,stable_team_sample,1,1,1,1,0.49,0.5215,-0.03149999999999997,-0.060402684563758344,0.51,0.4785,0.03150000000000003,0.06583072100313486,0.49,0.5215,-0.03149999999999997,-0.060402684563758344,0.5558,0.6282,-0.07240000000000002,-0.11524992040751357,0.0438,0.0855,-0.04170000000000001,-0.4877192982456141,0.4323,0.4391,-0.006799999999999973,-0.015486221817353617,0.2231,0.2537,-0.03059999999999999,-0.12061489948758372,0.012,0.0109,0.0011000000000000003,0.10091743119266057,0.0159,0.0226,-0.006699999999999998,-0.29646017699115035,0.0239,0.0278,-0.0038999999999999972,-0.14028776978417257,0.1215,0.1443,-0.022800000000000015,-0.1580041580041581,0.0817,0.0864,-0.00470000000000001,-0.05439814814814826,0.0398,0.058,-0.0182,-0.3137931034482759,5.5777,5.9339,-0.3562000000000003,-0.060027974856333995,0.0264,0.013,0.0134,1.0307692307692309,0,1,0,0,1,0,0
2025,TB,12,tied,league_multi_season,2023,2025,3,32,96,strong,215,strong,stable_team_sample,1,1,1,1,0.5256,0.5522,-0.026600000000000068,-0.0481709525534228,0.4744,0.4478,0.026600000000000013,0.05940151853506032,0.5256,0.5522,-0.026600000000000068,-0.0481709525534228,0.5814,0.6675,-0.08609999999999995,-0.12898876404494375,0.0465,0.0716,-0.025099999999999997,-0.3505586592178771,0.4419,0.4433,-0.0014000000000000123,-0.0031581321903902827,0.3116,0.296,0.015600000000000003,0.05270270270270271,0.0326,0.0396,-0.007000000000000006,-0.1767676767676769,0.0093,0.0252,-0.0159,-0.6309523809523809,0.0326,0.0369,-0.004300000000000005,-0.11653116531165325,0.1349,0.1307,0.0041999999999999815,0.03213465952563107,0.0884,0.0805,0.007900000000000004,0.09813664596273297,0.0465,0.0502,-0.003700000000000002,-0.07370517928286856,5.3349,5.406,-0.0710999999999995,-0.013152053274139753,0.0506,-0.0028,0.053399999999999996,19.07142857142857,0,1,0,0,1,0,1
2025,TB,13,leading,league_multi_season,2023,2025,3,32,96,strong,343,strong,stable_team_sample,1,1,1,1,0.4752,0.504,-0.028799999999999992,-0.05714285714285713,0.5248,0.496,0.028800000000000048,0.05806451612903236,0.4752,0.504,-0.028799999999999992,-0.05714285714285713,0.5948,0.6358,-0.041000000000000036,-0.06448568732305762,0.035,0.0687,-0.033699999999999994,-0.4905385735080057,0.3761,0.4269,-0.05080000000000001,-0.1189974232841415,0.2332,0.2876,-0.05440000000000003,-0.18915159944367185,0.0204,0.0419,-0.0215,-0.513126491646778,0.0262,0.0228,0.0034000000000000002,0.14912280701754385,0.0408,0.0318,0.009000000000000001,0.2830188679245283,0.1137,0.1357,-0.021999999999999992,-0.16212232866617535,0.0583,0.0788,-0.020499999999999997,-0.26015228426395937,0.0554,0.0569,-0.0015000000000000013,-0.0263620386643234,4.379,5.5181,-1.1391,-0.20642974937025427,-0.1047,0.0162,-0.12090000000000001,-7.462962962962964,0,1,0,0,0,0,0
2025,TB,14,trailing,league_multi_season,2023,2025,3,32,96,strong,499,strong,stable_team_sample,1,1,1,1,0.6393,0.6309,0.008399999999999963,0.01331431288635277,0.3607,0.3691,-0.008399999999999963,-0.022758060146301717,0.6393,0.6309,0.008399999999999963,0.01331431288635277,0.7295,0.7508,-0.021299999999999986,-0.02836973894512518,0.0882,0.1414,-0.0532,-0.37623762376237624,0.4509,0.4364,0.014500000000000013,0.03322639780018335,0.2986,0.2961,0.0025000000000000022,0.008443093549476536,0.0521,0.0393,0.012799999999999999,0.32569974554707376,0.0301,0.0315,-0.001400000000000002,-0.04444444444444451,0.0341,0.0472,-0.0131,-0.27754237288135597,0.1222,0.1316,-0.009399999999999992,-0.07142857142857137,0.0842,0.0886,-0.004400000000000001,-0.04966139954853274,0.0381,0.043,-0.004899999999999995,-0.1139534883720929,5.6293,5.3789,0.25039999999999996,0.04655226905129301,0.0384,-0.0215,0.059899999999999995,2.786046511627907,1,0,0,0,1,1,0
2025,TB,15,leading_one_score,league_multi_season,2023,2025,3,32,96,strong,285,strong,stable_team_sample,1,1,1,1,0.4737,0.5341,-0.06040000000000001,-0.11308743680958623,0.5263,0.4659,0.06040000000000001,0.12964155398154112,0.4737,0.5341,-0.06040000000000001,-0.11308743680958623,0.6,0.6624,-0.06240000000000001,-0.09420289855072465,0.0421,0.075,-0.0329,-0.43866666666666665,0.3895,0.4278,-0.0383,-0.08952781673679289,0.2316,0.2878,-0.0562,-0.19527449617790132,0.0246,0.0405,-0.0159,-0.3925925925925926,0.0281,0.0244,0.0036999999999999984,0.151639344262295,0.0491,0.0343,0.0148,0.4314868804664724,0.1193,0.1347,-0.015399999999999983,-0.1143281365998514,0.0632,0.0826,-0.0194,-0.23486682808716705,0.0561,0.052,0.0040999999999999995,0.07884615384615384,4.393,5.5713,-1.1783000000000001,-0.21149462423491827,-0.094,0.0136,-0.1076,-7.911764705882353,0,1,0,0,0,0,0
2025,TB,16,leading_two_plus_scores,league_multi_season,2023,2025,3,32,94,strong,58,good,usable_team_sample,1,1,0,1,0.4828,0.4563,0.026500000000000024,0.05807582730659659,0.5172,0.5437,-0.026499999999999968,-0.04874011403347429,0.4828,0.4563,0.026500000000000024,0.05807582730659659,0.569,0.5937,-0.024700000000000055,-0.04160350345292244,0.0,0.0586,-0.0586,-1.0,0.3103,0.4256,-0.11529999999999996,-0.27091165413533824,0.2414,0.2873,-0.045899999999999996,-0.15976331360946744,0.0,0.0442,-0.0442,-1.0,0.0172,0.0203,-0.0030999999999999986,-0.15270935960591128,0.0,0.0278,-0.0278,-1.0,0.0862,0.1375,-0.05130000000000001,-0.37309090909090914,0.0345,0.0728,-0.0383,-0.5260989010989011,0.0517,0.0646,-0.012900000000000002,-0.1996904024767802,4.3103,5.4339,-1.1236000000000006,-0.20677598041922018,-0.1568,0.0204,-0.1772,-8.686274509803921,1,0,0,0,0,0,0
2025,TB,17,trailing_one_score,league_multi_season,2023,2025,3,32,96,strong,291,strong,stable_team_sample,1,1,1,1,0.5739,0.5968,-0.02290000000000003,-0.038371313672922305,0.4261,0.4032,0.022899999999999976,0.05679563492063486,0.5739,0.5968,-0.02290000000000003,-0.038371313672922305,0.701,0.7163,-0.015300000000000091,-0.02135976546139898,0.079,0.1048,-0.025800000000000003,-0.24618320610687025,0.4948,0.4393,0.055499999999999994,0.126337354882768,0.3265,0.2967,0.029799999999999993,0.10043815301651497,0.0653,0.0391,0.026199999999999994,0.6700767263427108,0.0137,0.029,-0.015300000000000001,-0.5275862068965518,0.0206,0.0417,-0.0211,-0.5059952038369304,0.1409,0.1338,0.007099999999999995,0.05306427503736917,0.0962,0.0875,0.0087,0.09942857142857142,0.0447,0.0463,-0.0016000000000000042,-0.0345572354211664,5.9966,5.4685,0.5281000000000002,0.0965712718295694,0.1807,0.0002,0.1805,902.4999999999999,0,1,0,0,1,1,1
2025,TB,18,trailing_two_plus_scores,league_multi_season,2023,2025,3,32,96,strong,208,strong,stable_team_sample,1,1,1,1,0.7308,0.677,0.05379999999999996,0.07946824224519934,0.2692,0.323,-0.053800000000000014,-0.16656346749226011,0.7308,0.677,0.05379999999999996,0.07946824224519934,0.7692,0.7976,-0.02839999999999998,-0.03560682046138413,0.101,0.1909,-0.08989999999999998,-0.4709271870089051,0.3894,0.4324,-0.04299999999999998,-0.09944495837187785,0.2596,0.2953,-0.03570000000000001,-0.12089400609549614,0.0337,0.0395,-0.0058,-0.14683544303797466,0.0529,0.0349,0.018000000000000002,0.515759312320917,0.0529,0.0546,-0.0017000000000000001,-0.031135531135531136,0.0962,0.1286,-0.0324,-0.25194401244167963,0.0673,0.0901,-0.0228,-0.2530521642619312,0.0288,0.0385,-0.0097,-0.251948051948052,5.1154,5.2578,-0.14239999999999942,-0.027083571075354602,-0.1608,-0.0509,-0.1099,-2.1591355599214146,1,0,0,0,0,0,0
2025,TB,19,tied_early_down,league_multi_season,2023,2025,3,32,96,strong,165,strong,stable_team_sample,1,1,1,1,0.5091,0.4983,0.010799999999999976,0.021673690547862685,0.4909,0.5017,-0.010800000000000032,-0.021526808849910366,0.5091,0.4983,0.010799999999999976,0.021673690547862685,0.5212,0.6059,-0.0847,-0.13979204489189634,0.0303,0.0718,-0.0415,-0.5779944289693594,0.4424,0.4418,0.0005999999999999894,0.00135808057944769,0.2788,0.2572,0.021600000000000008,0.08398133748055991,0.0364,0.0358,0.0006000000000000033,0.016759776536312943,0.0121,0.0219,-0.0098,-0.4474885844748858,0.0242,0.0267,-0.0025000000000000022,-0.0936329588014982,0.1152,0.1285,-0.013300000000000006,-0.10350194552529188,0.0727,0.0731,-0.0003999999999999976,-0.005471956224350172,0.0424,0.0554,-0.012999999999999998,-0.2346570397111913,5.3636,5.4023,-0.0387000000000004,-0.00716361549710316,0.0846,0.0018,0.0828,46.0,1,0,0,0,1,1,0
2025,TB,20,leading_early_down,league_multi_season,2023,2025,3,32,96,strong,255,strong,stable_team_sample,1,1,1,1,0.4039,0.4468,-0.042899999999999994,-0.0960161145926589,0.5961,0.5532,0.04289999999999994,0.07754880694143156,0.4039,0.4468,-0.042899999999999994,-0.0960161145926589,0.502,0.5755,-0.07350000000000001,-0.1277150304083406,0.0392,0.0709,-0.031700000000000006,-0.44710860366713684,0.3686,0.4235,-0.054900000000000004,-0.1296340023612751,0.1882,0.2496,-0.06139999999999998,-0.24599358974358967,0.0196,0.0375,-0.0179,-0.47733333333333333,0.0157,0.0206,-0.004900000000000002,-0.23786407766990297,0.0196,0.0228,-0.0032000000000000015,-0.1403508771929825,0.102,0.1332,-0.03120000000000002,-0.23423423423423437,0.0588,0.0705,-0.011699999999999995,-0.16595744680851057,0.0431,0.0628,-0.019699999999999995,-0.3136942675159235,4.5686,5.5158,-0.9471999999999996,-0.17172486312049018,-0.072,0.0115,-0.08349999999999999,-7.260869565217391,0,1,0,0,0,0,0
2025,TB,21,trailing_early_down,league_multi_season,2023,2025,3,32,96,strong,381,strong,stable_team_sample,1,1,1,1,0.6142,0.5899,0.02429999999999999,0.041193422614002356,0.3858,0.4101,-0.024300000000000044,-0.05925384052670091,0.6142,0.5899,0.02429999999999999,0.041193422614002356,0.6745,0.7068,-0.032299999999999995,-0.04569892473118279,0.0971,0.15,-0.05289999999999999,-0.35266666666666663,0.4331,0.438,-0.0049000000000000155,-0.01118721461187218,0.2467,0.2608,-0.014099999999999974,-0.05406441717791401,0.0525,0.0356,0.0169,0.47471910112359544,0.0315,0.0281,0.0034000000000000002,0.1209964412811388,0.0236,0.0355,-0.011899999999999997,-0.33521126760563374,0.1312,0.1307,0.0005000000000000004,0.003825554705432291,0.0919,0.0839,0.007999999999999993,0.09535160905840277,0.0394,0.0468,-0.007400000000000004,-0.1581196581196582,5.8819,5.4892,0.3926999999999996,0.07154047948699256,0.0242,-0.0058,0.03,5.172413793103448,1,0,0,0,1,0,1
2025,TEN,1,all_offense,league_multi_season,2023,2025,3,32,96,strong,995,strong,stable_team_sample,1,1,1,1,0.6261,0.5737,0.0524,0.09133693568066935,0.3739,0.4263,-0.0524,-0.12291813277034952,0.6261,0.5737,0.0524,0.09133693568066935,0.7286,0.6967,0.03190000000000004,0.04578728290512422,0.1015,0.1039,-0.0023999999999999994,-0.02309913378248315,0.3739,0.4345,-0.06059999999999999,-0.1394706559263521,0.2422,0.2932,-0.05100000000000002,-0.17394270122783087,0.0291,0.0402,-0.011099999999999999,-0.2761194029850746,0.0231,0.0274,-0.004300000000000002,-0.15693430656934312,0.0563,0.0401,0.016200000000000006,0.40399002493765607,0.1085,0.1328,-0.024300000000000002,-0.1829819277108434,0.0683,0.0838,-0.0155,-0.18496420047732698,0.0402,0.049,-0.008800000000000002,-0.17959183673469392,4.4452,5.4305,-0.9853000000000005,-0.18143817328054515,-0.1597,-0.0054,-0.15430000000000002,-28.574074074074076,1,0,1,0,0,0,0
2025,TEN,2,early_down,league_multi_season,2023,2025,3,32,96,strong,728,strong,stable_team_sample,1,1,1,1,0.5701,0.5246,0.045500000000000096,0.08673274876096092,0.4299,0.4754,-0.045499999999999985,-0.0957088767353807,0.5701,0.5246,0.045500000000000096,0.08673274876096092,0.6758,0.6436,0.032200000000000006,0.05003107520198883,0.1168,0.1086,0.008199999999999999,0.07550644567219152,0.3791,0.4339,-0.054800000000000015,-0.1262963816547592,0.2074,0.2564,-0.049000000000000016,-0.1911076443057723,0.0288,0.0363,-0.0075,-0.2066115702479339,0.0206,0.0244,-0.0038000000000000013,-0.15573770491803282,0.0343,0.0296,0.004699999999999996,0.15878378378378363,0.0975,0.1311,-0.03359999999999999,-0.25629290617848965,0.0549,0.0774,-0.0225,-0.29069767441860467,0.0426,0.0538,-0.011200000000000002,-0.20817843866171007,4.4602,5.4816,-1.0213999999999999,-0.18633245767659073,-0.093,0.0014,-0.0944,-67.42857142857143,1,0,1,1,0,0,0
2025,TEN,3,third_down,league_multi_season,2023,2025,3,32,96,strong,232,strong,stable_team_sample,1,1,1,1,0.7802,0.7494,0.03080000000000005,0.041099546303709704,0.2198,0.2506,-0.030799999999999994,-0.12290502793296088,0.7802,0.7494,0.03080000000000005,0.041099546303709704,0.9009,0.8953,0.005600000000000049,0.006254886630179883,0.0517,0.0875,-0.03579999999999999,-0.4091428571428571,0.3491,0.4242,-0.0751,-0.17703913248467704,0.319,0.3997,-0.0807,-0.20190142606955214,0.0216,0.0487,-0.0271,-0.5564681724845996,0.0259,0.0359,-0.010000000000000002,-0.27855153203342625,0.1164,0.0778,0.03860000000000001,0.4961439588688948,0.1466,0.1404,0.006200000000000011,0.04415954415954424,0.1078,0.107,0.000800000000000009,0.007476635514018776,0.0388,0.0333,0.005499999999999998,0.16516516516516508,4.319,5.3482,-1.0292000000000003,-0.19243857746531548,-0.3658,-0.0507,-0.3151,-6.214990138067061,1,0,1,0,0,0,1
2025,TEN,4,fourth_down,league_multi_season,2023,2025,3,32,96,good,35,thin,small_team_sample,0,1,0,0,0.7714,0.6225,0.14889999999999992,0.23919678714859424,0.2286,0.3775,-0.1489,-0.3944370860927152,0.7714,0.6225,0.14889999999999992,0.23919678714859424,0.6857,0.675,0.010699999999999932,0.01585185185185175,0.1143,0.0943,0.020000000000000004,0.21208907741251332,0.4286,0.5443,-0.11570000000000003,-0.21256659930185565,0.4571,0.5475,-0.09039999999999998,-0.1651141552511415,0.0857,0.0926,-0.006900000000000003,-0.07451403887688988,0.0571,0.0492,0.007899999999999997,0.16056910569105684,0.1143,0.0504,0.0639,1.2678571428571428,0.0857,0.1209,-0.035199999999999995,-0.2911497105045492,0.0857,0.0893,-0.003600000000000006,-0.04031354983202694,0.0,0.0316,-0.0316,-1.0,4.9714,4.5242,0.4471999999999996,0.09884620485389672,-0.1793,0.1649,-0.34419999999999995,-2.0873256519102483,1,0,1,1,0,0,0
2025,TEN,5,short_yardage,league_multi_season,2023,2025,3,32,96,strong,86,good,usable_team_sample,1,1,0,1,0.3953,0.3476,0.047699999999999965,0.13722669735327953,0.6047,0.6524,-0.047699999999999965,-0.07311465358675653,0.3953,0.3476,0.047699999999999965,0.13722669735327953,0.4651,0.5322,-0.06709999999999999,-0.12608042089440058,0.186,0.1642,0.021799999999999986,0.13276492082825814,0.5698,0.5961,-0.02629999999999999,-0.044120114074819645,0.5814,0.6404,-0.05899999999999994,-0.09212991880074944,0.1163,0.1155,0.0007999999999999952,0.006926406926406884,0.0116,0.0214,-0.0098,-0.45794392523364486,0.0233,0.0229,0.00040000000000000105,0.017467248908296987,0.0581,0.0906,-0.0325,-0.358719646799117,0.0233,0.0453,-0.022,-0.4856512141280353,0.0349,0.0453,-0.0104,-0.22958057395143486,3.593,3.8797,-0.2867000000000002,-0.07389746629894069,-0.0331,0.0647,-0.0978,-1.5115919629057188,1,0,0,1,0,0,0
2025,TEN,6,red_zone,league_multi_season,2023,2025,3,32,96,strong,101,strong,stable_team_sample,1,1,1,1,0.5842,0.5029,0.08130000000000004,0.161662358321734,0.4158,0.4971,-0.08129999999999998,-0.16354858177429085,0.5842,0.5029,0.08130000000000004,0.161662358321734,0.6733,0.6589,0.014399999999999968,0.021854606161784744,0.1188,0.0945,0.024300000000000002,0.2571428571428572,0.4554,0.4224,0.03300000000000003,0.07812500000000007,0.3267,0.313,0.01369999999999999,0.04376996805111818,0.198,0.1961,0.0019000000000000128,0.00968893421723617,0.0198,0.0258,-0.005999999999999998,-0.23255813953488366,0.0495,0.0328,0.0167,0.5091463414634145,0.0297,0.0512,-0.021500000000000002,-0.419921875,0.0099,0.0238,-0.013900000000000001,-0.5840336134453782,0.0198,0.0274,-0.007599999999999999,-0.27737226277372257,2.7723,3.0,-0.2277,-0.07590000000000001,0.0789,-0.0022,0.08109999999999999,36.86363636363636,1,0,1,1,1,1,0
2025,TEN,7,goal_to_go,league_multi_season,2023,2025,3,32,96,strong,53,good,usable_team_sample,1,1,0,1,0.5283,0.4757,0.05259999999999998,0.11057389110784104,0.4717,0.5243,-0.05259999999999998,-0.10032424184627119,0.5283,0.4757,0.05259999999999998,0.11057389110784104,0.6226,0.611,0.011600000000000055,0.018985270049099928,0.0566,0.0861,-0.0295,-0.3426248548199768,0.434,0.438,-0.0040000000000000036,-0.009132420091324209,0.3208,0.3303,-0.009500000000000008,-0.02876173175900699,0.3208,0.3289,-0.008100000000000052,-0.024627546366676956,0.0189,0.0243,-0.0053999999999999986,-0.22222222222222218,0.0755,0.0306,0.044899999999999995,1.4673202614379084,0.0,0.0074,-0.0074,-1.0,0.0,0.0033,-0.0033,-1.0,0.0,0.0041,-0.0041,-1.0,1.6226,1.8044,-0.18179999999999996,-0.10075371314564396,0.0239,0.0097,0.0142,1.463917525773196,1,0,1,0,1,0,0
2025,TEN,8,two_minute_half,league_multi_season,2023,2025,3,32,96,strong,133,strong,stable_team_sample,1,1,1,1,0.7143,0.7349,-0.02059999999999995,-0.028031024629201186,0.2857,0.2651,0.020600000000000007,0.07770652583930594,0.7143,0.7349,-0.02059999999999995,-0.028031024629201186,0.8571,0.8778,-0.02070000000000005,-0.023581681476418377,0.1729,0.1634,0.009500000000000008,0.058139534883720985,0.391,0.4231,-0.03209999999999996,-0.07586858898605522,0.2632,0.3007,-0.03750000000000003,-0.12470901230462265,0.0376,0.0467,-0.009099999999999997,-0.19486081370449673,0.0376,0.0356,0.0020000000000000018,0.05617977528089892,0.0451,0.0516,-0.006499999999999999,-0.125968992248062,0.0977,0.1271,-0.029399999999999996,-0.2313139260424862,0.0677,0.094,-0.026300000000000004,-0.27978723404255323,0.0301,0.0331,-0.002999999999999999,-0.09063444108761327,4.0451,5.26,-1.2149,-0.23096958174904947,-0.0191,0.0083,-0.0274,-3.3012048192771086,0,1,0,1,0,0,0
2025,TEN,9,two_minute_game,league_multi_season,2023,2025,3,32,96,strong,46,thin,small_team_sample,0,1,0,0,0.7391,0.6818,0.05730000000000002,0.08404224112643006,0.2609,0.3182,-0.05729999999999996,-0.18007542426147066,0.7391,0.6818,0.05730000000000002,0.08404224112643006,0.8261,0.8173,0.008799999999999919,0.010767160161507304,0.2391,0.1726,0.0665,0.38528389339513325,0.4783,0.3942,0.08410000000000001,0.21334348046676815,0.3043,0.2947,0.009599999999999997,0.03257550050899218,0.0435,0.045,-0.0015000000000000013,-0.03333333333333337,0.0652,0.0394,0.025799999999999997,0.6548223350253807,0.0435,0.0504,-0.006900000000000003,-0.13690476190476197,0.1304,0.1268,0.003599999999999992,0.02839116719242896,0.1087,0.0914,0.01730000000000001,0.18927789934354497,0.0217,0.0354,-0.0137,-0.3870056497175141,5.1087,5.037,0.07169999999999987,0.014234663490172697,0.1388,-0.06,0.1988,3.3133333333333335,1,0,1,1,1,1,1
2025,TEN,10,one_score,league_multi_season,2023,2025,3,32,96,strong,558,strong,stable_team_sample,1,1,1,1,0.5699,0.565,0.0049000000000000155,0.008672566371681444,0.4301,0.435,-0.0049000000000000155,-0.01126436781609199,0.5699,0.565,0.0049000000000000155,0.008672566371681444,0.681,0.6859,-0.004899999999999904,-0.007143898527482002,0.0573,0.0863,-0.029000000000000005,-0.3360370799536501,0.3513,0.4369,-0.08560000000000001,-0.19592584115358208,0.2348,0.2938,-0.059,-0.2008168822328114,0.0269,0.0397,-0.012799999999999999,-0.3224181360201511,0.0215,0.0265,-0.005000000000000001,-0.1886792452830189,0.0538,0.0381,0.0157,0.41207349081364825,0.1165,0.1332,-0.016700000000000007,-0.1253753753753754,0.0699,0.084,-0.014100000000000001,-0.16785714285714287,0.0466,0.0492,-0.002599999999999998,-0.052845528455284514,4.5,5.4822,-0.9821999999999997,-0.17916165043230817,-0.1425,0.0035,-0.146,-41.71428571428571,1,0,0,0,0,0,0
2025,TEN,11,neutral_early_down,league_multi_season,2023,2025,3,32,96,strong,362,strong,stable_team_sample,1,1,1,1,0.4751,0.5215,-0.04639999999999994,-0.08897411313518686,0.5249,0.4785,0.04640000000000005,0.09696969696969708,0.4751,0.5215,-0.04639999999999994,-0.08897411313518686,0.6133,0.6282,-0.014900000000000024,-0.023718560967844676,0.0552,0.0855,-0.030300000000000007,-0.35438596491228075,0.3425,0.4391,-0.09659999999999996,-0.21999544522887718,0.1878,0.2537,-0.06589999999999999,-0.25975561687031923,0.0083,0.0109,-0.0026,-0.2385321100917431,0.0138,0.0226,-0.008799999999999999,-0.3893805309734513,0.0304,0.0278,0.0026000000000000016,0.09352517985611516,0.1077,0.1443,-0.03660000000000001,-0.25363825363825365,0.047,0.0864,-0.039400000000000004,-0.45601851851851855,0.0608,0.058,0.002799999999999997,0.04827586206896546,4.547,5.9339,-1.3869000000000007,-0.23372486897318806,-0.091,0.013,-0.104,-8.0,0,1,0,0,0,0,0
2025,TEN,12,tied,league_multi_season,2023,2025,3,32,96,strong,173,strong,stable_team_sample,1,1,1,1,0.5434,0.5522,-0.00880000000000003,-0.015936254980079737,0.4566,0.4478,0.00880000000000003,0.01965163019205009,0.5434,0.5522,-0.00880000000000003,-0.015936254980079737,0.6301,0.6675,-0.03739999999999999,-0.05602996254681646,0.0347,0.0716,-0.036899999999999995,-0.51536312849162,0.3757,0.4433,-0.06760000000000005,-0.152492668621701,0.2601,0.296,-0.03589999999999999,-0.12128378378378375,0.0231,0.0396,-0.016500000000000004,-0.41666666666666674,0.0173,0.0252,-0.0079,-0.31349206349206354,0.0405,0.0369,0.003599999999999999,0.09756097560975606,0.1387,0.1307,0.00799999999999998,0.06120887528691644,0.0925,0.0805,0.011999999999999997,0.1490683229813664,0.0462,0.0502,-0.0040000000000000036,-0.07968127490039847,5.1156,5.406,-0.2904,-0.0537180910099889,-0.1179,-0.0028,-0.11510000000000001,-41.10714285714286,0,1,0,0,0,0,1
2025,TEN,13,leading,league_multi_season,2023,2025,3,32,96,strong,154,strong,stable_team_sample,1,1,1,1,0.4935,0.504,-0.01050000000000001,-0.020833333333333353,0.5065,0.496,0.010499999999999954,0.021169354838709586,0.4935,0.504,-0.01050000000000001,-0.020833333333333353,0.5909,0.6358,-0.04490000000000005,-0.07061969172695824,0.0455,0.0687,-0.0232,-0.33770014556040756,0.3506,0.4269,-0.07629999999999998,-0.1787303818224408,0.2273,0.2876,-0.06030000000000002,-0.20966620305980535,0.0455,0.0419,0.003599999999999999,0.08591885441527444,0.0195,0.0228,-0.003300000000000001,-0.1447368421052632,0.026,0.0318,-0.005800000000000003,-0.18238993710691834,0.0974,0.1357,-0.03829999999999999,-0.2822402358142962,0.0584,0.0788,-0.020399999999999995,-0.2588832487309644,0.039,0.0569,-0.0179,-0.3145869947275923,4.9351,5.5181,-0.5829999999999993,-0.10565230785958923,-0.0745,0.0162,-0.0907,-5.598765432098766,0,1,0,0,0,0,0
2025,TEN,14,trailing,league_multi_season,2023,2025,3,32,96,strong,668,strong,stable_team_sample,1,1,1,1,0.6781,0.6309,0.04720000000000002,0.07481375812331592,0.3219,0.3691,-0.047199999999999964,-0.12787862367921962,0.6781,0.6309,0.04720000000000002,0.07481375812331592,0.7859,0.7508,0.03510000000000002,0.04675013319126268,0.1317,0.1414,-0.009699999999999986,-0.0685997171145685,0.3787,0.4364,-0.05770000000000003,-0.13221814848762609,0.241,0.2961,-0.05509999999999998,-0.18608578183046265,0.0269,0.0393,-0.012400000000000001,-0.3155216284987278,0.0254,0.0315,-0.006100000000000001,-0.19365079365079368,0.0674,0.0472,0.020200000000000003,0.42796610169491534,0.1033,0.1316,-0.028299999999999992,-0.21504559270516713,0.0644,0.0886,-0.0242,-0.27313769751693,0.0389,0.043,-0.0040999999999999995,-0.09534883720930232,4.1587,5.3789,-1.2202000000000002,-0.226849355816245,-0.1901,-0.0215,-0.1686,-7.841860465116279,1,0,1,0,0,0,0
2025,TEN,15,leading_one_score,league_multi_season,2023,2025,3,32,96,strong,131,strong,stable_team_sample,1,1,1,1,0.5267,0.5341,-0.007400000000000073,-0.013855083317730898,0.4733,0.4659,0.007400000000000018,0.01588323674608289,0.5267,0.5341,-0.007400000000000073,-0.013855083317730898,0.6031,0.6624,-0.05930000000000002,-0.08952294685990342,0.0458,0.075,-0.029199999999999997,-0.3893333333333333,0.3435,0.4278,-0.08429999999999999,-0.19705469845722295,0.229,0.2878,-0.05879999999999999,-0.2043085476025017,0.0458,0.0405,0.005299999999999999,0.13086419753086417,0.0153,0.0244,-0.009100000000000002,-0.37295081967213123,0.0229,0.0343,-0.011399999999999997,-0.33236151603498537,0.084,0.1347,-0.05069999999999998,-0.376391982182628,0.0534,0.0826,-0.029200000000000004,-0.35351089588377727,0.0305,0.052,-0.0215,-0.41346153846153844,4.9618,5.5713,-0.6094999999999997,-0.1093999605119092,-0.0152,0.0136,-0.0288,-2.1176470588235294,0,1,0,0,0,0,0
2025,TEN,16,leading_two_plus_scores,league_multi_season,2023,2025,3,32,94,strong,23,thin,small_team_sample,0,1,0,0,0.3043,0.4563,-0.15199999999999997,-0.3331141792680254,0.6957,0.5437,0.15200000000000002,0.2795659370976642,0.3043,0.4563,-0.15199999999999997,-0.3331141792680254,0.5217,0.5937,-0.07199999999999995,-0.12127337038908531,0.0435,0.0586,-0.015100000000000002,-0.2576791808873721,0.3913,0.4256,-0.0343,-0.0805921052631579,0.2174,0.2873,-0.06989999999999999,-0.24329968673860072,0.0435,0.0442,-0.0007000000000000062,-0.015837104072398328,0.0435,0.0203,0.0232,1.1428571428571428,0.0435,0.0278,0.0157,0.564748201438849,0.1739,0.1375,0.03639999999999999,0.26472727272727264,0.087,0.0728,0.01419999999999999,0.19505494505494492,0.087,0.0646,0.02239999999999999,0.34674922600619174,4.7826,5.4339,-0.6513,-0.11985866504720366,-0.4126,0.0204,-0.43300000000000005,-21.225490196078432,0,1,0,0,0,0,1
2025,TEN,17,trailing_one_score,league_multi_season,2023,2025,3,32,96,strong,254,strong,stable_team_sample,1,1,1,1,0.6102,0.5968,0.013399999999999967,0.022453083109919517,0.3898,0.4032,-0.013400000000000023,-0.03323412698412704,0.6102,0.5968,0.013399999999999967,0.022453083109919517,0.7559,0.7163,0.03959999999999997,0.05528409884126758,0.0787,0.1048,-0.026099999999999998,-0.24904580152671754,0.3386,0.4393,-0.10070000000000001,-0.22922831777828365,0.2205,0.2967,-0.07620000000000002,-0.25682507583417596,0.0197,0.0391,-0.019400000000000004,-0.4961636828644502,0.0276,0.029,-0.001400000000000002,-0.04827586206896558,0.0787,0.0417,0.037000000000000005,0.8872901678657076,0.1181,0.1338,-0.015700000000000006,-0.11733931240657702,0.063,0.0875,-0.024499999999999994,-0.27999999999999997,0.0551,0.0463,0.008800000000000002,0.19006479481641472,3.8425,5.4685,-1.626,-0.2973393069397458,-0.225,0.0002,-0.2252,-1126.0,1,0,1,0,0,0,0
2025,TEN,18,trailing_two_plus_scores,league_multi_season,2023,2025,3,32,96,strong,414,strong,stable_team_sample,1,1,1,1,0.7198,0.677,0.04279999999999995,0.06322008862629239,0.2802,0.323,-0.042800000000000005,-0.13250773993808052,0.7198,0.677,0.04279999999999995,0.06322008862629239,0.8043,0.7976,0.006700000000000039,0.008400200601805465,0.1643,0.1909,-0.026599999999999985,-0.13933996856993183,0.4034,0.4324,-0.029000000000000026,-0.06706753006475491,0.2536,0.2953,-0.041700000000000015,-0.14121232644768036,0.0314,0.0395,-0.008100000000000003,-0.20506329113924057,0.0242,0.0349,-0.010700000000000001,-0.3065902578796562,0.0604,0.0546,0.0058,0.10622710622710621,0.0942,0.1286,-0.034399999999999986,-0.2674961119751165,0.0652,0.0901,-0.024900000000000005,-0.27635960044395125,0.029,0.0385,-0.009499999999999998,-0.2467532467532467,4.3527,5.2578,-0.9051,-0.17214424283921034,-0.1688,-0.0509,-0.1179,-2.3163064833005893,1,0,1,0,0,0,0
2025,TEN,19,tied_early_down,league_multi_season,2023,2025,3,32,96,strong,132,strong,stable_team_sample,1,1,1,1,0.447,0.4983,-0.05130000000000001,-0.102950030102348,0.553,0.5017,0.05130000000000001,0.10225234203707396,0.447,0.4983,-0.05130000000000001,-0.102950030102348,0.5682,0.6059,-0.037699999999999956,-0.062221488694503974,0.0379,0.0718,-0.0339,-0.47214484679665736,0.3864,0.4418,-0.055400000000000005,-0.12539610683567226,0.2424,0.2572,-0.01479999999999998,-0.05754276827371688,0.0227,0.0358,-0.013099999999999997,-0.3659217877094971,0.0152,0.0219,-0.006699999999999999,-0.3059360730593607,0.0227,0.0267,-0.004,-0.149812734082397,0.1288,0.1285,0.0002999999999999947,0.0023346303501945113,0.0682,0.0731,-0.004900000000000002,-0.06703146374829004,0.0606,0.0554,0.005200000000000003,0.09386281588447659,5.0379,5.4023,-0.3644000000000007,-0.06745275160579767,-0.0113,0.0018,-0.013099999999999999,-7.277777777777778,0,1,0,0,0,0,1
2025,TEN,20,leading_early_down,league_multi_season,2023,2025,3,32,96,strong,113,strong,stable_team_sample,1,1,1,1,0.4071,0.4468,-0.03969999999999996,-0.08885407341092202,0.5929,0.5532,0.03969999999999996,0.07176428054952992,0.4071,0.4468,-0.03969999999999996,-0.08885407341092202,0.5044,0.5755,-0.07110000000000005,-0.12354474370112954,0.0354,0.0709,-0.035500000000000004,-0.5007052186177715,0.3363,0.4235,-0.0872,-0.20590318772136953,0.1681,0.2496,-0.08149999999999999,-0.32652243589743585,0.0442,0.0375,0.0067000000000000046,0.1786666666666668,0.0177,0.0206,-0.0029,-0.1407766990291262,0.0088,0.0228,-0.014,-0.6140350877192983,0.0796,0.1332,-0.05360000000000001,-0.40240240240240244,0.0265,0.0705,-0.044,-0.624113475177305,0.0531,0.0628,-0.009699999999999993,-0.15445859872611456,4.6637,5.5158,-0.8520999999999992,-0.15448348381014526,-0.0795,0.0115,-0.091,-7.913043478260869,0,1,0,0,0,0,0
2025,TEN,21,trailing_early_down,league_multi_season,2023,2025,3,32,96,strong,483,strong,stable_team_sample,1,1,1,1,0.6418,0.5899,0.05190000000000006,0.08798101373114098,0.3582,0.4101,-0.0519,-0.12655449890270665,0.6418,0.5899,0.05190000000000006,0.08798101373114098,0.7453,0.7068,0.03849999999999998,0.05447085455574417,0.1573,0.15,0.007300000000000001,0.04866666666666668,0.3872,0.438,-0.05080000000000001,-0.11598173515981738,0.207,0.2608,-0.05379999999999999,-0.20628834355828218,0.0269,0.0356,-0.0087,-0.2443820224719101,0.0228,0.0281,-0.005299999999999999,-0.1886120996441281,0.0435,0.0355,0.008,0.22535211267605637,0.0932,0.1307,-0.037500000000000006,-0.2869166029074216,0.058,0.0839,-0.0259,-0.30870083432657924,0.0352,0.0468,-0.0116,-0.24786324786324784,4.2547,5.4892,-1.2345000000000006,-0.22489615973183716,-0.1185,-0.0058,-0.1127,-19.431034482758623,1,0,1,1,0,0,0
2025,WAS,1,all_offense,league_multi_season,2023,2025,3,32,96,strong,972,strong,stable_team_sample,1,1,1,1,0.5144,0.5737,-0.05930000000000002,-0.10336412759281859,0.4856,0.4263,0.059299999999999964,0.1391039174290405,0.5144,0.5737,-0.05930000000000002,-0.10336412759281859,0.8848,0.6967,0.18810000000000004,0.26998708195780113,0.6204,0.1039,0.5165,4.971126082771895,0.4568,0.4345,0.022299999999999986,0.05132336018411965,0.2953,0.2932,0.0020999999999999908,0.007162346521145943,0.0412,0.0402,0.0010000000000000009,0.024875621890547286,0.0319,0.0274,0.004499999999999997,0.16423357664233565,0.0381,0.0401,-0.001999999999999995,-0.04987531172069813,0.1409,0.1328,0.008099999999999996,0.060993975903614425,0.0792,0.0838,-0.004599999999999993,-0.054892601431980825,0.0617,0.049,0.012699999999999996,0.25918367346938764,5.5874,5.4305,0.15689999999999937,0.02889236718534193,0.0072,-0.0054,0.0126,2.333333333333333,0,1,1,1,1,1,1
2025,WAS,2,early_down,league_multi_season,2023,2025,3,32,96,strong,759,strong,stable_team_sample,1,1,1,1,0.4559,0.5246,-0.06869999999999993,-0.13095691955775818,0.5441,0.4754,0.06870000000000004,0.14450988641144308,0.4559,0.5246,-0.06869999999999993,-0.13095691955775818,0.8682,0.6436,0.22460000000000002,0.3489745183343692,0.6034,0.1086,0.4948,4.556169429097606,0.4598,0.4339,0.02589999999999998,0.0596911730813551,0.2635,0.2564,0.007099999999999995,0.02769110764430575,0.0329,0.0363,-0.0034000000000000002,-0.09366391184573003,0.0303,0.0244,0.005899999999999999,0.24180327868852453,0.0329,0.0296,0.0032999999999999974,0.11148648648648639,0.141,0.1311,0.009899999999999992,0.07551487414187637,0.0738,0.0774,-0.003599999999999992,-0.046511627906976646,0.0672,0.0538,0.013399999999999995,0.24907063197026014,5.7589,5.4816,0.27729999999999944,0.05058741973146516,0.033,0.0014,0.0316,22.571428571428573,0,1,1,1,1,1,1
2025,WAS,3,third_down,league_multi_season,2023,2025,3,32,96,strong,187,strong,stable_team_sample,1,1,1,1,0.7059,0.7494,-0.04349999999999998,-0.05804643714971976,0.2941,0.2506,0.04349999999999998,0.173583399840383,0.7059,0.7494,-0.04349999999999998,-0.05804643714971976,0.9572,0.8953,0.061900000000000066,0.06913883614430924,0.6684,0.0875,0.5809,6.638857142857143,0.4225,0.4242,-0.0017000000000000348,-0.004007543611504089,0.3797,0.3997,-0.020000000000000018,-0.05003752814610963,0.0588,0.0487,0.010099999999999998,0.20739219712525664,0.0374,0.0359,0.0015000000000000013,0.04178272980501396,0.0642,0.0778,-0.013600000000000001,-0.17480719794344476,0.1497,0.1404,0.009300000000000003,0.06623931623931625,0.1016,0.107,-0.005400000000000002,-0.05046728971962619,0.0481,0.0333,0.014799999999999994,0.4444444444444442,4.9358,5.3482,-0.4123999999999999,-0.07711005571968137,-0.1686,-0.0507,-0.1179,-2.3254437869822486,0,1,1,1,0,0,1
2025,WAS,4,fourth_down,league_multi_season,2023,2025,3,32,96,good,26,thin,small_team_sample,0,1,0,0,0.8462,0.6225,0.2236999999999999,0.3593574297188753,0.1538,0.3775,-0.2237,-0.5925827814569536,0.8462,0.6225,0.2236999999999999,0.3593574297188753,0.8462,0.675,0.1711999999999999,0.2536296296296295,0.7692,0.0943,0.6749,7.1569459172852605,0.6154,0.5443,0.07109999999999994,0.13062649274297253,0.6154,0.5475,0.06789999999999996,0.12401826484018258,0.1538,0.0926,0.06119999999999999,0.6609071274298055,0.0385,0.0492,-0.010700000000000001,-0.21747967479674798,0.0,0.0504,-0.0504,-1.0,0.0769,0.1209,-0.044,-0.3639371381306865,0.0769,0.0893,-0.012400000000000008,-0.13885778275475932,0.0,0.0316,-0.0316,-1.0,5.2692,4.5242,0.7449999999999992,0.16466999690553008,0.5172,0.1649,0.3523,2.1364463311097635,1,0,1,1,1,1,0
2025,WAS,5,short_yardage,league_multi_season,2023,2025,3,32,96,strong,100,strong,stable_team_sample,1,1,1,1,0.3,0.3476,-0.04760000000000003,-0.13693901035673195,0.7,0.6524,0.047599999999999976,0.0729613733905579,0.3,0.3476,-0.04760000000000003,-0.13693901035673195,0.78,0.5322,0.24780000000000002,0.4656144306651635,0.71,0.1642,0.5458,3.3239951278928133,0.55,0.5961,-0.04609999999999992,-0.07733601744673699,0.58,0.6404,-0.06040000000000001,-0.09431605246720802,0.11,0.1155,-0.005500000000000005,-0.04761904761904766,0.04,0.0214,0.018600000000000002,0.869158878504673,0.01,0.0229,-0.0129,-0.5633187772925764,0.09,0.0906,-0.0006000000000000033,-0.006622516556291427,0.02,0.0453,-0.0253,-0.5584988962472406,0.07,0.0453,0.024700000000000007,0.545253863134658,3.35,3.8797,-0.5297000000000001,-0.13653117509085755,-0.1778,0.0647,-0.2425,-3.7480680061823803,0,1,1,1,0,0,0
2025,WAS,6,red_zone,league_multi_season,2023,2025,3,32,96,strong,151,strong,stable_team_sample,1,1,1,1,0.3974,0.5029,-0.10550000000000004,-0.20978325710876922,0.6026,0.4971,0.10550000000000004,0.21223093944880314,0.3974,0.5029,-0.10550000000000004,-0.20978325710876922,0.7947,0.6589,0.13579999999999992,0.20610107755349813,0.5828,0.0945,0.48829999999999996,5.167195767195767,0.4702,0.4224,0.04780000000000001,0.11316287878787881,0.3377,0.313,0.0247,0.07891373801916933,0.2119,0.1961,0.01580000000000001,0.08057113717491081,0.0265,0.0258,0.0006999999999999992,0.027131782945736406,0.0265,0.0328,-0.0063000000000000035,-0.1920731707317074,0.0662,0.0512,0.014999999999999993,0.29296874999999983,0.0132,0.0238,-0.010600000000000002,-0.44537815126050423,0.053,0.0274,0.025599999999999998,0.9343065693430656,3.2781,3.0,0.2780999999999998,0.09269999999999994,0.0738,-0.0022,0.076,34.54545454545454,0,1,1,1,1,1,1
2025,WAS,7,goal_to_go,league_multi_season,2023,2025,3,32,96,strong,63,good,usable_team_sample,1,1,0,1,0.381,0.4757,-0.0947,-0.1990750472987177,0.619,0.5243,0.0947,0.18062178142284954,0.381,0.4757,-0.0947,-0.1990750472987177,0.7143,0.611,0.10330000000000006,0.1690671031096564,0.4603,0.0861,0.3742,4.346109175377468,0.4762,0.438,0.03820000000000001,0.08721461187214614,0.3333,0.3303,0.0030000000000000027,0.00908265213442326,0.3333,0.3289,0.0043999999999999595,0.013377926421404559,0.0,0.0243,-0.0243,-1.0,0.0635,0.0306,0.0329,1.0751633986928104,0.0159,0.0074,0.0085,1.1486486486486487,0.0,0.0033,-0.0033,-1.0,0.0159,0.0041,0.011800000000000001,2.8780487804878048,1.746,1.8044,-0.05840000000000001,-0.03236532919530038,0.1134,0.0097,0.1037,10.690721649484535,0,1,1,1,1,1,1
2025,WAS,8,two_minute_half,league_multi_season,2023,2025,3,32,96,strong,105,strong,stable_team_sample,1,1,1,1,0.6762,0.7349,-0.058699999999999974,-0.07987481289971421,0.3238,0.2651,0.058699999999999974,0.2214258770275367,0.6762,0.7349,-0.058699999999999974,-0.07987481289971421,0.9619,0.8778,0.08409999999999995,0.09580770107085891,0.4952,0.1634,0.3318,2.0305997552019583,0.4762,0.4231,0.053100000000000036,0.12550224533207288,0.3238,0.3007,0.023099999999999954,0.07682075157964734,0.0476,0.0467,0.000900000000000005,0.019271948608137152,0.0381,0.0356,0.0025000000000000022,0.07022471910112366,0.0286,0.0516,-0.023,-0.44573643410852715,0.1143,0.1271,-0.012799999999999992,-0.10070810385523205,0.0762,0.094,-0.017799999999999996,-0.18936170212765954,0.0381,0.0331,0.0050000000000000044,0.15105740181268898,5.419,5.26,0.1589999999999998,0.030228136882129244,0.0514,0.0083,0.0431,5.192771084337349,0,1,1,1,1,1,0
2025,WAS,9,two_minute_game,league_multi_season,2023,2025,3,32,96,strong,39,thin,small_team_sample,0,1,0,0,0.641,0.6818,-0.04079999999999995,-0.05984159577588728,0.359,0.3182,0.0408,0.12822124450031427,0.641,0.6818,-0.04079999999999995,-0.05984159577588728,0.9231,0.8173,0.1058,0.12945063012357763,0.5128,0.1726,0.34020000000000006,1.9710312862108925,0.4615,0.3942,0.06730000000000003,0.1707255200405886,0.3077,0.2947,0.012999999999999956,0.044112656939260114,0.0513,0.045,0.0063,0.14,0.0769,0.0394,0.0375,0.9517766497461929,0.0,0.0504,-0.0504,-1.0,0.1026,0.1268,-0.0242,-0.19085173501577288,0.1026,0.0914,0.011200000000000002,0.12253829321663022,0.0,0.0354,-0.0354,-1.0,5.0513,5.037,0.014300000000000423,0.0028389914631726074,0.0242,-0.06,0.0842,1.4033333333333333,0,1,1,1,1,1,0
2025,WAS,10,one_score,league_multi_season,2023,2025,3,32,96,strong,551,strong,stable_team_sample,1,1,1,1,0.5118,0.565,-0.053199999999999914,-0.09415929203539809,0.4882,0.435,0.053200000000000025,0.12229885057471271,0.5118,0.565,-0.053199999999999914,-0.09415929203539809,0.8603,0.6859,0.1744,0.25426447003936437,0.6152,0.0863,0.5288999999999999,6.128621089223637,0.4519,0.4369,0.015000000000000013,0.03433279926756698,0.3031,0.2938,0.009299999999999975,0.03165418652144307,0.0363,0.0397,-0.0034000000000000002,-0.08564231738035265,0.029,0.0265,0.0025000000000000022,0.09433962264150952,0.029,0.0381,-0.0091,-0.2388451443569554,0.1525,0.1332,0.019299999999999984,0.14489489489489477,0.0853,0.084,0.0012999999999999956,0.015476190476190423,0.0672,0.0492,0.017999999999999995,0.36585365853658525,5.7278,5.4822,0.24560000000000048,0.04479953303418345,0.0326,0.0035,0.029099999999999997,8.314285714285713,0,1,1,1,1,1,1
2025,WAS,11,neutral_early_down,league_multi_season,2023,2025,3,32,96,strong,352,strong,stable_team_sample,1,1,1,1,0.4744,0.5215,-0.047099999999999975,-0.09031639501438155,0.5256,0.4785,0.047099999999999975,0.0984326018808777,0.4744,0.5215,-0.047099999999999975,-0.09031639501438155,0.875,0.6282,0.24680000000000002,0.3928685132123528,0.6108,0.0855,0.5253,6.143859649122806,0.446,0.4391,0.006900000000000017,0.01571396037349127,0.2699,0.2537,0.016199999999999992,0.06385494678754432,0.0085,0.0109,-0.0023999999999999994,-0.22018348623853204,0.0284,0.0226,0.005800000000000003,0.2566371681415931,0.0256,0.0278,-0.002199999999999997,-0.07913669064748191,0.1733,0.1443,0.028999999999999998,0.20097020097020094,0.0966,0.0864,0.0102,0.11805555555555555,0.0767,0.058,0.0187,0.3224137931034483,6.3608,5.9339,0.42689999999999984,0.07194256728289991,0.0452,0.013,0.0322,2.476923076923077,0,1,1,1,1,1,1
2025,WAS,12,tied,league_multi_season,2023,2025,3,32,96,strong,136,strong,stable_team_sample,1,1,1,1,0.4338,0.5522,-0.1184,-0.21441506700470844,0.5662,0.4478,0.11840000000000006,0.26440375167485497,0.4338,0.5522,-0.1184,-0.21441506700470844,0.8162,0.6675,0.14870000000000005,0.22277153558052443,0.5221,0.0716,0.4505,6.2918994413407825,0.5147,0.4433,0.07140000000000002,0.16106474170990304,0.3162,0.296,0.020199999999999996,0.06824324324324323,0.0441,0.0396,0.004499999999999997,0.11363636363636355,0.0294,0.0252,0.004199999999999999,0.16666666666666663,0.0147,0.0369,-0.022200000000000004,-0.6016260162601627,0.1618,0.1307,0.03109999999999999,0.2379495026778882,0.0882,0.0805,0.0076999999999999985,0.09565217391304345,0.0735,0.0502,0.023299999999999994,0.4641434262948206,6.4265,5.406,1.0205000000000002,0.18877173510913803,0.0727,-0.0028,0.0755,26.964285714285715,0,1,1,1,1,1,1
2025,WAS,13,leading,league_multi_season,2023,2025,3,32,96,strong,205,strong,stable_team_sample,1,1,1,1,0.4683,0.504,-0.03570000000000001,-0.07083333333333335,0.5317,0.496,0.035699999999999954,0.0719758064516128,0.4683,0.504,-0.03570000000000001,-0.07083333333333335,0.9171,0.6358,0.2813,0.4424347279018559,0.5659,0.0687,0.4972,7.2372634643377,0.4537,0.4269,0.02679999999999999,0.06277816818927147,0.2976,0.2876,0.009999999999999953,0.03477051460361597,0.039,0.0419,-0.0029,-0.06921241050119331,0.039,0.0228,0.0162,0.7105263157894737,0.0341,0.0318,0.0022999999999999965,0.07232704402515712,0.1756,0.1357,0.03990000000000002,0.2940309506263819,0.0829,0.0788,0.004100000000000006,0.052030456852791965,0.0927,0.0569,0.035800000000000005,0.6291739894551847,6.0585,5.5181,0.5404000000000009,0.09793225929214783,0.0132,0.0162,-0.002999999999999999,-0.18518518518518515,0,1,1,1,0,1,1
2025,WAS,14,trailing,league_multi_season,2023,2025,3,32,96,strong,631,strong,stable_team_sample,1,1,1,1,0.5468,0.6309,-0.08410000000000006,-0.13330163258836591,0.4532,0.3691,0.08410000000000001,0.22785153075047415,0.5468,0.6309,-0.08410000000000006,-0.13330163258836591,0.8891,0.7508,0.13829999999999998,0.184203516249334,0.6593,0.1414,0.5179,3.662659123055163,0.4453,0.4364,0.008899999999999963,0.0203941338221814,0.29,0.2961,-0.006099999999999994,-0.02060114826072271,0.0412,0.0393,0.001899999999999999,0.04834605597964373,0.0301,0.0315,-0.001400000000000002,-0.04444444444444451,0.0444,0.0472,-0.002799999999999997,-0.059322033898305024,0.1252,0.1316,-0.006399999999999989,-0.04863221884498472,0.0761,0.0886,-0.012499999999999997,-0.14108352144469524,0.0491,0.043,0.006100000000000001,0.14186046511627912,5.2536,5.3789,-0.1253000000000002,-0.023294725687408244,-0.0089,-0.0215,0.012599999999999998,0.586046511627907,0,1,1,1,1,1,0
2025,WAS,15,leading_one_score,league_multi_season,2023,2025,3,32,96,strong,123,strong,stable_team_sample,1,1,1,1,0.4878,0.5341,-0.04630000000000001,-0.08668788616363977,0.5122,0.4659,0.04630000000000001,0.0993775488302211,0.4878,0.5341,-0.04630000000000001,-0.08668788616363977,0.9106,0.6624,0.24819999999999998,0.3746980676328502,0.6016,0.075,0.5266000000000001,7.0213333333333345,0.4309,0.4278,0.0030999999999999917,0.007246376811594183,0.2846,0.2878,-0.0031999999999999806,-0.01111883252258506,0.0407,0.0405,0.0001999999999999988,0.004938271604938241,0.0407,0.0244,0.0163,0.6680327868852458,0.0325,0.0343,-0.001799999999999996,-0.05247813411078706,0.1789,0.1347,0.04420000000000002,0.32813659985152205,0.0894,0.0826,0.006799999999999987,0.08232445520581097,0.0894,0.052,0.037399999999999996,0.7192307692307692,6.0732,5.5713,0.5019,0.09008669430833019,-0.0006,0.0136,-0.014199999999999999,-1.0441176470588236,0,1,1,1,0,1,1
2025,WAS,16,leading_two_plus_scores,league_multi_season,2023,2025,3,32,94,strong,82,good,usable_team_sample,1,1,0,1,0.439,0.4563,-0.017299999999999982,-0.037913653298268644,0.561,0.5437,0.017300000000000093,0.03181901784072116,0.439,0.4563,-0.017299999999999982,-0.037913653298268644,0.9268,0.5937,0.33309999999999995,0.5610577732861713,0.5122,0.0586,0.4536,7.74061433447099,0.4878,0.4256,0.06220000000000003,0.14614661654135347,0.3171,0.2873,0.029799999999999993,0.10372432996867384,0.0366,0.0442,-0.007600000000000003,-0.17194570135746612,0.0366,0.0203,0.016300000000000002,0.8029556650246307,0.0366,0.0278,0.008800000000000002,0.31654676258992814,0.1707,0.1375,0.03319999999999998,0.24145454545454528,0.0732,0.0728,0.0003999999999999976,0.005494505494505461,0.0976,0.0646,0.033,0.5108359133126935,6.0366,5.4339,0.6026999999999996,0.11091481256556056,0.0338,0.0204,0.013399999999999995,0.6568627450980389,0,1,1,1,1,1,1
2025,WAS,17,trailing_one_score,league_multi_season,2023,2025,3,32,96,strong,292,strong,stable_team_sample,1,1,1,1,0.5582,0.5968,-0.03859999999999997,-0.06467828418230558,0.4418,0.4032,0.03860000000000002,0.09573412698412705,0.5582,0.5968,-0.03859999999999997,-0.06467828418230558,0.8596,0.7163,0.14329999999999998,0.20005584252408204,0.6644,0.1048,0.5596,5.3396946564885495,0.4315,0.4393,-0.007800000000000029,-0.017755520145686383,0.3048,0.2967,0.008099999999999996,0.027300303336703725,0.0308,0.0391,-0.008300000000000002,-0.21227621483375964,0.024,0.029,-0.005000000000000001,-0.1724137931034483,0.0342,0.0417,-0.0075,-0.17985611510791366,0.137,0.1338,0.0032000000000000084,0.023916292974589002,0.0822,0.0875,-0.005299999999999999,-0.06057142857142857,0.0548,0.0463,0.0085,0.183585313174946,5.2568,5.4685,-0.21169999999999956,-0.038712626862942225,0.0278,0.0002,0.0276,138.0,0,1,1,1,1,0,1
2025,WAS,18,trailing_two_plus_scores,league_multi_season,2023,2025,3,32,96,strong,339,strong,stable_team_sample,1,1,1,1,0.5369,0.677,-0.1401,-0.2069423929098966,0.4631,0.323,0.1401,0.43374613003095974,0.5369,0.677,-0.1401,-0.2069423929098966,0.9145,0.7976,0.1169,0.14656469408224676,0.6549,0.1909,0.4640000000000001,2.4305919329491887,0.4572,0.4324,0.02479999999999999,0.05735430157261792,0.2773,0.2953,-0.018000000000000016,-0.06095496105655271,0.0501,0.0395,0.010599999999999998,0.26835443037974677,0.0354,0.0349,0.0005000000000000004,0.014326647564469927,0.0531,0.0546,-0.0015000000000000013,-0.027472527472527496,0.115,0.1286,-0.013599999999999987,-0.1057542768273716,0.0708,0.0901,-0.019299999999999998,-0.21420643729189787,0.0442,0.0385,0.005700000000000004,0.14805194805194816,5.2507,5.2578,-0.00709999999999944,-0.001350374681425585,-0.0405,-0.0509,0.0104,0.20432220039292728,0,1,1,1,1,1,0
2025,WAS,19,tied_early_down,league_multi_season,2023,2025,3,32,96,strong,104,strong,stable_team_sample,1,1,1,1,0.375,0.4983,-0.12330000000000002,-0.2474413004214329,0.625,0.5017,0.12329999999999997,0.2457644010364759,0.375,0.4983,-0.12330000000000002,-0.2474413004214329,0.7885,0.6059,0.18259999999999998,0.3013698630136986,0.5096,0.0718,0.4378000000000001,6.0974930362117,0.4904,0.4418,0.04859999999999998,0.11000452693526476,0.25,0.2572,-0.007199999999999984,-0.027993779160186565,0.0385,0.0358,0.002700000000000001,0.07541899441340785,0.0385,0.0219,0.0166,0.7579908675799087,0.0096,0.0267,-0.017100000000000004,-0.6404494382022473,0.1538,0.1285,0.02529999999999999,0.19688715953307384,0.0865,0.0731,0.013399999999999995,0.18331053351573182,0.0673,0.0554,0.0119,0.21480144404332133,6.2596,5.4023,0.8572999999999995,0.1586916683634747,0.0275,0.0018,0.0257,14.277777777777779,0,1,1,1,1,1,1
2025,WAS,20,leading_early_down,league_multi_season,2023,2025,3,32,96,strong,167,strong,stable_team_sample,1,1,1,1,0.4072,0.4468,-0.03959999999999997,-0.08863025962399278,0.5928,0.5532,0.03959999999999997,0.07158351409978302,0.4072,0.4468,-0.03959999999999997,-0.08863025962399278,0.8982,0.5755,0.3227,0.560729800173762,0.5808,0.0709,0.5099,7.19181946403385,0.4731,0.4235,0.04960000000000003,0.11711924439197174,0.2874,0.2496,0.0378,0.1514423076923077,0.0299,0.0375,-0.007599999999999999,-0.20266666666666666,0.0299,0.0206,0.0093,0.4514563106796116,0.0299,0.0228,0.007099999999999999,0.31140350877192974,0.1856,0.1332,0.052399999999999974,0.3933933933933932,0.0778,0.0705,0.007300000000000001,0.10354609929078017,0.1078,0.0628,0.04500000000000001,0.7165605095541404,6.3952,5.5158,0.8794000000000004,0.15943290184560724,0.0858,0.0115,0.0743,6.460869565217392,0,1,1,1,1,1,1
2025,WAS,21,trailing_early_down,league_multi_season,2023,2025,3,32,96,strong,488,strong,stable_team_sample,1,1,1,1,0.4898,0.5899,-0.10009999999999997,-0.1696897779284624,0.5102,0.4101,0.10009999999999997,0.24408680809558636,0.4898,0.5899,-0.10009999999999997,-0.1696897779284624,0.875,0.7068,0.16820000000000002,0.23797396717600455,0.6311,0.15,0.48109999999999997,3.207333333333333,0.4488,0.438,0.010799999999999976,0.02465753424657529,0.2582,0.2608,-0.002599999999999991,-0.0099693251533742,0.0328,0.0356,-0.002799999999999997,-0.07865168539325834,0.0287,0.0281,0.0005999999999999998,0.02135231316725978,0.0389,0.0355,0.0034000000000000002,0.09577464788732395,0.123,0.1307,-0.007700000000000012,-0.05891354246365732,0.0697,0.0839,-0.014200000000000004,-0.1692491060786651,0.0533,0.0468,0.006499999999999999,0.13888888888888887,5.4344,5.4892,-0.05480000000000018,-0.009983239816366717,0.0161,-0.0058,0.0219,3.7758620689655173,0,1,1,1,1,1,0
